0.01 4.11788e-06 4.17673e-06 4.18678e-06 4.18849e-06 4.18878e-06 4.18883e-06 4.18881e-06 4.18859e-06 4.18705e-06 4.17623e-06 
0.01 3.31714e-05 5.66284e-06 9.66728e-07 1.65034e-07 2.81737e-08 4.80966e-09 8.2108e-10 1.40181e-10 2.4009e-11 4.64699e-12 
0.01 4.2655e-05 1.54215e-05 1.07724e-05 9.97871e-06 9.84322e-06 9.82008e-06 9.81614e-06 9.81546e-06 9.81535e-06 9.81533e-06 
0.01 9.23385e-08 9.23385e-08 9.23385e-08 9.23385e-08 9.23385e-08 9.23385e-08 9.23385e-08 9.23385e-08 9.23385e-08 9.23385e-08 
0.01 7.12798e-05 1.65378e-05 7.19249e-06 5.59712e-06 5.32477e-06 5.27828e-06 5.27034e-06 5.26898e-06 5.26875e-06 5.26871e-06 
0.01 0.00098992 0.00100258 0.00100475 0.00100511 0.00100518 0.00100519 0.00100519 0.00100519 0.00100519 0.00100519 
0.01 4.85699e-06 5.60902e-15 5.60902e-15 5.60902e-15 5.60902e-15 5.60902e-15 5.60902e-15 5.60902e-15 5.60902e-15 5.60902e-15 
0.01 1.12753e-08 1.12586e-08 1.12558e-08 1.12553e-08 1.12552e-08 1.12552e-08 1.12553e-08 1.12559e-08 1.126e-08 1.12892e-08 
0.02 8.44746e-06 8.67263e-06 8.71839e-06 8.72746e-06 8.72922e-06 8.72953e-06 8.72951e-06 8.72904e-06 8.72679e-06 8.71889e-06 
0.02 6.13647e-05 1.46041e-05 3.19789e-06 6.66239e-07 1.34276e-07 2.64291e-08 5.11042e-09 9.74725e-10 1.8461e-10 3.94786e-11 
0.02 7.03878e-05 2.40898e-05 1.27967e-05 1.02903e-05 9.76359e-06 9.65681e-06 9.63571e-06 9.63161e-06 9.63083e-06 9.63069e-06 
0.02 1.82589e-07 1.84321e-07 1.84616e-07 1.84667e-07 1.84675e-07 1.84677e-07 1.84677e-07 1.84677e-07 1.84677e-07 1.84677e-07 
0.02 0.00012281 2.96265e-05 6.90579e-06 1.864e-06 8.0475e-07 5.90028e-07 5.47583e-07 5.39346e-07 5.37773e-07 5.37483e-07 
0.02 0.000981521 0.00100317 0.00100845 0.00100962 0.00100987 0.00100992 0.00100992 0.00100993 0.00100993 0.00100993 
0.02 7.91799e-06 5.60902e-15 5.60902e-15 5.60902e-15 5.60902e-15 5.60902e-15 5.60902e-15 5.60902e-15 5.60902e-15 5.60902e-15 
0.02 5.44971e-09 5.42533e-09 5.42524e-09 5.4259e-09 5.42611e-09 5.42618e-09 5.42624e-09 5.42654e-09 5.42794e-09 5.43286e-09 
0.03 1.26608e-05 1.31279e-05 1.32412e-05 1.32671e-05 1.32729e-05 1.3274e-05 1.32741e-05 1.32735e-05 1.3271e-05 1.32651e-05 
0.03 8.58385e-05 2.53754e-05 6.67604e-06 1.62758e-06 3.76113e-07 8.35387e-08 1.79978e-08 3.7855e-09 7.84632e-10 1.83702e-10 
0.03 9.44436e-05 3.45714e-05 1.6056e-05 1.10575e-05 9.81836e-06 9.52868e-06 9.46379e-06 9.44972e-06 9.44675e-06 9.44616e-06 
0.03 2.6991e-07 2.75578e-07 2.76732e-07 2.76961e-07 2.77005e-07 2.77014e-07 2.77015e-07 2.77015e-07 2.77015e-07 2.77015e-07 
0.03 0.000167072 4.63991e-05 9.11116e-06 7.59099e-15 7.59099e-15 7.59099e-15 7.59099e-15 7.59099e-15 7.59099e-15 7.59099e-15 
0.03 0.000974697 0.00100288 0.00101157 0.00101391 0.00101449 0.00101462 0.00101465 0.00101466 0.00101466 0.00101466 
0.03 1.04564e-05 5.60902e-15 5.60902e-15 7.59102e-16 7.59102e-16 7.59102e-16 7.59102e-16 7.59102e-16 7.59102e-16 7.59102e-16 
0.03 3.61084e-09 3.58305e-09 3.58319e-09 3.58445e-09 3.58494e-09 3.58509e-09 3.58518e-09 3.58537e-09 3.58605e-09 3.58765e-09 
0.04 1.67699e-05 1.75332e-05 1.77468e-05 1.78023e-05 1.7816e-05 1.78191e-05 1.78196e-05 1.78189e-05 1.78164e-05 1.78119e-05 
0.04 0.000107466 3.70955e-05 1.12518e-05 3.11785e-06 8.08515e-07 1.99325e-07 4.72245e-08 1.08381e-08 2.43733e-09 6.19887e-10 
0.04 0.000115686 4.59943e-05 2.04025e-05 1.23485e-05 1.00618e-05 9.45865e-06 9.30805e-06 9.27203e-06 9.26371e-06 9.26191e-06 
0.04 3.54746e-07 3.65874e-07 3.68566e-07 3.69182e-07 3.69318e-07 3.69347e-07 3.69352e-07 3.69353e-07 3.69353e-07 3.69353e-07 
0.04 0.000205789 6.51336e-05 1.36765e-05 7.59099e-15 7.59099e-15 7.59099e-15 7.59099e-15 7.59099e-15 7.59099e-15 7.59099e-15 
0.04 0.000969067 0.00100209 0.00101416 0.00101794 0.00101902 0.0010193 0.00101937 0.00101939 0.00101939 0.00101939 
0.04 1.25615e-05 5.60902e-15 5.60902e-15 7.59102e-16 7.59102e-16 7.59102e-16 7.59102e-16 7.59102e-16 7.59102e-16 7.59102e-16 
0.04 2.71033e-09 2.68069e-09 2.68032e-09 2.68193e-09 2.6827e-09 2.68296e-09 2.6831e-09 2.68323e-09 2.68361e-09 2.68429e-09 
0.05 2.07858e-05 2.18846e-05 2.223e-05 2.23298e-05 2.23569e-05 2.23638e-05 2.23652e-05 2.23646e-05 2.23623e-05 2.23588e-05 
0.05 0.000126864 4.92292e-05 1.67352e-05 5.15948e-06 1.47678e-06 3.98829e-07 1.02811e-07 2.55201e-08 6.18155e-09 1.69634e-09 
0.05 0.000134726 5.78288e-05 2.56485e-05 1.41856e-05 1.05389e-05 9.47152e-06 9.17841e-06 9.10189e-06 9.08274e-06 9.0783e-06 
0.05 4.37449e-07 4.55081e-07 4.60006e-07 4.61283e-07 4.61597e-07 4.61671e-07 4.61687e-07 4.61691e-07 4.61691e-07 4.61691e-07 
0.05 0.000240183 8.47932e-05 2.02801e-05 7.59099e-15 7.59099e-15 7.59099e-15 7.59099e-15 7.59099e-15 7.59099e-15 7.59099e-15 
0.05 0.000964361 0.00100107 0.00101631 0.00102172 0.00102344 0.00102394 0.00102408 0.00102411 0.00102412 0.00102412 
0.05 1.43072e-05 5.60902e-15 5.60902e-15 7.59102e-16 7.59102e-16 7.59102e-16 7.59102e-16 7.59102e-16 7.59102e-16 7.59102e-16 
0.05 2.17607e-09 2.14548e-09 2.14432e-09 2.14609e-09 2.14708e-09 2.14747e-09 2.14764e-09 2.14776e-09 2.14799e-09 2.14833e-09 
0.06 2.47176e-05 2.61809e-05 2.66868e-05 2.68471e-05 2.68945e-05 2.69076e-05 2.69107e-05 2.69106e-05 2.69085e-05 2.69058e-05 
0.06 0.000144479 6.14528e-05 2.2939e-05 7.7414e-06 2.41391e-06 7.06564e-07 1.96427e-07 5.23452e-08 1.35718e-08 3.99481e-09 
0.06 0.000152004 6.97547e-05 3.16087e-05 1.6558e-05 1.12823e-05 9.59158e-06 9.08643e-06 8.94377e-06 8.90538e-06 8.8959e-06 
0.06 5.18277e-07 5.43143e-07 5.50957e-07 5.53212e-07 5.53823e-07 5.5398e-07 5.54018e-07 5.54028e-07 5.54029e-07 5.54029e-07 
0.06 0.000271136 0.00010473 2.83807e-05 9.21395e-07 7.59099e-15 7.59099e-15 7.59099e-15 7.59099e-15 7.59099e-15 7.59099e-15 
0.06 0.000960383 0.000999939 0.00101811 0.00102524 0.00102773 0.00102853 0.00102876 0.00102883 0.00102885 0.00102885 
0.06 1.57549e-05 5.60902e-15 5.60902e-15 5.60902e-15 7.59102e-16 7.59102e-16 7.59102e-16 7.59102e-16 7.59102e-16 7.59102e-16 
0.06 1.82238e-09 1.79139e-09 1.78935e-09 1.79114e-09 1.79232e-09 1.79284e-09 1.79304e-09 1.79316e-09 1.79333e-09 1.79352e-09 
0.07 2.85725e-05 3.04219e-05 3.11144e-05 3.13516e-05 3.14272e-05 3.14498e-05 3.14558e-05 3.14565e-05 3.14548e-05 3.14527e-05 
0.07 0.00016064 7.35734e-05 2.96964e-05 1.0831e-05 3.64048e-06 1.14473e-06 3.40645e-07 9.68376e-08 2.67305e-08 8.39526e-09 
0.07 0.000167845 8.15809e-05 3.81181e-05 1.94334e-05 1.23124e-05 9.84082e-06 9.04457e-06 8.80315e-06 8.73373e-06 8.71558e-06 
0.07 5.97424e-07 6.30047e-07 6.41343e-07 6.44917e-07 6.45971e-07 6.46264e-07 6.46342e-07 6.46362e-07 6.46367e-07 6.46367e-07 
0.07 0.000299295 0.000124551 3.76198e-05 3.15403e-06 7.59099e-15 7.59099e-15 7.59099e-15 7.59099e-15 7.59099e-15 7.59099e-15 
0.07 0.000956991 0.000998801 0.00101962 0.00102852 0.00103189 0.00103305 0.00103343 0.00103354 0.00103357 0.00103358 
0.07 1.69555e-05 5.60902e-15 5.60902e-15 5.60902e-15 7.59102e-16 7.59102e-16 7.59102e-16 7.59102e-16 7.59102e-16 7.59102e-16 
0.07 1.57094e-09 1.5399e-09 1.53701e-09 1.53869e-09 1.54002e-09 1.54066e-09 1.54092e-09 1.54105e-09 1.54118e-09 1.5413e-09 
0.08 3.23565e-05 3.46084e-05 3.55105e-05 3.58412e-05 3.59538e-05 3.59897e-05 3.60001e-05 3.60022e-05 3.60012e-05 3.59995e-05 
0.08 0.000175593 8.54786e-05 3.68666e-05 1.43835e-05 5.16592e-06 1.73208e-06 5.48201e-07 1.65332e-07 4.83584e-08 1.61301e-08 
0.08 0.000182494 9.3196e-05 4.50375e-05 2.27677e-05 1.36386e-05 1.02378e-05 9.06544e-06 8.6863e-06 8.57047e-06 8.53856e-06 
0.08 6.75042e-07 7.15803e-07 7.31107e-07 7.36347e-07 7.38014e-07 7.38513e-07 7.38655e-07 7.38693e-07 7.38703e-07 7.38705e-07 
0.08 0.000325146 0.00014403 4.77429e-05 6.47029e-06 7.59099e-15 7.59099e-15 7.59099e-15 7.59099e-15 7.59099e-15 7.59099e-15 
0.08 0.000954079 0.000997703 0.00102091 0.00103156 0.0010359 0.00103751 0.00103806 0.00103824 0.00103829 0.00103831 
0.08 1.79511e-05 5.60902e-15 5.60902e-15 5.60902e-15 7.59102e-16 7.59102e-16 7.59102e-16 7.59102e-16 7.59102e-16 7.59102e-16 
0.08 1.383e-09 1.35214e-09 1.34844e-09 1.34993e-09 1.35137e-09 1.35212e-09 1.35245e-09 1.3526e-09 1.3527e-09 1.35279e-09 
0.09 3.60747e-05 3.87413e-05 3.98733e-05 4.03138e-05 4.04729e-05 4.05266e-05 4.05433e-05 4.05476e-05 4.05474e-05 4.05462e-05 
0.09 0.000189528 9.71056e-05 4.43345e-05 1.83485e-05 6.99044e-06 2.48337e-06 8.31358e-07 2.64721e-07 8.17055e-08 2.88221e-08 
0.09 0.000196137 0.000104538 5.22529e-05 2.65111e-05 1.52611e-05 1.07972e-05 9.16119e-06 8.60005e-06 8.41882e-06 8.36645e-06 
0.09 7.51253e-07 8.00433e-07 8.20205e-07 8.27458e-07 8.29924e-07 8.30712e-07 8.3095e-07 8.31019e-07 8.31038e-07 8.31042e-07 
0.09 0.000349059 0.00016304 5.85244e-05 1.06697e-05 7.59099e-15 7.59099e-15 7.59099e-15 7.59099e-15 7.59099e-15 7.59099e-15 
0.09 0.000951565 0.000996678 0.00102203 0.0010344 0.00103977 0.00104189 0.00104266 0.00104292 0.00104301 0.00104303 
0.09 1.87768e-05 5.60902e-15 5.60902e-15 5.60902e-15 7.59102e-16 7.59102e-16 7.59102e-16 7.59102e-16 7.59102e-16 7.59102e-16 
0.09 1.23719e-09 1.20665e-09 1.20221e-09 1.20346e-09 1.20496e-09 1.20581e-09 1.20621e-09 1.20639e-09 1.20649e-09 1.20656e-09 
0.10 3.97315e-05 4.2822e-05 4.42018e-05 4.47676e-05 4.4983e-05 4.50598e-05 4.50852e-05 4.50925e-05 4.50935e-05 4.50929e-05 
0.10 0.000202591 0.000108423 5.20076e-05 2.26748e-05 9.10712e-06 3.40928e-06 1.20141e-06 4.02194e-07 1.30509e-07 4.85034e-08 
0.10 0.000208919 0.000115575 5.96728e-05 3.06129e-05 1.71732e-05 1.15297e-05 9.34301e-06 8.55152e-06 8.28247e-06 8.20126e-06 
0.10 8.26159e-07 8.83966e-07 9.08608e-07 9.18208e-07 9.21673e-07 9.22846e-07 9.23222e-07 9.23337e-07 9.2337e-07 9.23378e-07 
0.10 0.000371324 0.000181514 6.97722e-05 1.5577e-05 7.59099e-15 7.59099e-15 7.59099e-15 7.59099e-15 7.59099e-15 7.59099e-15 
0.10 0.000949386 0.00099574 0.00102302 0.00103705 0.00104349 0.00104618 0.00104722 0.00104759 0.00104772 0.00104775 
0.10 1.94615e-05 5.60902e-15 5.60902e-15 5.60902e-15 7.59102e-16 7.59102e-16 7.59102e-16 7.59102e-16 7.59102e-16 7.59102e-16 
0.10 1.12075e-09 1.09063e-09 1.08553e-09 1.08652e-09 1.08803e-09 1.08898e-09 1.08944e-09 1.08965e-09 1.08976e-09 1.08981e-09 
0.11 4.33306e-05 4.68521e-05 4.84952e-05 4.92011e-05 4.9483e-05 4.95884e-05 4.96252e-05 4.96368e-05 4.96394e-05 4.96394e-05 
0.11 0.000214899 0.000119418 5.98128e-05 2.73129e-05 1.15038e-05 4.51657e-06 1.66832e-06 5.84981e-07 1.98908e-07 7.76139e-08 
0.11 0.000220956 0.000126295 6.72248e-05 3.50242e-05 1.9363e-05 1.24419e-05 9.6208e-06 8.54788e-06 8.16553e-06 8.04541e-06 
0.11 8.99845e-07 9.66433e-07 9.96294e-07 1.00856e-06 1.01323e-06 1.0149e-06 1.01546e-06 1.01564e-06 1.0157e-06 1.01571e-06 
0.11 0.000392168 0.000199422 8.13266e-05 2.10401e-05 7.59099e-15 7.59099e-15 7.59099e-15 7.59099e-15 7.59099e-15 7.59099e-15 
0.11 0.000947493 0.000994897 0.00102391 0.00103954 0.00104707 0.00105038 0.00105173 0.00105224 0.00105242 0.00105247 
0.11 2.00293e-05 5.60902e-15 5.60902e-15 5.60902e-15 7.59102e-16 7.59102e-16 7.59102e-16 7.59102e-16 7.59102e-16 7.59102e-16 
0.11 1.02561e-09 9.95977e-10 9.90294e-10 9.90981e-10 9.92478e-10 9.93501e-10 9.94035e-10 9.9428e-10 9.944e-10 9.94448e-10 
0.12 4.68751e-05 5.08328e-05 5.27529e-05 5.36129e-05 5.39715e-05 5.41116e-05 5.41629e-05 5.41801e-05 5.41849e-05 5.41857e-05 
0.12 0.000226546 0.000130089 6.76926e-05 3.22168e-05 1.41649e-05 5.80852e-06 2.24055e-06 8.20126e-07 2.91343e-07 1.18981e-07 
0.12 0.000232341 0.000136696 7.48522e-05 3.96993e-05 2.1815e-05 1.35371e-05 1.00029e-05 8.5961e-06 8.0724e-06 7.9017e-06 
0.12 9.72384e-07 1.04787e-06 1.08325e-06 1.09849e-06 1.10457e-06 1.10686e-06 1.10766e-06 1.10793e-06 1.10802e-06 1.10804e-06 
0.12 0.000411773 0.000216755 9.30572e-05 2.69286e-05 6.73507e-07 7.59099e-15 7.59099e-15 7.59099e-15 7.59099e-15 7.59099e-15 
0.12 0.000945846 0.000994151 0.00102473 0.00104188 0.00105052 0.0010545 0.00105619 0.00105686 0.00105711 0.00105718 
0.12 2.05002e-05 5.60902e-15 5.60902e-15 5.60902e-15 5.60902e-15 7.59102e-16 7.59102e-16 7.59102e-16 7.59102e-16 7.59102e-16 
0.12 9.46407e-10 9.17293e-10 9.11095e-10 9.11484e-10 9.12937e-10 9.14024e-10 9.14619e-10 9.14907e-10 9.1504e-10 9.15092e-10 
0.13 5.0368e-05 5.47657e-05 5.69747e-05 5.8002e-05 5.84474e-05 5.86285e-05 5.86978e-05 5.87223e-05 5.873e-05 5.87318e-05 
0.13 0.000237608 0.000140441 7.56023e-05 3.73444e-05 1.70727e-05 7.28538e-06 2.92493e-06 1.11431e-06 4.12453e-07 1.75782e-07 
0.13 0.00024315 0.000146784 8.25105e-05 4.45968e-05 2.45116e-05 1.48156e-05 1.04962e-05 8.70281e-06 8.00768e-06 7.77328e-06 
0.13 1.04384e-06 1.1283e-06 1.16947e-06 1.18796e-06 1.19567e-06 1.1987e-06 1.19981e-06 1.2002e-06 1.20033e-06 1.20037e-06 
0.13 0.000430287 0.000233518 0.000104868 3.32017e-05 2.22348e-06 7.59099e-15 7.59099e-15 7.59099e-15 7.59099e-15 7.59099e-15 
0.13 0.000944413 0.000993501 0.0010255 0.0010441 0.00105385 0.00105852 0.00106059 0.00106145 0.00106178 0.00106189 
0.13 2.08907e-05 5.60902e-15 5.60902e-15 5.60902e-15 5.60902e-15 7.59102e-16 7.59102e-16 7.59102e-16 7.59102e-16 7.59102e-16 
0.13 8.79443e-10 8.50863e-10 8.44215e-10 8.44302e-10 8.45691e-10 8.4682e-10 8.47477e-10 8.47807e-10 8.4796e-10 8.48016e-10 
0.14 5.38116e-05 5.86522e-05 6.11606e-05 6.23674e-05 6.29096e-05 6.31384e-05 6.32293e-05 6.32631e-05 6.32744e-05 6.32776e-05 
0.14 0.000248149 0.000150485 8.35072e-05 4.26581e-05 2.02081e-05 8.9449e-06 3.7267e-06 1.47369e-06 5.6697e-07 2.51496e-07 
0.14 0.000253445 0.000156569 9.01655e-05 4.96796e-05 2.74341e-05 1.62752e-05 1.11058e-05 8.87413e-06 7.97605e-06 7.66359e-06 
0.14 1.11427e-06 1.20777e-06 1.25495e-06 1.27696e-06 1.28651e-06 1.29041e-06 1.2919e-06 1.29245e-06 1.29264e-06 1.29269e-06 
0.14 0.000447832 0.000249726 0.000116694 3.98394e-05 4.45914e-06 7.59099e-15 7.59099e-15 7.59099e-15 7.59099e-15 7.59099e-15 
0.14 0.000943168 0.000992944 0.00102624 0.00104621 0.00105706 0.00106245 0.00106495 0.00106601 0.00106644 0.00106659 
0.14 2.12145e-05 5.60902e-15 5.60902e-15 5.60902e-15 5.60902e-15 7.59102e-16 7.59102e-16 7.59102e-16 7.59102e-16 7.59102e-16 
0.14 8.22077e-10 7.94036e-10 7.87e-10 7.86792e-10 7.88099e-10 7.89253e-10 7.89968e-10 7.90335e-10 7.9051e-10 7.90579e-10 
0.15 5.72084e-05 6.24938e-05 6.53107e-05 6.67083e-05 6.73571e-05 6.76403e-05 6.77569e-05 6.7802e-05 6.78181e-05 6.7823e-05 
0.15 0.000258222 0.000160232 9.13805e-05 4.81248e-05 2.35518e-05 1.07828e-05 4.64954e-06 1.90382e-06 7.59622e-07 3.49843e-07 
0.15 0.000263279 0.000166062 9.77907e-05 5.49149e-05 3.05634e-05 1.79117e-05 1.18354e-05 9.11556e-06 7.9822e-06 7.57632e-06 
0.15 1.18372e-06 1.2863e-06 1.33969e-06 1.36547e-06 1.37706e-06 1.38197e-06 1.38392e-06 1.38466e-06 1.38493e-06 1.38501e-06 
0.15 0.000464509 0.000265399 0.000128485 4.68e-05 7.23767e-06 7.59099e-15 7.59099e-15 7.59099e-15 7.59099e-15 7.59099e-15 
0.15 0.000942087 0.000992477 0.00102695 0.00104822 0.00106015 0.00106629 0.00106924 0.00107054 0.00107108 0.00107127 
0.15 2.1483e-05 5.60902e-15 5.60902e-15 5.60902e-15 5.60902e-15 7.59102e-16 7.59102e-16 7.59102e-16 7.59102e-16 7.59102e-16 
0.15 7.72381e-10 7.44876e-10 7.37506e-10 7.3701e-10 7.3822e-10 7.39387e-10 7.4015e-10 7.40558e-10 7.40758e-10 7.40839e-10 
0.16 6.05602e-05 6.62915e-05 6.94251e-05 7.10241e-05 7.1789e-05 7.21335e-05 7.22801e-05 7.23389e-05 7.23608e-05 7.23678e-05 
0.16 0.000267872 0.000169696 9.92017e-05 5.37154e-05 2.70848e-05 1.27933e-05 5.69572e-06 2.40959e-06 9.95046e-07 4.74721e-07 
0.16 0.000272695 0.000175276 0.000105366 6.02738e-05 3.38808e-05 1.97194e-05 1.26873e-05 9.43194e-06 8.03073e-06 7.51534e-06 
0.16 1.25223e-06 1.36391e-06 1.4237e-06 1.45347e-06 1.4673e-06 1.47336e-06 1.47586e-06 1.47684e-06 1.4772e-06 1.47732e-06 
0.16 0.000480403 0.000280559 0.000140205 5.4033e-05 1.04488e-05 7.59099e-15 7.59099e-15 7.59099e-15 7.59099e-15 7.59099e-15 
0.16 0.000941155 0.000992094 0.00102765 0.00105015 0.00106315 0.00107006 0.00107347 0.00107503 0.0010757 0.00107594 
0.16 2.17057e-05 5.60902e-15 5.60902e-15 5.60902e-15 5.60902e-15 7.59102e-16 7.59102e-16 7.59102e-16 7.59102e-16 7.59102e-16 
0.16 7.28909e-10 7.01932e-10 6.94269e-10 6.93499e-10 6.94603e-10 6.95775e-10 6.96577e-10 6.97025e-10 6.97248e-10 6.97338e-10 
0.17 6.3869e-05 7.00468e-05 7.3504e-05 7.53143e-05 7.62045e-05 7.66172e-05 7.67982e-05 7.68733e-05 7.69023e-05 7.6912e-05 
0.17 0.000277137 0.000178889 0.000106956 5.94045e-05 3.07887e-05 1.49693e-05 6.86624e-06 2.99516e-06 1.27772e-06 6.3014e-07 
0.17 0.000281732 0.000184224 0.000112876 6.57312e-05 3.7368e-05 2.16913e-05 1.36625e-05 9.82742e-06 8.12608e-06 7.48461e-06 
0.17 1.31985e-06 1.44064e-06 1.50698e-06 1.54095e-06 1.55722e-06 1.56457e-06 1.5677e-06 1.56897e-06 1.56946e-06 1.56962e-06 
0.17 0.000495588 0.000295232 0.000151824 6.14865e-05 1.40054e-05 7.59099e-15 7.59099e-15 7.59099e-15 7.59099e-15 7.59099e-15 
0.17 0.000940353 0.000991791 0.00102834 0.00105201 0.00106605 0.00107373 0.00107763 0.00107948 0.0010803 0.0010806 
0.17 2.18904e-05 4.84418e-09 5.60902e-15 5.60902e-15 5.60902e-15 7.59102e-16 7.59102e-16 7.59102e-16 7.59102e-16 7.59102e-16 
0.17 6.90559e-10 6.64097e-10 6.56185e-10 6.55152e-10 6.56139e-10 6.57307e-10 6.58142e-10 6.58627e-10 6.58875e-10 6.58976e-10 
0.18 6.71365e-05 7.3761e-05 7.75479e-05 7.95784e-05 8.06028e-05 8.10907e-05 8.13108e-05 8.14048e-05 8.14425e-05 8.14555e-05 
0.18 0.00028605 0.000187824 0.00011463 6.51701e-05 3.46459e-05 1.73031e-05 8.16097e-06 3.66401e-06 1.61188e-06 8.20155e-07 
0.18 0.000290422 0.000192918 0.000120309 7.12654e-05 4.10076e-05 2.38199e-05 1.47609e-05 1.03055e-05 8.27246e-06 7.48816e-06 
0.18 1.38661e-06 1.51652e-06 1.58953e-06 1.6279e-06 1.6468e-06 1.65558e-06 1.65944e-06 1.66105e-06 1.66169e-06 1.66191e-06 
0.18 0.000510125 0.000309441 0.00016332 6.91106e-05 1.78368e-05 7.59099e-15 7.59099e-15 7.59099e-15 7.59099e-15 7.59099e-15 
0.18 0.000939671 0.000991563 0.00102903 0.00105381 0.00106886 0.00107731 0.00108173 0.00108389 0.00108487 0.00108524 
0.18 2.20441e-05 3.45356e-08 5.60902e-15 5.60902e-15 5.60902e-15 7.59102e-16 7.59102e-16 7.59102e-16 7.59102e-16 7.59102e-16 
0.18 6.56473e-10 6.30512e-10 6.22385e-10 6.21106e-10 6.21971e-10 6.23119e-10 6.23981e-10 6.24503e-10 6.24779e-10 6.24893e-10 
0.19 7.03642e-05 7.74349e-05 8.1557e-05 8.38162e-05 8.49833e-05 8.55533e-05 8.58172e-05 8.59332e-05 8.5981e-05 8.5998e-05 
0.19 0.000294639 0.000196514 0.000122217 7.09931e-05 3.864e-05 1.97864e-05 9.57882e-06 4.41891e-06 2.00151e-06 1.0488e-06 
0.19 0.000298794 0.000201372 0.000127656 7.68576e-05 4.47834e-05 2.60969e-05 1.59814e-05 1.08688e-05 8.47382e-06 7.53e-06 
0.19 1.45255e-06 1.59157e-06 1.67137e-06 1.71431e-06 1.73602e-06 1.74638e-06 1.75106e-06 1.75307e-06 1.75389e-06 1.75418e-06 
0.19 0.00052407 0.000323209 0.000174674 7.68598e-05 2.1885e-05 7.59099e-15 7.59099e-15 7.59099e-15 7.59099e-15 7.59099e-15 
0.19 0.000939094 0.000991404 0.00102973 0.00105555 0.00107159 0.00108082 0.00108577 0.00108826 0.00108941 0.00108986 
0.19 2.21751e-05 7.80129e-08 5.60902e-15 5.60902e-15 5.60902e-15 7.59102e-16 7.59102e-16 7.59102e-16 7.59102e-16 7.59102e-16 
0.19 6.25976e-10 6.00501e-10 5.9219e-10 5.90678e-10 5.91418e-10 5.92541e-10 5.93422e-10 5.93978e-10 5.94278e-10 5.94406e-10 
0.20 7.35533e-05 8.10699e-05 8.55319e-05 8.80274e-05 8.93454e-05 9.00043e-05 9.0317e-05 9.04579e-05 9.05176e-05 9.05394e-05 
0.20 0.00030293 0.000204972 0.000129709 7.68573e-05 4.27555e-05 2.24106e-05 1.11179e-05 5.26199e-06 2.45028e-06 1.32005e-06 
0.20 0.000306872 0.000209596 0.000134912 8.24915e-05 4.86802e-05 2.85138e-05 1.73222e-05 1.15196e-05 8.73379e-06 7.61406e-06 
0.20 1.51769e-06 1.66581e-06 1.7525e-06 1.80018e-06 1.82487e-06 1.83695e-06 1.84255e-06 1.84502e-06 1.84606e-06 1.84643e-06 
0.20 0.000537469 0.000336559 0.000185872 8.46931e-05 2.61018e-05 5.32348e-07 7.59099e-15 7.59099e-15 7.59099e-15 7.59099e-15 
0.20 0.000938615 0.000991313 0.00103043 0.00105725 0.00107424 0.00108425 0.00108975 0.00109258 0.00109393 0.00109446 
0.20 2.22889e-05 1.2836e-07 5.60902e-15 5.60902e-15 5.60902e-15 5.60902e-15 7.59102e-16 7.59102e-16 7.59102e-16 7.59102e-16 
0.20 5.98529e-10 5.73523e-10 5.65057e-10 5.63323e-10 5.63937e-10 5.65023e-10 5.65922e-10 5.66509e-10 5.66832e-10 5.66974e-10 
0.21 7.67054e-05 8.46669e-05 8.94729e-05 9.2212e-05 9.36885e-05 9.4443e-05 9.48094e-05 9.49786e-05 9.5052e-05 9.50794e-05 
0.21 0.000310945 0.000213208 0.000137103 8.27484e-05 4.69781e-05 2.5167e-05 1.27756e-05 6.19475e-06 2.96151e-06 1.63775e-06 
0.21 0.000314678 0.000217603 0.000142071 8.81533e-05 5.26838e-05 3.10621e-05 1.87808e-05 1.22593e-05 9.05568e-06 7.74415e-06 
0.21 1.58206e-06 1.73926e-06 1.83294e-06 1.88551e-06 1.91334e-06 1.92728e-06 1.9339e-06 1.9369e-06 1.93819e-06 1.93866e-06 
0.21 0.000550363 0.000349511 0.000196903 9.25825e-05 3.05019e-05 1.66218e-06 7.59099e-15 7.59099e-15 7.59099e-15 7.59099e-15 
0.21 0.000938224 0.000991282 0.00103115 0.0010589 0.00107683 0.00108761 0.00109366 0.00109686 0.00109841 0.00109904 
0.21 2.23892e-05 1.81297e-07 5.60902e-15 5.60902e-15 5.60902e-15 5.60902e-15 7.59102e-16 7.59102e-16 7.59102e-16 7.59102e-16 
0.21 5.73694e-10 5.49141e-10 5.40541e-10 5.38603e-10 5.39087e-10 5.40134e-10 5.41044e-10 5.41657e-10 5.42006e-10 5.4216e-10 
0.22 7.98216e-05 8.8227e-05 9.33804e-05 9.63696e-05 9.80123e-05 9.8869e-05 9.92941e-05 9.94948e-05 9.9584e-05 9.96178e-05 
0.22 0.000318703 0.000221233 0.000144396 8.86544e-05 5.12948e-05 2.80469e-05 1.45489e-05 7.21815e-06 3.53818e-06 2.00558e-06 
0.22 0.000322231 0.000225403 0.000149131 9.38308e-05 5.67814e-05 3.37332e-05 2.03541e-05 1.3089e-05 9.44246e-06 7.92392e-06 
0.22 1.64569e-06 1.81195e-06 1.91269e-06 1.97029e-06 2.00142e-06 2.01735e-06 2.0251e-06 2.02869e-06 2.03027e-06 2.03086e-06 
0.22 0.00056279 0.000362084 0.00020776 0.000100509 3.50993e-05 3.25068e-06 7.59099e-15 7.59099e-15 7.59099e-15 7.59099e-15 
0.22 0.000937913 0.000991311 0.00103187 0.00106052 0.00107935 0.0010909 0.00109752 0.00110109 0.00110286 0.00110359 
0.22 2.24786e-05 2.34218e-07 5.60902e-15 5.60902e-15 5.60902e-15 5.60902e-15 7.59102e-16 7.59102e-16 7.59102e-16 7.59102e-16 
0.22 5.51115e-10 5.26998e-10 5.18288e-10 5.16154e-10 5.16514e-10 5.17515e-10 5.1843e-10 5.19065e-10 5.19435e-10 5.19604e-10 
0.23 8.29031e-05 9.17509e-05 9.72551e-05 0.0001005 0.000102316 0.000103282 0.000103771 0.000104006 0.000104113 0.000104155 
0.23 0.000326221 0.000229058 0.000151585 9.4565e-05 5.56936e-05 3.10418e-05 1.64343e-05 8.33262e-06 4.18292e-06 2.427e-06 
0.23 0.000329548 0.000233006 0.000156091 9.95139e-05 6.0961e-05 3.65187e-05 2.20387e-05 1.4009e-05 9.89674e-06 8.15682e-06 
0.23 1.7086e-06 1.88389e-06 1.99176e-06 2.05452e-06 2.0891e-06 2.10716e-06 2.11614e-06 2.12039e-06 2.1223e-06 2.12302e-06 
0.23 0.000574781 0.000374297 0.000218439 0.000108459 3.98873e-05 5.19798e-06 7.59099e-15 7.59099e-15 7.59099e-15 7.59099e-15 
0.23 0.000937676 0.000991395 0.00103262 0.00106211 0.00108181 0.00109412 0.00110131 0.00110527 0.00110728 0.00110813 
0.23 2.2559e-05 2.85583e-07 5.60902e-15 5.60902e-15 5.60902e-15 5.60902e-15 7.59102e-16 7.59102e-16 7.59102e-16 7.59102e-16 
0.23 5.30496e-10 5.068e-10 4.97997e-10 4.95681e-10 4.95916e-10 4.96868e-10 4.9778e-10 4.98437e-10 4.98828e-10 4.99013e-10 
0.24 8.59509e-05 9.52397e-05 0.000101097 0.000104605 0.0001066 0.00010768 0.000108238 0.000108513 0.00010864 0.000108689 
0.24 0.000333516 0.000236692 0.00015867 0.000100471 6.01635e-05 3.41435e-05 1.8428e-05 9.53816e-06 4.89801e-06 2.90526e-06 
0.24 0.000336645 0.000240421 0.000162949 0.000105194 6.52118e-05 3.94104e-05 2.38308e-05 1.50194e-05 1.04208e-05 8.44607e-06 
0.24 1.77082e-06 1.95511e-06 2.07016e-06 2.1382e-06 2.17637e-06 2.19669e-06 2.20701e-06 2.21199e-06 2.21427e-06 2.21515e-06 
0.24 0.000586366 0.000386168 0.000228939 0.000116419 4.4849e-05 7.43014e-06 7.59099e-15 7.59099e-15 7.59099e-15 7.59099e-15 
0.24 0.000937506 0.000991529 0.00103337 0.00106368 0.00108422 0.00109727 0.00110505 0.00110941 0.00111166 0.00111263 
0.24 2.26317e-05 3.34536e-07 5.60902e-15 5.60902e-15 5.60902e-15 5.60902e-15 7.59102e-16 7.59102e-16 7.59102e-16 7.59102e-16 
0.24 5.11592e-10 4.88301e-10 4.7942e-10 4.76935e-10 4.77045e-10 4.77946e-10 4.78854e-10 4.79524e-10 4.79938e-10 4.80136e-10 
0.25 8.8966e-05 9.86942e-05 0.000104908 0.000108682 0.000110864 0.000112065 0.000112697 0.000113013 0.000113162 0.000113222 
0.25 0.000340601 0.000244143 0.000165651 0.000106365 6.46944e-05 3.7344e-05 2.0526e-05 1.08344e-05 5.68536e-06 3.44334e-06 
0.25 0.000343536 0.000247657 0.000169705 0.000110863 6.95239e-05 4.24005e-05 2.57265e-05 1.61197e-05 1.10165e-05 8.79464e-06 
0.25 1.83236e-06 2.02562e-06 2.1479e-06 2.22133e-06 2.26322e-06 2.28594e-06 2.29769e-06 2.30348e-06 2.30618e-06 2.30724e-06 
0.25 0.000597571 0.000397712 0.00023926 0.000124377 4.99627e-05 9.89089e-06 7.59099e-15 7.59099e-15 7.59099e-15 7.59099e-15 
0.25 0.000937399 0.00099171 0.00103414 0.00106522 0.00108658 0.00110037 0.00110873 0.0011135 0.00111601 0.0011171 
0.25 2.26978e-05 3.80635e-07 5.60902e-15 5.60902e-15 5.60902e-15 5.60902e-15 7.59102e-16 7.59102e-16 7.59102e-16 7.59102e-16 
0.25 4.94197e-10 4.71295e-10 4.6235e-10 4.5971e-10 4.59698e-10 4.60539e-10 4.61438e-10 4.62127e-10 4.62557e-10 4.62766e-10 
0.26 9.19492e-05 0.000102115 0.000108686 0.000112732 0.000115106 0.000116435 0.000117145 0.000117508 0.000117681 0.000117751 
0.26 0.000347488 0.000251421 0.000172528 0.000112241 6.92774e-05 4.06357e-05 2.27241e-05 1.22205e-05 6.54658e-06 4.04397e-06 
0.26 0.000350233 0.000254722 0.000176359 0.000116515 7.38883e-05 4.54815e-05 2.77217e-05 1.73093e-05 1.16855e-05 9.20522e-06 
0.26 1.89325e-06 2.09544e-06 2.22499e-06 2.30392e-06 2.34965e-06 2.37489e-06 2.38818e-06 2.39485e-06 2.39801e-06 2.39928e-06 
0.26 0.000608419 0.000408946 0.000249403 0.000132322 5.52055e-05 1.25363e-05 7.59099e-15 7.59099e-15 7.59099e-15 7.59099e-15 
0.26 0.000937348 0.000991937 0.00103492 0.00106674 0.0010889 0.00110341 0.00111235 0.00111754 0.00112032 0.00112154 
0.26 2.2758e-05 4.23712e-07 5.60902e-15 5.60902e-15 5.60902e-15 5.60902e-15 7.59102e-16 7.59102e-16 7.59102e-16 7.59102e-16 
0.26 4.78137e-10 4.55611e-10 4.46614e-10 4.43826e-10 4.43699e-10 4.4448e-10 4.45367e-10 4.46064e-10 4.46513e-10 4.46733e-10 
0.27 9.49016e-05 0.000105504 0.000112434 0.000116755 0.000119328 0.00012079 0.000121584 0.000121995 0.000122196 0.000122278 
0.27 0.000354189 0.000258532 0.000179302 0.000118093 7.39042e-05 4.40113e-05 2.5018e-05 1.36954e-05 7.48291e-06 4.70957e-06 
0.27 0.000356747 0.000261624 0.000182912 0.000122145 7.8297e-05 4.86462e-05 2.98122e-05 1.8587e-05 1.2429e-05 9.68024e-06 
0.27 1.9535e-06 2.16458e-06 2.30145e-06 2.38596e-06 2.43566e-06 2.46354e-06 2.47847e-06 2.4861e-06 2.48977e-06 2.49126e-06 
0.27 0.000618932 0.000419883 0.00025937 0.000140243 6.05547e-05 1.53312e-05 7.59099e-15 7.59099e-15 7.59099e-15 7.59099e-15 
0.27 0.000937351 0.000992206 0.00103572 0.00106825 0.00109117 0.00110639 0.00111592 0.00112153 0.00112459 0.00112595 
0.27 2.2813e-05 4.63743e-07 5.60902e-15 5.60902e-15 5.60902e-15 5.60902e-15 7.59102e-16 7.59102e-16 7.59102e-16 7.59102e-16 
0.27 4.63264e-10 4.41097e-10 4.32058e-10 4.29136e-10 4.28895e-10 4.29614e-10 4.30483e-10 4.3119e-10 4.31654e-10 4.31885e-10 
0.28 9.78239e-05 0.00010886 0.000116151 0.000120753 0.000123529 0.000125129 0.000126011 0.000126476 0.000126707 0.000126802 
0.28 0.000360714 0.000265485 0.000185973 0.000123917 7.85674e-05 4.7464e-05 2.74034e-05 1.52578e-05 8.49531e-06 5.44229e-06 
0.28 0.000363088 0.00026837 0.000189365 0.000127748 8.27426e-05 5.18878e-05 3.19937e-05 1.99517e-05 1.3248e-05 1.02218e-05 
0.28 2.01313e-06 2.23307e-06 2.37728e-06 2.46745e-06 2.52124e-06 2.55188e-06 2.56855e-06 2.57721e-06 2.58144e-06 2.58318e-06 
0.28 0.000629128 0.000430538 0.000269163 0.000148131 6.5989e-05 1.82469e-05 7.59099e-15 7.59099e-15 7.59099e-15 7.59099e-15 
0.28 0.000937403 0.000992514 0.00103653 0.00106974 0.00109341 0.00110932 0.00111943 0.00112548 0.00112882 0.00113032 
0.28 2.28634e-05 5.00811e-07 5.60902e-15 5.60902e-15 5.60902e-15 5.60902e-15 7.59102e-16 7.59102e-16 7.59102e-16 7.59102e-16 
0.28 4.4945e-10 4.27631e-10 4.1856e-10 4.1551e-10 4.15157e-10 4.15814e-10 4.16666e-10 4.17376e-10 4.17854e-10 4.18095e-10 
0.29 0.000100717 0.000112185 0.000119838 0.000124723 0.000127708 0.000129452 0.000130428 0.00013095 0.000131212 0.000131323 
0.29 0.000367074 0.000272286 0.000192544 0.000129708 8.32603e-05 5.09873e-05 2.98761e-05 1.69062e-05 9.58445e-06 6.244e-06 
0.29 0.000369266 0.000274967 0.00019572 0.000133319 8.72184e-05 5.52e-05 3.42621e-05 2.14018e-05 1.41431e-05 1.08318e-05 
0.29 2.07216e-06 2.30091e-06 2.45249e-06 2.54841e-06 2.60639e-06 2.63989e-06 2.65841e-06 2.66818e-06 2.67302e-06 2.67504e-06 
0.29 0.000639026 0.000440923 0.000278784 0.000155976 7.14888e-05 2.12598e-05 7.59099e-15 7.59099e-15 7.59099e-15 7.59099e-15 
0.29 0.000937501 0.000992858 0.00103735 0.00107122 0.00109561 0.00111221 0.00112289 0.00112938 0.00113301 0.00113466 
0.29 2.29095e-05 5.35059e-07 5.60902e-15 5.60902e-15 5.60902e-15 5.60902e-15 7.59102e-16 7.59102e-16 7.59102e-16 7.59102e-16 
0.29 4.36586e-10 4.15102e-10 4.06006e-10 4.02838e-10 4.02381e-10 4.02972e-10 4.038e-10 4.04514e-10 4.05004e-10 4.05252e-10 
0.30 0.000103581 0.000115479 0.000123496 0.000128668 0.000131865 0.000133759 0.000134834 0.000135416 0.000135713 0.000135839 
0.30 0.000373276 0.000278941 0.000199016 0.000135463 8.79767e-05 5.45751e-05 3.24319e-05 1.86389e-05 1.07507e-05 7.11627e-06 
0.30 0.000375289 0.000281422 0.000201978 0.000138856 9.17184e-05 5.85766e-05 3.66131e-05 2.29356e-05 1.51148e-05 1.15118e-05 
0.30 2.1306e-06 2.36812e-06 2.52709e-06 2.62883e-06 2.6911e-06 2.72758e-06 2.74804e-06 2.759e-06 2.7645e-06 2.76682e-06 
0.30 0.000648642 0.000451051 0.000288235 0.00016377 7.70363e-05 2.43499e-05 2.33292e-07 7.59099e-15 7.59099e-15 7.59099e-15 
0.30 0.00093764 0.000993238 0.0010382 0.00107269 0.00109777 0.00111505 0.0011263 0.00113323 0.00113716 0.00113896 
0.30 2.29518e-05 5.66636e-07 5.60902e-15 5.60902e-15 5.60902e-15 5.60902e-15 5.60902e-15 7.59102e-16 7.59102e-16 7.59102e-16 
0.30 4.24577e-10 4.03414e-10 3.94302e-10 3.91024e-10 3.90465e-10 3.90993e-10 3.91794e-10 3.92507e-10 3.93006e-10 3.93264e-10 
0.31 0.000106417 0.000118743 0.000127123 0.000132587 0.000136002 0.00013805 0.000139227 0.000139874 0.000140208 0.000140351 
0.31 0.000379329 0.000285457 0.00020539 0.00014118 9.27112e-05 5.82216e-05 3.50666e-05 2.0454e-05 1.19943e-05 8.0604e-06 
0.31 0.000381165 0.00028774 0.00020814 0.000144356 9.62372e-05 6.20121e-05 3.90428e-05 2.45513e-05 1.61632e-05 1.22631e-05 
0.31 2.18847e-06 2.43472e-06 2.60109e-06 2.70871e-06 2.77538e-06 2.81494e-06 2.83743e-06 2.84965e-06 2.85588e-06 2.85852e-06 
0.31 0.00065799 0.000460931 0.00029752 0.000171505 8.26188e-05 2.75246e-05 9.41195e-07 7.59099e-15 7.59099e-15 7.59099e-15 
0.31 0.00093782 0.000993651 0.00103905 0.00107415 0.00109991 0.00111784 0.00112967 0.00113704 0.00114127 0.00114322 
0.31 2.29906e-05 5.95722e-07 5.60902e-15 5.60902e-15 5.60902e-15 5.60902e-15 5.60902e-15 7.59102e-16 7.59102e-16 7.59102e-16 
0.31 4.13341e-10 3.92488e-10 3.83365e-10 3.79984e-10 3.79327e-10 3.79791e-10 3.80566e-10 3.81274e-10 3.8178e-10 3.82046e-10 
0.32 0.000109227 0.000121978 0.000130723 0.000136479 0.000140117 0.000142324 0.000143609 0.000144324 0.000144698 0.000144858 
0.32 0.000385239 0.000291839 0.000211668 0.000146856 9.74589e-05 6.19215e-05 3.77762e-05 2.23495e-05 1.3315e-05 9.07743e-06 
0.32 0.000386902 0.000293926 0.000214209 0.000149816 0.00010077 6.55011e-05 4.15471e-05 2.62469e-05 1.72883e-05 1.30868e-05 
0.32 2.24578e-06 2.50071e-06 2.67449e-06 2.78806e-06 2.85922e-06 2.90196e-06 2.92658e-06 2.94014e-06 2.94714e-06 2.95014e-06 
0.32 0.000667084 0.000470575 0.00030664 0.000179176 8.82307e-05 3.08124e-05 2.00602e-06 7.59099e-15 7.59099e-15 7.59099e-15 
0.32 0.000938036 0.000994093 0.00103992 0.0010756 0.00110202 0.00112059 0.00113299 0.0011408 0.00114533 0.00114744 
0.32 2.30262e-05 6.2249e-07 5.60902e-15 5.60902e-15 5.60902e-15 5.60902e-15 5.60902e-15 7.59102e-16 7.59102e-16 7.59102e-16 
0.32 4.02801e-10 3.82249e-10 3.7312e-10 3.69645e-10 3.6889e-10 3.69291e-10 3.70037e-10 3.70742e-10 3.71254e-10 3.71525e-10 
0.33 0.000112009 0.000125184 0.000134293 0.000140346 0.000144211 0.000146581 0.000147977 0.000148765 0.00014918 0.000149362 
0.33 0.000391014 0.000298092 0.000217853 0.000152489 0.000102215 6.56698e-05 4.05567e-05 2.43234e-05 1.47127e-05 1.01681e-05 
0.33 0.000392506 0.000299986 0.000220186 0.000155235 0.000105312 6.90387e-05 4.41221e-05 2.80205e-05 1.84898e-05 1.39836e-05 
0.33 2.30254e-06 2.56611e-06 2.74731e-06 2.86689e-06 2.94261e-06 2.98864e-06 3.01548e-06 3.03046e-06 3.03828e-06 3.04167e-06 
0.33 0.000675937 0.000479992 0.000315599 0.000186779 9.38685e-05 3.42213e-05 3.34538e-06 7.59099e-15 7.59099e-15 7.59099e-15 
0.33 0.000938286 0.000994565 0.0010408 0.00107704 0.0011041 0.0011233 0.00113626 0.00114452 0.00114936 0.00115163 
0.33 2.30589e-05 6.47109e-07 5.60902e-15 5.60902e-15 5.60902e-15 5.60902e-15 5.60902e-15 7.59102e-16 7.59102e-16 7.59102e-16 
0.33 3.929e-10 3.72636e-10 3.63508e-10 3.59942e-10 3.59096e-10 3.59434e-10 3.6015e-10 3.60846e-10 3.61364e-10 3.61637e-10 
0.34 0.000114766 0.000128363 0.000137836 0.000144188 0.000148282 0.000150821 0.000152334 0.000153197 0.000153657 0.000153859 
0.34 0.00039666 0.000304222 0.000223946 0.000158077 0.000106976 6.94618e-05 4.34043e-05 2.63735e-05 1.61868e-05 1.1333e-05 
0.34 0.000397983 0.000305925 0.000226073 0.000160611 0.00010986 7.26203e-05 4.67641e-05 2.98699e-05 1.97672e-05 1.49541e-05 
0.34 2.35877e-06 2.63093e-06 2.81956e-06 2.94519e-06 3.02557e-06 3.07497e-06 3.10412e-06 3.12059e-06 3.12929e-06 3.1331e-06 
0.34 0.00068456 0.000489191 0.0003244 0.000194312 9.9529e-05 3.77479e-05 4.90013e-06 7.59099e-15 7.59099e-15 7.59099e-15 
0.34 0.000938568 0.000995064 0.0010417 0.00107848 0.00110615 0.00112598 0.00113949 0.00114819 0.00115334 0.00115578 
0.34 2.30889e-05 6.69746e-07 5.60902e-15 5.60902e-15 5.60902e-15 5.60902e-15 5.60902e-15 7.59102e-16 7.59102e-16 7.59102e-16 
0.34 3.83577e-10 3.63591e-10 3.54468e-10 3.50819e-10 3.49886e-10 3.5016e-10 3.50844e-10 3.51532e-10 3.52051e-10 3.5233e-10 
0.35 0.000117498 0.000131513 0.000141352 0.000148003 0.000152332 0.000155044 0.000156677 0.000157619 0.000158127 0.000158352 
0.35 0.000402183 0.000310233 0.000229949 0.00016362 0.000111738 7.32931e-05 4.63154e-05 2.84976e-05 1.77366e-05 1.25724e-05 
0.35 0.000403339 0.000311747 0.000231872 0.000165943 0.00011441 7.62415e-05 4.94694e-05 3.1793e-05 2.11198e-05 1.59985e-05 
0.35 2.41448e-06 2.69519e-06 2.89125e-06 3.02298e-06 3.10808e-06 3.16095e-06 3.1925e-06 3.21053e-06 3.22017e-06 3.22442e-06 
0.35 0.000692964 0.000498181 0.000333046 0.000201773 0.000105208 4.13833e-05 6.62666e-06 7.59099e-15 7.59099e-15 7.59099e-15 
0.35 0.00093888 0.000995589 0.00104261 0.00107991 0.00110818 0.00112862 0.00114268 0.00115182 0.00115728 0.00115989 
0.35 2.31165e-05 6.90551e-07 5.60902e-15 5.60902e-15 5.60902e-15 5.60902e-15 5.60902e-15 7.59102e-16 7.59102e-16 7.59102e-16 
0.35 3.74784e-10 3.55068e-10 3.45955e-10 3.42229e-10 3.41208e-10 3.41423e-10 3.42073e-10 3.4275e-10 3.43268e-10 3.43551e-10 
0.36 0.000120204 0.000134637 0.000144841 0.000151794 0.000156361 0.000159248 0.000161006 0.000162031 0.00016259 0.000162839 
0.36 0.000407588 0.00031613 0.000235863 0.000169116 0.000116498 7.71597e-05 4.92864e-05 3.06935e-05 1.93613e-05 1.38864e-05 
0.36 0.000408579 0.000317457 0.000237585 0.00017123 0.000118958 7.98984e-05 5.22346e-05 3.37875e-05 2.25469e-05 1.7117e-05 
0.36 2.46968e-06 2.75889e-06 2.96238e-06 3.10025e-06 3.19015e-06 3.24657e-06 3.28061e-06 3.30028e-06 3.31091e-06 3.31563e-06 
0.36 0.000701159 0.00050697 0.000341541 0.000209161 0.000110902 4.51158e-05 8.49196e-06 7.59099e-15 7.59099e-15 7.59099e-15 
0.36 0.00093922 0.000996139 0.00104353 0.00108134 0.00111019 0.00113122 0.00114582 0.00115541 0.00116118 0.00116395 
0.36 2.31418e-05 7.09676e-07 5.60902e-15 5.60902e-15 5.60902e-15 5.60902e-15 5.60902e-15 7.59102e-16 7.59102e-16 7.59102e-16 
0.36 3.66479e-10 3.47021e-10 3.3792e-10 3.34123e-10 3.3302e-10 3.33176e-10 3.33792e-10 3.34454e-10 3.34971e-10 3.35257e-10 
0.37 0.000122886 0.000137733 0.000148302 0.00015556 0.000160367 0.000163436 0.000165322 0.000166433 0.000167044 0.00016732 
0.37 0.00041288 0.000321916 0.000241692 0.000174564 0.000121253 8.10579e-05 5.23139e-05 3.29589e-05 2.106e-05 1.52748e-05 
0.37 0.000413709 0.000323059 0.000243214 0.00017647 0.000123503 8.35872e-05 5.50563e-05 3.58513e-05 2.40475e-05 1.83095e-05 
0.37 2.52438e-06 2.82205e-06 3.03296e-06 3.17701e-06 3.27178e-06 3.33184e-06 3.36845e-06 3.38983e-06 3.4015e-06 3.40672e-06 
0.37 0.000709154 0.000515565 0.000349889 0.000216475 0.000116605 4.89332e-05 1.04704e-05 7.59099e-15 7.59099e-15 7.59099e-15 
0.37 0.000939588 0.000996711 0.00104446 0.00108276 0.00111218 0.00113379 0.00114892 0.00115895 0.00116504 0.00116798 
0.37 2.3165e-05 7.27247e-07 5.60902e-15 5.60902e-15 5.60902e-15 5.60902e-15 5.60902e-15 7.59102e-16 7.59102e-16 7.59102e-16 
0.37 3.58622e-10 3.39414e-10 3.30328e-10 3.26463e-10 3.25283e-10 3.25376e-10 3.25957e-10 3.26608e-10 3.27121e-10 3.27408e-10 
0.38 0.000125544 0.000140804 0.000151738 0.000159302 0.000164352 0.000167605 0.000169624 0.000170824 0.000171491 0.000171793 
0.38 0.000418064 0.000327596 0.000247436 0.000179964 0.000126001 8.49841e-05 5.53947e-05 3.52916e-05 2.28316e-05 1.67374e-05 
0.38 0.000418733 0.000328557 0.000248761 0.000181664 0.000128041 8.73046e-05 5.79313e-05 3.79821e-05 2.56206e-05 1.95756e-05 
0.38 2.57859e-06 2.88467e-06 3.10301e-06 3.25327e-06 3.35297e-06 3.41674e-06 3.45601e-06 3.47917e-06 3.49193e-06 3.49768e-06 
0.38 0.000716958 0.000523974 0.000358093 0.000223714 0.000122312 5.28231e-05 1.25418e-05 7.59099e-15 7.59099e-15 7.59099e-15 
0.38 0.000939979 0.000997304 0.0010454 0.00108418 0.00111415 0.00113633 0.00115199 0.00116245 0.00116886 0.00117196 
0.38 2.31864e-05 7.43383e-07 5.60902e-15 5.60902e-15 5.60902e-15 5.60902e-15 5.60902e-15 7.59102e-16 7.59102e-16 7.59102e-16 
0.38 3.51175e-10 3.32209e-10 3.2314e-10 3.19213e-10 3.17957e-10 3.17993e-10 3.18536e-10 3.19172e-10 3.19682e-10 3.19969e-10 
0.39 0.000128178 0.000143849 0.000155147 0.000163018 0.000168316 0.000171757 0.000173912 0.000175205 0.00017593 0.000176261 
0.39 0.000423144 0.000333174 0.000253098 0.000185316 0.000130739 8.89351e-05 5.85257e-05 3.76894e-05 2.46749e-05 1.82737e-05 
0.39 0.000423655 0.000333955 0.000254228 0.000186811 0.00013257 9.10472e-05 6.08566e-05 4.01778e-05 2.7265e-05 2.09149e-05 
0.39 2.63232e-06 2.94677e-06 3.17252e-06 3.32903e-06 3.43372e-06 3.50128e-06 3.54328e-06 3.56829e-06 3.5822e-06 3.58851e-06 
0.39 0.000724579 0.000532204 0.000366157 0.000230878 0.000128018 5.67737e-05 1.46896e-05 7.59099e-15 7.59099e-15 7.59099e-15 
0.39 0.000940394 0.000997917 0.00104635 0.0010856 0.00111611 0.00113884 0.00115502 0.00116591 0.00117263 0.00117591 
0.39 2.3206e-05 7.58216e-07 5.60902e-15 5.60902e-15 5.60902e-15 5.60902e-15 5.60902e-15 7.59102e-16 7.59102e-16 7.59102e-16 
0.39 3.44108e-10 3.25377e-10 3.16327e-10 3.12343e-10 3.11014e-10 3.10991e-10 3.115e-10 3.12117e-10 3.12624e-10 3.12911e-10 
0.40 0.000130791 0.000146869 0.000158531 0.000166711 0.000172257 0.000175891 0.000178186 0.000179575 0.000180361 0.000180721 
0.40 0.000428125 0.000338653 0.00025868 0.000190619 0.000135465 9.29079e-05 6.17039e-05 4.015e-05 2.65886e-05 1.9883e-05 
0.40 0.000428479 0.000339256 0.000259616 0.000191911 0.000137088 9.48121e-05 6.38292e-05 4.24361e-05 2.89794e-05 2.23268e-05 
0.40 2.68558e-06 3.00835e-06 3.24151e-06 3.40429e-06 3.51403e-06 3.58546e-06 3.63026e-06 3.65719e-06 3.6723e-06 3.6792e-06 
0.40 0.000732025 0.000540261 0.000374084 0.000237966 0.000133718 6.07741e-05 1.69003e-05 7.59099e-15 7.59099e-15 7.59099e-15 
0.40 0.000940831 0.000998549 0.00104732 0.00108701 0.00111805 0.00114132 0.00115801 0.00116933 0.00117636 0.00117981 
0.40 2.3224e-05 7.7184e-07 5.60902e-15 5.60902e-15 5.60902e-15 5.60902e-15 5.60902e-15 7.59102e-16 7.59102e-16 7.59102e-16 
0.40 3.37392e-10 3.18888e-10 3.09858e-10 3.05823e-10 3.04426e-10 3.04344e-10 3.04817e-10 3.05415e-10 3.05914e-10 3.062e-10 
0.41 0.00013338 0.000149865 0.00016189 0.00017038 0.000176178 0.000180007 0.000182445 0.000183934 0.000184782 0.000185173 
0.41 0.00043301 0.000344036 0.000264183 0.000195874 0.000140177 9.68997e-05 6.49265e-05 4.26713e-05 2.85713e-05 2.15646e-05 
0.41 0.000433209 0.000344463 0.000264927 0.000196964 0.000141593 9.85965e-05 6.68463e-05 4.47549e-05 3.07625e-05 2.38106e-05 
0.41 2.73838e-06 3.06942e-06 3.30998e-06 3.47906e-06 3.59391e-06 3.66927e-06 3.71695e-06 3.74587e-06 3.76222e-06 3.76974e-06 
0.41 0.000739302 0.000548151 0.000381878 0.000244977 0.000139406 6.48143e-05 1.91625e-05 7.59099e-15 7.59099e-15 7.59099e-15 
0.41 0.000941287 0.0009992 0.00104829 0.00108842 0.00111997 0.00114378 0.00116096 0.00117271 0.00118005 0.00118367 
0.41 2.32405e-05 7.84354e-07 5.60902e-15 5.60902e-15 5.60902e-15 5.60902e-15 5.60902e-15 7.59102e-16 7.59102e-16 7.59102e-16 
0.41 3.31003e-10 3.12718e-10 3.03713e-10 2.99625e-10 2.98164e-10 2.98025e-10 2.9846e-10 2.99039e-10 2.99531e-10 2.99815e-10 
0.42 0.000135948 0.000152836 0.000165224 0.000174025 0.000180078 0.000184104 0.00018669 0.000188281 0.000189194 0.000189618 
0.42 0.000437803 0.000349327 0.000269609 0.00020108 0.000144873 0.000100908 6.81907e-05 4.5251e-05 3.06216e-05 2.33176e-05 
0.42 0.000437849 0.00034958 0.000270163 0.000201969 0.000146084 0.000102398 6.99052e-05 4.7132e-05 3.26129e-05 2.53653e-05 
0.42 2.79073e-06 3.12999e-06 3.37794e-06 3.55334e-06 3.67335e-06 3.75271e-06 3.80334e-06 3.83431e-06 3.85196e-06 3.86012e-06 
0.42 0.000746417 0.000555881 0.000389542 0.00025191 0.000145077 6.88852e-05 2.14666e-05 7.59099e-15 7.59099e-15 7.59099e-15 
0.42 0.000941764 0.000999867 0.00104927 0.00108983 0.00112188 0.00114621 0.00116389 0.00117605 0.0011837 0.00118749 
0.42 2.32557e-05 7.95843e-07 5.60902e-15 5.60902e-15 5.60902e-15 5.60902e-15 5.60902e-15 7.59102e-16 7.59102e-16 7.59102e-16 
0.42 3.24915e-10 3.06844e-10 2.97863e-10 2.93728e-10 2.92203e-10 2.92012e-10 2.9241e-10 2.92967e-10 2.93451e-10 2.93732e-10 
0.43 0.000138494 0.000155783 0.000168533 0.000177647 0.000183955 0.000188183 0.000190919 0.000192616 0.000193596 0.000194055 
0.43 0.000442507 0.000354528 0.000274961 0.000206237 0.000149553 0.00010493 7.1494e-05 4.78869e-05 3.27379e-05 2.51409e-05 
0.43 0.000442402 0.000354609 0.000275326 0.000206927 0.000150559 0.000106214 7.30034e-05 4.95653e-05 3.45291e-05 2.699e-05 
0.43 2.84264e-06 3.19008e-06 3.4454e-06 3.62714e-06 3.75235e-06 3.83578e-06 3.88943e-06 3.92252e-06 3.94151e-06 3.95034e-06 
0.43 0.000753377 0.000563455 0.000397079 0.000258766 0.000150726 7.29784e-05 2.38043e-05 1.40531e-07 7.59099e-15 7.59099e-15 
0.43 0.000942258 0.00100055 0.00105026 0.00109124 0.00112377 0.00114861 0.00116678 0.00117935 0.00118731 0.00119127 
0.43 2.32697e-05 8.06399e-07 5.60902e-15 5.60902e-15 5.60902e-15 5.60902e-15 5.60902e-15 5.60902e-15 7.59102e-16 7.59102e-16 
0.43 3.19108e-10 3.01245e-10 2.92289e-10 2.88112e-10 2.86527e-10 2.86282e-10 2.86642e-10 2.87178e-10 2.87652e-10 2.87929e-10 
0.44 0.000141019 0.000158706 0.000171818 0.000181244 0.000187812 0.000192243 0.000195133 0.000196939 0.00019799 0.000198483 
0.44 0.000447125 0.000359643 0.000280239 0.000211345 0.000154214 0.000108964 7.48339e-05 5.05769e-05 3.49188e-05 2.70334e-05 
0.44 0.000446871 0.000359554 0.000280418 0.000211837 0.000155017 0.000110042 7.61385e-05 5.20526e-05 3.65096e-05 2.86836e-05 
0.44 2.89411e-06 3.24968e-06 3.51237e-06 3.70046e-06 3.83092e-06 3.91847e-06 3.97522e-06 4.01048e-06 4.03087e-06 4.0404e-06 
0.44 0.000760187 0.00057088 0.000404491 0.000265543 0.000156349 7.70886e-05 2.6183e-05 6.46612e-07 7.59099e-15 7.59099e-15 
0.44 0.000942769 0.00100125 0.00105126 0.00109264 0.00112565 0.00115099 0.00116963 0.00118262 0.00119088 0.00119501 
0.44 2.32825e-05 8.16102e-07 5.60902e-15 5.60902e-15 5.60902e-15 5.60902e-15 5.60902e-15 5.60902e-15 7.59102e-16 7.59102e-16 
0.44 3.13565e-10 2.95902e-10 2.86974e-10 2.82757e-10 2.81112e-10 2.80815e-10 2.81138e-10 2.81651e-10 2.82115e-10 2.82389e-10 
0.45 0.000143523 0.000161607 0.000175079 0.000184819 0.000191648 0.000196286 0.000199332 0.00020125 0.000202373 0.000202903 
0.45 0.000451661 0.000364674 0.000285446 0.000216405 0.000158856 0.000113008 7.8208e-05 5.3319e-05 3.71626e-05 2.89939e-05 
0.45 0.00045126 0.000364416 0.00028544 0.000216701 0.000159456 0.000113881 7.93081e-05 5.45919e-05 3.85527e-05 3.04448e-05 
0.45 2.94516e-06 3.30881e-06 3.57884e-06 3.77331e-06 3.90906e-06 4.00079e-06 4.06069e-06 4.09819e-06 4.12003e-06 4.13028e-06 
0.45 0.000766854 0.00057816 0.000411782 0.000272242 0.000161944 8.12152e-05 2.86307e-05 1.42451e-06 7.59099e-15 7.59099e-15 
0.45 0.000943296 0.00100196 0.00105227 0.00109404 0.00112751 0.00115334 0.00117245 0.00118585 0.00119441 0.00119871 
0.45 2.32943e-05 8.25011e-07 5.60902e-15 5.60902e-15 5.60902e-15 5.60902e-15 5.60902e-15 5.60902e-15 7.59102e-16 7.59102e-16 
0.45 3.08266e-10 2.90798e-10 2.81898e-10 2.77643e-10 2.75942e-10 2.75594e-10 2.7588e-10 2.76372e-10 2.76824e-10 2.77094e-10 
0.46 0.000146007 0.000164485 0.000178317 0.000188371 0.000195462 0.00020031 0.000203515 0.000205548 0.000206745 0.000207313 
0.46 0.000456118 0.000369624 0.000290583 0.000221417 0.000163478 0.000117059 8.16142e-05 5.61111e-05 3.94677e-05 3.10211e-05 
0.46 0.000455571 0.000369199 0.000290394 0.000221518 0.000163876 0.000117728 8.251e-05 5.71813e-05 4.0657e-05 3.22724e-05 
0.46 2.99579e-06 3.36748e-06 3.64483e-06 3.84569e-06 3.98676e-06 4.08274e-06 4.14585e-06 4.18565e-06 4.20898e-06 4.21998e-06 
0.46 0.000773382 0.0005853 0.000418955 0.000278862 0.000167508 8.53593e-05 3.1158e-05 2.40935e-06 7.59099e-15 7.59099e-15 
0.46 0.000943838 0.00100269 0.00105329 0.00109544 0.00112936 0.00115567 0.00117524 0.00118904 0.00119791 0.00120237 
0.46 2.33051e-05 8.33198e-07 5.60902e-15 5.60902e-15 5.60902e-15 5.60902e-15 5.60902e-15 5.60902e-15 7.59102e-16 7.59102e-16 
0.46 3.03197e-10 2.85916e-10 2.77047e-10 2.72756e-10 2.71001e-10 2.70602e-10 2.70851e-10 2.71321e-10 2.71761e-10 2.72027e-10 
0.47 0.00014847 0.000167341 0.000181532 0.0001919 0.000199256 0.000204316 0.000207684 0.000209834 0.000211107 0.000211713 
0.47 0.000460498 0.000374496 0.000295652 0.000226381 0.000168078 0.000121117 8.50503e-05 5.89511e-05 4.18324e-05 3.31136e-05 
0.47 0.000459806 0.000373906 0.000295281 0.000226289 0.000168276 0.000121582 8.57422e-05 5.98187e-05 4.28207e-05 3.41651e-05 
0.47 3.046e-06 3.42569e-06 3.71035e-06 3.91761e-06 4.06404e-06 4.16431e-06 4.2307e-06 4.27285e-06 4.29771e-06 4.3095e-06 
0.47 0.000779776 0.000592304 0.000426012 0.000285404 0.00017304 8.95214e-05 3.37659e-05 3.55518e-06 7.59099e-15 7.59099e-15 
0.47 0.000944395 0.00100343 0.00105431 0.00109684 0.0011312 0.00115798 0.001178 0.0011922 0.00120137 0.00120599 
0.47 2.3315e-05 8.40715e-07 5.60902e-15 5.60902e-15 5.60902e-15 5.60902e-15 5.60902e-15 5.60902e-15 7.59102e-16 7.59102e-16 
0.47 2.98343e-10 2.81245e-10 2.72406e-10 2.68081e-10 2.66274e-10 2.65827e-10 2.66038e-10 2.66485e-10 2.66914e-10 2.67175e-10 
0.48 0.000150913 0.000170175 0.000184724 0.000195407 0.000203028 0.000208303 0.000211836 0.000214106 0.000215458 0.000216105 
0.48 0.000464803 0.000379291 0.000300654 0.000231298 0.000172656 0.000125179 8.85143e-05 6.18372e-05 4.42551e-05 3.527e-05 
0.48 0.000463969 0.000378538 0.000300103 0.000231014 0.000172655 0.000125441 8.90026e-05 6.25022e-05 4.50422e-05 3.61214e-05 
0.48 3.09581e-06 3.48345e-06 3.7754e-06 3.98907e-06 4.14089e-06 4.24551e-06 4.31523e-06 4.35979e-06 4.38623e-06 4.39882e-06 
0.48 0.000786041 0.000599176 0.000432956 0.000291868 0.00017854 9.37012e-05 3.64504e-05 4.82861e-06 7.59099e-15 7.59099e-15 
0.48 0.000944965 0.00100418 0.00105534 0.00109824 0.00113303 0.00116027 0.00118074 0.00119532 0.00120479 0.00120957 
0.48 2.33241e-05 8.47615e-07 5.60902e-15 5.60902e-15 5.60902e-15 5.60902e-15 5.60902e-15 5.60902e-15 7.59102e-16 7.59102e-16 
0.48 2.9369e-10 2.76769e-10 2.6796e-10 2.63606e-10 2.61749e-10 2.61253e-10 2.61429e-10 2.61853e-10 2.62269e-10 2.62523e-10 
0.49 0.000153338 0.000172987 0.000187893 0.000198892 0.00020678 0.000212272 0.000215973 0.000218365 0.000219798 0.000220487 
0.49 0.000469037 0.000384012 0.000305591 0.000236168 0.000177212 0.000129244 9.20043e-05 6.47674e-05 4.67341e-05 3.74889e-05 
0.49 0.000468062 0.000383097 0.000304861 0.000235693 0.000177012 0.000129304 9.22894e-05 6.52298e-05 4.73199e-05 3.81399e-05 
0.49 3.14522e-06 3.54076e-06 3.83999e-06 4.06007e-06 4.21732e-06 4.32633e-06 4.39944e-06 4.44646e-06 4.47452e-06 4.48794e-06 
0.49 0.000792181 0.000605921 0.000439789 0.000298255 0.000184007 9.78976e-05 3.92052e-05 6.2048e-06 7.59099e-15 7.59099e-15 
0.49 0.000945548 0.00100494 0.00105638 0.00109963 0.00113485 0.00116254 0.00118345 0.00119841 0.00120817 0.00121311 
0.49 2.33325e-05 8.53951e-07 5.60902e-15 5.60902e-15 5.60902e-15 5.60902e-15 5.60902e-15 5.60902e-15 7.59102e-16 7.59102e-16 
0.49 2.89224e-10 2.72476e-10 2.63699e-10 2.59317e-10 2.57412e-10 2.5687e-10 2.57009e-10 2.57409e-10 2.57812e-10 2.58059e-10 
0.50 0.000155743 0.000175778 0.00019104 0.000202355 0.000210511 0.000216223 0.000220094 0.00022261 0.000224127 0.000224858 
0.50 0.000473201 0.000388662 0.000310464 0.000240992 0.000181744 0.00013331 9.55185e-05 6.77398e-05 4.92676e-05 3.97687e-05 
0.50 0.000472086 0.000387586 0.000309557 0.000240327 0.000181347 0.000133169 9.56008e-05 6.79998e-05 4.96521e-05 4.02191e-05 
0.50 3.19424e-06 3.59764e-06 3.90412e-06 4.13062e-06 4.29333e-06 4.40677e-06 4.48333e-06 4.53286e-06 4.56259e-06 4.57686e-06 
0.50 0.000798201 0.000612542 0.000446515 0.000304566 0.00018944 0.000102109 4.20229e-05 7.66483e-06 7.59099e-15 7.59099e-15 
0.50 0.000946142 0.00100571 0.00105742 0.00110102 0.00113666 0.00116479 0.00118613 0.00120147 0.00121151 0.00121662 
0.50 2.33402e-05 8.59774e-07 5.60902e-15 5.60902e-15 5.60902e-15 5.60902e-15 5.60902e-15 5.60902e-15 7.59102e-16 7.59102e-16 
0.50 2.84937e-10 2.68356e-10 2.59612e-10 2.55201e-10 2.53252e-10 2.52665e-10 2.52769e-10 2.53144e-10 2.53532e-10 2.53773e-10 
0.51 0.000158129 0.000178548 0.000194165 0.000205795 0.000214222 0.000220154 0.000224199 0.000226843 0.000228444 0.000229218 
0.51 0.000477298 0.000393242 0.000315275 0.00024577 0.000186253 0.000137376 9.90551e-05 7.07527e-05 5.1854e-05 4.21078e-05 
0.51 0.000476045 0.000392007 0.000314193 0.000244917 0.000185659 0.000137034 9.8935e-05 7.08104e-05 5.20371e-05 4.23575e-05 
0.51 3.24288e-06 3.65409e-06 3.9678e-06 4.20073e-06 4.36892e-06 4.48684e-06 4.56689e-06 4.61899e-06 4.65042e-06 4.66557e-06 
0.51 0.000804104 0.000619044 0.000453135 0.000310802 0.000194839 0.000106332 4.48959e-05 9.19395e-06 7.59099e-15 7.59099e-15 
0.51 0.000946749 0.0010065 0.00105847 0.00110241 0.00113845 0.00116702 0.00118878 0.00120449 0.00121482 0.00122009 
0.51 2.33473e-05 8.65124e-07 5.60902e-15 5.60902e-15 5.60902e-15 5.60902e-15 5.60902e-15 5.60902e-15 7.59102e-16 7.59102e-16 
0.51 2.80817e-10 2.644e-10 2.55686e-10 2.51252e-10 2.49259e-10 2.48628e-10 2.48696e-10 2.49046e-10 2.4942e-10 2.49656e-10 
0.52 0.000160497 0.000181297 0.000197268 0.000209214 0.000217912 0.000224068 0.000228288 0.000231061 0.000232749 0.000233568 
0.52 0.00048133 0.000397754 0.000320025 0.000250502 0.000190737 0.000141441 0.000102612 7.38042e-05 5.44916e-05 4.45047e-05 
0.52 0.00047994 0.000396362 0.000318769 0.000249463 0.000189948 0.000140899 0.00010229 7.36598e-05 5.44732e-05 4.45536e-05 
0.52 3.29114e-06 3.71012e-06 4.03104e-06 4.2704e-06 4.44409e-06 4.56653e-06 4.65012e-06 4.70484e-06 4.73801e-06 4.75406e-06 
0.52 0.000809895 0.000625429 0.000459652 0.000316964 0.000200203 0.000110564 4.78168e-05 1.07804e-05 7.59099e-15 7.59099e-15 
0.52 0.000947366 0.00100729 0.00105952 0.0011038 0.00114024 0.00116923 0.0011914 0.00120748 0.00121809 0.00122352 
0.52 2.33538e-05 8.70042e-07 5.60902e-15 5.60902e-15 5.60902e-15 5.60902e-15 5.60902e-15 5.60902e-15 7.59102e-16 7.59102e-16 
0.52 2.76854e-10 2.60595e-10 2.51915e-10 2.47457e-10 2.45421e-10 2.44749e-10 2.4478e-10 2.45106e-10 2.45466e-10 2.45695e-10 
0.53 0.000162847 0.000184026 0.00020035 0.000212612 0.000221582 0.000227962 0.00023236 0.000235266 0.000237042 0.000237907 
0.53 0.000485298 0.000402201 0.000324716 0.00025519 0.000195197 0.000145504 0.000106189 7.68925e-05 5.71787e-05 4.69577e-05 
0.53 0.000483773 0.000400653 0.000323288 0.000253965 0.000194214 0.000144763 0.000105665 7.65462e-05 5.69588e-05 4.68057e-05 
0.53 3.33903e-06 3.76573e-06 4.09384e-06 4.33963e-06 4.51884e-06 4.64584e-06 4.73303e-06 4.79041e-06 4.82536e-06 4.84233e-06 
0.53 0.000815576 0.000631701 0.000466069 0.000323052 0.000205531 0.000114803 5.07785e-05 1.24146e-05 7.59099e-15 7.59099e-15 
0.53 0.000947993 0.00100809 0.00106058 0.00110519 0.00114201 0.00117142 0.001194 0.00121044 0.00122133 0.00122691 
0.53 2.33598e-05 8.74559e-07 5.60902e-15 5.60902e-15 5.60902e-15 5.60902e-15 5.60902e-15 5.60902e-15 7.59102e-16 7.59102e-16 
0.53 2.73039e-10 2.56934e-10 2.48287e-10 2.43809e-10 2.41734e-10 2.41018e-10 2.41015e-10 2.41316e-10 2.4166e-10 2.41883e-10 
0.54 0.000165179 0.000186735 0.00020341 0.000215989 0.000225232 0.000231839 0.000236415 0.000239456 0.000241323 0.000242235 
0.54 0.000489205 0.000406583 0.000329349 0.000259833 0.000199632 0.000149564 0.000109783 8.00161e-05 5.99136e-05 4.94653e-05 
0.54 0.000487546 0.000404882 0.00032775 0.000258425 0.000198456 0.000148625 0.000109058 7.9468e-05 5.94923e-05 4.91122e-05 
0.54 3.38655e-06 3.82093e-06 4.1562e-06 4.40842e-06 4.59318e-06 4.72478e-06 4.8156e-06 4.87569e-06 4.91246e-06 4.93038e-06 
0.54 0.000821152 0.000637864 0.000472388 0.000329068 0.000210823 0.000119045 5.37747e-05 1.40886e-05 7.59099e-15 7.59099e-15 
0.54 0.000948628 0.0010089 0.00106164 0.00110658 0.00114378 0.00117359 0.00119657 0.00121337 0.00122453 0.00123026 
0.54 2.33653e-05 8.78713e-07 5.60902e-15 5.60902e-15 5.60902e-15 5.60902e-15 5.60902e-15 5.60902e-15 7.59102e-16 7.59102e-16 
0.54 2.69365e-10 2.5341e-10 2.44797e-10 2.40298e-10 2.38183e-10 2.37428e-10 2.37391e-10 2.37667e-10 2.37997e-10 2.38211e-10 
0.55 0.000167493 0.000189423 0.000206449 0.000219344 0.000228862 0.000235696 0.000240455 0.000243631 0.000245591 0.000246551 
0.55 0.000493053 0.000410903 0.000333925 0.000264433 0.000204042 0.00015362 0.000113393 8.31732e-05 6.26947e-05 5.20258e-05 
0.55 0.000491261 0.00040905 0.000332157 0.000262842 0.000202674 0.000152483 0.000112468 8.24236e-05 6.2072e-05 5.14716e-05 
0.55 3.43371e-06 3.87572e-06 4.21813e-06 4.47678e-06 4.66711e-06 4.80334e-06 4.89784e-06 4.96068e-06 4.99931e-06 5.01819e-06 
0.55 0.000826625 0.00064392 0.000478611 0.000335013 0.000216078 0.000123286 5.67995e-05 1.57959e-05 7.59099e-15 7.59099e-15 
0.55 0.000949273 0.00100972 0.00106271 0.00110796 0.00114554 0.00117575 0.00119912 0.00121627 0.0012277 0.00123358 
0.55 2.33703e-05 8.8253e-07 5.60902e-15 5.60902e-15 5.60902e-15 5.60902e-15 5.60902e-15 5.60902e-15 7.59102e-16 7.59102e-16 
0.55 2.65823e-10 2.50017e-10 2.41435e-10 2.36919e-10 2.34766e-10 2.3397e-10 2.33899e-10 2.34151e-10 2.34465e-10 2.34671e-10 
0.56 0.00016979 0.000192092 0.000209467 0.000222678 0.000232471 0.000239536 0.000244479 0.000247793 0.000249847 0.000250856 
0.56 0.000496843 0.000415163 0.000338446 0.00026899 0.000208426 0.000157671 0.000117018 8.63623e-05 6.55203e-05 5.46376e-05 
0.56 0.00049492 0.000413158 0.00033651 0.000267217 0.000206867 0.000156337 0.000115893 8.54115e-05 6.46962e-05 5.38823e-05 
0.56 3.48051e-06 3.93011e-06 4.27964e-06 4.54472e-06 4.74063e-06 4.88153e-06 4.97975e-06 5.04538e-06 5.0859e-06 5.10577e-06 
0.56 0.000831999 0.000649873 0.000484741 0.000340888 0.000221295 0.000127524 5.98473e-05 1.75307e-05 7.59099e-15 7.59099e-15 
0.56 0.000949926 0.00101055 0.00106378 0.00110934 0.00114729 0.00117789 0.00120165 0.00121914 0.00123083 0.00123686 
0.56 2.33749e-05 8.8603e-07 5.60902e-15 5.60902e-15 5.60902e-15 5.60902e-15 5.60902e-15 5.60902e-15 7.59102e-16 7.59102e-16 
0.56 2.62408e-10 2.46744e-10 2.38197e-10 2.33663e-10 2.31475e-10 2.3064e-10 2.30535e-10 2.30762e-10 2.3106e-10 2.31259e-10 
0.57 0.00017207 0.000194742 0.000212466 0.000225992 0.00023606 0.000243357 0.000248485 0.00025194 0.00025409 0.000255148 
0.57 0.000500577 0.000419364 0.000342913 0.000273504 0.000212785 0.000161716 0.000120657 8.95818e-05 6.83887e-05 5.72991e-05 
0.57 0.000498524 0.000417209 0.00034081 0.000271551 0.000211036 0.000160186 0.000119333 8.84301e-05 6.73634e-05 5.63426e-05 
0.57 3.52696e-06 3.98411e-06 4.34073e-06 4.61224e-06 4.81375e-06 4.95934e-06 5.06132e-06 5.12979e-06 5.17223e-06 5.19311e-06 
0.57 0.000837277 0.000655725 0.000490779 0.000346693 0.000226473 0.000131756 6.29133e-05 1.92883e-05 7.59099e-15 7.59099e-15 
0.57 0.000950587 0.00101138 0.00106485 0.00111072 0.00114903 0.00118001 0.00120415 0.00122198 0.00123393 0.00124011 
0.57 2.33792e-05 8.89241e-07 5.60902e-15 5.60902e-15 5.60902e-15 5.60902e-15 5.60902e-15 5.60902e-15 7.59102e-16 7.59102e-16 
0.57 2.59112e-10 2.43588e-10 2.35072e-10 2.30522e-10 2.28301e-10 2.27427e-10 2.2729e-10 2.27492e-10 2.27774e-10 2.27965e-10 
0.58 0.000174333 0.000197373 0.000215443 0.000229286 0.00023963 0.00024716 0.000252476 0.000256073 0.000258319 0.000259429 
0.58 0.000504257 0.000423508 0.000347326 0.000277976 0.000217118 0.000165754 0.000124308 9.28302e-05 7.12984e-05 6.00086e-05 
0.58 0.000502075 0.000421204 0.000345058 0.000275845 0.00021518 0.000164029 0.000122785 9.1478e-05 7.0072e-05 5.8851e-05 
0.58 3.57307e-06 4.03772e-06 4.40141e-06 4.67934e-06 4.88647e-06 5.03678e-06 5.14256e-06 5.2139e-06 5.2583e-06 5.2802e-06 
0.58 0.000842462 0.000661479 0.000496728 0.00035243 0.000231612 0.000135979 6.5993e-05 2.10644e-05 7.59099e-15 7.59099e-15 
0.58 0.000951256 0.00101222 0.00106593 0.0011121 0.00115076 0.00118212 0.00120663 0.00122479 0.001237 0.00124332 
0.58 2.33831e-05 8.92198e-07 5.60902e-15 5.60902e-15 5.60902e-15 5.60902e-15 5.60902e-15 5.60902e-15 7.59102e-16 7.59102e-16 
0.58 2.55928e-10 2.4054e-10 2.32057e-10 2.27493e-10 2.25238e-10 2.24328e-10 2.24158e-10 2.24336e-10 2.24602e-10 2.24784e-10 
0.59 0.000176579 0.000199986 0.000218401 0.000232559 0.00024318 0.000250944 0.000256449 0.00026019 0.000262535 0.000263696 
0.59 0.000507884 0.000427596 0.000351688 0.000282407 0.000221425 0.000169785 0.000127971 9.6106e-05 7.42477e-05 6.27646e-05 
0.59 0.000505574 0.000425145 0.000349255 0.000280098 0.0002193 0.000167865 0.000126249 9.45536e-05 7.28204e-05 6.14058e-05 
0.59 3.61884e-06 4.09095e-06 4.46168e-06 4.74602e-06 4.95878e-06 5.11385e-06 5.22346e-06 5.29771e-06 5.3441e-06 5.36704e-06 
0.59 0.000847556 0.000667138 0.00050259 0.000358099 0.00023671 0.000140191 6.90823e-05 2.28552e-05 7.59099e-15 7.59099e-15 
0.59 0.000951931 0.00101307 0.00106701 0.00111348 0.00115248 0.00118421 0.00120909 0.00122758 0.00124003 0.0012465 
0.59 2.33867e-05 8.94914e-07 5.60902e-15 5.60902e-15 5.60902e-15 5.60902e-15 5.60902e-15 5.60902e-15 7.59102e-16 7.59102e-16 
0.59 2.52852e-10 2.37596e-10 2.29146e-10 2.24569e-10 2.22282e-10 2.21336e-10 2.21135e-10 2.21288e-10 2.21537e-10 2.21711e-10 
0.60 0.000178809 0.000202579 0.00022134 0.000235811 0.000246711 0.00025471 0.000260406 0.000264293 0.000266738 0.000267952 
0.60 0.00051146 0.000431629 0.000355999 0.000286797 0.000225707 0.000173808 0.000131643 9.9408e-05 7.72352e-05 6.55654e-05 
0.60 0.000509023 0.000429032 0.000353403 0.000284312 0.000223395 0.000171694 0.000129724 9.76556e-05 7.56071e-05 6.40055e-05 
0.60 3.66427e-06 4.1438e-06 4.52155e-06 4.81229e-06 5.0307e-06 5.19054e-06 5.30402e-06 5.38122e-06 5.42963e-06 5.45363e-06 
0.60 0.000852562 0.000672705 0.000508367 0.000363701 0.000241767 0.000144388 7.21776e-05 2.46576e-05 3.02163e-07 7.59099e-15 
0.60 0.000952614 0.00101392 0.00106809 0.00111486 0.00115419 0.00118629 0.00121153 0.00123034 0.00124304 0.00124964 
0.60 2.339e-05 8.9741e-07 5.60902e-15 5.60902e-15 5.60902e-15 5.60902e-15 5.60902e-15 5.60902e-15 5.60902e-15 7.59102e-16 
0.60 2.49878e-10 2.34752e-10 2.26334e-10 2.21745e-10 2.19426e-10 2.18445e-10 2.18213e-10 2.18342e-10 2.18574e-10 2.18741e-10 
0.61 0.000181023 0.000205155 0.000224258 0.000239045 0.000250222 0.000258458 0.000264346 0.000268381 0.000270927 0.000272194 
0.61 0.000514985 0.000435609 0.00036026 0.000291147 0.000229963 0.000177822 0.000135324 0.000102735 8.02593e-05 6.84094e-05 
0.61 0.000512423 0.000432868 0.000357503 0.000288487 0.000227465 0.000175516 0.000133208 0.000100783 7.84305e-05 6.66485e-05 
0.61 3.70937e-06 4.19628e-06 4.58102e-06 4.87816e-06 5.10222e-06 5.26686e-06 5.38424e-06 5.46442e-06 5.51488e-06 5.53996e-06 
0.61 0.000857482 0.000678182 0.00051406 0.000369237 0.000246782 0.00014857 7.52799e-05 2.65001e-05 8.3336e-07 7.59099e-15 
0.61 0.000953303 0.00101478 0.00106918 0.00111623 0.00115589 0.00118835 0.00121394 0.00123307 0.00124601 0.00125276 
0.61 2.3393e-05 8.99703e-07 5.60902e-15 5.60902e-15 5.60902e-15 5.60902e-15 5.60902e-15 5.60902e-15 5.60902e-15 7.59102e-16 
0.61 2.47e-10 2.32e-10 2.23615e-10 2.19016e-10 2.16666e-10 2.15652e-10 2.1539e-10 2.15494e-10 2.1571e-10 2.15869e-10 
0.62 0.000183221 0.000207713 0.000227158 0.000242258 0.000253714 0.000262188 0.00026827 0.000272454 0.000275102 0.000276424 
0.62 0.000518462 0.000439538 0.000364473 0.000295458 0.000234193 0.000181827 0.000139014 0.000106085 8.33185e-05 7.1295e-05 
0.62 0.000515775 0.000436653 0.000361555 0.000292623 0.000231511 0.000179329 0.000136701 0.000103934 8.12893e-05 6.93333e-05 
0.62 3.75415e-06 4.24839e-06 4.6401e-06 4.94363e-06 5.17335e-06 5.34281e-06 5.46412e-06 5.54731e-06 5.59985e-06 5.62602e-06 
0.62 0.000862319 0.000683571 0.000519672 0.000374707 0.000251755 0.000152735 7.83918e-05 2.8396e-05 1.53715e-06 7.59099e-15 
0.62 0.000953997 0.00101564 0.00107027 0.0011176 0.00115759 0.00119039 0.00121633 0.00123577 0.00124895 0.00125584 
0.62 2.33958e-05 9.01805e-07 5.60902e-15 5.60902e-15 5.60902e-15 5.60902e-15 5.60902e-15 5.60902e-15 5.60902e-15 7.59102e-16 
0.62 2.44215e-10 2.29339e-10 2.20986e-10 2.16375e-10 2.13997e-10 2.12951e-10 2.12658e-10 2.12738e-10 2.12938e-10 2.13088e-10 
0.63 0.000185403 0.000210253 0.000230039 0.000245452 0.000257187 0.000265899 0.000272177 0.00027651 0.000279263 0.00028064 
0.63 0.000521891 0.000443416 0.000368638 0.00029973 0.000238398 0.000185823 0.00014271 0.000109457 8.64113e-05 7.42207e-05 
0.63 0.000519081 0.000440389 0.000365561 0.000296722 0.000235532 0.000183134 0.000140201 0.000107107 8.41819e-05 7.20583e-05 
0.63 3.79861e-06 4.30014e-06 4.69879e-06 5.0087e-06 5.24408e-06 5.41839e-06 5.54366e-06 5.62989e-06 5.68454e-06 5.71182e-06 
0.63 0.000867075 0.000688874 0.000525203 0.000380112 0.000256686 0.000156883 8.15155e-05 3.03495e-05 2.37396e-06 7.59099e-15 
0.63 0.000954698 0.00101651 0.00107136 0.00111897 0.00115928 0.00119242 0.0012187 0.00123845 0.00125186 0.00125889 
0.63 2.33984e-05 9.03739e-07 5.60902e-15 5.60902e-15 5.60902e-15 5.60902e-15 5.60902e-15 5.60902e-15 5.60902e-15 7.59102e-16 
0.63 2.41518e-10 2.26761e-10 2.18441e-10 2.13821e-10 2.11416e-10 2.10336e-10 2.10013e-10 2.10071e-10 2.10254e-10 2.10396e-10 
0.64 0.00018757 0.000212776 0.000232901 0.000248627 0.000260641 0.000269592 0.000276067 0.000280552 0.00028341 0.000284842 
0.64 0.000525274 0.000447245 0.000372757 0.000303963 0.000242577 0.000189808 0.000146412 0.000112849 8.95362e-05 7.7185e-05 
0.64 0.000522342 0.000444077 0.000369522 0.000300784 0.000239529 0.000186929 0.000143708 0.000110301 8.71069e-05 7.4822e-05 
0.64 3.84275e-06 4.35153e-06 4.75709e-06 5.07337e-06 5.31443e-06 5.4936e-06 5.62285e-06 5.71216e-06 5.76894e-06 5.79735e-06 
0.64 0.000871753 0.000694093 0.000530656 0.000385453 0.000261574 0.000161014 8.46524e-05 3.23596e-05 3.31542e-06 7.59099e-15 
0.64 0.000955403 0.00101738 0.00107245 0.00112033 0.00116096 0.00119444 0.00122105 0.0012411 0.00125475 0.0012619 
0.64 2.34007e-05 9.05521e-07 5.60902e-15 5.60902e-15 5.60902e-15 5.60902e-15 5.60902e-15 5.60902e-15 5.60902e-15 7.59102e-16 
0.64 2.38904e-10 2.24265e-10 2.15976e-10 2.11348e-10 2.08917e-10 2.07806e-10 2.07453e-10 2.07488e-10 2.07655e-10 2.07789e-10 
0.65 0.00018972 0.00021528 0.000235744 0.000251783 0.000264076 0.000273267 0.00027994 0.000284578 0.000287543 0.000289032 
0.65 0.000528612 0.000451026 0.00037683 0.000308158 0.00024673 0.000193783 0.00015012 0.000116261 9.26918e-05 8.01863e-05 
0.65 0.000525559 0.000447718 0.000373439 0.000304809 0.000243501 0.000190714 0.000147221 0.000113515 9.00628e-05 7.76229e-05 
0.65 3.88658e-06 4.40257e-06 4.81501e-06 5.13765e-06 5.38439e-06 5.56844e-06 5.7017e-06 5.79412e-06 5.85305e-06 5.8826e-06 
0.65 0.000876354 0.000699231 0.000536032 0.000390731 0.000266419 0.000165128 8.7803e-05 3.4423e-05 4.34067e-06 7.59099e-15 
0.65 0.000956112 0.00101825 0.00107354 0.00112169 0.00116263 0.00119644 0.00122338 0.00124373 0.00125761 0.00126489 
0.65 2.34029e-05 9.0715e-07 5.60902e-15 5.60902e-15 5.60902e-15 5.60902e-15 5.60902e-15 5.60902e-15 5.60902e-15 7.59102e-16 
0.65 2.36371e-10 2.21846e-10 2.13589e-10 2.08952e-10 2.06496e-10 2.05355e-10 2.04974e-10 2.04985e-10 2.05136e-10 2.05262e-10 
0.66 0.000191856 0.000217768 0.000238569 0.00025492 0.000267492 0.000276924 0.000283796 0.000288589 0.000291662 0.000293207 
0.66 0.000531907 0.000454761 0.000380858 0.000312316 0.000250858 0.000197747 0.000153832 0.000119692 9.58767e-05 8.32231e-05 
0.66 0.000528734 0.000451314 0.000377312 0.000308798 0.000247448 0.000194489 0.000150738 0.000116748 9.30483e-05 8.04595e-05 
0.66 3.9301e-06 4.45326e-06 4.87256e-06 5.20155e-06 5.45396e-06 5.64291e-06 5.78021e-06 5.87576e-06 5.93687e-06 5.96758e-06 
0.66 0.00088088 0.00070429 0.000541333 0.000395947 0.000271222 0.000169225 9.09671e-05 3.65352e-05 5.43406e-06 7.59099e-15 
0.66 0.000956826 0.00101913 0.00107463 0.00112305 0.00116429 0.00119843 0.00122569 0.00124633 0.00126044 0.00126784 
0.66 2.34049e-05 9.08653e-07 5.60902e-15 5.60902e-15 5.60902e-15 5.60902e-15 5.60902e-15 5.60902e-15 5.60902e-15 7.59102e-16 
0.66 2.33914e-10 2.195e-10 2.11274e-10 2.06631e-10 2.04151e-10 2.0298e-10 2.0257e-10 2.0256e-10 2.02694e-10 2.02811e-10 
0.67 0.000193978 0.000220239 0.000241376 0.000258038 0.000270889 0.000280563 0.000287635 0.000292584 0.000295765 0.000297369 
0.67 0.000535159 0.00045845 0.000384843 0.000316438 0.00025496 0.000201699 0.000157547 0.00012314 9.90896e-05 8.6294e-05 
0.67 0.000531867 0.000454865 0.000381143 0.000312751 0.000251371 0.000198254 0.00015426 0.000119999 9.60621e-05 8.33304e-05 
0.67 3.97332e-06 4.5036e-06 4.92973e-06 5.26506e-06 5.52315e-06 5.71701e-06 5.85838e-06 5.95708e-06 6.0204e-06 6.05228e-06 
0.67 0.000885334 0.000709271 0.000546561 0.000401102 0.000275983 0.000173305 9.41438e-05 3.86911e-05 6.58358e-06 7.59099e-15 
0.67 0.000957543 0.00102001 0.00107573 0.00112441 0.00116594 0.00120041 0.00122799 0.00124891 0.00126324 0.00127076 
0.67 2.34067e-05 9.10036e-07 5.60902e-15 5.60902e-15 5.60902e-15 5.60902e-15 5.60902e-15 5.60902e-15 5.60902e-15 7.59102e-16 
0.67 2.3153e-10 2.17225e-10 2.0903e-10 2.0438e-10 2.01877e-10 2.00677e-10 2.0024e-10 2.00207e-10 2.00326e-10 2.00433e-10 
0.68 0.000196084 0.000222694 0.000244164 0.000261137 0.000274268 0.000284184 0.000291457 0.000296564 0.000299854 0.000301517 
0.68 0.000538369 0.000462094 0.000388785 0.000320523 0.000259037 0.000205639 0.000161265 0.000126604 0.000102329 8.93976e-05 
0.68 0.000534959 0.000458373 0.000384932 0.000316669 0.00025527 0.000202008 0.000157785 0.000123266 9.91029e-05 8.62342e-05 
0.68 4.01624e-06 4.5536e-06 4.98653e-06 5.32819e-06 5.59197e-06 5.79075e-06 5.9362e-06 6.03809e-06 6.10363e-06 6.13669e-06 
0.68 0.000889717 0.000714177 0.000551716 0.000406197 0.000280703 0.000177367 9.73318e-05 4.08857e-05 7.77978e-06 7.59099e-15 
0.68 0.000958265 0.0010209 0.00107683 0.00112576 0.00116759 0.00120237 0.00123027 0.00125146 0.00126601 0.00127366 
0.68 2.34084e-05 9.11302e-07 5.60902e-15 5.60902e-15 5.60902e-15 5.60902e-15 5.60902e-15 5.60902e-15 5.60902e-15 7.59102e-16 
0.68 2.29215e-10 2.15017e-10 2.06854e-10 2.02198e-10 1.99671e-10 1.98445e-10 1.97981e-10 1.97925e-10 1.98028e-10 1.98126e-10 
0.69 0.000198176 0.000225131 0.000246934 0.000264218 0.000277628 0.000287788 0.000295263 0.000300527 0.000303929 0.000305651 
0.69 0.000541539 0.000465695 0.000392685 0.000324573 0.000263089 0.000209568 0.000164985 0.000130083 0.000105594 9.25324e-05 
0.69 0.000538012 0.000461838 0.00038868 0.000320553 0.000259145 0.00020575 0.000161313 0.000126549 0.000102169 8.91695e-05 
0.69 4.05886e-06 4.60327e-06 5.04297e-06 5.39094e-06 5.66041e-06 5.86413e-06 6.01368e-06 6.11878e-06 6.18656e-06 6.22082e-06 
0.69 0.000894031 0.000719009 0.000556801 0.000411232 0.000285382 0.000181412 0.000100529 4.31142e-05 9.01511e-06 7.59099e-15 
0.69 0.00095899 0.00102179 0.00107793 0.00112711 0.00116923 0.00120432 0.00123253 0.00125399 0.00126875 0.00127653 
0.69 2.34099e-05 9.12469e-07 5.60902e-15 5.60902e-15 5.60902e-15 5.60902e-15 5.60902e-15 5.60902e-15 5.60902e-15 7.59102e-16 
0.69 2.26967e-10 2.12875e-10 2.04742e-10 2.0008e-10 1.97532e-10 1.96277e-10 1.95789e-10 1.95709e-10 1.95797e-10 1.95886e-10 
0.70 0.000200254 0.000227553 0.000249687 0.00026728 0.00028097 0.000291373 0.000299051 0.000304475 0.000307989 0.000309769 
0.70 0.000544669 0.000469253 0.000396544 0.000328588 0.000267116 0.000213484 0.000168706 0.000133576 0.000108883 9.5697e-05 
0.70 0.000541026 0.000465262 0.000392388 0.000324403 0.000262995 0.000209481 0.000164842 0.000129846 0.00010526 9.21349e-05 
0.70 4.10119e-06 4.6526e-06 5.09905e-06 5.45332e-06 5.72847e-06 5.93714e-06 6.09082e-06 6.19914e-06 6.26919e-06 6.30466e-06 
0.70 0.000898278 0.000723769 0.000561817 0.000416209 0.00029002 0.000185439 0.000103734 4.53721e-05 1.02834e-05 7.59099e-15 
0.70 0.00095972 0.00102268 0.00107902 0.00112846 0.00117086 0.00120626 0.00123477 0.0012565 0.00127147 0.00127937 
0.70 2.34113e-05 9.13535e-07 5.60902e-15 5.60902e-15 5.60902e-15 5.60902e-15 5.60902e-15 5.60902e-15 5.60902e-15 7.59102e-16 
0.70 2.24783e-10 2.10794e-10 2.02691e-10 1.98024e-10 1.95455e-10 1.94174e-10 1.9366e-10 1.93558e-10 1.93629e-10 1.93712e-10 
0.71 0.000202318 0.000229959 0.000252423 0.000270324 0.000284294 0.000294941 0.000302823 0.000308407 0.000312033 0.000313874 
0.71 0.00054776 0.000472769 0.000400363 0.000332569 0.000271118 0.000217387 0.000172427 0.000137082 0.000112195 9.88901e-05 
0.71 0.000544002 0.000468645 0.000396057 0.00032822 0.000266822 0.0002132 0.000168373 0.000133157 0.000108374 9.5129e-05 
0.71 4.14323e-06 4.70161e-06 5.15478e-06 5.51532e-06 5.79616e-06 6.00979e-06 6.16761e-06 6.27918e-06 6.35152e-06 6.3882e-06 
0.71 0.000902459 0.000728459 0.000566765 0.000421128 0.000294617 0.000189448 0.000106945 4.76553e-05 1.15795e-05 7.59099e-15 
0.71 0.000960452 0.00102357 0.00108012 0.0011298 0.00117249 0.00120818 0.00123699 0.00125899 0.00127416 0.00128218 
0.71 2.34126e-05 9.14513e-07 5.60902e-15 5.60902e-15 5.60902e-15 5.60902e-15 5.60902e-15 5.60902e-15 5.60902e-15 7.59102e-16 
0.71 2.2266e-10 2.0877e-10 2.00699e-10 1.96028e-10 1.93438e-10 1.92131e-10 1.91592e-10 1.91468e-10 1.91525e-10 1.91599e-10 
0.72 0.000204368 0.000232349 0.000255141 0.00027335 0.000287599 0.000298491 0.000306578 0.000312323 0.000316063 0.000317964 
0.72 0.000550814 0.000476245 0.000404142 0.000336515 0.000275095 0.000221277 0.000176148 0.000140599 0.000115528 0.00010211 
0.72 0.000546942 0.000471989 0.000399688 0.000332004 0.000270625 0.000216907 0.000171904 0.00013648 0.00011151 9.81506e-05 
0.72 4.18498e-06 4.75029e-06 5.21015e-06 5.57696e-06 5.86348e-06 6.08208e-06 6.24406e-06 6.3589e-06 6.43354e-06 6.47145e-06 
0.72 0.000906576 0.00073308 0.000571647 0.000425991 0.000299174 0.000193438 0.00011016 4.99599e-05 1.28992e-05 7.59099e-15 
0.72 0.000961186 0.00102446 0.00108122 0.00113114 0.00117411 0.00121009 0.00123919 0.00126145 0.00127683 0.00128496 
0.72 2.34138e-05 9.15412e-07 5.60902e-15 5.60902e-15 5.60902e-15 5.60902e-15 5.60902e-15 5.60902e-15 5.60902e-15 7.59102e-16 
0.72 2.20595e-10 2.06803e-10 1.98761e-10 1.94087e-10 1.91479e-10 1.90146e-10 1.89582e-10 1.89438e-10 1.89478e-10 1.89544e-10 
0.73 0.000206404 0.000234723 0.000257842 0.000276358 0.000290886 0.000302023 0.000310316 0.000316223 0.000320077 0.00032204 
0.73 0.000553831 0.000479681 0.000407883 0.000340428 0.000279048 0.000225154 0.000179868 0.000144128 0.000118882 0.000105356 
0.73 0.000549846 0.000475294 0.000403281 0.000335755 0.000274404 0.000220602 0.000175435 0.000139815 0.000114667 0.000101198 
0.73 4.22645e-06 4.79865e-06 5.26517e-06 5.63823e-06 5.93043e-06 6.15401e-06 6.32016e-06 6.43829e-06 6.51525e-06 6.5544e-06 
0.73 0.000910631 0.000737634 0.000576464 0.000430798 0.000303692 0.000197408 0.000113377 5.22826e-05 1.42387e-05 7.59099e-15 
0.73 0.000961922 0.00102536 0.00108231 0.00113248 0.00117572 0.00121199 0.00124137 0.00126389 0.00127947 0.00128771 
0.73 2.34149e-05 9.1624e-07 5.60902e-15 5.60902e-15 5.60902e-15 5.60902e-15 5.60902e-15 5.60902e-15 5.60902e-15 7.59102e-16 
0.73 2.18586e-10 2.04889e-10 1.96879e-10 1.92202e-10 1.89575e-10 1.88217e-10 1.87628e-10 1.87464e-10 1.87489e-10 1.87547e-10 
0.74 0.000208426 0.000237082 0.000260526 0.000279349 0.000294156 0.000305538 0.000314037 0.000320107 0.000324075 0.0003261 
0.74 0.000556812 0.000483078 0.000411586 0.000344308 0.000282976 0.000229018 0.000183587 0.000147667 0.000122255 0.000108627 
0.74 0.000552715 0.000478561 0.000406837 0.000339474 0.00027816 0.000224284 0.000178966 0.00014316 0.000117844 0.000104271 
0.74 4.26764e-06 4.84669e-06 5.31985e-06 5.69914e-06 5.99702e-06 6.22558e-06 6.39592e-06 6.51736e-06 6.59665e-06 6.63705e-06 
0.74 0.000914625 0.000742122 0.000581217 0.00043555 0.00030817 0.000201359 0.000116594 5.46201e-05 1.5595e-05 7.59099e-15 
0.74 0.000962661 0.00102626 0.00108341 0.00113381 0.00117732 0.00121388 0.00124354 0.00126631 0.00128209 0.00129044 
0.74 2.34159e-05 9.17001e-07 5.60902e-15 5.60902e-15 5.60902e-15 5.60902e-15 5.60902e-15 5.60902e-15 5.60902e-15 7.59102e-16 
0.74 2.16631e-10 2.03029e-10 1.95047e-10 1.90369e-10 1.87723e-10 1.86342e-10 1.85728e-10 1.85543e-10 1.85554e-10 1.85603e-10 
0.75 0.000210435 0.000239424 0.000263194 0.000282322 0.000297407 0.000309035 0.000317741 0.000323975 0.000328059 0.000330146 
0.75 0.000559758 0.000486438 0.000415252 0.000348156 0.00028688 0.000232868 0.000187304 0.000151215 0.000125646 0.000111921 
0.75 0.000555549 0.000481791 0.000410357 0.000343162 0.000281892 0.000227953 0.000182495 0.000146515 0.000121039 0.000107368 
0.75 4.30856e-06 4.89442e-06 5.37418e-06 5.7597e-06 6.06324e-06 6.29679e-06 6.47134e-06 6.5961e-06 6.67774e-06 6.7194e-06 
0.75 0.000918559 0.000746546 0.000585907 0.000440249 0.000312608 0.000205289 0.00011981 5.69696e-05 1.69653e-05 7.59099e-15 
0.75 0.000963402 0.00102716 0.00108451 0.00113514 0.00117891 0.00121576 0.00124569 0.00126871 0.00128468 0.00129314 
0.75 2.34168e-05 9.17699e-07 5.60902e-15 5.60902e-15 5.60902e-15 5.60902e-15 5.60902e-15 5.60902e-15 5.60902e-15 7.59102e-16 
0.75 2.14729e-10 2.01219e-10 1.93266e-10 1.88584e-10 1.85922e-10 1.84518e-10 1.83881e-10 1.83676e-10 1.83672e-10 1.83713e-10 
0.76 0.00021243 0.000241752 0.000265845 0.000285278 0.000300641 0.000312515 0.000321428 0.000327826 0.000332027 0.000334177 
0.76 0.000562669 0.00048976 0.000418881 0.000351972 0.00029076 0.000236704 0.000191019 0.000154771 0.000129055 0.000115237 
0.76 0.00055835 0.000484985 0.000413842 0.000346819 0.000285601 0.000231609 0.000186022 0.000149879 0.000124252 0.000110487 
0.76 4.3492e-06 4.94184e-06 5.42818e-06 5.8199e-06 6.1291e-06 6.36765e-06 6.54641e-06 6.67451e-06 6.75851e-06 6.80144e-06 
0.76 0.000922435 0.000750907 0.000590536 0.000444894 0.000317007 0.000209197 0.000123022 5.93285e-05 1.83472e-05 7.59099e-15 
0.76 0.000964145 0.00102806 0.0010856 0.00113647 0.0011805 0.00121762 0.00124783 0.00127109 0.00128725 0.00129581 
0.76 2.34176e-05 9.18337e-07 5.60902e-15 5.60902e-15 5.60902e-15 5.60902e-15 5.60902e-15 5.60902e-15 5.60902e-15 7.59102e-16 
0.76 2.12875e-10 1.99456e-10 1.91533e-10 1.86849e-10 1.84169e-10 1.82743e-10 1.82083e-10 1.81858e-10 1.81839e-10 1.81872e-10 
0.77 0.000214412 0.000244065 0.00026848 0.000288216 0.000303858 0.000315977 0.000325098 0.000331661 0.00033598 0.000338193 
0.77 0.000565547 0.000493046 0.000422475 0.000355756 0.000294616 0.000240526 0.000194731 0.000158335 0.000132479 0.000118574 
0.77 0.000561118 0.000488144 0.000417292 0.000350446 0.000289287 0.000235252 0.000189547 0.000153251 0.000127481 0.000113627 
0.77 4.38958e-06 4.98895e-06 5.48184e-06 5.87974e-06 6.19461e-06 6.43815e-06 6.62114e-06 6.75259e-06 6.83897e-06 6.88318e-06 
0.77 0.000926255 0.000755207 0.000595105 0.000449487 0.000321368 0.000213083 0.000126229 6.16943e-05 1.97385e-05 4.80176e-09 
0.77 0.000964889 0.00102896 0.00108669 0.00113779 0.00118208 0.00121947 0.00124995 0.00127345 0.00128979 0.00129846 
0.77 2.34184e-05 9.18917e-07 5.60902e-15 5.60902e-15 5.60902e-15 5.60902e-15 5.60902e-15 5.60902e-15 5.60902e-15 5.60902e-15 
0.77 2.11071e-10 1.97739e-10 1.89844e-10 1.8516e-10 1.82464e-10 1.81016e-10 1.80334e-10 1.80089e-10 1.80056e-10 1.8008e-10 
0.78 0.000216381 0.000246363 0.000271097 0.000291136 0.000307056 0.000319422 0.000328751 0.00033548 0.000339917 0.000342193 
0.78 0.000568392 0.000496296 0.000426033 0.000359509 0.000298448 0.000244334 0.000198439 0.000161906 0.000135918 0.000121931 
0.78 0.000563854 0.000491268 0.000420708 0.000354043 0.000292951 0.000238881 0.000193069 0.000156631 0.000130726 0.000116788 
0.78 4.42969e-06 5.03576e-06 5.53517e-06 5.93924e-06 6.25976e-06 6.5083e-06 6.69552e-06 6.83034e-06 6.91911e-06 6.96461e-06 
0.78 0.000930019 0.000759447 0.000599616 0.000454029 0.00032569 0.000216947 0.000129429 6.4065e-05 2.1138e-05 2.79535e-07 
0.78 0.000965636 0.00102986 0.00108779 0.00113911 0.00118365 0.00122131 0.00125205 0.00127579 0.00129231 0.00130109 
0.78 2.34191e-05 9.19455e-07 5.60902e-15 5.60902e-15 5.60902e-15 5.60902e-15 5.60902e-15 5.60902e-15 5.60902e-15 5.60902e-15 
0.78 2.09312e-10 1.96067e-10 1.882e-10 1.83514e-10 1.80803e-10 1.79334e-10 1.7863e-10 1.78366e-10 1.78317e-10 1.78334e-10 
0.79 0.000218338 0.000248646 0.000273699 0.00029404 0.000310238 0.00032285 0.000332388 0.000339283 0.000343838 0.000346178 
0.79 0.000571205 0.000499512 0.000429557 0.000363232 0.000302256 0.000248128 0.000202143 0.000165482 0.000139372 0.000125307 
0.79 0.000566559 0.000494358 0.000424091 0.00035761 0.000296592 0.000242497 0.000196588 0.000160017 0.000133985 0.000119968 
0.79 4.46954e-06 5.08227e-06 5.58817e-06 5.99839e-06 6.32455e-06 6.5781e-06 6.76956e-06 6.90776e-06 6.99894e-06 7.04573e-06 
0.79 0.000933729 0.000763628 0.000604069 0.00045852 0.000329973 0.000220787 0.000132622 6.64431e-05 2.25756e-05 7.79347e-07 
0.79 0.000966382 0.00103076 0.00108888 0.00114043 0.00118522 0.00122314 0.00125414 0.00127811 0.00129481 0.00130369 
0.79 2.34198e-05 9.19947e-07 5.60902e-15 5.60902e-15 5.60902e-15 5.60902e-15 5.60902e-15 5.60902e-15 5.60902e-15 5.60902e-15 
0.79 2.07597e-10 1.94436e-10 1.86598e-10 1.81912e-10 1.79186e-10 1.77695e-10 1.7697e-10 1.76687e-10 1.76625e-10 1.76634e-10 
0.80 0.000220281 0.000250915 0.000276285 0.000296928 0.000313402 0.00032626 0.000336008 0.00034307 0.000347744 0.000350148 
0.80 0.000573987 0.000502693 0.000433047 0.000366925 0.000306041 0.000251907 0.000205843 0.000169064 0.000142838 0.0001287 
0.80 0.000569234 0.000497415 0.000427441 0.000361148 0.00030021 0.0002461 0.000200103 0.000163409 0.000137258 0.000123166 
0.80 4.50913e-06 5.12848e-06 5.64084e-06 6.05719e-06 6.38899e-06 6.64755e-06 6.84326e-06 6.98485e-06 7.07844e-06 7.12654e-06 
0.80 0.000937386 0.000767752 0.000608466 0.000462961 0.000334217 0.000224604 0.000135807 6.88328e-05 2.40684e-05 1.47134e-06 
0.80 0.00096713 0.00103166 0.00108997 0.00114174 0.00118678 0.00122496 0.00125621 0.00128041 0.00129729 0.00130627 
0.80 2.34204e-05 9.20406e-07 5.60902e-15 5.60902e-15 5.60902e-15 5.60902e-15 5.60902e-15 5.60902e-15 5.60902e-15 5.60902e-15 
0.80 2.05925e-10 1.92847e-10 1.85036e-10 1.80351e-10 1.7761e-10 1.76099e-10 1.75353e-10 1.75052e-10 1.74975e-10 1.74977e-10 
0.81 0.000222212 0.000253169 0.000278856 0.000299798 0.000316549 0.000329653 0.000339611 0.00034684 0.000351634 0.000354102 
0.81 0.000576738 0.000505841 0.000436504 0.000370588 0.000309803 0.000255672 0.000209538 0.00017265 0.000146317 0.00013211 
0.81 0.000571879 0.00050044 0.000430759 0.000364657 0.000303806 0.000249689 0.000203614 0.000166806 0.000140544 0.00012638 
0.81 4.54846e-06 5.17439e-06 5.69319e-06 6.11565e-06 6.45308e-06 6.71665e-06 6.91662e-06 7.06161e-06 7.15763e-06 7.20703e-06 
0.81 0.000940991 0.000771819 0.000612807 0.000467353 0.000338423 0.000228397 0.000138985 7.12382e-05 2.56253e-05 2.33074e-06 
0.81 0.000967878 0.00103257 0.00109106 0.00114305 0.00118833 0.00122677 0.00125827 0.00128269 0.00129974 0.00130882 
0.81 2.34209e-05 9.20827e-07 5.60902e-15 5.60902e-15 5.60902e-15 5.60902e-15 5.60902e-15 5.60902e-15 5.60902e-15 5.60902e-15 
0.81 2.04293e-10 1.91296e-10 1.83514e-10 1.78828e-10 1.76074e-10 1.74544e-10 1.73776e-10 1.73457e-10 1.73367e-10 1.73361e-10 
0.82 0.000224131 0.000255409 0.00028141 0.000302652 0.000319679 0.000333029 0.000343197 0.000350594 0.000355508 0.000358041 
0.82 0.000579459 0.000508956 0.000439929 0.000374222 0.000313542 0.000259422 0.000213227 0.00017624 0.000149807 0.000135535 
0.82 0.000574495 0.000503433 0.000434046 0.000368138 0.00030738 0.000253264 0.000207121 0.000170207 0.000143841 0.000129611 
0.82 4.58753e-06 5.22001e-06 5.74522e-06 6.17377e-06 6.51683e-06 6.7854e-06 6.98964e-06 7.13804e-06 7.23649e-06 7.28721e-06 
0.82 0.000944546 0.000775832 0.000617093 0.000471696 0.000342592 0.000232166 0.000142157 7.3663e-05 2.72506e-05 3.33837e-06 
0.82 0.000968628 0.00103347 0.00109215 0.00114436 0.00118987 0.00122856 0.00126031 0.00128495 0.00130217 0.00131135 
0.82 2.34214e-05 9.21206e-07 5.60902e-15 5.60902e-15 5.60902e-15 5.60902e-15 5.60902e-15 5.60902e-15 5.60902e-15 5.60902e-15 
0.82 2.02701e-10 1.89785e-10 1.8203e-10 1.77344e-10 1.74577e-10 1.73028e-10 1.7224e-10 1.71902e-10 1.71798e-10 1.71785e-10 
0.83 0.000226036 0.000257635 0.000283949 0.00030549 0.000322792 0.000336388 0.000346766 0.000354332 0.000359366 0.000361964 
0.83 0.000582151 0.000512039 0.000443322 0.000377827 0.000317258 0.000263157 0.000216911 0.000179833 0.000153307 0.000138975 
0.83 0.000577082 0.000506395 0.000437302 0.000371592 0.000310932 0.000256825 0.000210623 0.000173612 0.000147149 0.000132857 
0.83 4.62635e-06 5.26535e-06 5.79694e-06 6.23156e-06 6.58023e-06 6.8538e-06 7.06232e-06 7.21413e-06 7.31503e-06 7.36707e-06 
0.83 0.000948051 0.00077979 0.000621326 0.000475991 0.000346723 0.000235912 0.000145324 7.61101e-05 2.89455e-05 4.47903e-06 
0.83 0.000969378 0.00103437 0.00109324 0.00114566 0.00119141 0.00123034 0.00126234 0.00128719 0.00130458 0.00131386 
0.83 2.34219e-05 9.21554e-07 5.60902e-15 5.60902e-15 5.60902e-15 5.60902e-15 5.60902e-15 5.60902e-15 5.60902e-15 5.60902e-15 
0.83 2.01147e-10 1.8831e-10 1.80582e-10 1.75897e-10 1.73116e-10 1.71548e-10 1.70741e-10 1.70386e-10 1.70268e-10 1.70248e-10 
0.84 0.00022793 0.000259847 0.000286473 0.00030831 0.000325888 0.00033973 0.000350318 0.000358053 0.000363208 0.000365872 
0.84 0.000584814 0.000515091 0.000446684 0.000381404 0.000320952 0.000266877 0.000220588 0.000183429 0.000156816 0.000142428 
0.84 0.000579641 0.000509326 0.000440527 0.000375018 0.000314463 0.000260372 0.000214119 0.00017702 0.000150467 0.000136116 
0.84 4.66493e-06 5.3104e-06 5.84834e-06 6.28902e-06 6.64328e-06 6.92186e-06 7.13465e-06 7.28989e-06 7.39325e-06 7.44661e-06 
0.84 0.000951508 0.000783696 0.000625507 0.000480239 0.000350817 0.000239635 0.000148487 7.85817e-05 3.07096e-05 5.74036e-06 
0.84 0.000970128 0.00103528 0.00109433 0.00114696 0.00119294 0.00123212 0.00126435 0.00128942 0.00130697 0.00131634 
0.84 2.34223e-05 9.21879e-07 5.60902e-15 5.60902e-15 5.60902e-15 5.60902e-15 5.60902e-15 5.60902e-15 5.60902e-15 5.60902e-15 
0.84 1.9963e-10 1.86869e-10 1.79169e-10 1.74485e-10 1.71692e-10 1.70105e-10 1.69279e-10 1.68906e-10 1.68776e-10 1.68749e-10 
0.85 0.000229812 0.000262045 0.000288982 0.000311115 0.000328968 0.000343055 0.000353854 0.000361758 0.000367034 0.000369763 
0.85 0.000587449 0.000518112 0.000450015 0.000384953 0.000324623 0.000270582 0.000224259 0.000187026 0.000160334 0.000145894 
0.85 0.000582173 0.000512227 0.000443722 0.000378417 0.000317972 0.000263904 0.000217609 0.000180431 0.000153794 0.000139389 
0.85 4.70326e-06 5.35517e-06 5.89943e-06 6.34615e-06 6.70599e-06 6.98957e-06 7.20664e-06 7.36532e-06 7.47114e-06 7.52583e-06 
0.85 0.000954917 0.00078755 0.000629636 0.000484441 0.000354874 0.000243335 0.000151647 8.10792e-05 3.25415e-05 7.11211e-06 
0.85 0.000970879 0.00103618 0.00109541 0.00114825 0.00119446 0.00123388 0.00126635 0.00129163 0.00130934 0.0013188 
0.85 2.34227e-05 9.22173e-07 5.60902e-15 5.60902e-15 5.60902e-15 5.60902e-15 5.60902e-15 5.60902e-15 5.60902e-15 5.60902e-15 
0.85 1.98149e-10 1.85464e-10 1.7779e-10 1.73108e-10 1.70302e-10 1.68698e-10 1.67853e-10 1.67463e-10 1.67319e-10 1.67285e-10 
0.86 0.000231682 0.00026423 0.000291476 0.000313904 0.00033203 0.000346364 0.000357373 0.000365447 0.000370844 0.000373639 
0.86 0.000590056 0.000521103 0.000453316 0.000388474 0.000328272 0.000274272 0.000227923 0.000190625 0.00016386 0.000149371 
0.86 0.000584678 0.000515099 0.000446888 0.00038179 0.000321459 0.000267422 0.000221093 0.000183843 0.00015713 0.000142674 
0.86 4.74135e-06 5.39966e-06 5.95021e-06 6.40295e-06 6.76837e-06 7.05694e-06 7.27829e-06 7.44042e-06 7.54871e-06 7.60473e-06 
0.86 0.00095828 0.000791353 0.000633715 0.000488597 0.000358895 0.000247014 0.000154805 8.36035e-05 3.4439e-05 8.58562e-06 
0.86 0.000971631 0.00103708 0.00109649 0.00114954 0.00119598 0.00123563 0.00126833 0.00129382 0.00131169 0.00132124 
0.86 2.34231e-05 9.22445e-07 5.60902e-15 5.60902e-15 5.60902e-15 5.60902e-15 5.60902e-15 5.60902e-15 5.60902e-15 5.60902e-15 
0.86 1.96702e-10 1.84091e-10 1.76443e-10 1.71762e-10 1.68945e-10 1.67324e-10 1.6646e-10 1.66054e-10 1.65898e-10 1.65855e-10 
0.87 0.000233541 0.0002664 0.000293954 0.000316677 0.000335077 0.000349655 0.000360876 0.000369119 0.000374638 0.000377499 
0.87 0.000592636 0.000524065 0.000456587 0.000391968 0.000331898 0.000277947 0.00023158 0.000194224 0.000167393 0.000152859 
0.87 0.000587157 0.000517942 0.000450026 0.000385136 0.000324925 0.000270926 0.000224571 0.000187257 0.000160473 0.00014597 
0.87 4.7792e-06 5.44388e-06 6.00069e-06 6.45942e-06 6.83041e-06 7.12397e-06 7.34961e-06 7.51519e-06 7.62595e-06 7.68331e-06 
0.87 0.000961597 0.000795107 0.000637744 0.000492709 0.000362881 0.000250671 0.000157962 8.61549e-05 3.63997e-05 1.01534e-05 
0.87 0.000972382 0.00103798 0.00109757 0.00115082 0.00119749 0.00123737 0.0012703 0.00129599 0.00131402 0.00132366 
0.87 2.34234e-05 9.22701e-07 5.60902e-15 5.60902e-15 5.60902e-15 5.60902e-15 5.60902e-15 5.60902e-15 5.60902e-15 5.60902e-15 
0.87 1.95288e-10 1.82749e-10 1.75127e-10 1.70448e-10 1.67621e-10 1.65982e-10 1.651e-10 1.64678e-10 1.64509e-10 1.6446e-10 
0.88 0.000235387 0.000268558 0.000296417 0.000319434 0.000338106 0.00035293 0.000364361 0.000372775 0.000378416 0.000381343 
0.88 0.00059519 0.000526997 0.000459829 0.000395436 0.000335503 0.000281607 0.000235229 0.000197823 0.000170932 0.000156357 
0.88 0.00058961 0.000520757 0.000453135 0.000388457 0.00032837 0.000274416 0.000228042 0.000190671 0.000163823 0.000149276 
0.88 4.81681e-06 5.48782e-06 6.05087e-06 6.51557e-06 6.89211e-06 7.19066e-06 7.42059e-06 7.58962e-06 7.70286e-06 7.76157e-06 
0.88 0.00096487 0.000798812 0.000641724 0.000496776 0.000366832 0.000254308 0.000161119 8.87336e-05 3.8421e-05 1.1809e-05 
0.88 0.000973133 0.00103888 0.00109865 0.0011521 0.00119899 0.0012391 0.00127225 0.00129814 0.00131633 0.00132606 
0.88 2.34237e-05 9.2293e-07 5.60902e-15 5.60902e-15 5.60902e-15 5.60902e-15 5.60902e-15 5.60902e-15 5.60902e-15 5.60902e-15 
0.88 1.93905e-10 1.81438e-10 1.73842e-10 1.69164e-10 1.66327e-10 1.64672e-10 1.63773e-10 1.63334e-10 1.63153e-10 1.63097e-10 
0.89 0.000237222 0.000270702 0.000298866 0.000322175 0.00034112 0.000356189 0.000367831 0.000376414 0.000382178 0.000385171 
0.89 0.000597718 0.000529901 0.000463042 0.000398877 0.000339086 0.000285251 0.000238871 0.000201422 0.000174476 0.000159864 
0.89 0.000592038 0.000523545 0.000456216 0.000391752 0.000331794 0.000277891 0.000231506 0.000194086 0.000167179 0.000152592 
0.89 4.85418e-06 5.53149e-06 6.10075e-06 6.5714e-06 6.95348e-06 7.25701e-06 7.49123e-06 7.66372e-06 7.77945e-06 7.83951e-06 
0.89 0.000968099 0.000802469 0.000645656 0.0005008 0.000370748 0.000257925 0.000164276 9.13393e-05 4.05003e-05 1.35466e-05 
0.89 0.000973883 0.00103978 0.00109973 0.00115338 0.00120048 0.00124082 0.00127419 0.00130028 0.00131862 0.00132844 
0.89 2.3424e-05 9.2314e-07 5.60902e-15 5.60902e-15 5.60902e-15 5.60902e-15 5.60902e-15 5.60902e-15 5.60902e-15 5.60902e-15 
0.89 1.92554e-10 1.80157e-10 1.72587e-10 1.67911e-10 1.65063e-10 1.63392e-10 1.62475e-10 1.62021e-10 1.61828e-10 1.61766e-10 
0.90 0.000239046 0.000272833 0.000301301 0.000324901 0.000344117 0.00035943 0.000371283 0.000380037 0.000385924 0.000388983 
0.90 0.000600221 0.000532777 0.000466227 0.000402292 0.000342647 0.00028888 0.000242504 0.00020502 0.000178025 0.000163379 
0.90 0.000594441 0.000526306 0.00045927 0.000395022 0.000335198 0.000281352 0.000234962 0.0001975 0.00017054 0.000155917 
0.90 4.89132e-06 5.57489e-06 6.15033e-06 6.62691e-06 7.01452e-06 7.32303e-06 7.56153e-06 7.73749e-06 7.85571e-06 7.91712e-06 
0.90 0.000971286 0.00080608 0.000649542 0.000504781 0.000374631 0.000261522 0.000167434 9.39716e-05 4.2635e-05 1.53611e-05 
0.90 0.000974634 0.00104068 0.0011008 0.00115465 0.00120197 0.00124253 0.00127612 0.0013024 0.00132089 0.00133079 
0.90 2.34243e-05 9.23336e-07 5.60902e-15 5.60902e-15 5.60902e-15 5.60902e-15 5.60902e-15 5.60902e-15 5.60902e-15 5.60902e-15 
0.90 1.91232e-10 1.78905e-10 1.7136e-10 1.66686e-10 1.63827e-10 1.62141e-10 1.61208e-10 1.60738e-10 1.60534e-10 1.60465e-10 
0.91 0.000240858 0.000274951 0.00030372 0.000327611 0.000347098 0.000362656 0.000374719 0.000383644 0.000389654 0.00039278 
0.91 0.000602699 0.000535626 0.000469384 0.000405682 0.000346187 0.000292494 0.000246129 0.000208616 0.000181579 0.000166901 
0.91 0.00059682 0.00052904 0.000462298 0.000398267 0.000338581 0.000284798 0.000238411 0.000200913 0.000173906 0.00015925 
0.91 4.92823e-06 5.61803e-06 6.19962e-06 6.6821e-06 7.07523e-06 7.38871e-06 7.6315e-06 7.81092e-06 7.93164e-06 7.99441e-06 
0.91 0.000974431 0.000809645 0.000653382 0.00050872 0.000378481 0.0002651 0.000170592 9.66298e-05 4.48225e-05 1.72477e-05 
0.91 0.000975384 0.00104158 0.00110187 0.00115592 0.00120345 0.00124423 0.00127803 0.00130451 0.00132314 0.00133313 
0.91 2.34245e-05 9.23522e-07 5.60902e-15 5.60902e-15 5.60902e-15 5.60902e-15 5.60902e-15 5.60902e-15 5.60902e-15 5.60902e-15 
0.91 1.89939e-10 1.7768e-10 1.7016e-10 1.65488e-10 1.62621e-10 1.60919e-10 1.59969e-10 1.59484e-10 1.59268e-10 1.59192e-10 
0.92 0.000242659 0.000277056 0.000306126 0.000330306 0.000350063 0.000365865 0.000378139 0.000387234 0.000393367 0.000396559 
0.92 0.000605152 0.000538448 0.000472514 0.000409046 0.000349706 0.000296092 0.000249745 0.00021221 0.000185136 0.00017043 
0.92 0.000599175 0.000531748 0.000465299 0.000401488 0.000341944 0.000288229 0.000241852 0.000204325 0.000177276 0.00016259 
0.92 4.96491e-06 5.66091e-06 6.24861e-06 6.73698e-06 7.13561e-06 7.45406e-06 7.70113e-06 7.88402e-06 8.00724e-06 8.07137e-06 
0.92 0.000977535 0.000813165 0.000657176 0.000512619 0.000382299 0.00026866 0.000173751 9.93131e-05 4.70603e-05 1.92023e-05 
0.92 0.000976134 0.00104248 0.00110294 0.00115718 0.00120492 0.00124592 0.00127993 0.0013066 0.00132538 0.00133544 
0.92 2.34247e-05 9.23686e-07 5.60902e-15 5.60902e-15 5.60902e-15 5.60902e-15 5.60902e-15 5.60902e-15 5.60902e-15 5.60902e-15 
0.92 1.88674e-10 1.76482e-10 1.68986e-10 1.64318e-10 1.61441e-10 1.59724e-10 1.58758e-10 1.58259e-10 1.58031e-10 1.57949e-10 
0.93 0.000244449 0.000279149 0.000308518 0.000332986 0.000353012 0.000369058 0.000381543 0.000390808 0.000397063 0.000400323 
0.93 0.000607581 0.000541244 0.000475618 0.000412385 0.000353204 0.000299675 0.000253352 0.000215801 0.000188695 0.000173965 
0.93 0.000601507 0.00053443 0.000468274 0.000404685 0.000345287 0.000291646 0.000245284 0.000207735 0.000180649 0.000165936 
0.93 5.00136e-06 5.70352e-06 6.29732e-06 6.79155e-06 7.19567e-06 7.51907e-06 7.77043e-06 7.95679e-06 8.08251e-06 8.148e-06 
0.93 0.000980599 0.000816641 0.000660926 0.000516477 0.000386085 0.000272202 0.000176911 0.000102021 4.93459e-05 2.1221e-05 
0.93 0.000976883 0.00104338 0.00110401 0.00115844 0.00120639 0.0012476 0.00128182 0.00130867 0.0013276 0.00133775 
0.93 2.34249e-05 9.23835e-07 5.60902e-15 5.60902e-15 5.60902e-15 5.60902e-15 5.60902e-15 5.60902e-15 5.60902e-15 5.60902e-15 
0.93 1.87436e-10 1.7531e-10 1.67838e-10 1.63172e-10 1.60286e-10 1.58556e-10 1.57574e-10 1.57061e-10 1.56822e-10 1.56734e-10 
0.94 0.000246228 0.000281229 0.000310896 0.000335651 0.000355946 0.000372234 0.000384929 0.000394366 0.000400744 0.000404071 
0.94 0.000609987 0.000544014 0.000478695 0.0004157 0.000356681 0.000303242 0.00025695 0.000219389 0.000192257 0.000177505 
0.94 0.000603816 0.000537087 0.000471224 0.000407858 0.00034861 0.000295048 0.000248708 0.000211143 0.000184025 0.000169288 
0.94 5.03759e-06 5.74588e-06 6.34574e-06 6.84581e-06 7.2554e-06 7.58375e-06 7.8394e-06 8.02923e-06 8.15746e-06 8.22431e-06 
0.94 0.000983624 0.000820074 0.000664633 0.000520296 0.00038984 0.000275727 0.000180073 0.000104752 5.16771e-05 2.33002e-05 
0.94 0.000977632 0.00104428 0.00110507 0.00115969 0.00120785 0.00124927 0.0012837 0.00131073 0.0013298 0.00134003 
0.94 2.34251e-05 9.23972e-07 5.60902e-15 5.60902e-15 5.60902e-15 5.60902e-15 5.60902e-15 5.60902e-15 5.60902e-15 5.60902e-15 
0.94 1.86225e-10 1.74163e-10 1.66716e-10 1.62053e-10 1.59158e-10 1.57413e-10 1.56416e-10 1.55888e-10 1.55639e-10 1.55545e-10 
0.95 0.000247996 0.000283296 0.00031326 0.0003383 0.000358864 0.000375394 0.0003883 0.000397907 0.000404409 0.000407803 
0.95 0.00061237 0.000546758 0.000481747 0.000418991 0.000360137 0.000306793 0.000260538 0.000222974 0.00019582 0.00018105 
0.95 0.000606103 0.00053972 0.000474148 0.000411008 0.000351913 0.000298435 0.000252123 0.000214548 0.000187403 0.000172645 
0.95 5.0736e-06 5.78798e-06 6.39387e-06 6.89977e-06 7.31481e-06 7.6481e-06 7.90803e-06 8.10134e-06 8.23208e-06 8.30029e-06 
0.95 0.00098661 0.000823464 0.000668297 0.000524076 0.000393565 0.000279235 0.000183236 0.000107505 5.40516e-05 2.54365e-05 
0.95 0.000978381 0.00104517 0.00110613 0.00116094 0.0012093 0.00125093 0.00128556 0.00131277 0.00133198 0.00134229 
0.95 2.34253e-05 9.24101e-07 5.60902e-15 5.60902e-15 5.60902e-15 5.60902e-15 5.60902e-15 5.60902e-15 5.60902e-15 5.60902e-15 
0.95 1.85039e-10 1.7304e-10 1.65616e-10 1.60956e-10 1.58054e-10 1.56296e-10 1.55284e-10 1.54742e-10 1.54482e-10 1.54381e-10 
0.96 0.000249754 0.000285351 0.000315609 0.000340935 0.000361765 0.000378538 0.000391654 0.000401432 0.000408058 0.000411519 
0.96 0.00061473 0.000549478 0.000484773 0.000422258 0.000363573 0.000310329 0.000264117 0.000226555 0.000199384 0.000184598 
0.96 0.000608368 0.000542329 0.000477048 0.000414135 0.000355196 0.000301808 0.000255529 0.000217949 0.000190783 0.000176007 
0.96 5.10939e-06 5.82983e-06 6.44172e-06 6.95342e-06 7.3739e-06 7.71213e-06 7.97633e-06 8.17311e-06 8.30637e-06 8.37594e-06 
0.96 0.000989558 0.000826813 0.00067192 0.000527818 0.000397261 0.000282726 0.000186399 0.00011028 5.64673e-05 2.76269e-05 
0.96 0.000979128 0.00104606 0.00110719 0.00116218 0.00121074 0.00125258 0.00128741 0.0013148 0.00133414 0.00134453 
0.96 2.34254e-05 9.24223e-07 5.60902e-15 5.60902e-15 5.60902e-15 5.60902e-15 5.60902e-15 5.60902e-15 5.60902e-15 5.60902e-15 
0.96 1.83877e-10 1.7194e-10 1.6454e-10 1.59884e-10 1.56973e-10 1.55202e-10 1.54175e-10 1.5362e-10 1.53349e-10 1.53243e-10 
0.97 0.0002515 0.000287394 0.000317945 0.000343555 0.000364652 0.000381666 0.000394992 0.000404941 0.000411691 0.000415219 
0.97 0.000617068 0.000552173 0.000487774 0.000425501 0.000366988 0.00031385 0.000267686 0.000230131 0.000202948 0.00018815 
0.97 0.000610612 0.000544914 0.000479924 0.000417239 0.00035846 0.000305166 0.000258926 0.000221347 0.000194164 0.000179372 
0.97 5.14496e-06 5.87142e-06 6.48929e-06 7.00677e-06 7.43267e-06 7.77583e-06 8.0443e-06 8.24456e-06 8.38032e-06 8.45126e-06 
0.97 0.000992469 0.000830121 0.000675502 0.000531523 0.000400927 0.000286201 0.000189563 0.000113075 5.8922e-05 2.98685e-05 
0.97 0.000979875 0.00104695 0.00110825 0.00116342 0.00121218 0.00125422 0.00128925 0.00131681 0.00133629 0.00134675 
0.97 2.34255e-05 9.24327e-07 5.60902e-15 5.60902e-15 5.60902e-15 5.60902e-15 5.60902e-15 5.60902e-15 5.60902e-15 5.60902e-15 
0.97 1.8274e-10 1.70864e-10 1.63487e-10 1.58833e-10 1.55915e-10 1.54132e-10 1.5309e-10 1.52522e-10 1.5224e-10 1.52128e-10 
0.98 0.000253236 0.000289424 0.000320268 0.00034616 0.000367522 0.000384778 0.000398314 0.000408434 0.000415307 0.000418903 
0.98 0.000619385 0.000554844 0.00049075 0.000428721 0.000370383 0.000317355 0.000271244 0.000233703 0.000206512 0.000191704 
0.98 0.000612835 0.000547476 0.000482776 0.00042032 0.000361704 0.000308509 0.000262314 0.000224741 0.000197545 0.00018274 
0.98 5.18031e-06 5.91277e-06 6.53659e-06 7.05982e-06 7.49113e-06 7.8392e-06 8.11194e-06 8.31567e-06 8.45395e-06 8.52626e-06 
0.98 0.000995344 0.00083339 0.000679043 0.000535191 0.000404565 0.00028966 0.000192728 0.00011589 6.14138e-05 3.21585e-05 
0.98 0.00098062 0.00104784 0.0011093 0.00116466 0.00121361 0.00125586 0.00129108 0.00131881 0.00133842 0.00134895 
0.98 2.34256e-05 9.24417e-07 5.60902e-15 5.60902e-15 5.60902e-15 5.60902e-15 5.60902e-15 5.60902e-15 5.60902e-15 5.60902e-15 
0.98 1.81625e-10 1.69809e-10 1.62456e-10 1.57805e-10 1.5488e-10 1.53084e-10 1.52029e-10 1.51447e-10 1.51155e-10 1.51037e-10 
0.99 0.000254962 0.000291442 0.000322577 0.000348751 0.000370378 0.000387875 0.00040162 0.00041191 0.000418906 0.00042257 
0.99 0.00062168 0.000557491 0.000493702 0.000431918 0.000373758 0.000320844 0.000274792 0.00023727 0.000210075 0.00019526 
0.99 0.000615037 0.000550015 0.000485605 0.000423379 0.000364929 0.000311837 0.000265692 0.00022813 0.000200926 0.000186111 
0.99 5.21545e-06 5.95387e-06 6.58361e-06 7.11257e-06 7.54928e-06 7.90225e-06 8.17925e-06 8.38645e-06 8.52725e-06 8.60093e-06 
0.99 0.000998183 0.000836619 0.000682545 0.000538823 0.000408175 0.000293104 0.000195893 0.000118723 6.39409e-05 3.44944e-05 
0.99 0.000981364 0.00104873 0.00111035 0.00116589 0.00121504 0.00125749 0.00129289 0.00132079 0.00134053 0.00135114 
0.99 2.34257e-05 9.24497e-07 5.60902e-15 5.60902e-15 5.60902e-15 5.60902e-15 5.60902e-15 5.60902e-15 5.60902e-15 5.60902e-15 
0.99 1.80532e-10 1.68776e-10 1.61446e-10 1.56799e-10 1.53867e-10 1.52059e-10 1.5099e-10 1.50395e-10 1.50093e-10 1.49969e-10 
1.00 0.000256677 0.000293449 0.000324873 0.000351326 0.000373217 0.000390955 0.00040491 0.00041537 0.00042249 0.000426221 
1.00 0.000623954 0.000560115 0.000496631 0.000435092 0.000377114 0.000324317 0.000278329 0.000240831 0.000213637 0.000198817 
1.00 0.000617219 0.000552531 0.00048841 0.000426417 0.000368135 0.00031515 0.00026906 0.000231515 0.000204307 0.000189484 
1.00 5.25038e-06 5.99472e-06 6.63036e-06 7.16503e-06 7.60711e-06 7.96497e-06 8.24624e-06 8.4569e-06 8.60022e-06 8.67527e-06 
1.00 0.00100099 0.00083981 0.000686008 0.00054242 0.000411758 0.000296532 0.000199058 0.000121574 6.65014e-05 3.68737e-05 
1.00 0.000982107 0.00104962 0.0011114 0.00116712 0.00121646 0.0012591 0.00129469 0.00132276 0.00134263 0.00135331 
1.00 2.34258e-05 9.2457e-07 5.60902e-15 5.60902e-15 5.60902e-15 5.60902e-15 5.60902e-15 5.60902e-15 5.60902e-15 5.60902e-15 
1.00 1.79461e-10 1.67764e-10 1.60456e-10 1.55813e-10 1.52875e-10 1.51055e-10 1.49971e-10 1.49364e-10 1.49052e-10 1.48923e-10 
1.01 0.000258382 0.000295443 0.000327155 0.000353888 0.000376042 0.00039402 0.000408184 0.000418814 0.000426058 0.000429856 
1.01 0.000626208 0.000562717 0.000499536 0.000438243 0.00038045 0.000327775 0.000281856 0.000244386 0.000217198 0.000202375 
1.01 0.000619381 0.000555025 0.000491193 0.000429433 0.000371322 0.000318449 0.000272418 0.000234894 0.000207687 0.000192858 
1.01 5.28509e-06 6.03533e-06 6.67684e-06 7.2172e-06 7.66463e-06 8.02737e-06 8.3129e-06 8.52703e-06 8.67286e-06 8.74928e-06 
1.01 0.00100376 0.000842964 0.000689434 0.000545983 0.000415314 0.000299945 0.000202223 0.000124441 6.90936e-05 3.92942e-05 
1.01 0.000982849 0.0010505 0.00111244 0.00116834 0.00121787 0.00126071 0.00129648 0.00132471 0.00134471 0.00135546 
1.01 2.34259e-05 9.24637e-07 5.60902e-15 5.60902e-15 5.60902e-15 5.60902e-15 5.60902e-15 5.60902e-15 5.60902e-15 5.60902e-15 
1.01 1.78412e-10 1.66772e-10 1.59487e-10 1.54848e-10 1.51902e-10 1.50071e-10 1.48974e-10 1.48355e-10 1.48034e-10 1.47899e-10 
1.02 0.000260077 0.000297426 0.000329424 0.000356435 0.000378852 0.000397069 0.000411441 0.000422242 0.00042961 0.000433475 
1.02 0.000628441 0.000565296 0.000502418 0.000441373 0.000383766 0.000331217 0.000285372 0.000247935 0.000220756 0.000205933 
1.02 0.000621523 0.000557498 0.000493954 0.000432427 0.000374491 0.000321733 0.000275766 0.000238268 0.000211065 0.000196233 
1.02 5.3196e-06 6.0757e-06 6.72305e-06 7.26907e-06 7.72185e-06 8.08946e-06 8.37923e-06 8.59683e-06 8.74517e-06 8.82296e-06 
1.02 0.0010065 0.000846081 0.000692823 0.000549512 0.000418843 0.000303343 0.000205388 0.000127324 7.17158e-05 4.17538e-05 
1.02 0.00098359 0.00105138 0.00111348 0.00116956 0.00121927 0.0012623 0.00129826 0.00132665 0.00134678 0.00135759 
1.02 2.3426e-05 9.247e-07 5.60902e-15 5.60902e-15 5.60902e-15 5.60902e-15 5.60902e-15 5.60902e-15 5.60902e-15 5.60902e-15 
1.02 1.77383e-10 1.65799e-10 1.58536e-10 1.53901e-10 1.5095e-10 1.49107e-10 1.47998e-10 1.47365e-10 1.47035e-10 1.46895e-10 
1.03 0.000261762 0.000299397 0.00033168 0.000358968 0.000381647 0.000400102 0.000414683 0.000425654 0.000433145 0.000437078 
1.03 0.000630655 0.000567853 0.000505277 0.000444481 0.000387063 0.000334644 0.000288876 0.000251478 0.000224312 0.00020949 
1.03 0.000623646 0.000559949 0.000496693 0.0004354 0.000377641 0.000325002 0.000279104 0.000241636 0.000214441 0.000199608 
1.03 5.3539e-06 6.11584e-06 6.76899e-06 7.32066e-06 7.77876e-06 8.15123e-06 8.44524e-06 8.6663e-06 8.81715e-06 8.89631e-06 
1.03 0.0010092 0.000849162 0.000696175 0.000553008 0.000422346 0.000306726 0.000208552 0.000130221 7.43664e-05 4.42504e-05 
1.03 0.000984329 0.00105226 0.00111452 0.00117077 0.00122067 0.00126389 0.00130003 0.00132858 0.00134883 0.00135971 
1.03 2.34261e-05 9.2476e-07 5.60902e-15 5.60902e-15 5.60902e-15 5.60902e-15 5.60902e-15 5.60902e-15 5.60902e-15 5.60902e-15 
1.03 1.76374e-10 1.64845e-10 1.57604e-10 1.52973e-10 1.50016e-10 1.48163e-10 1.47041e-10 1.46397e-10 1.46057e-10 1.45911e-10 
1.04 0.000263437 0.000301356 0.000333923 0.000361487 0.000384427 0.00040312 0.000417909 0.00042905 0.000436664 0.000440665 
1.04 0.000632849 0.000570389 0.000508114 0.000447567 0.00039034 0.000338055 0.000292369 0.000255014 0.000227864 0.000213046 
1.04 0.00062575 0.000562379 0.00049941 0.000438353 0.000380772 0.000328256 0.000282431 0.000244998 0.000217814 0.000202983 
1.04 5.388e-06 6.15574e-06 6.81467e-06 7.37196e-06 7.83536e-06 8.21268e-06 8.51092e-06 8.73544e-06 8.8888e-06 8.96933e-06 
1.04 0.00101187 0.000852207 0.000699492 0.000556472 0.000425824 0.000310094 0.000211715 0.000133132 7.70439e-05 4.6782e-05 
1.04 0.000985066 0.00105314 0.00111556 0.00117198 0.00122206 0.00126547 0.00130179 0.00133049 0.00135086 0.00136181 
1.04 2.34262e-05 9.24819e-07 5.60902e-15 5.60902e-15 5.60902e-15 5.60902e-15 5.60902e-15 5.60902e-15 5.60902e-15 5.60902e-15 
1.04 1.75384e-10 1.6391e-10 1.56691e-10 1.52064e-10 1.49101e-10 1.47237e-10 1.46103e-10 1.45447e-10 1.45099e-10 1.44947e-10 
1.05 0.000265102 0.000303304 0.000336154 0.000363992 0.000387192 0.000406123 0.000421119 0.00043243 0.000440166 0.000444234 
1.05 0.000635024 0.000572903 0.000510929 0.000450632 0.000393598 0.000341451 0.000295851 0.000258542 0.000231413 0.000216601 
1.05 0.000627835 0.000564789 0.000502105 0.000441285 0.000383885 0.000331495 0.000285747 0.000248354 0.000221184 0.000206357 
1.05 5.4219e-06 6.1954e-06 6.86009e-06 7.42297e-06 7.89166e-06 8.27381e-06 8.57628e-06 8.80425e-06 8.96012e-06 9.04202e-06 
1.05 0.00101451 0.000855217 0.000702773 0.000559904 0.000429277 0.000313448 0.000214877 0.000136056 7.97468e-05 4.93467e-05 
1.05 0.000985802 0.00105402 0.00111659 0.00117318 0.00122345 0.00126704 0.00130353 0.00133239 0.00135288 0.0013639 
1.05 2.34263e-05 9.24876e-07 5.60902e-15 5.60902e-15 5.60902e-15 5.60902e-15 5.60902e-15 5.60902e-15 5.60902e-15 5.60902e-15 
1.05 1.74412e-10 1.62993e-10 1.55796e-10 1.51173e-10 1.48204e-10 1.4633e-10 1.45184e-10 1.44516e-10 1.44159e-10 1.44002e-10 
1.06 0.000266756 0.000305241 0.000338371 0.000366483 0.000389942 0.000409109 0.000424313 0.000435793 0.000443653 0.000447788 
1.06 0.00063718 0.000575396 0.000513722 0.000453676 0.000396838 0.000344831 0.000299322 0.000262063 0.000234958 0.000220154 
1.06 0.000629902 0.000567178 0.000504779 0.000444197 0.00038698 0.000334719 0.000289052 0.000251703 0.000224551 0.00020973 
1.06 5.45559e-06 6.23483e-06 6.90525e-06 7.4737e-06 7.94766e-06 8.33463e-06 8.64131e-06 8.87274e-06 9.03111e-06 9.11439e-06 
1.06 0.00101712 0.000858193 0.00070602 0.000563305 0.000432706 0.000316787 0.000218037 0.000138992 8.24737e-05 5.19428e-05 
1.06 0.000986537 0.00105489 0.00111762 0.00117438 0.00122483 0.0012686 0.00130526 0.00133428 0.00135488 0.00136597 
1.06 2.34264e-05 9.24932e-07 5.60902e-15 5.60902e-15 5.60902e-15 5.60902e-15 5.60902e-15 5.60902e-15 5.60902e-15 5.60902e-15 
1.06 1.7346e-10 1.62093e-10 1.54918e-10 1.50298e-10 1.47324e-10 1.4544e-10 1.44282e-10 1.43604e-10 1.43238e-10 1.43077e-10 
1.07 0.000268401 0.000307165 0.000340576 0.000368961 0.000392677 0.000412081 0.000427491 0.000439141 0.000447124 0.000451326 
1.07 0.000639318 0.000577869 0.000516493 0.000456699 0.000400059 0.000348195 0.000302781 0.000265576 0.000238498 0.000223704 
1.07 0.000631951 0.000569547 0.000507433 0.000447089 0.000390057 0.000337929 0.000292347 0.000255045 0.000227915 0.000213101 
1.07 5.48909e-06 6.27403e-06 6.95015e-06 7.52415e-06 8.00336e-06 8.39514e-06 8.70603e-06 8.9409e-06 9.10178e-06 9.18643e-06 
1.07 0.0010197 0.000861136 0.000709234 0.000566675 0.00043611 0.000320112 0.000221195 0.000141939 8.52232e-05 5.45686e-05 
1.07 0.00098727 0.00105576 0.00111864 0.00117557 0.0012262 0.00127015 0.00130698 0.00133615 0.00135687 0.00136802 
1.07 2.34265e-05 9.24987e-07 5.60902e-15 5.60902e-15 5.60902e-15 5.60902e-15 5.60902e-15 5.60902e-15 5.60902e-15 5.60902e-15 
1.07 1.72525e-10 1.6121e-10 1.54056e-10 1.49441e-10 1.46462e-10 1.44568e-10 1.43398e-10 1.42709e-10 1.42334e-10 1.42168e-10 
1.08 0.000270036 0.000309079 0.000342769 0.000371425 0.000395398 0.000415038 0.000430654 0.000442472 0.000450579 0.000454848 
1.08 0.000641437 0.000580321 0.000519243 0.000459701 0.000403261 0.000351544 0.000306228 0.000269081 0.000242033 0.000227252 
1.08 0.000633982 0.000571897 0.000510066 0.000449961 0.000393116 0.000341124 0.000295631 0.00025838 0.000231275 0.00021647 
1.08 5.52239e-06 6.31301e-06 6.99479e-06 7.57432e-06 8.05877e-06 8.45534e-06 8.77043e-06 9.00874e-06 9.17212e-06 9.25814e-06 
1.08 0.00102225 0.000864047 0.000712415 0.000570015 0.000439491 0.000323423 0.00022435 0.000144896 8.79941e-05 5.72225e-05 
1.08 0.000988001 0.00105663 0.00111966 0.00117676 0.00122756 0.00127169 0.00130869 0.00133801 0.00135884 0.00137006 
1.08 2.34265e-05 9.25041e-07 5.60902e-15 5.60902e-15 5.60902e-15 5.60902e-15 5.60902e-15 5.60902e-15 5.60902e-15 5.60902e-15 
1.08 1.71607e-10 1.60344e-10 1.5321e-10 1.48599e-10 1.45616e-10 1.43712e-10 1.42531e-10 1.41832e-10 1.41449e-10 1.41278e-10 
1.09 0.000271662 0.000310982 0.000344948 0.000373875 0.000398105 0.000417978 0.0004338 0.000445788 0.000454018 0.000458354 
1.09 0.000643538 0.000582753 0.000521972 0.000462683 0.000406445 0.000354877 0.000309663 0.000272578 0.000245563 0.000230796 
1.09 0.000635996 0.000574227 0.00051268 0.000452813 0.000396158 0.000344304 0.000298903 0.000261707 0.00023463 0.000219836 
1.09 5.55549e-06 6.35176e-06 7.03918e-06 7.62421e-06 8.11388e-06 8.51523e-06 8.83451e-06 9.07625e-06 9.24214e-06 9.32952e-06 
1.09 0.00102477 0.000866926 0.000715563 0.000573325 0.000442848 0.000326719 0.000227503 0.000147863 9.0785e-05 5.99029e-05 
1.09 0.00098873 0.00105749 0.00112068 0.00117794 0.00122892 0.00127322 0.00131039 0.00133986 0.0013608 0.00137208 
1.09 2.34266e-05 9.25081e-07 5.60902e-15 5.60902e-15 5.60902e-15 5.60902e-15 5.60902e-15 5.60902e-15 5.60902e-15 5.60902e-15 
1.09 1.70706e-10 1.59493e-10 1.5238e-10 1.47774e-10 1.44786e-10 1.42873e-10 1.41681e-10 1.40971e-10 1.40579e-10 1.40404e-10 
1.10 0.000273278 0.000312874 0.000347116 0.000376312 0.000400796 0.000420904 0.000436931 0.000449088 0.000457441 0.000461844 
1.10 0.000645622 0.000585166 0.000524681 0.000465645 0.00040961 0.000358195 0.000313085 0.000276067 0.000249088 0.000234336 
1.10 0.000637993 0.000576538 0.000515273 0.000455646 0.000399182 0.000347469 0.000302164 0.000265026 0.00023798 0.000223199 
1.10 5.5884e-06 6.39028e-06 7.08332e-06 7.67382e-06 8.16869e-06 8.57481e-06 8.89827e-06 9.14344e-06 9.31183e-06 9.40057e-06 
1.10 0.00102726 0.000869773 0.00071868 0.000576606 0.000446182 0.000330001 0.000230653 0.000150838 9.35949e-05 6.26084e-05 
1.10 0.000989457 0.00105835 0.00112169 0.00117912 0.00123027 0.00127474 0.00131208 0.00134169 0.00136275 0.00137409 
1.10 2.34266e-05 9.25124e-07 5.60902e-15 5.60902e-15 5.60902e-15 5.60902e-15 5.60902e-15 5.60902e-15 5.60902e-15 5.60902e-15 
1.10 1.69821e-10 1.58658e-10 1.51565e-10 1.46964e-10 1.43972e-10 1.4205e-10 1.40847e-10 1.40127e-10 1.39727e-10 1.39547e-10 
1.11 0.000274885 0.000314755 0.000349272 0.000378735 0.000403474 0.000423815 0.000440047 0.000452372 0.000460848 0.000465318 
1.11 0.000647689 0.000587559 0.00052737 0.000468587 0.000412757 0.000361497 0.000316496 0.000279547 0.000252607 0.000237872 
1.11 0.000639973 0.000578831 0.000517847 0.00045846 0.000402189 0.00035062 0.000305414 0.000268337 0.000241325 0.000226558 
1.11 5.62112e-06 6.42858e-06 7.12721e-06 7.72316e-06 8.22321e-06 8.63408e-06 8.96171e-06 9.21031e-06 9.38119e-06 9.4713e-06 
1.11 0.00102972 0.000872589 0.000721765 0.000579859 0.000449494 0.000333269 0.000233799 0.000153822 9.64224e-05 6.53375e-05 
1.11 0.000990181 0.00105921 0.0011227 0.00118029 0.00123161 0.00127626 0.00131376 0.00134351 0.00136468 0.00137608 
1.11 2.34266e-05 9.25156e-07 5.60902e-15 5.60902e-15 5.60902e-15 5.60902e-15 5.60902e-15 5.60902e-15 5.60902e-15 5.60902e-15 
1.11 1.68952e-10 1.57837e-10 1.50765e-10 1.46169e-10 1.43172e-10 1.41241e-10 1.40029e-10 1.39299e-10 1.38891e-10 1.38706e-10 
1.12 0.000276482 0.000316625 0.000351414 0.000381145 0.000406137 0.000426711 0.000443148 0.00045564 0.000464239 0.000468776 
1.12 0.000649738 0.000589933 0.000530039 0.000471509 0.000415886 0.000364784 0.000319894 0.000283018 0.000256119 0.000241404 
1.12 0.000641937 0.000581105 0.000520402 0.000461255 0.000405178 0.000353756 0.000308652 0.00027164 0.000244664 0.000229914 
1.12 5.65364e-06 6.46666e-06 7.17085e-06 7.77223e-06 8.27744e-06 8.69305e-06 9.02484e-06 9.27685e-06 9.45023e-06 9.5417e-06 
1.12 0.00103216 0.000875374 0.00072482 0.000583084 0.000452783 0.000336524 0.000236942 0.000156812 9.92666e-05 6.80889e-05 
1.12 0.000990904 0.00106007 0.00112371 0.00118146 0.00123295 0.00127777 0.00131543 0.00134532 0.0013666 0.00137806 
1.12 2.34267e-05 9.25179e-07 5.60902e-15 5.60902e-15 5.60902e-15 5.60902e-15 5.60902e-15 5.60902e-15 5.60902e-15 5.60902e-15 
1.12 1.68099e-10 1.57032e-10 1.4998e-10 1.45388e-10 1.42387e-10 1.40449e-10 1.39226e-10 1.38485e-10 1.3807e-10 1.37881e-10 
1.13 0.00027807 0.000318485 0.000353545 0.000383542 0.000408786 0.000429592 0.000446232 0.000458892 0.000467613 0.000472218 
1.13 0.000651771 0.000592289 0.000532688 0.000474412 0.000418997 0.000368055 0.00032328 0.000286479 0.000259625 0.000244931 
1.13 0.000643885 0.000583361 0.000522938 0.000464032 0.00040815 0.000356877 0.000311878 0.000274934 0.000247998 0.000233265 
1.13 5.68598e-06 6.50452e-06 7.21424e-06 7.82103e-06 8.33138e-06 8.75171e-06 9.08765e-06 9.34307e-06 9.51894e-06 9.61177e-06 
1.13 0.00103457 0.000878131 0.000727845 0.000586282 0.00045605 0.000339764 0.000240081 0.000159809 0.000102126 7.08612e-05 
1.13 0.000991626 0.00106093 0.00112471 0.00118262 0.00123428 0.00127927 0.00131709 0.00134712 0.0013685 0.00138003 
1.13 2.34267e-05 9.2521e-07 5.60902e-15 5.60902e-15 5.60902e-15 5.60902e-15 5.60902e-15 5.60902e-15 5.60902e-15 5.60902e-15 
1.13 1.6726e-10 1.56242e-10 1.4921e-10 1.44622e-10 1.41618e-10 1.39671e-10 1.38438e-10 1.37688e-10 1.37265e-10 1.37071e-10 
1.14 0.000279649 0.000320333 0.000355664 0.000385925 0.000411421 0.000432458 0.000449302 0.000462129 0.000470972 0.000475643 
1.14 0.000653787 0.000594626 0.000535318 0.000477296 0.00042209 0.000371311 0.000326653 0.000289931 0.000263124 0.000248452 
1.14 0.000645817 0.0005856 0.000525455 0.00046679 0.000411105 0.000359983 0.000315093 0.00027822 0.000251325 0.000236612 
1.14 5.71813e-06 6.54216e-06 7.25739e-06 7.86956e-06 8.38503e-06 8.81007e-06 9.15015e-06 9.40897e-06 9.58733e-06 9.68151e-06 
1.14 0.00103695 0.000880859 0.00073084 0.000589452 0.000459295 0.000342991 0.000243215 0.000162812 0.000105 7.36532e-05 
1.14 0.000992345 0.00106178 0.00112571 0.00118378 0.0012356 0.00128076 0.00131874 0.00134891 0.00137039 0.00138198 
1.14 2.34267e-05 9.25233e-07 5.60902e-15 5.60902e-15 5.60902e-15 5.60902e-15 5.60902e-15 5.60902e-15 5.60902e-15 5.60902e-15 
1.14 1.66437e-10 1.55465e-10 1.48452e-10 1.43869e-10 1.40862e-10 1.38907e-10 1.37664e-10 1.36905e-10 1.36474e-10 1.36276e-10 
1.15 0.000281219 0.000322171 0.000357771 0.000388295 0.000414042 0.00043531 0.000452356 0.00046535 0.000474315 0.000479053 
1.15 0.000655787 0.000596945 0.000537928 0.000480161 0.000425166 0.000374551 0.000330014 0.000293373 0.000266616 0.000251968 
1.15 0.000647733 0.000587821 0.000527954 0.00046953 0.000414043 0.000363075 0.000318296 0.000281497 0.000254646 0.000239954 
1.15 5.75009e-06 6.57959e-06 7.30029e-06 7.91783e-06 8.4384e-06 8.86813e-06 9.21234e-06 9.47456e-06 9.65539e-06 9.75093e-06 
1.15 0.00103931 0.000883557 0.000733807 0.000592596 0.000462519 0.000346204 0.000246345 0.00016582 0.000107888 7.64637e-05 
1.15 0.000993062 0.00106263 0.00112671 0.00118493 0.00123692 0.00128224 0.00132038 0.00135068 0.00137227 0.00138392 
1.15 2.34267e-05 9.25249e-07 5.60902e-15 5.60902e-15 5.60902e-15 5.60902e-15 5.60902e-15 5.60902e-15 5.60902e-15 5.60902e-15 
1.15 1.65627e-10 1.54702e-10 1.47709e-10 1.43131e-10 1.40119e-10 1.38157e-10 1.36905e-10 1.36136e-10 1.35698e-10 1.35496e-10 
1.16 0.00028278 0.000323999 0.000359867 0.000390652 0.000416649 0.000438147 0.000455395 0.000468556 0.000477642 0.000482447 
1.16 0.000657771 0.000599246 0.00054052 0.000483007 0.000428224 0.000377776 0.000333362 0.000296806 0.000270101 0.000255478 
1.16 0.000649634 0.000590025 0.000530434 0.000472252 0.000416965 0.000366152 0.000321487 0.000284765 0.00025796 0.00024329 
1.16 5.78187e-06 6.6168e-06 7.34295e-06 7.96583e-06 8.49148e-06 8.92589e-06 9.27422e-06 9.53983e-06 9.72313e-06 9.82003e-06 
1.16 0.00104164 0.000886228 0.000736745 0.000595714 0.000465722 0.000349403 0.00024947 0.000168833 0.000110788 7.92916e-05 
1.16 0.000993777 0.00106348 0.0011277 0.00118608 0.00123823 0.00128371 0.00132201 0.00135244 0.00137414 0.00138584 
1.16 2.34267e-05 9.25261e-07 5.60902e-15 5.60902e-15 5.60902e-15 5.60902e-15 5.60902e-15 5.60902e-15 5.60902e-15 5.60902e-15 
1.16 1.64832e-10 1.53952e-10 1.46978e-10 1.42404e-10 1.3939e-10 1.3742e-10 1.36159e-10 1.35381e-10 1.34936e-10 1.3473e-10 
1.17 0.000284332 0.000325816 0.000361951 0.000392997 0.000419242 0.000440969 0.000458419 0.000471745 0.000480953 0.000485824 
1.17 0.000659739 0.000601529 0.000543093 0.000485835 0.000431265 0.000380985 0.000336697 0.000300228 0.000273578 0.000258981 
1.17 0.00065152 0.000592211 0.000532897 0.000474956 0.00041987 0.000369215 0.000324666 0.000288023 0.000261267 0.000246621 
1.17 5.81346e-06 6.6538e-06 7.38537e-06 8.01357e-06 8.54428e-06 8.98336e-06 9.33579e-06 9.60478e-06 9.79055e-06 9.8888e-06 
1.17 0.00104395 0.000888872 0.000739656 0.000598806 0.000468904 0.000352588 0.00025259 0.00017185 0.0001137 8.21357e-05 
1.17 0.00099449 0.00106432 0.00112869 0.00118722 0.00123954 0.00128518 0.00132363 0.00135419 0.00137599 0.00138775 
1.17 2.34267e-05 9.2527e-07 5.60902e-15 5.60902e-15 5.60902e-15 5.60902e-15 5.60902e-15 5.60902e-15 5.60902e-15 5.60902e-15 
1.17 1.64049e-10 1.53215e-10 1.4626e-10 1.41692e-10 1.38674e-10 1.36696e-10 1.35426e-10 1.3464e-10 1.34188e-10 1.33978e-10 
1.18 0.000285875 0.000327623 0.000364023 0.000395329 0.000421822 0.000443777 0.000461428 0.00047492 0.000484248 0.000489186 
1.18 0.000661692 0.000603795 0.000545648 0.000488645 0.000434289 0.000384179 0.00034002 0.00030364 0.000277047 0.000262478 
1.18 0.00065339 0.000594381 0.000535342 0.000477642 0.000422758 0.000372263 0.000327833 0.000291272 0.000264567 0.000249946 
1.18 5.84487e-06 6.69059e-06 7.42756e-06 8.06105e-06 8.5968e-06 9.04053e-06 9.39705e-06 9.66941e-06 9.85765e-06 9.95725e-06 
1.18 0.00104623 0.000891489 0.000742539 0.000601873 0.000472065 0.000355759 0.000255705 0.00017487 0.000116623 8.4995e-05 
1.18 0.0009952 0.00106516 0.00112968 0.00118837 0.00124084 0.00128664 0.00132524 0.00135593 0.00137783 0.00138965 
1.18 2.34267e-05 9.25277e-07 5.60902e-15 5.60902e-15 5.60902e-15 5.60902e-15 5.60902e-15 5.60902e-15 5.60902e-15 5.60902e-15 
1.18 1.63281e-10 1.5249e-10 1.45554e-10 1.40991e-10 1.37971e-10 1.35985e-10 1.34707e-10 1.33912e-10 1.33453e-10 1.33239e-10 
1.19 0.000287409 0.00032942 0.000366083 0.000397648 0.000424387 0.00044657 0.000464422 0.000478078 0.000487528 0.000492532 
1.19 0.00066363 0.000606044 0.000548185 0.000491436 0.000437295 0.000387358 0.000343329 0.000307042 0.000280507 0.000265968 
1.19 0.000655246 0.000596534 0.000537769 0.000480311 0.00042563 0.000375297 0.000330987 0.000294511 0.00026786 0.000253264 
1.19 5.8761e-06 6.72717e-06 7.46951e-06 8.10827e-06 8.64904e-06 9.0974e-06 9.458e-06 9.73373e-06 9.92442e-06 1.00254e-05 
1.19 0.00104849 0.000894079 0.000745396 0.000604915 0.000475206 0.000358917 0.000258814 0.000177892 0.000119555 8.78685e-05 
1.19 0.000995908 0.001066 0.00113066 0.0011895 0.00124213 0.00128809 0.00132684 0.00135766 0.00137966 0.00139153 
1.19 2.34267e-05 9.25282e-07 5.60902e-15 5.60902e-15 5.60902e-15 5.60902e-15 5.60902e-15 5.60902e-15 5.60902e-15 5.60902e-15 
1.19 1.62524e-10 1.51778e-10 1.44861e-10 1.40303e-10 1.3728e-10 1.35287e-10 1.34e-10 1.33197e-10 1.32731e-10 1.32513e-10 
1.20 0.000288934 0.000331207 0.000368132 0.000399954 0.000426939 0.000449349 0.000467401 0.000481222 0.000490792 0.000495862 
1.20 0.000665553 0.000608276 0.000550704 0.00049421 0.000440284 0.000390522 0.000346626 0.000310433 0.000283959 0.00026945 
1.20 0.000657087 0.000598671 0.000540179 0.000482963 0.000428486 0.000378316 0.000334129 0.00029774 0.000271145 0.000256576 
1.20 5.90716e-06 6.76354e-06 7.51123e-06 8.15523e-06 8.70101e-06 9.15398e-06 9.51865e-06 9.79773e-06 9.99088e-06 1.00932e-05 
1.20 0.00105072 0.000896644 0.000748226 0.000607933 0.000478327 0.000362061 0.000261917 0.000180917 0.000122496 9.07551e-05 
1.20 0.000996614 0.00106684 0.00113164 0.00119063 0.00124342 0.00128953 0.00132843 0.00135938 0.00138147 0.0013934 
1.20 2.34267e-05 9.25285e-07 5.60902e-15 5.60902e-15 5.60902e-15 5.60902e-15 5.60902e-15 5.60902e-15 5.60902e-15 5.60902e-15 
1.20 1.61781e-10 1.51077e-10 1.4418e-10 1.39626e-10 1.366e-10 1.34601e-10 1.33306e-10 1.32494e-10 1.32022e-10 1.318e-10 
1.21 0.000290451 0.000332983 0.00037017 0.000402248 0.000429478 0.000452113 0.000470364 0.00048435 0.00049404 0.000499176 
1.21 0.000667461 0.000610491 0.000553205 0.000496966 0.000443257 0.000393671 0.000349909 0.000313814 0.000287402 0.000272925 
1.21 0.000658914 0.000600792 0.000542572 0.000485598 0.000431326 0.00038132 0.000337259 0.00030096 0.000274421 0.000259881 
1.21 5.93804e-06 6.79971e-06 7.55271e-06 8.20193e-06 8.7527e-06 9.21027e-06 9.57899e-06 9.86142e-06 1.0057e-05 1.01607e-05 
1.21 0.00105293 0.000899182 0.00075103 0.000610927 0.000481428 0.000365191 0.000265014 0.000183943 0.000125446 9.36539e-05 
1.21 0.000997318 0.00106767 0.00113261 0.00119176 0.0012447 0.00129097 0.00133001 0.00136109 0.00138327 0.00139526 
1.21 2.34267e-05 9.25287e-07 5.60902e-15 5.60902e-15 5.60902e-15 5.60902e-15 5.60902e-15 5.60902e-15 5.60902e-15 5.60902e-15 
1.21 1.6105e-10 1.50389e-10 1.4351e-10 1.38961e-10 1.35933e-10 1.33927e-10 1.32623e-10 1.31804e-10 1.31324e-10 1.31099e-10 
1.22 0.000291958 0.000334748 0.000372195 0.000404529 0.000432003 0.000454863 0.000473313 0.000487463 0.000497273 0.000502474 
1.22 0.000669354 0.00061269 0.000555688 0.000499704 0.000446213 0.000396804 0.00035318 0.000317184 0.000290836 0.000276392 
1.22 0.000660727 0.000602897 0.000544948 0.000488216 0.000434149 0.00038431 0.000340377 0.000304169 0.000277689 0.000263179 
1.22 5.96874e-06 6.83567e-06 7.59397e-06 8.24838e-06 8.80411e-06 9.26626e-06 9.63903e-06 9.9248e-06 1.01228e-05 1.02278e-05 
1.22 0.00105512 0.000901695 0.000753809 0.000613897 0.000484509 0.000368308 0.000268105 0.00018697 0.000128403 9.6564e-05 
1.22 0.000998019 0.0010685 0.00113358 0.00119288 0.00124597 0.0012924 0.00133158 0.00136279 0.00138506 0.0013971 
1.22 2.34267e-05 9.25289e-07 5.60902e-15 5.60902e-15 5.60902e-15 5.60902e-15 5.60902e-15 5.60902e-15 5.60902e-15 5.60902e-15 
1.22 1.60331e-10 1.49712e-10 1.42851e-10 1.38308e-10 1.35276e-10 1.33265e-10 1.31953e-10 1.31125e-10 1.3064e-10 1.30411e-10 
1.23 0.000293457 0.000336505 0.00037421 0.000406798 0.000434515 0.000457599 0.000476247 0.00049056 0.00050049 0.000505757 
1.23 0.000671233 0.000614873 0.000558154 0.000502425 0.000449152 0.000399922 0.000356437 0.000320543 0.000294261 0.000279851 
1.23 0.000662526 0.000604986 0.000547308 0.000490817 0.000436957 0.000387286 0.000343482 0.000307368 0.000280949 0.000266469 
1.23 5.99927e-06 6.87143e-06 7.63499e-06 8.29458e-06 8.85525e-06 9.32197e-06 9.69877e-06 9.98786e-06 1.01883e-05 1.02946e-05 
1.23 0.00105729 0.000904184 0.000756563 0.000616844 0.000487571 0.000371411 0.000271189 0.000189998 0.000131367 9.94845e-05 
1.23 0.000998718 0.00106933 0.00113455 0.00119399 0.00124724 0.00129382 0.00133314 0.00136447 0.00138684 0.00139893 
1.23 2.34267e-05 9.2529e-07 5.60902e-15 5.60902e-15 5.60902e-15 5.60902e-15 5.60902e-15 5.60902e-15 5.60902e-15 5.60902e-15 
1.23 1.59624e-10 1.49046e-10 1.42203e-10 1.37665e-10 1.34631e-10 1.32613e-10 1.31294e-10 1.30459e-10 1.29966e-10 1.29734e-10 
1.24 0.000294948 0.000338251 0.000376214 0.000409055 0.000437013 0.000460321 0.000479166 0.000493642 0.000503691 0.000509024 
1.24 0.000673098 0.00061704 0.000560604 0.000505128 0.000452075 0.000403025 0.000359681 0.00032389 0.000297677 0.000283301 
1.24 0.000664311 0.00060706 0.000549651 0.000493402 0.000439749 0.000390247 0.000346575 0.000310556 0.0002842 0.000269752 
1.24 6.02962e-06 6.90699e-06 7.67579e-06 8.34052e-06 8.90612e-06 9.37739e-06 9.75821e-06 1.00506e-05 1.02535e-05 1.03611e-05 
1.24 0.00105943 0.00090665 0.000759293 0.000619768 0.000490614 0.0003745 0.000274266 0.000193026 0.000134337 0.000102415 
1.24 0.000999415 0.00107016 0.00113551 0.0011951 0.0012485 0.00129523 0.00133469 0.00136614 0.00138861 0.00140075 
1.24 2.34267e-05 9.25291e-07 5.60902e-15 5.60902e-15 5.60902e-15 5.60902e-15 5.60902e-15 5.60902e-15 5.60902e-15 5.60902e-15 
1.24 1.58928e-10 1.48391e-10 1.41565e-10 1.37032e-10 1.33997e-10 1.31973e-10 1.30646e-10 1.29803e-10 1.29305e-10 1.29069e-10 
1.25 0.00029643 0.000339988 0.000378207 0.000411299 0.000439498 0.000463029 0.00048207 0.000496709 0.000506877 0.000512275 
1.25 0.000674949 0.000619191 0.000563037 0.000507815 0.000454981 0.000406113 0.000362912 0.000327226 0.000301083 0.000286743 
1.25 0.000666083 0.000609119 0.000551978 0.00049597 0.000442525 0.000393194 0.000349655 0.000313734 0.000287442 0.000273027 
1.25 6.0598e-06 6.94235e-06 7.71636e-06 8.38622e-06 8.95672e-06 9.43252e-06 9.81735e-06 1.0113e-05 1.03184e-05 1.04273e-05 
1.25 0.00106155 0.000909091 0.000761998 0.000622669 0.000493638 0.000377576 0.000277336 0.000196054 0.000137312 0.000105354 
1.25 0.00100011 0.00107098 0.00113647 0.0011962 0.00124975 0.00129663 0.00133623 0.00136781 0.00139036 0.00140256 
1.25 2.34267e-05 9.25292e-07 5.60902e-15 5.60902e-15 5.60902e-15 5.60902e-15 5.60902e-15 5.60902e-15 5.60902e-15 5.60902e-15 
1.25 1.58243e-10 1.47747e-10 1.40938e-10 1.3641e-10 1.33373e-10 1.31343e-10 1.30008e-10 1.29158e-10 1.28655e-10 1.28415e-10 
1.26 0.000297904 0.000341715 0.000380189 0.000413531 0.00044197 0.000465723 0.00048496 0.000499761 0.000510048 0.000515511 
1.26 0.000676786 0.000621327 0.000565453 0.000510485 0.000457871 0.000409186 0.00036613 0.000330551 0.000304479 0.000290176 
1.26 0.000667841 0.000611163 0.000554289 0.000498522 0.000445285 0.000396127 0.000352723 0.000316901 0.000290675 0.000276294 
1.26 6.08981e-06 6.97751e-06 7.75671e-06 8.43167e-06 9.00705e-06 9.48736e-06 9.87618e-06 1.01752e-05 1.03829e-05 1.04932e-05 
1.26 0.00106365 0.000911509 0.000764679 0.000625548 0.000496643 0.000380638 0.000280399 0.000199081 0.000140292 0.000108301 
1.26 0.0010008 0.0010718 0.00113743 0.0011973 0.001251 0.00129802 0.00133776 0.00136946 0.00139211 0.00140435 
1.26 2.34267e-05 9.25293e-07 5.60902e-15 5.60902e-15 5.60902e-15 5.60902e-15 5.60902e-15 5.60902e-15 5.60902e-15 5.60902e-15 
1.26 1.57569e-10 1.47112e-10 1.40321e-10 1.35798e-10 1.32759e-10 1.30724e-10 1.29382e-10 1.28525e-10 1.28016e-10 1.27773e-10 
1.27 0.00029937 0.000343432 0.000382159 0.000415751 0.000444429 0.000468402 0.000487835 0.000502798 0.000513202 0.00051873 
1.27 0.000678609 0.000623447 0.000567853 0.000513138 0.000460745 0.000412244 0.000369334 0.000333864 0.000307866 0.0002936 
1.27 0.000669587 0.000613192 0.000556585 0.000501058 0.00044803 0.000399045 0.000355778 0.000320058 0.000293899 0.000279552 
1.27 6.11965e-06 7.01247e-06 7.79683e-06 8.47687e-06 9.05711e-06 9.54192e-06 9.93472e-06 1.0237e-05 1.04471e-05 1.05588e-05 
1.27 0.00106573 0.000913904 0.000767337 0.000628405 0.000499629 0.000383686 0.000283454 0.000202107 0.000143276 0.000111255 
1.27 0.00100149 0.00107261 0.00113838 0.0011984 0.00125224 0.00129941 0.00133928 0.0013711 0.00139384 0.00140613 
1.27 2.34267e-05 9.25293e-07 5.60902e-15 5.60902e-15 5.60902e-15 5.60902e-15 5.60902e-15 5.60902e-15 5.60902e-15 5.60902e-15 
1.27 1.56906e-10 1.46488e-10 1.39715e-10 1.35197e-10 1.32156e-10 1.30115e-10 1.28766e-10 1.27902e-10 1.27387e-10 1.27141e-10 
1.28 0.000300828 0.00034514 0.000384119 0.000417959 0.000446875 0.000471068 0.000490696 0.00050582 0.000516342 0.000521935 
1.28 0.000680419 0.000625552 0.000570236 0.000515775 0.000463603 0.000415287 0.000372525 0.000337166 0.000311242 0.000297015 
1.28 0.00067132 0.000615206 0.000558865 0.000503578 0.00045076 0.000401949 0.000358821 0.000323203 0.000297114 0.000282802 
1.28 6.14932e-06 7.04723e-06 7.83673e-06 8.52182e-06 9.10691e-06 9.5962e-06 9.99296e-06 1.02985e-05 1.0511e-05 1.0624e-05 
1.28 0.00106779 0.000916276 0.000769972 0.000631241 0.000502597 0.000386721 0.000286501 0.000205131 0.000146263 0.000114215 
1.28 0.00100218 0.00107342 0.00113933 0.00119949 0.00125348 0.00130079 0.0013408 0.00137273 0.00139556 0.0014079 
1.28 2.34267e-05 9.25293e-07 5.60902e-15 5.60902e-15 5.60902e-15 5.60902e-15 5.60902e-15 5.60902e-15 5.60902e-15 5.60902e-15 
1.28 1.56253e-10 1.45873e-10 1.39118e-10 1.34605e-10 1.31562e-10 1.29516e-10 1.28159e-10 1.27289e-10 1.26768e-10 1.26519e-10 
1.29 0.000302276 0.000346838 0.000386068 0.000420155 0.000449308 0.00047372 0.000493542 0.000508826 0.000519466 0.000525123 
1.29 0.000682216 0.000627642 0.000572604 0.000518395 0.000466445 0.000418316 0.000375703 0.000340456 0.000314608 0.00030042 
1.29 0.00067304 0.000617206 0.000561129 0.000506083 0.000453474 0.000404839 0.000361851 0.000326338 0.000300319 0.000286043 
1.29 6.17882e-06 7.0818e-06 7.87641e-06 8.56653e-06 9.15644e-06 9.6502e-06 1.00509e-05 1.03597e-05 1.05746e-05 1.06889e-05 
1.29 0.00106983 0.000918626 0.000772585 0.000634055 0.000505547 0.000389742 0.000289541 0.000208153 0.000149253 0.000117181 
1.29 0.00100286 0.00107423 0.00114027 0.00120058 0.00125471 0.00130216 0.00134231 0.00137435 0.00139727 0.00140966 
1.29 2.34267e-05 9.25293e-07 5.60902e-15 5.60902e-15 5.60902e-15 5.60902e-15 5.60902e-15 5.60902e-15 5.60902e-15 5.60902e-15 
1.29 1.5561e-10 1.45268e-10 1.3853e-10 1.34023e-10 1.30978e-10 1.28927e-10 1.27564e-10 1.26686e-10 1.2616e-10 1.25908e-10 
1.30 0.000303717 0.000348527 0.000388006 0.000422339 0.000451728 0.000476358 0.000496374 0.000511818 0.000522575 0.000528297 
1.30 0.000684 0.000629717 0.000574956 0.000520999 0.000469271 0.00042133 0.000378867 0.000343734 0.000317963 0.000303815 
1.30 0.000674747 0.000619192 0.000563378 0.000508572 0.000456173 0.000407715 0.000364868 0.000329461 0.000303514 0.000289276 
1.30 6.20816e-06 7.11618e-06 7.91587e-06 8.611e-06 9.20571e-06 9.70391e-06 1.01086e-05 1.04206e-05 1.06379e-05 1.07535e-05 
1.30 0.00107186 0.000920955 0.000775175 0.000636848 0.000508479 0.00039275 0.000292572 0.000211172 0.000152245 0.000120152 
1.30 0.00100354 0.00107504 0.00114121 0.00120166 0.00125593 0.00130353 0.00134381 0.00137596 0.00139897 0.00141141 
1.30 2.34267e-05 9.25293e-07 5.60902e-15 5.60902e-15 5.60902e-15 5.60902e-15 5.60902e-15 5.60902e-15 5.60902e-15 5.60902e-15 
1.30 1.54977e-10 1.44673e-10 1.37952e-10 1.3345e-10 1.30404e-10 1.28347e-10 1.26978e-10 1.26093e-10 1.25562e-10 1.25307e-10 
1.31 0.00030515 0.000350205 0.000389934 0.000424512 0.000454135 0.000478983 0.000499191 0.000514795 0.000525669 0.000531454 
1.31 0.000685771 0.000631778 0.000577292 0.000523587 0.000472082 0.000424329 0.000382018 0.000347 0.000321308 0.000307201 
1.31 0.000676442 0.000621164 0.000565612 0.000511046 0.000458857 0.000410577 0.000367873 0.000332573 0.000306699 0.000292499 
1.31 6.23733e-06 7.15037e-06 7.95512e-06 8.65523e-06 9.25472e-06 9.75735e-06 1.01659e-05 1.04812e-05 1.07009e-05 1.08178e-05 
1.31 0.00107386 0.000923264 0.000777744 0.000639621 0.000511393 0.000395744 0.000295595 0.000214188 0.000155239 0.000123128 
1.31 0.00100422 0.00107584 0.00114215 0.00120273 0.00125715 0.00130489 0.0013453 0.00137757 0.00140066 0.00141314 
1.31 2.34267e-05 9.25293e-07 5.60902e-15 5.60902e-15 5.60902e-15 5.60902e-15 5.60902e-15 5.60902e-15 5.60902e-15 5.60902e-15 
1.31 1.54353e-10 1.44087e-10 1.37382e-10 1.32886e-10 1.29838e-10 1.27777e-10 1.26401e-10 1.2551e-10 1.24974e-10 1.24716e-10 
1.32 0.000306575 0.000351875 0.00039185 0.000426673 0.000456529 0.000481594 0.000501994 0.000517757 0.000528748 0.000534597 
1.32 0.000687529 0.000633825 0.000579612 0.000526159 0.000474877 0.000427313 0.000385155 0.000350254 0.000324642 0.000310577 
1.32 0.000678124 0.000623122 0.000567832 0.000513504 0.000461527 0.000413425 0.000370865 0.000335674 0.000309874 0.000295713 
1.32 6.26634e-06 7.18437e-06 7.99415e-06 8.69922e-06 9.30347e-06 9.81051e-06 1.0223e-05 1.05415e-05 1.07636e-05 1.08818e-05 
1.32 0.00107585 0.000925552 0.000780291 0.000642373 0.000514289 0.000398725 0.00029861 0.000217201 0.000158234 0.000126107 
1.32 0.0010049 0.00107664 0.00114308 0.0012038 0.00125836 0.00130624 0.00134678 0.00137916 0.00140234 0.00141486 
1.32 2.34267e-05 9.25293e-07 5.60902e-15 5.60902e-15 5.60902e-15 5.60902e-15 5.60902e-15 5.60902e-15 5.60902e-15 5.60902e-15 
1.32 1.53739e-10 1.4351e-10 1.36822e-10 1.3233e-10 1.29282e-10 1.27216e-10 1.25834e-10 1.24937e-10 1.24395e-10 1.24133e-10 
1.33 0.000307992 0.000353536 0.000393757 0.000428822 0.000458911 0.000484192 0.000504783 0.000520704 0.000531812 0.000537725 
1.33 0.000689275 0.000635857 0.000581917 0.000528716 0.000477656 0.000430282 0.000388279 0.000353496 0.000327965 0.000313942 
1.33 0.000679794 0.000625066 0.000570037 0.000515948 0.000464182 0.000416259 0.000373844 0.000338764 0.000313039 0.000298917 
1.33 6.29519e-06 7.21818e-06 8.03296e-06 8.74297e-06 9.35196e-06 9.8634e-06 1.02798e-05 1.06015e-05 1.0826e-05 1.09455e-05 
1.33 0.00107782 0.00092782 0.000782818 0.000645105 0.000517168 0.000401692 0.000301616 0.000220211 0.00016123 0.000129089 
1.33 0.00100558 0.00107744 0.00114401 0.00120487 0.00125957 0.00130758 0.00134825 0.00138074 0.001404 0.00141657 
1.33 2.34267e-05 9.25293e-07 5.60902e-15 5.60902e-15 5.60902e-15 5.60902e-15 5.60902e-15 5.60902e-15 5.60902e-15 5.60902e-15 
1.33 1.53135e-10 1.42942e-10 1.3627e-10 1.31784e-10 1.28734e-10 1.26663e-10 1.25275e-10 1.24372e-10 1.23826e-10 1.2356e-10 
1.34 0.000309401 0.000355187 0.000395653 0.000430959 0.00046128 0.000486775 0.000507558 0.000523636 0.00053486 0.000540836 
1.34 0.000691008 0.000637875 0.000584207 0.000531257 0.00048042 0.000433237 0.00039139 0.000356726 0.000331277 0.000317297 
1.34 0.000681453 0.000626997 0.000572227 0.000518377 0.000466822 0.000419079 0.00037681 0.000341842 0.000316194 0.000302112 
1.34 6.32388e-06 7.2518e-06 8.07156e-06 8.78649e-06 9.40019e-06 9.91601e-06 1.03363e-05 1.06612e-05 1.08881e-05 1.10089e-05 
1.34 0.00107977 0.000930068 0.000785324 0.000647818 0.000520029 0.000404646 0.000304613 0.000223217 0.000164226 0.000132074 
1.34 0.00100625 0.00107823 0.00114493 0.00120593 0.00126077 0.00130892 0.00134971 0.00138231 0.00140565 0.00141827 
1.34 2.34267e-05 9.25293e-07 5.60902e-15 5.60902e-15 5.60902e-15 5.60902e-15 5.60902e-15 5.60902e-15 5.60902e-15 5.60902e-15 
1.34 1.5254e-10 1.42383e-10 1.35727e-10 1.31246e-10 1.28195e-10 1.2612e-10 1.24726e-10 1.23816e-10 1.23265e-10 1.22997e-10 
1.35 0.000310802 0.000356828 0.000397539 0.000433085 0.000463636 0.000489346 0.000510318 0.000526554 0.000537893 0.000543933 
1.35 0.000692729 0.000639879 0.000586482 0.000533782 0.000483169 0.000436177 0.000394487 0.000359943 0.000334578 0.000320642 
1.35 0.0006831 0.000628914 0.000574403 0.000520791 0.000469447 0.000421885 0.000379763 0.000344908 0.000319338 0.000305297 
1.35 6.35241e-06 7.28523e-06 8.10995e-06 8.82977e-06 9.44817e-06 9.96835e-06 1.03925e-05 1.07206e-05 1.09499e-05 1.10719e-05 
1.35 0.0010817 0.000932296 0.00078781 0.000650511 0.000522873 0.000407587 0.000307601 0.000226218 0.000167222 0.000135061 
1.35 0.00100692 0.00107903 0.00114585 0.00120698 0.00126196 0.00131025 0.00135116 0.00138387 0.00140729 0.00141996 
1.35 2.34267e-05 9.25293e-07 5.60902e-15 5.60902e-15 5.60902e-15 5.60902e-15 5.60902e-15 5.60902e-15 5.60902e-15 5.60902e-15 
1.35 1.51954e-10 1.41832e-10 1.35191e-10 1.30716e-10 1.27664e-10 1.25585e-10 1.24184e-10 1.23269e-10 1.22713e-10 1.22442e-10 
1.36 0.000312196 0.000358461 0.000399413 0.000435199 0.00046598 0.000491903 0.000513065 0.000529457 0.000540911 0.000547015 
1.36 0.000694438 0.00064187 0.000588742 0.000536292 0.000485903 0.000439103 0.00039757 0.000363148 0.000337867 0.000323976 
1.36 0.000684735 0.000630819 0.000576564 0.00052319 0.000472058 0.000424677 0.000382704 0.000347963 0.000322471 0.000308472 
1.36 6.38078e-06 7.31848e-06 8.14813e-06 8.87282e-06 9.49589e-06 1.00204e-05 1.04484e-05 1.07797e-05 1.10113e-05 1.11347e-05 
1.36 0.00108361 0.000934505 0.000790276 0.000653185 0.000525701 0.000410514 0.000310581 0.000229215 0.000170217 0.00013805 
1.36 0.00100759 0.00107982 0.00114677 0.00120803 0.00126315 0.00131157 0.00135261 0.00138542 0.00140892 0.00142164 
1.36 2.34267e-05 9.25293e-07 5.60902e-15 5.60902e-15 5.60902e-15 5.60902e-15 5.60902e-15 5.60902e-15 5.60902e-15 5.60902e-15 
1.36 1.51376e-10 1.41289e-10 1.34664e-10 1.30194e-10 1.27141e-10 1.25058e-10 1.23651e-10 1.2273e-10 1.22169e-10 1.21896e-10 
1.37 0.000313581 0.000360085 0.000401278 0.000437302 0.000468312 0.000494447 0.000515797 0.000532346 0.000543915 0.000550082 
1.37 0.000696135 0.000643847 0.000590988 0.000538787 0.000488621 0.000442014 0.00040064 0.000366341 0.000341145 0.000327299 
1.37 0.000686359 0.00063271 0.000578712 0.000525574 0.000474654 0.000427455 0.000385632 0.000351006 0.000325594 0.000311637 
1.37 6.40899e-06 7.35154e-06 8.1861e-06 8.91564e-06 9.54336e-06 1.00722e-05 1.0504e-05 1.08385e-05 1.10725e-05 1.11971e-05 
1.37 0.00108551 0.000936694 0.000792722 0.00065584 0.000528512 0.000413428 0.000313551 0.000232207 0.000173211 0.00014104 
1.37 0.00100826 0.0010806 0.00114768 0.00120908 0.00126433 0.00131288 0.00135405 0.00138697 0.00141054 0.00142331 
1.37 2.34267e-05 9.25293e-07 5.60902e-15 5.60902e-15 5.60902e-15 5.60902e-15 5.60902e-15 5.60902e-15 5.60902e-15 5.60902e-15 
1.37 1.50807e-10 1.40754e-10 1.34145e-10 1.2968e-10 1.26627e-10 1.24539e-10 1.23127e-10 1.222e-10 1.21634e-10 1.21359e-10 
1.38 0.000314959 0.0003617 0.000403133 0.000439394 0.00047063 0.000496978 0.000518516 0.00053522 0.000546903 0.000553133 
1.38 0.00069782 0.000645811 0.000593219 0.000541267 0.000491324 0.000444911 0.000403696 0.000369521 0.000344411 0.000330611 
1.38 0.000687971 0.000634589 0.000580845 0.000527944 0.000477236 0.00043022 0.000388547 0.000354037 0.000328706 0.000314792 
1.38 6.43704e-06 7.38442e-06 8.22387e-06 8.95822e-06 9.59058e-06 1.01237e-05 1.05593e-05 1.08971e-05 1.11333e-05 1.12592e-05 
1.38 0.00108739 0.000938865 0.000795148 0.000658476 0.000531306 0.000416328 0.000316512 0.000235194 0.000176203 0.00014403 
1.38 0.00100892 0.00108138 0.00114859 0.00121012 0.00126551 0.00131419 0.00135548 0.00138851 0.00141216 0.00142497 
1.38 2.34267e-05 9.25293e-07 5.60902e-15 5.60902e-15 5.60902e-15 5.60902e-15 5.60902e-15 5.60902e-15 5.60902e-15 5.60902e-15 
1.38 1.50246e-10 1.40227e-10 1.33634e-10 1.29174e-10 1.2612e-10 1.24028e-10 1.22611e-10 1.21679e-10 1.21109e-10 1.2083e-10 
1.39 0.000316329 0.000363307 0.000404978 0.000441474 0.000472937 0.000499496 0.00052122 0.00053808 0.000549877 0.00055617 
1.39 0.000699494 0.000647762 0.000595436 0.000543732 0.000494013 0.000447793 0.000406739 0.000372689 0.000347666 0.000333912 
1.39 0.000689572 0.000636455 0.000582965 0.0005303 0.000479804 0.000432971 0.000391449 0.000357057 0.000331807 0.000317936 
1.39 6.46494e-06 7.41712e-06 8.26143e-06 9.00058e-06 9.63755e-06 1.0175e-05 1.06144e-05 1.09553e-05 1.11938e-05 1.1321e-05 
1.39 0.00108925 0.000941018 0.000797555 0.000661094 0.000534083 0.000419215 0.000319463 0.000238175 0.000179193 0.00014702 
1.39 0.00100958 0.00108216 0.00114949 0.00121116 0.00126668 0.00131549 0.0013569 0.00139003 0.00141377 0.00142662 
1.39 2.34267e-05 9.25293e-07 5.60902e-15 5.60902e-15 5.60902e-15 5.60902e-15 5.60902e-15 5.60902e-15 5.60902e-15 5.60902e-15 
1.39 1.49693e-10 1.39707e-10 1.3313e-10 1.28675e-10 1.25621e-10 1.23525e-10 1.22103e-10 1.21166e-10 1.2059e-10 1.2031e-10 
1.40 0.000317692 0.000364904 0.000406813 0.000443542 0.000475232 0.000502 0.000523911 0.000540925 0.000552836 0.000559191 
1.40 0.000701156 0.0006497 0.000597639 0.000546182 0.000496687 0.000450661 0.000409768 0.000375844 0.000350909 0.000337202 
1.40 0.000691163 0.000638308 0.000585071 0.000532642 0.000482358 0.000435708 0.000394338 0.000360065 0.000334897 0.00032107 
1.40 6.49268e-06 7.44964e-06 8.29878e-06 9.04271e-06 9.68427e-06 1.0226e-05 1.06692e-05 1.10132e-05 1.12541e-05 1.13825e-05 
1.40 0.0010911 0.000943152 0.000799944 0.000663693 0.000536844 0.000422088 0.000322405 0.000241151 0.00018218 0.00015001 
1.40 0.00101024 0.00108293 0.00115039 0.00121219 0.00126784 0.00131678 0.00135831 0.00139155 0.00141537 0.00142826 
1.40 2.34267e-05 9.25293e-07 5.60902e-15 5.60902e-15 5.60902e-15 5.60902e-15 5.60902e-15 5.60902e-15 5.60902e-15 5.60902e-15 
1.40 1.49148e-10 1.39195e-10 1.32633e-10 1.28184e-10 1.2513e-10 1.2303e-10 1.21602e-10 1.2066e-10 1.2008e-10 1.19797e-10 
1.41 0.000319047 0.000366493 0.000408637 0.0004456 0.000477515 0.000504492 0.000526588 0.000543756 0.00055578 0.000562198 
1.41 0.000702807 0.000651625 0.000599828 0.000548618 0.000499346 0.000453514 0.000412784 0.000378986 0.00035414 0.00034048 
1.41 0.000692742 0.000640149 0.000587164 0.00053497 0.000484897 0.000438432 0.000397215 0.00036306 0.000337976 0.000324193 
1.41 6.52027e-06 7.48198e-06 8.33593e-06 9.08461e-06 9.73075e-06 1.02767e-05 1.07237e-05 1.10709e-05 1.1314e-05 1.14437e-05 
1.41 0.00109293 0.000945269 0.000802314 0.000666274 0.000539589 0.000424948 0.000325337 0.000244121 0.000185165 0.000152999 
1.41 0.00101089 0.0010837 0.00115129 0.00121321 0.001269 0.00131806 0.00135972 0.00139307 0.00141695 0.00142989 
1.41 2.34267e-05 9.25293e-07 5.60902e-15 5.60902e-15 5.60902e-15 5.60902e-15 5.60902e-15 5.60902e-15 5.60902e-15 5.60902e-15 
1.41 1.48611e-10 1.3869e-10 1.32144e-10 1.277e-10 1.24645e-10 1.22541e-10 1.21109e-10 1.20162e-10 1.19578e-10 1.19292e-10 
1.42 0.000320395 0.000368073 0.000410452 0.000447647 0.000479785 0.00050697 0.000529251 0.000546573 0.00055871 0.000565189 
1.42 0.000704447 0.000653537 0.000602003 0.000551039 0.00050199 0.000456353 0.000415786 0.000382116 0.000357359 0.000343747 
1.42 0.000694311 0.000641978 0.000589243 0.000537284 0.000487423 0.000441142 0.000400079 0.000366044 0.000341044 0.000327305 
1.42 6.54771e-06 7.51414e-06 8.37288e-06 9.12629e-06 9.77698e-06 1.03272e-05 1.07779e-05 1.11283e-05 1.13737e-05 1.15046e-05 
1.42 0.00109474 0.000947368 0.000804666 0.000668838 0.000542318 0.000427795 0.000328259 0.000247084 0.000188147 0.000155986 
1.42 0.00101154 0.00108447 0.00115218 0.00121423 0.00127015 0.00131935 0.00136112 0.00139457 0.00141853 0.00143151 
1.42 2.34267e-05 9.25293e-07 5.60902e-15 5.60902e-15 5.60902e-15 5.60902e-15 5.60902e-15 5.60902e-15 5.60902e-15 5.60902e-15 
1.42 1.4808e-10 1.38192e-10 1.31661e-10 1.27223e-10 1.24168e-10 1.22061e-10 1.20624e-10 1.19672e-10 1.19083e-10 1.18795e-10 
1.43 0.000321736 0.000369644 0.000412257 0.000449683 0.000482044 0.000509436 0.000531901 0.000549376 0.000561625 0.000568166 
1.43 0.000706076 0.000655436 0.000604165 0.000553446 0.00050462 0.000459178 0.000418775 0.000385233 0.000360566 0.000347002 
1.43 0.000695869 0.000643794 0.00059131 0.000539584 0.000489935 0.000443839 0.00040293 0.000369016 0.0003441 0.000330407 
1.43 6.575e-06 7.54613e-06 8.40963e-06 9.16774e-06 9.82297e-06 1.03774e-05 1.08319e-05 1.11854e-05 1.1433e-05 1.15652e-05 
1.43 0.00109654 0.000949449 0.000806999 0.000671384 0.000545031 0.000430629 0.000331171 0.000250041 0.000191125 0.000158972 
1.43 0.00101219 0.00108524 0.00115307 0.00121525 0.00127129 0.00132062 0.00136251 0.00139606 0.0014201 0.00143312 
1.43 2.34267e-05 9.25293e-07 5.60902e-15 5.60902e-15 5.60902e-15 5.60902e-15 5.60902e-15 5.60902e-15 5.60902e-15 5.60902e-15 
1.43 1.47558e-10 1.37702e-10 1.31186e-10 1.26753e-10 1.23697e-10 1.21587e-10 1.20146e-10 1.19188e-10 1.18596e-10 1.18306e-10 
1.44 0.000323068 0.000371207 0.000414052 0.000451709 0.000484291 0.000511889 0.000534537 0.000552164 0.000564526 0.000571128 
1.44 0.000707694 0.000657323 0.000606313 0.000555839 0.000507236 0.000461989 0.00042175 0.000388337 0.000363761 0.000350246 
1.44 0.000697417 0.000645599 0.000593363 0.00054187 0.000492433 0.000446522 0.000405768 0.000371975 0.000347145 0.000333498 
1.44 6.60214e-06 7.57794e-06 8.44617e-06 9.20897e-06 9.86871e-06 1.04273e-05 1.08856e-05 1.12422e-05 1.14921e-05 1.16255e-05 
1.44 0.00109832 0.000951513 0.000809315 0.000673912 0.000547728 0.000433449 0.000334073 0.000252991 0.000194099 0.000161955 
1.44 0.00101284 0.001086 0.00115395 0.00121626 0.00127244 0.00132188 0.00136389 0.00139754 0.00142166 0.00143472 
1.44 2.34267e-05 9.25293e-07 5.60902e-15 5.60902e-15 5.60902e-15 5.60902e-15 5.60902e-15 5.60902e-15 5.60902e-15 5.60902e-15 
1.44 1.47043e-10 1.37219e-10 1.30717e-10 1.2629e-10 1.23234e-10 1.21121e-10 1.19674e-10 1.18712e-10 1.18117e-10 1.17824e-10 
1.45 0.000324394 0.00037276 0.000415837 0.000453723 0.000486526 0.000514329 0.00053716 0.000554938 0.000567411 0.000574075 
1.45 0.000709301 0.000659198 0.000608447 0.000558218 0.000509837 0.000464786 0.000424711 0.000391428 0.000366944 0.000353478 
1.45 0.000698954 0.000647392 0.000595403 0.000544143 0.000494917 0.000449192 0.000408593 0.000374922 0.000350179 0.000336578 
1.45 6.62912e-06 7.60958e-06 8.48252e-06 9.24998e-06 9.91421e-06 1.0477e-05 1.0939e-05 1.12987e-05 1.15509e-05 1.16855e-05 
1.45 0.00110009 0.00095356 0.000811613 0.000676423 0.000550409 0.000436256 0.000336965 0.000255934 0.000197069 0.000164936 
1.45 0.00101348 0.00108676 0.00115483 0.00121727 0.00127357 0.00132315 0.00136526 0.00139901 0.0014232 0.00143631 
1.45 2.34267e-05 9.25293e-07 5.60902e-15 5.60902e-15 5.60902e-15 5.60902e-15 5.60902e-15 5.60902e-15 5.60902e-15 5.60902e-15 
1.45 1.46536e-10 1.36743e-10 1.30255e-10 1.25833e-10 1.22777e-10 1.20661e-10 1.1921e-10 1.18243e-10 1.17644e-10 1.17349e-10 
1.46 0.000325712 0.000374306 0.000417613 0.000455727 0.000488749 0.000516757 0.000539769 0.000557699 0.000570283 0.000577008 
1.46 0.000710898 0.00066106 0.000610568 0.000560583 0.000512424 0.000467569 0.000427659 0.000394506 0.000370115 0.000356698 
1.46 0.000700481 0.000649173 0.000597431 0.000546402 0.000497388 0.000451848 0.000411405 0.000377857 0.000353201 0.000339646 
1.46 6.65596e-06 7.64105e-06 8.51867e-06 9.29077e-06 9.95947e-06 1.05264e-05 1.09921e-05 1.13549e-05 1.16094e-05 1.17452e-05 
1.46 0.00110184 0.00095559 0.000813894 0.000678917 0.000553075 0.00043905 0.000339847 0.00025887 0.000200034 0.000167914 
1.46 0.00101412 0.00108751 0.00115571 0.00121827 0.0012747 0.0013244 0.00136663 0.00140047 0.00142474 0.00143789 
1.46 2.34267e-05 9.25293e-07 5.60902e-15 5.60902e-15 5.60902e-15 5.60902e-15 5.60902e-15 5.60902e-15 5.60902e-15 5.60902e-15 
1.46 1.46034e-10 1.36273e-10 1.298e-10 1.25383e-10 1.22327e-10 1.20208e-10 1.18752e-10 1.17781e-10 1.17178e-10 1.16881e-10 
1.47 0.000327023 0.000375843 0.000419379 0.00045772 0.00049096 0.000519171 0.000542365 0.000560445 0.000573139 0.000579926 
1.47 0.000712484 0.000662911 0.000612676 0.000562934 0.000514997 0.000470338 0.000430593 0.000397572 0.000373273 0.000359906 
1.47 0.000701998 0.000650942 0.000599446 0.000548648 0.000499845 0.000454491 0.000414204 0.00038078 0.000356211 0.000342703 
1.47 6.68265e-06 7.67234e-06 8.55463e-06 9.33134e-06 1.00045e-05 1.05756e-05 1.1045e-05 1.14108e-05 1.16676e-05 1.18046e-05 
1.47 0.00110358 0.000957604 0.000816157 0.000681395 0.000555725 0.000441831 0.000342719 0.000261799 0.000202994 0.000170888 
1.47 0.00101476 0.00108827 0.00115658 0.00121927 0.00127582 0.00132564 0.00136799 0.00140192 0.00142627 0.00143946 
1.47 2.34267e-05 9.25293e-07 5.60902e-15 5.60902e-15 5.60902e-15 5.60902e-15 5.60902e-15 5.60902e-15 5.60902e-15 5.60902e-15 
1.47 1.4554e-10 1.3581e-10 1.29351e-10 1.24939e-10 1.21883e-10 1.19761e-10 1.18301e-10 1.17325e-10 1.16719e-10 1.1642e-10 
1.48 0.000328327 0.000377372 0.000421136 0.000459702 0.00049316 0.000521573 0.000544948 0.000563177 0.000575982 0.000582829 
1.48 0.00071406 0.00066475 0.000614771 0.000565271 0.000517556 0.000473093 0.000433514 0.000400624 0.000376419 0.000363102 
1.48 0.000703505 0.0006527 0.000601448 0.000550881 0.000502289 0.000457121 0.000416991 0.000383691 0.00035921 0.000345749 
1.48 6.70919e-06 7.70346e-06 8.59039e-06 9.3717e-06 1.00493e-05 1.06245e-05 1.10976e-05 1.14664e-05 1.17254e-05 1.18638e-05 
1.48 0.00110531 0.000959602 0.000818404 0.000683856 0.00055836 0.000444599 0.00034558 0.00026472 0.000205949 0.000173859 
1.48 0.00101539 0.00108902 0.00115745 0.00122026 0.00127694 0.00132688 0.00136934 0.00140337 0.00142779 0.00144102 
1.48 2.34267e-05 9.25293e-07 5.60902e-15 5.60902e-15 5.60902e-15 5.60902e-15 5.60902e-15 5.60902e-15 5.60902e-15 5.60902e-15 
1.48 1.45053e-10 1.35352e-10 1.28908e-10 1.24502e-10 1.21446e-10 1.19321e-10 1.17857e-10 1.16876e-10 1.16266e-10 1.15965e-10 
1.49 0.000329624 0.000378892 0.000422883 0.000461674 0.000495348 0.000523963 0.000547517 0.000565896 0.000578811 0.000585718 
1.49 0.000715625 0.000666577 0.000616853 0.000567594 0.000520101 0.000475834 0.000436422 0.000403664 0.000379552 0.000366286 
1.49 0.000705002 0.000654447 0.000603438 0.000553101 0.000504719 0.000459737 0.000419765 0.00038659 0.000362197 0.000348784 
1.49 6.73559e-06 7.73441e-06 8.62596e-06 9.41184e-06 1.00938e-05 1.06732e-05 1.11499e-05 1.15218e-05 1.1783e-05 1.19226e-05 
1.49 0.00110702 0.000961585 0.000820634 0.000686301 0.00056098 0.000447354 0.000348431 0.000267633 0.000208899 0.000176825 
1.49 0.00101602 0.00108976 0.00115832 0.00122125 0.00127805 0.00132811 0.00137068 0.00140481 0.0014293 0.00144257 
1.49 2.34267e-05 9.25293e-07 5.60902e-15 5.60902e-15 5.60902e-15 5.60902e-15 5.60902e-15 5.60902e-15 5.60902e-15 5.60902e-15 
1.49 1.44572e-10 1.34901e-10 1.28471e-10 1.24071e-10 1.21015e-10 1.18887e-10 1.17419e-10 1.16434e-10 1.15821e-10 1.15517e-10 
1.50 0.000330914 0.000380404 0.000424621 0.000463635 0.000497524 0.00052634 0.000550073 0.000568601 0.000581625 0.000588593 
1.50 0.00071718 0.000668392 0.000618922 0.000569904 0.000522632 0.000478562 0.000439316 0.000406691 0.000382673 0.000369458 
1.50 0.000706489 0.000656183 0.000605416 0.000555308 0.000507136 0.00046234 0.000422526 0.000389476 0.000365172 0.000351807 
1.50 6.76184e-06 7.76519e-06 8.66133e-06 9.45177e-06 1.01381e-05 1.07216e-05 1.12019e-05 1.15769e-05 1.18403e-05 1.19811e-05 
1.50 0.00110872 0.000963552 0.000822848 0.000688729 0.000563585 0.000450095 0.000351271 0.000270538 0.000211843 0.000179787 
1.50 0.00101665 0.0010905 0.00115918 0.00122223 0.00127916 0.00132933 0.00137201 0.00140624 0.0014308 0.00144411 
1.50 2.34267e-05 9.25293e-07 5.60902e-15 5.60902e-15 5.60902e-15 5.60902e-15 5.60902e-15 5.60902e-15 5.60902e-15 5.60902e-15 
1.50 1.44098e-10 1.34456e-10 1.28041e-10 1.23645e-10 1.20589e-10 1.18459e-10 1.16987e-10 1.15998e-10 1.15381e-10 1.15076e-10 
1.51 0.000332197 0.000381908 0.000426349 0.000465586 0.000499689 0.000528705 0.000552616 0.000571292 0.000584425 0.000591452 
1.51 0.000718725 0.000670196 0.000620979 0.000572201 0.00052515 0.000481276 0.000442197 0.000409705 0.000385782 0.000372617 
1.51 0.000707966 0.000657907 0.000607382 0.000557502 0.00050954 0.00046493 0.000425274 0.00039235 0.000368135 0.000354818 
1.51 6.78795e-06 7.79581e-06 8.69651e-06 9.49148e-06 1.01822e-05 1.07697e-05 1.12537e-05 1.16317e-05 1.18973e-05 1.20394e-05 
1.51 0.0011104 0.000965505 0.000825046 0.000691142 0.000566175 0.000452823 0.0003541 0.000273435 0.000214781 0.000182745 
1.51 0.00101728 0.00109124 0.00116004 0.00122321 0.00128026 0.00133055 0.00137334 0.00140766 0.00143229 0.00144564 
1.51 2.34267e-05 9.25293e-07 5.60902e-15 5.60902e-15 5.60902e-15 5.60902e-15 5.60902e-15 5.60902e-15 5.60902e-15 5.60902e-15 
1.51 1.4363e-10 1.34017e-10 1.27616e-10 1.23226e-10 1.2017e-10 1.18037e-10 1.16561e-10 1.15568e-10 1.14948e-10 1.14641e-10 
1.52 0.000333472 0.000383404 0.000428068 0.000467526 0.000501843 0.000531058 0.000555146 0.000573969 0.000587211 0.000594298 
1.52 0.00072026 0.000671988 0.000623023 0.000574484 0.000527654 0.000483976 0.000445064 0.000412706 0.000388878 0.000375764 
1.52 0.000709434 0.000659621 0.000609335 0.000559683 0.000511931 0.000467507 0.000428009 0.000395212 0.000371087 0.000357818 
1.52 6.81392e-06 7.82626e-06 8.7315e-06 9.53098e-06 1.0226e-05 1.08176e-05 1.13052e-05 1.16862e-05 1.1954e-05 1.20974e-05 
1.52 0.00111207 0.000967442 0.000827228 0.000693539 0.00056875 0.000455539 0.000356919 0.000276324 0.000217713 0.000185697 
1.52 0.0010179 0.00109198 0.00116089 0.00122418 0.00128135 0.00133176 0.00137466 0.00140907 0.00143377 0.00144716 
1.52 2.34267e-05 9.25293e-07 5.60902e-15 5.60902e-15 5.60902e-15 5.60902e-15 5.60902e-15 5.60902e-15 5.60902e-15 5.60902e-15 
1.52 1.43169e-10 1.33585e-10 1.27197e-10 1.22812e-10 1.19757e-10 1.17621e-10 1.16142e-10 1.15145e-10 1.14521e-10 1.14212e-10 
1.53 0.000334741 0.000384892 0.000429778 0.000469456 0.000503985 0.000533399 0.000557663 0.000576633 0.000589983 0.00059713 
1.53 0.000721785 0.000673769 0.000625054 0.000576754 0.000530144 0.000486663 0.000447918 0.000415693 0.000391961 0.000378899 
1.53 0.000710892 0.000661323 0.000611277 0.000561852 0.000514309 0.000470071 0.000430732 0.000398061 0.000374027 0.000360806 
1.53 6.83975e-06 7.85654e-06 8.76631e-06 9.57026e-06 1.02696e-05 1.08652e-05 1.13565e-05 1.17404e-05 1.20105e-05 1.2155e-05 
1.53 0.00111373 0.000969364 0.000829394 0.00069592 0.000571311 0.000458241 0.000359727 0.000279205 0.000220639 0.000188644 
1.53 0.00101852 0.00109271 0.00116174 0.00122515 0.00128244 0.00133297 0.00137597 0.00141047 0.00143524 0.00144867 
1.53 2.34267e-05 9.25293e-07 5.60902e-15 5.60902e-15 5.60902e-15 5.60902e-15 5.60902e-15 5.60902e-15 5.60902e-15 5.60902e-15 
1.53 1.42713e-10 1.33158e-10 1.26784e-10 1.22404e-10 1.19349e-10 1.17211e-10 1.15728e-10 1.14727e-10 1.141e-10 1.13789e-10 
1.54 0.000336003 0.000386372 0.000431479 0.000471376 0.000506116 0.000535726 0.000560167 0.000579283 0.000592741 0.000599946 
1.54 0.000723301 0.000675539 0.000627073 0.000579011 0.000532621 0.000489336 0.000450758 0.000418668 0.000395032 0.000382021 
1.54 0.000712341 0.000663015 0.000613207 0.000564008 0.000516674 0.000472623 0.000433442 0.000400898 0.000376954 0.000363783 
1.54 6.86543e-06 7.88666e-06 8.80093e-06 9.60933e-06 1.0313e-05 1.09126e-05 1.14075e-05 1.17944e-05 1.20666e-05 1.22124e-05 
1.54 0.00111537 0.000971272 0.000831545 0.000698285 0.000573857 0.000460931 0.000362524 0.000282077 0.000223558 0.000191586 
1.54 0.00101914 0.00109344 0.00116258 0.00122611 0.00128352 0.00133417 0.00137727 0.00141187 0.0014367 0.00145017 
1.54 2.34267e-05 9.25293e-07 5.60902e-15 5.60902e-15 5.60902e-15 5.60902e-15 5.60902e-15 5.60902e-15 5.60902e-15 5.60902e-15 
1.54 1.42263e-10 1.32736e-10 1.26376e-10 1.22001e-10 1.18947e-10 1.16807e-10 1.15319e-10 1.14315e-10 1.13685e-10 1.13372e-10 
1.55 0.000337258 0.000387843 0.000433169 0.000473284 0.000508236 0.000538042 0.000562658 0.00058192 0.000595485 0.000602749 
1.55 0.000724807 0.000677298 0.00062908 0.000581255 0.000535084 0.000491995 0.000453585 0.000421629 0.00039809 0.000385131 
1.55 0.000713781 0.000664696 0.000615125 0.000566152 0.000519026 0.000475161 0.000436139 0.000403723 0.00037987 0.000366748 
1.55 6.89098e-06 7.91662e-06 8.83536e-06 9.6482e-06 1.03562e-05 1.09598e-05 1.14582e-05 1.18481e-05 1.21225e-05 1.22695e-05 
1.55 0.001117 0.000973165 0.000833681 0.000700635 0.000576389 0.000463608 0.00036531 0.00028494 0.00022647 0.000194522 
1.55 0.00101976 0.00109416 0.00116342 0.00122708 0.0012846 0.00133536 0.00137857 0.00141326 0.00143816 0.00145166 
1.55 2.34267e-05 9.25293e-07 5.60902e-15 5.60902e-15 5.60902e-15 5.60902e-15 5.60902e-15 5.60902e-15 5.60902e-15 5.60902e-15 
1.55 1.41819e-10 1.3232e-10 1.25973e-10 1.21605e-10 1.1855e-10 1.16408e-10 1.14917e-10 1.13909e-10 1.13275e-10 1.12961e-10 
1.56 0.000338506 0.000389307 0.000434851 0.000475183 0.000510344 0.000540346 0.000565136 0.000584543 0.000598215 0.000605538 
1.56 0.000726303 0.000679046 0.000631075 0.000583486 0.000537534 0.000494641 0.000456399 0.000424578 0.000401135 0.000388229 
1.56 0.000715212 0.000666367 0.000617031 0.000568283 0.000521366 0.000477687 0.000438824 0.000406535 0.000382774 0.000369701 
1.56 6.91639e-06 7.94641e-06 8.8696e-06 9.68687e-06 1.03991e-05 1.10067e-05 1.15087e-05 1.19015e-05 1.21781e-05 1.23263e-05 
1.56 0.00111862 0.000975044 0.000835802 0.00070297 0.000578906 0.000466272 0.000368085 0.000287795 0.000229375 0.000197452 
1.56 0.00102037 0.00109488 0.00116426 0.00122803 0.00128567 0.00133654 0.00137986 0.00141464 0.00143961 0.00145314 
1.56 2.34267e-05 9.25293e-07 5.60902e-15 5.60902e-15 5.60902e-15 5.60902e-15 5.60902e-15 5.60902e-15 5.60902e-15 5.60902e-15 
1.56 1.41381e-10 1.3191e-10 1.25576e-10 1.21213e-10 1.18159e-10 1.16014e-10 1.1452e-10 1.13509e-10 1.12872e-10 1.12555e-10 
1.57 0.000339747 0.000390762 0.000436524 0.000477072 0.000512441 0.000542638 0.000567602 0.000587153 0.000600931 0.000608313 
1.57 0.00072779 0.000680783 0.000633058 0.000585704 0.000539971 0.000497274 0.0004592 0.000427513 0.000404167 0.000391314 
1.57 0.000716633 0.000668027 0.000618926 0.000570402 0.000523693 0.0004802 0.000441496 0.000409335 0.000385665 0.000372642 
1.57 6.94166e-06 7.97604e-06 8.90366e-06 9.72533e-06 1.04418e-05 1.10534e-05 1.15589e-05 1.19546e-05 1.22334e-05 1.23828e-05 
1.57 0.00112023 0.000976909 0.000837908 0.000705291 0.000581409 0.000468923 0.000370849 0.00029064 0.000232273 0.000200376 
1.57 0.00102098 0.0010956 0.00116509 0.00122898 0.00128674 0.00133773 0.00138114 0.00141601 0.00144105 0.00145461 
1.57 2.34267e-05 9.25293e-07 5.60902e-15 5.60902e-15 5.60902e-15 5.60902e-15 5.60902e-15 5.60902e-15 5.60902e-15 5.60902e-15 
1.57 1.40949e-10 1.31504e-10 1.25185e-10 1.20826e-10 1.17773e-10 1.15626e-10 1.14129e-10 1.13114e-10 1.12474e-10 1.12156e-10 
1.58 0.000340982 0.00039221 0.000438188 0.000478951 0.000514528 0.000544918 0.000570055 0.00058975 0.000603634 0.000611074 
1.58 0.000729268 0.000682509 0.000635029 0.00058791 0.000542394 0.000499893 0.000461987 0.000430436 0.000407187 0.000394386 
1.58 0.000718045 0.000669677 0.000620809 0.000572509 0.000526007 0.0004827 0.000444155 0.000412123 0.000388544 0.000375571 
1.58 6.96679e-06 8.00551e-06 8.93754e-06 9.76358e-06 1.04843e-05 1.10998e-05 1.16088e-05 1.20075e-05 1.22884e-05 1.2439e-05 
1.58 0.00112182 0.000978761 0.000839999 0.000707597 0.000583898 0.000471561 0.000373602 0.000293476 0.000235163 0.000203293 
1.58 0.00102159 0.00109632 0.00116592 0.00122992 0.0012878 0.0013389 0.00138242 0.00141737 0.00144248 0.00145608 
1.58 2.34267e-05 9.25293e-07 5.60902e-15 5.60902e-15 5.60902e-15 5.60902e-15 5.60902e-15 5.60902e-15 5.60902e-15 5.60902e-15 
1.58 1.40522e-10 1.31105e-10 1.24798e-10 1.20445e-10 1.17392e-10 1.15244e-10 1.13742e-10 1.12724e-10 1.12082e-10 1.11761e-10 
1.59 0.000342209 0.00039365 0.000439844 0.00048082 0.000516603 0.000547186 0.000572495 0.000592333 0.000606323 0.000613821 
1.59 0.000730736 0.000684225 0.000636989 0.000590103 0.000544804 0.000502499 0.000464761 0.000433345 0.000410194 0.000397446 
1.59 0.000719449 0.000671317 0.000622681 0.000574604 0.000528309 0.000485187 0.000446802 0.000414898 0.000391411 0.000378488 
1.59 6.99178e-06 8.03482e-06 8.97124e-06 9.80163e-06 1.05266e-05 1.1146e-05 1.16585e-05 1.20601e-05 1.23432e-05 1.24949e-05 
1.59 0.0011234 0.000980598 0.000842076 0.000709888 0.000586373 0.000474186 0.000376344 0.000296303 0.000238045 0.000206204 
1.59 0.0010222 0.00109703 0.00116674 0.00123086 0.00128885 0.00134007 0.00138369 0.00141873 0.0014439 0.00145754 
1.59 2.34267e-05 9.25293e-07 5.60902e-15 5.60902e-15 5.60902e-15 5.60902e-15 5.60902e-15 5.60902e-15 5.60902e-15 5.60902e-15 
1.59 1.40101e-10 1.3071e-10 1.24416e-10 1.20068e-10 1.17017e-10 1.14866e-10 1.13362e-10 1.12339e-10 1.11695e-10 1.11372e-10 
1.60 0.00034343 0.000395082 0.00044149 0.000482679 0.000518668 0.000549443 0.000574923 0.000594903 0.000608998 0.000616554 
1.60 0.000732195 0.00068593 0.000638937 0.000592283 0.000547202 0.000505091 0.000467522 0.000436242 0.000413188 0.000400493 
1.60 0.000720844 0.000672947 0.000624542 0.000576687 0.000530598 0.000487662 0.000449436 0.000417661 0.000394266 0.000381393 
1.60 7.01664e-06 8.06398e-06 9.00476e-06 9.83948e-06 1.05686e-05 1.1192e-05 1.17079e-05 1.21124e-05 1.23977e-05 1.25506e-05 
1.60 0.00112497 0.000982422 0.000844138 0.000712164 0.000588834 0.000476799 0.000379075 0.000299121 0.00024092 0.000209108 
1.60 0.0010228 0.00109774 0.00116756 0.0012318 0.00128991 0.00134123 0.00138495 0.00142008 0.00144531 0.00145899 
1.60 2.34267e-05 9.25293e-07 5.60902e-15 5.60902e-15 5.60902e-15 5.60902e-15 5.60902e-15 5.60902e-15 5.60902e-15 5.60902e-15 
1.60 1.39686e-10 1.3032e-10 1.24039e-10 1.19696e-10 1.16646e-10 1.14493e-10 1.12986e-10 1.11961e-10 1.11313e-10 1.10989e-10 
1.61 0.000344645 0.000396506 0.000443128 0.000484528 0.000520721 0.000551688 0.000577338 0.00059746 0.00061166 0.000619273 
1.61 0.000733645 0.000687625 0.000640873 0.000594451 0.000549586 0.000507671 0.000470269 0.000439125 0.000416169 0.000403527 
1.61 0.00072223 0.000674567 0.000626392 0.000578758 0.000532875 0.000490124 0.000452058 0.000420411 0.000397109 0.000384286 
1.61 7.04136e-06 8.09298e-06 9.0381e-06 9.87713e-06 1.06104e-05 1.12377e-05 1.17571e-05 1.21645e-05 1.24519e-05 1.2606e-05 
1.61 0.00112653 0.000984233 0.000846186 0.000714426 0.000591281 0.000479399 0.000381795 0.000301929 0.000243787 0.000212004 
1.61 0.0010234 0.00109845 0.00116838 0.00123273 0.00129095 0.00134238 0.00138621 0.00142142 0.00144671 0.00146043 
1.61 2.34267e-05 9.25293e-07 5.60902e-15 5.60902e-15 5.60902e-15 5.60902e-15 5.60902e-15 5.60902e-15 5.60902e-15 5.60902e-15 
1.61 1.39275e-10 1.29936e-10 1.23667e-10 1.1933e-10 1.1628e-10 1.14126e-10 1.12615e-10 1.11587e-10 1.10936e-10 1.10611e-10 
1.62 0.000345853 0.000397923 0.000444757 0.000486367 0.000522764 0.000553921 0.000579741 0.000600004 0.000614308 0.000621979 
1.62 0.000735086 0.000689309 0.000642798 0.000596607 0.000551958 0.000510237 0.000473003 0.000441995 0.000419137 0.000406548 
1.62 0.000723607 0.000676177 0.000628231 0.000580817 0.00053514 0.000492574 0.000454667 0.000423149 0.00039994 0.000387167 
1.62 7.06595e-06 8.12182e-06 9.07126e-06 9.91458e-06 1.0652e-05 1.12832e-05 1.1806e-05 1.22163e-05 1.25058e-05 1.26611e-05 
1.62 0.00112808 0.000986031 0.00084822 0.000716674 0.000593714 0.000481986 0.000384504 0.000304728 0.000246645 0.000214893 
1.62 0.001024 0.00109915 0.00116919 0.00123366 0.00129199 0.00134353 0.00138746 0.00142275 0.00144811 0.00146186 
1.62 2.34267e-05 9.25293e-07 5.60902e-15 5.60902e-15 5.60902e-15 5.60902e-15 5.60902e-15 5.60902e-15 5.60902e-15 5.60902e-15 
1.62 1.3887e-10 1.29556e-10 1.233e-10 1.18968e-10 1.15919e-10 1.13762e-10 1.1225e-10 1.11218e-10 1.10564e-10 1.10238e-10 
1.63 0.000347055 0.000399332 0.000446377 0.000488197 0.000524796 0.000556142 0.000582131 0.000602535 0.000616943 0.000624671 
1.63 0.000736518 0.000690983 0.000644711 0.000598751 0.000554317 0.00051279 0.000475724 0.000444852 0.000422092 0.000409557 
1.63 0.000724976 0.000677777 0.000630059 0.000582865 0.000537392 0.000495011 0.000457264 0.000425875 0.000402759 0.000390036 
1.63 7.09041e-06 8.1505e-06 9.10424e-06 9.95183e-06 1.06934e-05 1.13284e-05 1.18547e-05 1.22678e-05 1.25595e-05 1.27159e-05 
1.63 0.00112962 0.000987816 0.00085024 0.000718908 0.000596134 0.000484561 0.000387202 0.000307517 0.000249495 0.000217775 
1.63 0.00102459 0.00109985 0.00117 0.00123458 0.00129302 0.00134467 0.0013887 0.00142408 0.0014495 0.00146328 
1.63 2.34267e-05 9.25293e-07 5.60902e-15 5.60902e-15 5.60902e-15 5.60902e-15 5.60902e-15 5.60902e-15 5.60902e-15 5.60902e-15 
1.63 1.38469e-10 1.29181e-10 1.22938e-10 1.18611e-10 1.15562e-10 1.13404e-10 1.11889e-10 1.10854e-10 1.10198e-10 1.09869e-10 
1.64 0.000348249 0.000400733 0.000447988 0.000490017 0.000526817 0.000558352 0.000584509 0.000605053 0.000619564 0.000627349 
1.64 0.000737941 0.000692647 0.000646613 0.000600882 0.000556663 0.00051533 0.000478432 0.000447696 0.000425034 0.000412553 
1.64 0.000726337 0.000679367 0.000631877 0.000584901 0.000539632 0.000497436 0.000459848 0.000428588 0.000405565 0.000392893 
1.64 7.11474e-06 8.17903e-06 9.13704e-06 9.98888e-06 1.07346e-05 1.13734e-05 1.19031e-05 1.23191e-05 1.26129e-05 1.27704e-05 
1.64 0.00113114 0.000989589 0.000852247 0.000721128 0.00059854 0.000487123 0.000389888 0.000310296 0.000252336 0.000220649 
1.64 0.00102518 0.00110055 0.00117081 0.0012355 0.00129405 0.00134581 0.00138993 0.0014254 0.00145088 0.0014647 
1.64 2.34267e-05 9.25293e-07 5.60902e-15 5.60902e-15 5.60902e-15 5.60902e-15 5.60902e-15 5.60902e-15 5.60902e-15 5.60902e-15 
1.64 1.38074e-10 1.28811e-10 1.2258e-10 1.18258e-10 1.1521e-10 1.13051e-10 1.11533e-10 1.10495e-10 1.09836e-10 1.09506e-10 
1.65 0.000349438 0.000402127 0.000449591 0.000491827 0.000528828 0.00056055 0.000586875 0.000607558 0.000622172 0.000630014 
1.65 0.000739356 0.000694301 0.000648504 0.000603002 0.000558996 0.000517857 0.000481127 0.000450527 0.000427964 0.000415536 
1.65 0.000727689 0.000680948 0.000633684 0.000586925 0.00054186 0.000499848 0.00046242 0.000431289 0.000408359 0.000395738 
1.65 7.13893e-06 8.20741e-06 9.16967e-06 1.00257e-05 1.07755e-05 1.14181e-05 1.19513e-05 1.23701e-05 1.2666e-05 1.28247e-05 
1.65 0.00113265 0.000991349 0.00085424 0.000723334 0.000600933 0.000489672 0.000392563 0.000313065 0.000255169 0.000223515 
1.65 0.00102577 0.00110124 0.00117161 0.00123641 0.00129507 0.00134694 0.00139116 0.00142671 0.00145225 0.00146611 
1.65 2.34267e-05 9.25293e-07 5.60902e-15 5.60902e-15 5.60902e-15 5.60902e-15 5.60902e-15 5.60902e-15 5.60902e-15 5.60902e-15 
1.65 1.37683e-10 1.28446e-10 1.22227e-10 1.1791e-10 1.14863e-10 1.12702e-10 1.11181e-10 1.10141e-10 1.09479e-10 1.09148e-10 
1.66 0.000350619 0.000403513 0.000451185 0.000493628 0.000530828 0.000562737 0.000589228 0.000610051 0.000624767 0.000632665 
1.66 0.000740762 0.000695945 0.000650384 0.000605109 0.000561317 0.000520371 0.000483809 0.000453345 0.000430881 0.000418506 
1.66 0.000729033 0.000682519 0.00063548 0.000588938 0.000544076 0.000502248 0.000464979 0.000433977 0.000411141 0.00039857 
1.66 7.16299e-06 8.23563e-06 9.20212e-06 1.00624e-05 1.08162e-05 1.14626e-05 1.19992e-05 1.24208e-05 1.27188e-05 1.28787e-05 
1.66 0.00113415 0.000993096 0.00085622 0.000725526 0.000603312 0.000492209 0.000395227 0.000315824 0.000257993 0.000226373 
1.66 0.00102636 0.00110193 0.00117241 0.00123732 0.00129609 0.00134806 0.00139238 0.00142801 0.00145361 0.00146751 
1.66 2.34267e-05 9.25293e-07 5.60902e-15 5.60902e-15 5.60902e-15 5.60902e-15 5.60902e-15 5.60902e-15 5.60902e-15 5.60902e-15 
1.66 1.37297e-10 1.28084e-10 1.21878e-10 1.17566e-10 1.1452e-10 1.12358e-10 1.10834e-10 1.09791e-10 1.09127e-10 1.08794e-10 
1.67 0.000351795 0.000404892 0.000452771 0.000495419 0.000532818 0.000564912 0.000591569 0.00061253 0.000627347 0.000635303 
1.67 0.00074216 0.000697579 0.000652253 0.000607205 0.000563625 0.000522873 0.000486478 0.00045615 0.000433785 0.000421463 
1.67 0.000730369 0.00068408 0.000637266 0.00059094 0.000546281 0.000504636 0.000467526 0.000436653 0.000413911 0.00040139 
1.67 7.18692e-06 8.2637e-06 9.2344e-06 1.00989e-05 1.08567e-05 1.15069e-05 1.20469e-05 1.24713e-05 1.27713e-05 1.29324e-05 
1.67 0.00113564 0.000994831 0.000858187 0.000727705 0.000605678 0.000494734 0.000397879 0.000318573 0.000260808 0.000229222 
1.67 0.00102694 0.00110262 0.0011732 0.00123822 0.0012971 0.00134918 0.00139359 0.0014293 0.00145497 0.0014689 
1.67 2.34267e-05 9.25293e-07 5.60902e-15 5.60902e-15 5.60902e-15 5.60902e-15 5.60902e-15 5.60902e-15 5.60902e-15 5.60902e-15 
1.67 1.36917e-10 1.27728e-10 1.21533e-10 1.17227e-10 1.14182e-10 1.12018e-10 1.10492e-10 1.09445e-10 1.08779e-10 1.08445e-10 
1.68 0.000352964 0.000406264 0.000454347 0.0004972 0.000534797 0.000567076 0.000593898 0.000614997 0.000629915 0.000637926 
1.68 0.000743549 0.000699203 0.000654111 0.000609289 0.000565921 0.000525362 0.000489134 0.000458943 0.000436675 0.000424407 
1.68 0.000731696 0.000685632 0.000639041 0.00059293 0.000548474 0.000507012 0.000470061 0.000439317 0.000416668 0.000404198 
1.68 7.21073e-06 8.29162e-06 9.26651e-06 1.01352e-05 1.0897e-05 1.1551e-05 1.20943e-05 1.25215e-05 1.28236e-05 1.29858e-05 
1.68 0.00113712 0.000996553 0.000860141 0.000729871 0.000608031 0.000497246 0.00040052 0.000321312 0.000263614 0.000232063 
1.68 0.00102752 0.0011033 0.00117399 0.00123912 0.00129811 0.00135029 0.0013948 0.00143059 0.00145632 0.00147028 
1.68 2.34267e-05 9.25293e-07 5.60902e-15 5.60902e-15 5.60902e-15 5.60902e-15 5.60902e-15 5.60902e-15 5.60902e-15 5.60902e-15 
1.68 1.3654e-10 1.27376e-10 1.21193e-10 1.16891e-10 1.13847e-10 1.11683e-10 1.10154e-10 1.09104e-10 1.08436e-10 1.08101e-10 
1.69 0.000354127 0.000407628 0.000455916 0.000498972 0.000536766 0.000569229 0.000596215 0.000617451 0.00063247 0.000640537 
1.69 0.000744929 0.000700818 0.000655958 0.000611361 0.000568205 0.000527838 0.000491777 0.000461722 0.000439553 0.000427338 
1.69 0.000733015 0.000687175 0.000640806 0.000594909 0.000550655 0.000509376 0.000472584 0.000441969 0.000419413 0.000406994 
1.69 7.23441e-06 8.31939e-06 9.29845e-06 1.01713e-05 1.09371e-05 1.15948e-05 1.21415e-05 1.25715e-05 1.28756e-05 1.3039e-05 
1.69 0.00113859 0.000998264 0.000862082 0.000732023 0.000610371 0.000499746 0.00040315 0.000324041 0.000266411 0.000234895 
1.69 0.0010281 0.00110398 0.00117478 0.00124001 0.00129911 0.00135139 0.001396 0.00143187 0.00145766 0.00147165 
1.69 2.34267e-05 9.25293e-07 5.60902e-15 5.60902e-15 5.60902e-15 5.60902e-15 5.60902e-15 5.60902e-15 5.60902e-15 5.60902e-15 
1.69 1.36168e-10 1.27027e-10 1.20857e-10 1.1656e-10 1.13517e-10 1.11351e-10 1.0982e-10 1.08768e-10 1.08098e-10 1.07761e-10 
1.70 0.000355284 0.000408985 0.000457476 0.000500735 0.000538724 0.000571371 0.00059852 0.000619892 0.000635012 0.000643134 
1.70 0.000746301 0.000702423 0.000657794 0.000613422 0.000570477 0.000530301 0.000494408 0.000464488 0.000442418 0.000430257 
1.70 0.000734326 0.000688709 0.00064256 0.000596878 0.000552824 0.000511728 0.000475094 0.000444608 0.000422146 0.000409778 
1.70 7.25796e-06 8.34702e-06 9.33022e-06 1.02072e-05 1.0977e-05 1.16384e-05 1.21884e-05 1.26212e-05 1.29274e-05 1.30919e-05 
1.70 0.00114005 0.000999963 0.00086401 0.000734162 0.000612698 0.000502233 0.000405768 0.00032676 0.000269198 0.000237719 
1.70 0.00102868 0.00110466 0.00117556 0.0012409 0.00130011 0.00135249 0.00139719 0.00143314 0.00145899 0.00147302 
1.70 2.34267e-05 9.25293e-07 5.60902e-15 5.60902e-15 5.60902e-15 5.60902e-15 5.60902e-15 5.60902e-15 5.60902e-15 5.60902e-15 
1.70 1.35801e-10 1.26684e-10 1.20525e-10 1.16233e-10 1.13191e-10 1.11024e-10 1.09491e-10 1.08436e-10 1.07763e-10 1.07425e-10 
1.71 0.000356435 0.000410335 0.000459028 0.000502488 0.000540672 0.0005735 0.000600813 0.000622321 0.000637541 0.000645718 
1.71 0.000747665 0.000704018 0.00065962 0.000615471 0.000572736 0.000532752 0.000497026 0.000467242 0.00044527 0.000433163 
1.71 0.00073563 0.000690234 0.000644304 0.000598835 0.000554981 0.000514068 0.000477592 0.000447235 0.000424866 0.000412549 
1.71 7.28138e-06 8.3745e-06 9.36183e-06 1.02429e-05 1.10167e-05 1.16818e-05 1.22351e-05 1.26707e-05 1.29789e-05 1.31445e-05 
1.71 0.0011415 0.00100165 0.000865925 0.000736288 0.000615012 0.000504708 0.000408375 0.000329468 0.000271976 0.000240534 
1.71 0.00102925 0.00110533 0.00117634 0.00124179 0.0013011 0.00135358 0.00139838 0.00143441 0.00146032 0.00147438 
1.71 2.34267e-05 9.25293e-07 5.60902e-15 5.60902e-15 5.60902e-15 5.60902e-15 5.60902e-15 5.60902e-15 5.60902e-15 5.60902e-15 
1.71 1.35438e-10 1.26344e-10 1.20197e-10 1.1591e-10 1.1287e-10 1.10701e-10 1.09165e-10 1.08108e-10 1.07433e-10 1.07094e-10 
1.72 0.000357579 0.000411677 0.000460572 0.000504232 0.00054261 0.000575619 0.000603094 0.000624737 0.000640057 0.000648289 
1.72 0.000749021 0.000705604 0.000661435 0.000617508 0.000574983 0.00053519 0.000499631 0.000469983 0.000448109 0.000436056 
1.72 0.000736926 0.000691749 0.000646038 0.000600781 0.000557127 0.000516395 0.000480078 0.00044985 0.000427574 0.000415308 
1.72 7.30468e-06 8.40183e-06 9.39327e-06 1.02784e-05 1.10562e-05 1.1725e-05 1.22815e-05 1.27199e-05 1.30301e-05 1.31968e-05 
1.72 0.00114294 0.00100333 0.000867828 0.000738401 0.000617313 0.000507171 0.000410971 0.000332166 0.000274745 0.00024334 
1.72 0.00102982 0.001106 0.00117711 0.00124267 0.00130209 0.00135467 0.00139956 0.00143567 0.00146164 0.00147573 
1.72 2.34267e-05 9.25293e-07 5.60902e-15 5.60902e-15 5.60902e-15 5.60902e-15 5.60902e-15 5.60902e-15 5.60902e-15 5.60902e-15 
1.72 1.35079e-10 1.26008e-10 1.19873e-10 1.15591e-10 1.12552e-10 1.10382e-10 1.08844e-10 1.07785e-10 1.07108e-10 1.06767e-10 
1.73 0.000358717 0.000413011 0.000462108 0.000505967 0.000544538 0.000577727 0.000605364 0.000627141 0.00064256 0.000650847 
1.73 0.000750369 0.000707181 0.00066324 0.000619534 0.000577218 0.000537616 0.000502223 0.000472711 0.000450935 0.000438936 
1.73 0.000738214 0.000693256 0.000647762 0.000602716 0.000559261 0.000518711 0.000482552 0.000452453 0.00043027 0.000418055 
1.73 7.32785e-06 8.42901e-06 9.42454e-06 1.03137e-05 1.10954e-05 1.17679e-05 1.23277e-05 1.27688e-05 1.30811e-05 1.32489e-05 
1.73 0.00114437 0.00100499 0.000869719 0.000740502 0.000619602 0.000509622 0.000413555 0.000334853 0.000277504 0.000246137 
1.73 0.00103039 0.00110667 0.00117789 0.00124355 0.00130307 0.00135575 0.00140073 0.00143692 0.00146295 0.00147707 
1.73 2.34267e-05 9.25293e-07 5.60902e-15 5.60902e-15 5.60902e-15 5.60902e-15 5.60902e-15 5.60902e-15 5.60902e-15 5.60902e-15 
1.73 1.34725e-10 1.25677e-10 1.19553e-10 1.15276e-10 1.12238e-10 1.10067e-10 1.08527e-10 1.07465e-10 1.06786e-10 1.06444e-10 
1.74 0.000359849 0.000414339 0.000463634 0.000507692 0.000546455 0.000579824 0.000607621 0.000629533 0.000645051 0.000653392 
1.74 0.000751709 0.000708749 0.000665034 0.000621549 0.000579441 0.000540029 0.000504802 0.000475426 0.000453748 0.000441803 
1.74 0.000739494 0.000694754 0.000649477 0.000604641 0.000561384 0.000521015 0.000485014 0.000455043 0.000432954 0.00042079 
1.74 7.3509e-06 8.45605e-06 9.45563e-06 1.03488e-05 1.11344e-05 1.18106e-05 1.23737e-05 1.28175e-05 1.31318e-05 1.33007e-05 
1.74 0.00114579 0.00100664 0.000871597 0.00074259 0.000621878 0.00051206 0.000416128 0.00033753 0.000280253 0.000248925 
1.74 0.00103095 0.00110733 0.00117866 0.00124442 0.00130405 0.00135683 0.0014019 0.00143816 0.00146425 0.0014784 
1.74 2.34267e-05 9.25293e-07 5.60902e-15 5.60902e-15 5.60902e-15 5.60902e-15 5.60902e-15 5.60902e-15 5.60902e-15 5.60902e-15 
1.74 1.34375e-10 1.2535e-10 1.19237e-10 1.14965e-10 1.11928e-10 1.09756e-10 1.08214e-10 1.0715e-10 1.06469e-10 1.06125e-10 
1.75 0.000360975 0.00041566 0.000465153 0.000509408 0.000548362 0.00058191 0.000609867 0.000631911 0.000647529 0.000655924 
1.75 0.000753041 0.000710307 0.000666818 0.000623553 0.000581653 0.00054243 0.000507369 0.000478128 0.000456549 0.000444657 
1.75 0.000740767 0.000696243 0.000651182 0.000606555 0.000563496 0.000523307 0.000487463 0.000457621 0.000435626 0.000423512 
1.75 7.37382e-06 8.48294e-06 9.48656e-06 1.03837e-05 1.11732e-05 1.18531e-05 1.24194e-05 1.28659e-05 1.31822e-05 1.33522e-05 
1.75 0.0011472 0.00100828 0.000873463 0.000744665 0.000624141 0.000514486 0.000418689 0.000340196 0.000282993 0.000251703 
1.75 0.00103151 0.00110799 0.00117942 0.00124529 0.00130502 0.0013579 0.00140306 0.0014394 0.00146554 0.00147973 
1.75 2.34267e-05 9.25293e-07 5.60902e-15 5.60902e-15 5.60902e-15 5.60902e-15 5.60902e-15 5.60902e-15 5.60902e-15 5.60902e-15 
1.75 1.34028e-10 1.25025e-10 1.18925e-10 1.14658e-10 1.11622e-10 1.09449e-10 1.07905e-10 1.06838e-10 1.06155e-10 1.0581e-10 
1.76 0.000362095 0.000416974 0.000466664 0.000511115 0.000550259 0.000583986 0.000612101 0.000634278 0.000649994 0.000658443 
1.76 0.000754365 0.000711856 0.000668592 0.000625546 0.000583853 0.000544819 0.000509923 0.000480817 0.000459337 0.000447498 
1.76 0.000742032 0.000697723 0.000652877 0.000608458 0.000565596 0.000525587 0.0004899 0.000460187 0.000438285 0.000426222 
1.76 7.39662e-06 8.50969e-06 9.51731e-06 1.04185e-05 1.12118e-05 1.18953e-05 1.24649e-05 1.29141e-05 1.32324e-05 1.34035e-05 
1.76 0.0011486 0.00100991 0.000875317 0.000746728 0.000626392 0.0005169 0.000421239 0.000342852 0.000285723 0.000254472 
1.76 0.00103207 0.00110865 0.00118018 0.00124615 0.00130599 0.00135897 0.00140421 0.00144063 0.00146683 0.00148105 
1.76 2.34267e-05 9.25293e-07 5.60902e-15 5.60902e-15 5.60902e-15 5.60902e-15 5.60902e-15 5.60902e-15 5.60902e-15 5.60902e-15 
1.76 1.33686e-10 1.24705e-10 1.18616e-10 1.14354e-10 1.1132e-10 1.09146e-10 1.07599e-10 1.0653e-10 1.05845e-10 1.055e-10 
1.77 0.000363209 0.000418281 0.000468167 0.000512813 0.000552146 0.00058605 0.000614324 0.000636633 0.000652446 0.000660949 
1.77 0.000755681 0.000713396 0.000670356 0.000627527 0.000586041 0.000547196 0.000512464 0.000483494 0.000462112 0.000450326 
1.77 0.000743289 0.000699195 0.000654562 0.000610351 0.000567685 0.000527855 0.000492326 0.000462741 0.000440932 0.00042892 
1.77 7.4193e-06 8.53629e-06 9.54791e-06 1.04531e-05 1.12502e-05 1.19373e-05 1.25102e-05 1.29621e-05 1.32823e-05 1.34545e-05 
1.77 0.00114999 0.00101153 0.000877159 0.000748779 0.000628631 0.000519302 0.000423778 0.000345497 0.000288443 0.000257231 
1.77 0.00103263 0.0011093 0.00118094 0.00124701 0.00130695 0.00136003 0.00140536 0.00144185 0.00146811 0.00148236 
1.77 2.34267e-05 9.25293e-07 5.60902e-15 5.60902e-15 5.60902e-15 5.60902e-15 5.60902e-15 5.60902e-15 5.60902e-15 5.60902e-15 
1.77 1.33348e-10 1.24389e-10 1.18311e-10 1.14054e-10 1.11021e-10 1.08846e-10 1.07298e-10 1.06226e-10 1.05539e-10 1.05193e-10 
1.78 0.000364317 0.000419581 0.000469662 0.000514502 0.000554024 0.000588104 0.000616535 0.000638976 0.000654886 0.000663442 
1.78 0.000756989 0.000714927 0.00067211 0.000629498 0.000588217 0.00054956 0.000514993 0.000486158 0.000464874 0.000453142 
1.78 0.000744539 0.000700658 0.000656237 0.000612233 0.000569763 0.000530112 0.000494739 0.000465283 0.000443567 0.000431606 
1.78 7.44186e-06 8.56275e-06 9.57835e-06 1.04875e-05 1.12885e-05 1.19791e-05 1.25552e-05 1.30098e-05 1.3332e-05 1.35053e-05 
1.78 0.00115137 0.00101314 0.00087899 0.000750817 0.000630857 0.000521693 0.000426305 0.000348132 0.000291152 0.000259981 
1.78 0.00103318 0.00110995 0.00118169 0.00124787 0.00130791 0.00136108 0.0014065 0.00144307 0.00146938 0.00148366 
1.78 2.34267e-05 9.25293e-07 5.60902e-15 5.60902e-15 5.60902e-15 5.60902e-15 5.60902e-15 5.60902e-15 5.60902e-15 5.60902e-15 
1.78 1.33014e-10 1.24076e-10 1.1801e-10 1.13758e-10 1.10726e-10 1.0855e-10 1.07e-10 1.05926e-10 1.05237e-10 1.0489e-10 
1.79 0.000365419 0.000420874 0.000471149 0.000516183 0.000555892 0.000590147 0.000618735 0.000641307 0.000657313 0.000665922 
1.79 0.000758289 0.000716449 0.000673854 0.000631458 0.000590381 0.000551912 0.00051751 0.000488809 0.000467623 0.000455945 
1.79 0.000745782 0.000702112 0.000657903 0.000614105 0.00057183 0.000532357 0.000497141 0.000467813 0.00044619 0.00043428 
1.79 7.4643e-06 8.58907e-06 9.60863e-06 1.05217e-05 1.13265e-05 1.20207e-05 1.26e-05 1.30572e-05 1.33814e-05 1.35558e-05 
1.79 0.00115274 0.00101474 0.000880809 0.000752843 0.000633071 0.000524071 0.000428821 0.000350756 0.000293852 0.000262721 
1.79 0.00103373 0.0011106 0.00118244 0.00124872 0.00130886 0.00136213 0.00140764 0.00144428 0.00147065 0.00148496 
1.79 2.34267e-05 9.25293e-07 5.60902e-15 5.60902e-15 5.60902e-15 5.60902e-15 5.60902e-15 5.60902e-15 5.60902e-15 5.60902e-15 
1.79 1.32683e-10 1.23767e-10 1.17712e-10 1.13465e-10 1.10434e-10 1.08257e-10 1.06705e-10 1.0563e-10 1.04939e-10 1.0459e-10 
1.80 0.000366515 0.00042216 0.000472628 0.000517854 0.00055775 0.000592179 0.000620924 0.000643626 0.000659728 0.00066839 
1.80 0.000759582 0.000717963 0.000675588 0.000633407 0.000592534 0.000554252 0.000520014 0.000491447 0.000470359 0.000458735 
1.80 0.000747017 0.000703558 0.000659559 0.000615966 0.000573886 0.000534591 0.000499531 0.00047033 0.000448801 0.000436942 
1.80 7.48662e-06 8.61525e-06 9.63874e-06 1.05557e-05 1.13643e-05 1.20621e-05 1.26445e-05 1.31044e-05 1.34306e-05 1.3606e-05 
1.80 0.0011541 0.00101633 0.000882617 0.000754857 0.000635273 0.000526438 0.000431325 0.000353369 0.000296541 0.000265451 
1.80 0.00103428 0.00111125 0.00118318 0.00124957 0.00130981 0.00136317 0.00140877 0.00144548 0.00147191 0.00148625 
1.80 2.34267e-05 9.25293e-07 5.60902e-15 5.60902e-15 5.60902e-15 5.60902e-15 5.60902e-15 5.60902e-15 5.60902e-15 5.60902e-15 
1.80 1.32356e-10 1.23462e-10 1.17417e-10 1.13175e-10 1.10146e-10 1.07969e-10 1.06415e-10 1.05337e-10 1.04644e-10 1.04295e-10 
1.81 0.000367606 0.000423439 0.0004741 0.000519517 0.000559598 0.000594201 0.0006231 0.000645933 0.00066213 0.000670845 
1.81 0.000760867 0.000719468 0.000677312 0.000635345 0.000594676 0.00055658 0.000522505 0.000494073 0.000473083 0.000461512 
1.81 0.000748245 0.000704995 0.000661206 0.000617817 0.000575931 0.000536814 0.000501909 0.000472836 0.000451399 0.000439591 
1.81 7.50882e-06 8.64129e-06 9.66869e-06 1.05895e-05 1.14019e-05 1.21033e-05 1.26888e-05 1.31514e-05 1.34795e-05 1.3656e-05 
1.81 0.00115545 0.00101791 0.000884414 0.000756859 0.000637463 0.000528793 0.000433818 0.000355971 0.00029922 0.000268171 
1.81 0.00103483 0.00111189 0.00118392 0.00125041 0.00131075 0.00136421 0.00140989 0.00144668 0.00147316 0.00148753 
1.81 2.34267e-05 9.25293e-07 5.60902e-15 5.60902e-15 5.60902e-15 5.60902e-15 5.60902e-15 5.60902e-15 5.60902e-15 5.60902e-15 
1.81 1.32034e-10 1.23161e-10 1.17126e-10 1.12889e-10 1.09861e-10 1.07683e-10 1.06128e-10 1.05047e-10 1.04353e-10 1.04003e-10 
1.82 0.00036869 0.000424711 0.000475563 0.000521171 0.000561436 0.000596212 0.000625266 0.000648227 0.00066452 0.000673287 
1.82 0.000762145 0.000720964 0.000679026 0.000637273 0.000596806 0.000558896 0.000524984 0.000496686 0.000475794 0.000464276 
1.82 0.000749466 0.000706424 0.000662844 0.000619658 0.000577965 0.000539025 0.000504275 0.000475329 0.000453985 0.000442228 
1.82 7.5309e-06 8.66719e-06 9.69848e-06 1.06232e-05 1.14393e-05 1.21442e-05 1.27329e-05 1.31981e-05 1.35282e-05 1.37057e-05 
1.82 0.00115679 0.00101948 0.0008862 0.00075885 0.000639641 0.000531136 0.0004363 0.000358562 0.000301889 0.000270881 
1.82 0.00103537 0.00111253 0.00118466 0.00125125 0.00131169 0.00136524 0.00141101 0.00144787 0.0014744 0.0014888 
1.82 2.34267e-05 9.25293e-07 5.60902e-15 5.60902e-15 5.60902e-15 5.60902e-15 5.60902e-15 5.60902e-15 5.60902e-15 5.60902e-15 
1.82 1.31715e-10 1.22862e-10 1.16838e-10 1.12606e-10 1.0958e-10 1.07401e-10 1.05844e-10 1.04762e-10 1.04066e-10 1.03714e-10 
1.83 0.000369769 0.000425976 0.000477019 0.000522816 0.000563265 0.000598213 0.000627421 0.00065051 0.000666898 0.000675717 
1.83 0.000763416 0.000722451 0.000680731 0.00063919 0.000598925 0.0005612 0.000527451 0.000499287 0.000478492 0.000467027 
1.83 0.00075068 0.000707845 0.000664472 0.000621489 0.000579988 0.000541225 0.000506629 0.000477811 0.000456559 0.000444853 
1.83 7.55286e-06 8.69296e-06 9.72811e-06 1.06567e-05 1.14766e-05 1.21849e-05 1.27768e-05 1.32446e-05 1.35766e-05 1.37552e-05 
1.83 0.00115813 0.00102104 0.000887975 0.000760829 0.000641807 0.000533467 0.00043877 0.000361142 0.000304547 0.000273582 
1.83 0.00103591 0.00111317 0.00118539 0.00125208 0.00131262 0.00136627 0.00141212 0.00144905 0.00147564 0.00149007 
1.83 2.34267e-05 9.25293e-07 5.60902e-15 5.60902e-15 5.60902e-15 5.60902e-15 5.60902e-15 5.60902e-15 5.60902e-15 5.60902e-15 
1.83 1.31399e-10 1.22567e-10 1.16554e-10 1.12327e-10 1.09302e-10 1.07122e-10 1.05563e-10 1.04479e-10 1.03782e-10 1.03429e-10 
1.84 0.000370842 0.000427235 0.000478467 0.000524453 0.000565084 0.000600203 0.000629564 0.000652781 0.000669263 0.000678134 
1.84 0.000764679 0.00072393 0.000682426 0.000641096 0.000601032 0.000563492 0.000529906 0.000501875 0.000481177 0.000469766 
1.84 0.000751887 0.000709258 0.000666091 0.00062331 0.000582 0.000543413 0.000508972 0.00048028 0.000459121 0.000447466 
1.84 7.5747e-06 8.71859e-06 9.75759e-06 1.069e-05 1.15136e-05 1.22254e-05 1.28204e-05 1.32908e-05 1.36247e-05 1.38044e-05 
1.84 0.00115946 0.00102259 0.000889739 0.000762797 0.000643961 0.000535786 0.000441229 0.000363712 0.000307195 0.000276272 
1.84 0.00103645 0.0011138 0.00118612 0.00125291 0.00131355 0.00136729 0.00141323 0.00145023 0.00147687 0.00149133 
1.84 2.34267e-05 9.25293e-07 5.60902e-15 5.60902e-15 5.60902e-15 5.60902e-15 5.60902e-15 5.60902e-15 5.60902e-15 5.60902e-15 
1.84 1.31087e-10 1.22276e-10 1.16273e-10 1.1205e-10 1.09027e-10 1.06847e-10 1.05286e-10 1.042e-10 1.03501e-10 1.03147e-10 
1.85 0.000371909 0.000428487 0.000479907 0.00052608 0.000566893 0.000602183 0.000631696 0.00065504 0.000671615 0.000680539 
1.85 0.000765935 0.0007254 0.000684111 0.000642992 0.000603128 0.000565773 0.000532348 0.00050445 0.00048385 0.000472492 
1.85 0.000753087 0.000710663 0.000667701 0.000625121 0.000584002 0.00054559 0.000511303 0.000482738 0.000461671 0.000450066 
1.85 7.59643e-06 8.74408e-06 9.78691e-06 1.07231e-05 1.15504e-05 1.22657e-05 1.28638e-05 1.33368e-05 1.36726e-05 1.38534e-05 
1.85 0.00116078 0.00102413 0.000891492 0.000764753 0.000646104 0.000538094 0.000443677 0.000366271 0.000309833 0.000278952 
1.85 0.00103699 0.00111443 0.00118685 0.00125374 0.00131447 0.00136831 0.00141433 0.0014514 0.00147809 0.00149258 
1.85 2.34267e-05 9.25293e-07 5.60902e-15 5.60902e-15 5.60902e-15 5.60902e-15 5.60902e-15 5.60902e-15 5.60902e-15 5.60902e-15 
1.85 1.30778e-10 1.21987e-10 1.15995e-10 1.11777e-10 1.08755e-10 1.06575e-10 1.05013e-10 1.03925e-10 1.03224e-10 1.02869e-10 
1.86 0.000372971 0.000429732 0.00048134 0.000527699 0.000568693 0.000604152 0.000633817 0.000657288 0.000673956 0.000682932 
1.86 0.000767183 0.000726862 0.000685787 0.000644877 0.000605213 0.000568042 0.000534778 0.000507013 0.00048651 0.000475205 
1.86 0.00075428 0.00071206 0.000669302 0.000626922 0.000585993 0.000547756 0.000513623 0.000485184 0.000464209 0.000452654 
1.86 7.61804e-06 8.76943e-06 9.81607e-06 1.07561e-05 1.15871e-05 1.23058e-05 1.2907e-05 1.33826e-05 1.37203e-05 1.39021e-05 
1.86 0.00116209 0.00102566 0.000893235 0.000766698 0.000648235 0.00054039 0.000446113 0.000368819 0.00031246 0.000281622 
1.86 0.00103752 0.00111506 0.00118757 0.00125456 0.00131539 0.00136932 0.00141542 0.00145257 0.00147931 0.00149383 
1.86 2.34267e-05 9.25293e-07 5.60902e-15 5.60902e-15 5.60902e-15 5.60902e-15 5.60902e-15 5.60902e-15 5.60902e-15 5.60902e-15 
1.86 1.30474e-10 1.21702e-10 1.1572e-10 1.11508e-10 1.08487e-10 1.06306e-10 1.04742e-10 1.03653e-10 1.0295e-10 1.02594e-10 
1.87 0.000374027 0.000430971 0.000482765 0.00052931 0.000570484 0.000606111 0.000635927 0.000659523 0.000676285 0.000685312 
1.87 0.000768424 0.000728316 0.000687454 0.000646752 0.000607287 0.000570299 0.000537196 0.000509564 0.000489157 0.000477905 
1.87 0.000755466 0.000713449 0.000670894 0.000628713 0.000587973 0.00054991 0.000515931 0.000487618 0.000466735 0.00045523 
1.87 7.63953e-06 8.79465e-06 9.84508e-06 1.07889e-05 1.16236e-05 1.23457e-05 1.295e-05 1.34281e-05 1.37677e-05 1.39506e-05 
1.87 0.00116339 0.00102718 0.000894967 0.000768632 0.000650354 0.000542675 0.000448538 0.000371356 0.000315077 0.000284282 
1.87 0.00103805 0.00111568 0.00118829 0.00125538 0.0013163 0.00137032 0.00141651 0.00145373 0.00148052 0.00149507 
1.87 2.34267e-05 9.25293e-07 5.60902e-15 5.60902e-15 5.60902e-15 5.60902e-15 5.60902e-15 5.60902e-15 5.60902e-15 5.60902e-15 
1.87 1.30171e-10 1.21421e-10 1.15448e-10 1.11241e-10 1.08221e-10 1.0604e-10 1.04475e-10 1.03384e-10 1.0268e-10 1.02323e-10 
1.88 0.000375077 0.000432203 0.000484183 0.000530912 0.000572264 0.00060806 0.000638026 0.000661748 0.000678602 0.00068768 
1.88 0.000769658 0.000729761 0.000689111 0.000648617 0.00060935 0.000572544 0.000539602 0.000512102 0.000491792 0.000480593 
1.88 0.000756645 0.00071483 0.000672477 0.000630494 0.000589943 0.000552053 0.000518227 0.00049004 0.000469249 0.000457794 
1.88 7.66091e-06 8.81973e-06 9.87394e-06 1.08215e-05 1.16599e-05 1.23854e-05 1.29927e-05 1.34734e-05 1.38149e-05 1.39988e-05 
1.88 0.00116468 0.00102869 0.000896689 0.000770554 0.000652462 0.000544948 0.000450952 0.000373882 0.000317683 0.000286931 
1.88 0.00103858 0.0011163 0.00118901 0.00125619 0.00131721 0.00137132 0.00141759 0.00145488 0.00148172 0.0014963 
1.88 2.34267e-05 9.25293e-07 5.60902e-15 5.60902e-15 5.60902e-15 5.60902e-15 5.60902e-15 5.60902e-15 5.60902e-15 5.60902e-15 
1.88 1.29873e-10 1.21141e-10 1.1518e-10 1.10977e-10 1.07959e-10 1.05777e-10 1.04211e-10 1.03118e-10 1.02412e-10 1.02055e-10 
1.89 0.000376122 0.000433429 0.000485592 0.000532506 0.000574036 0.000609999 0.000640114 0.00066396 0.000680907 0.000690036 
1.89 0.000770885 0.000731198 0.000690759 0.000650472 0.000611402 0.000574778 0.000541996 0.000514628 0.000494414 0.000483268 
1.89 0.000757817 0.000716203 0.000674051 0.000632265 0.000591902 0.000554186 0.000520512 0.00049245 0.000471751 0.000460346 
1.89 7.68218e-06 8.84468e-06 9.90264e-06 1.08539e-05 1.1696e-05 1.24249e-05 1.30352e-05 1.35185e-05 1.38618e-05 1.40468e-05 
1.89 0.00116597 0.00103019 0.0008984 0.000772466 0.000654559 0.000547209 0.000453354 0.000376397 0.000320278 0.00028957 
1.89 0.0010391 0.00111692 0.00118972 0.001257 0.00131811 0.00137231 0.00141867 0.00145602 0.00148292 0.00149753 
1.89 2.34267e-05 9.25293e-07 5.60902e-15 5.60902e-15 5.60902e-15 5.60902e-15 5.60902e-15 5.60902e-15 5.60902e-15 5.60902e-15 
1.89 1.29578e-10 1.20866e-10 1.14914e-10 1.10716e-10 1.077e-10 1.05518e-10 1.0395e-10 1.02855e-10 1.02148e-10 1.01789e-10 
1.90 0.000377161 0.000434648 0.000486995 0.00053409 0.000575799 0.000611928 0.000642191 0.000666162 0.0006832 0.00069238 
1.90 0.000772105 0.000732627 0.000692398 0.000652317 0.000613443 0.000577 0.000544378 0.000517141 0.000497024 0.00048593 
1.90 0.000758983 0.000717568 0.000675617 0.000634027 0.000593851 0.000556307 0.000522785 0.000494849 0.000474241 0.000462886 
1.90 7.70333e-06 8.8695e-06 9.93119e-06 1.08862e-05 1.17319e-05 1.24642e-05 1.30775e-05 1.35633e-05 1.39085e-05 1.40945e-05 
1.90 0.00116725 0.00103168 0.000900101 0.000774366 0.000656644 0.000549459 0.000455745 0.000378901 0.000322863 0.000292198 
1.90 0.00103962 0.00111753 0.00119043 0.0012578 0.00131901 0.0013733 0.00141974 0.00145716 0.00148411 0.00149875 
1.90 2.34267e-05 9.25293e-07 5.60902e-15 5.60902e-15 5.60902e-15 5.60902e-15 5.60902e-15 5.60902e-15 5.60902e-15 5.60902e-15 
1.90 1.29285e-10 1.20593e-10 1.14651e-10 1.10458e-10 1.07443e-10 1.0526e-10 1.03692e-10 1.02595e-10 1.01887e-10 1.01528e-10 
1.91 0.000378195 0.000435861 0.00048839 0.000535667 0.000577551 0.000613846 0.000644258 0.000668352 0.000685482 0.000694712 
1.91 0.000773318 0.000734048 0.000694028 0.000654152 0.000615473 0.000579211 0.000546748 0.000519642 0.000499621 0.00048858 
1.91 0.000760142 0.000718925 0.000677174 0.000635779 0.000595789 0.000558417 0.000525047 0.000497236 0.000476719 0.000465414 
1.91 7.72437e-06 8.89418e-06 9.95959e-06 1.09183e-05 1.17676e-05 1.25033e-05 1.31196e-05 1.36079e-05 1.3955e-05 1.4142e-05 
1.91 0.00116852 0.00103316 0.000901791 0.000776256 0.000658718 0.000551698 0.000458125 0.000381394 0.000325437 0.000294816 
1.91 0.00104014 0.00111814 0.00119114 0.0012586 0.0013199 0.00137428 0.0014208 0.00145829 0.00148529 0.00149996 
1.91 2.34267e-05 9.25293e-07 5.60902e-15 5.60902e-15 5.60902e-15 5.60902e-15 5.60902e-15 5.60902e-15 5.60902e-15 5.60902e-15 
1.91 1.28996e-10 1.20323e-10 1.14392e-10 1.10203e-10 1.07189e-10 1.05007e-10 1.03437e-10 1.02339e-10 1.01629e-10 1.01269e-10 
1.92 0.000379222 0.000437067 0.000489778 0.000537236 0.000579295 0.000615754 0.000646314 0.000670531 0.000687752 0.000697031 
1.92 0.000774524 0.000735461 0.000695649 0.000655977 0.000617493 0.00058141 0.000549106 0.000522131 0.000502205 0.000491217 
1.92 0.000761294 0.000720275 0.000678722 0.000637522 0.000597717 0.000560517 0.000527298 0.000499611 0.000479185 0.000467931 
1.92 7.7453e-06 8.91873e-06 9.98784e-06 1.09502e-05 1.18031e-05 1.25421e-05 1.31615e-05 1.36523e-05 1.40012e-05 1.41892e-05 
1.92 0.00116978 0.00103463 0.000903471 0.000778135 0.000660781 0.000553926 0.000460494 0.000383876 0.000328 0.000297423 
1.92 0.00104066 0.00111875 0.00119184 0.0012594 0.00132079 0.00137526 0.00142186 0.00145942 0.00148647 0.00150116 
1.92 2.34267e-05 9.25293e-07 5.60902e-15 5.60902e-15 5.60902e-15 5.60902e-15 5.60902e-15 5.60902e-15 5.60902e-15 5.60902e-15 
1.92 1.28711e-10 1.20056e-10 1.14135e-10 1.09951e-10 1.06938e-10 1.04756e-10 1.03184e-10 1.02085e-10 1.01373e-10 1.01013e-10 
1.93 0.000380245 0.000438267 0.000491158 0.000538796 0.00058103 0.000617653 0.000648359 0.000672698 0.000690009 0.000699339 
1.93 0.000775724 0.000736866 0.00069726 0.000657792 0.000619502 0.000583598 0.000551452 0.000524608 0.000504777 0.000493842 
1.93 0.00076244 0.000721617 0.000680261 0.000639255 0.000599635 0.000562606 0.000529537 0.000501974 0.00048164 0.000470435 
1.93 7.76612e-06 8.94315e-06 1.00159e-05 1.0982e-05 1.18384e-05 1.25808e-05 1.32031e-05 1.36964e-05 1.40472e-05 1.42362e-05 
1.93 0.00117103 0.00103609 0.000905141 0.000780003 0.000662833 0.000556142 0.000462852 0.000386347 0.000330553 0.00030002 
1.93 0.00104117 0.00111935 0.00119254 0.00126019 0.00132168 0.00137623 0.00142291 0.00146054 0.00148764 0.00150236 
1.93 2.34267e-05 9.25293e-07 5.60902e-15 5.60902e-15 5.60902e-15 5.60902e-15 5.60902e-15 5.60902e-15 5.60902e-15 5.60902e-15 
1.93 1.28428e-10 1.19792e-10 1.13881e-10 1.09701e-10 1.06691e-10 1.04508e-10 1.02935e-10 1.01834e-10 1.01121e-10 1.0076e-10 
1.94 0.000381262 0.00043946 0.000492531 0.000540348 0.000582756 0.000619542 0.000650393 0.000674854 0.000692255 0.000701635 
1.94 0.000776917 0.000738263 0.000698863 0.000659597 0.0006215 0.000585775 0.000553786 0.000527072 0.000507337 0.000496454 
1.94 0.000763579 0.000722951 0.000681792 0.000640978 0.000601543 0.000564684 0.000531765 0.000504326 0.000484083 0.000472928 
1.94 7.78682e-06 8.96744e-06 1.00439e-05 1.10136e-05 1.18735e-05 1.26192e-05 1.32445e-05 1.37403e-05 1.40929e-05 1.42829e-05 
1.94 0.00117227 0.00103754 0.0009068 0.00078186 0.000664873 0.000558347 0.000465198 0.000388807 0.000333095 0.000302606 
1.94 0.00104168 0.00111995 0.00119323 0.00126098 0.00132256 0.0013772 0.00142396 0.00146165 0.0014888 0.00150355 
1.94 2.34267e-05 9.25293e-07 5.60902e-15 5.60902e-15 5.60902e-15 5.60902e-15 5.60902e-15 5.60902e-15 5.60902e-15 5.60902e-15 
1.94 1.28148e-10 1.19531e-10 1.1363e-10 1.09455e-10 1.06446e-10 1.04262e-10 1.02688e-10 1.01586e-10 1.00872e-10 1.0051e-10 
1.95 0.000382274 0.000440647 0.000493897 0.000541892 0.000584473 0.00062142 0.000652417 0.000676999 0.00069449 0.000703919 
1.95 0.000778103 0.000739652 0.000700457 0.000661392 0.000623488 0.00058794 0.000556109 0.000529524 0.000509884 0.000499053 
1.95 0.000764712 0.000724278 0.000683314 0.000642692 0.000603441 0.000566751 0.000533982 0.000506666 0.000486514 0.000475409 
1.95 7.80741e-06 8.99161e-06 1.00717e-05 1.1045e-05 1.19084e-05 1.26574e-05 1.32857e-05 1.3784e-05 1.41384e-05 1.43294e-05 
1.95 0.00117351 0.00103899 0.000908449 0.000783706 0.000666902 0.000560541 0.000467533 0.000391256 0.000335626 0.000305181 
1.95 0.00104219 0.00112055 0.00119392 0.00126176 0.00132344 0.00137816 0.001425 0.00146276 0.00148996 0.00150473 
1.95 2.34267e-05 9.25293e-07 5.60902e-15 5.60902e-15 5.60902e-15 5.60902e-15 5.60902e-15 5.60902e-15 5.60902e-15 5.60902e-15 
1.95 1.27871e-10 1.19272e-10 1.13381e-10 1.09211e-10 1.06203e-10 1.0402e-10 1.02445e-10 1.01341e-10 1.00626e-10 1.00262e-10 
1.96 0.00038328 0.000441828 0.000495256 0.000543428 0.000586181 0.000623289 0.00065443 0.000679133 0.000696713 0.000706191 
1.96 0.000779282 0.000741033 0.000702042 0.000663177 0.000625465 0.000590094 0.00055842 0.000531964 0.000512419 0.00050164 
1.96 0.000765838 0.000725597 0.000684828 0.000644397 0.000605329 0.000568807 0.000536188 0.000508995 0.000488933 0.000477878 
1.96 7.8279e-06 9.01565e-06 1.00994e-05 1.10763e-05 1.19432e-05 1.26955e-05 1.33267e-05 1.38274e-05 1.41837e-05 1.43757e-05 
1.96 0.00117474 0.00104043 0.000910089 0.000785542 0.00066892 0.000562724 0.000469857 0.000393694 0.000338146 0.000307746 
1.96 0.0010427 0.00112115 0.00119461 0.00126254 0.00132431 0.00137912 0.00142604 0.00146386 0.00149111 0.00150591 
1.96 2.34267e-05 9.25293e-07 5.60902e-15 5.60902e-15 5.60902e-15 5.60902e-15 5.60902e-15 5.60902e-15 5.60902e-15 5.60902e-15 
1.96 1.27597e-10 1.19017e-10 1.13135e-10 1.08969e-10 1.05964e-10 1.0378e-10 1.02204e-10 1.01099e-10 1.00382e-10 1.00018e-10 
1.97 0.000384281 0.000443002 0.000496607 0.000544956 0.00058788 0.000625148 0.000656433 0.000681256 0.000698925 0.000708451 
1.97 0.000780454 0.000742407 0.000703618 0.000664953 0.000627431 0.000592237 0.000560719 0.000534392 0.000514942 0.000504215 
1.97 0.000766958 0.000726909 0.000686333 0.000646093 0.000607206 0.000570853 0.000538382 0.000511313 0.00049134 0.000480335 
1.97 7.84828e-06 9.03956e-06 1.01269e-05 1.11074e-05 1.19778e-05 1.27333e-05 1.33675e-05 1.38706e-05 1.42287e-05 1.44217e-05 
1.97 0.00117596 0.00104186 0.00091172 0.000787367 0.000670928 0.000564895 0.00047217 0.000396121 0.000340655 0.0003103 
1.97 0.0010432 0.00112174 0.00119529 0.00126332 0.00132518 0.00138007 0.00142707 0.00146496 0.00149226 0.00150708 
1.97 2.34267e-05 9.25293e-07 5.60902e-15 5.60902e-15 5.60902e-15 5.60902e-15 5.60902e-15 5.60902e-15 5.60902e-15 5.60902e-15 
1.97 1.27327e-10 1.18765e-10 1.12892e-10 1.0873e-10 1.05727e-10 1.03543e-10 1.01966e-10 1.00859e-10 1.00141e-10 9.97762e-11 
1.98 0.000385277 0.00044417 0.00049795 0.000546476 0.00058957 0.000626998 0.000658425 0.000683368 0.000701124 0.0007107 
1.98 0.00078162 0.000743773 0.000705186 0.000666719 0.000629387 0.000594369 0.000563006 0.000536808 0.000517452 0.000506777 
1.98 0.000768071 0.000728214 0.00068783 0.000647779 0.000609074 0.000572888 0.000540565 0.000513619 0.000493736 0.00048278 
1.98 7.86855e-06 9.06335e-06 1.01543e-05 1.11383e-05 1.20122e-05 1.2771e-05 1.34081e-05 1.39136e-05 1.42735e-05 1.44675e-05 
1.98 0.00117717 0.00104328 0.000913341 0.000789182 0.000672925 0.000567056 0.000474472 0.000398537 0.000343154 0.000312843 
1.98 0.00104371 0.00112233 0.00119597 0.00126409 0.00132604 0.00138102 0.00142809 0.00146605 0.0014934 0.00150825 
1.98 2.34267e-05 9.25293e-07 5.60902e-15 5.60902e-15 5.60902e-15 5.60902e-15 5.60902e-15 5.60902e-15 5.60902e-15 5.60902e-15 
1.98 1.2706e-10 1.18514e-10 1.12651e-10 1.08495e-10 1.05492e-10 1.03308e-10 1.0173e-10 1.00622e-10 9.99035e-11 9.95374e-11 
1.99 0.000386267 0.000445332 0.000499287 0.000547987 0.000591251 0.000628838 0.000660407 0.000685469 0.000703313 0.000712937 
1.99 0.000782779 0.000745131 0.000706745 0.000668475 0.000631333 0.00059649 0.000565282 0.000539212 0.00051995 0.000509327 
1.99 0.000769178 0.000729511 0.000689319 0.000649456 0.000610932 0.000574913 0.000542738 0.000515913 0.00049612 0.000485213 
1.99 7.88871e-06 9.08701e-06 1.01815e-05 1.11691e-05 1.20464e-05 1.28085e-05 1.34484e-05 1.39564e-05 1.43181e-05 1.45131e-05 
1.99 0.00117838 0.00104469 0.000914953 0.000790987 0.000674911 0.000569205 0.000476763 0.000400942 0.000345642 0.000315376 
1.99 0.00104421 0.00112292 0.00119665 0.00126486 0.0013269 0.00138196 0.00142911 0.00146713 0.00149453 0.00150941 
1.99 2.34267e-05 9.25293e-07 5.60902e-15 5.60902e-15 5.60902e-15 5.60902e-15 5.60902e-15 5.60902e-15 5.60902e-15 5.60902e-15 
1.99 1.26794e-10 1.18267e-10 1.12413e-10 1.08261e-10 1.0526e-10 1.03076e-10 1.01497e-10 1.00388e-10 9.96682e-11 9.93016e-11 
2.00 0.000387252 0.000446488 0.000500617 0.000549491 0.000592923 0.000630668 0.000662379 0.000687559 0.000705491 0.000715162 
2.00 0.000783932 0.000746482 0.000708295 0.000670222 0.000633268 0.0005986 0.000567546 0.000541604 0.000522436 0.000511864 
2.00 0.000770279 0.000730801 0.0006908 0.000651124 0.00061278 0.000576927 0.000544899 0.000518196 0.000498493 0.000487634 
2.00 7.90877e-06 9.11054e-06 1.02086e-05 1.11997e-05 1.20804e-05 1.28457e-05 1.34886e-05 1.3999e-05 1.43624e-05 1.45584e-05 
2.00 0.00117958 0.00104609 0.000916555 0.000792782 0.000676886 0.000571344 0.000479043 0.000403337 0.000348119 0.000317898 
2.00 0.00104471 0.0011235 0.00119732 0.00126562 0.00132775 0.0013829 0.00143012 0.00146821 0.00149566 0.00151056 
2.00 2.34267e-05 9.25293e-07 5.60902e-15 5.60902e-15 5.60902e-15 5.60902e-15 5.60902e-15 5.60902e-15 5.60902e-15 5.60902e-15 
2.00 1.26532e-10 1.18022e-10 1.12178e-10 1.0803e-10 1.05031e-10 1.02847e-10 1.01267e-10 1.00156e-10 9.94353e-11 9.90682e-11 
2.01 0.000388232 0.000447638 0.00050194 0.000550987 0.000594586 0.000632489 0.000664341 0.000689638 0.000707656 0.000717376 
2.01 0.000785078 0.000747825 0.000709837 0.000671959 0.000635193 0.000600699 0.000569799 0.000543985 0.00052491 0.000514389 
2.01 0.000771374 0.000732084 0.000692272 0.000652783 0.000614618 0.000578931 0.00054705 0.000520468 0.000500854 0.000490044 
2.01 7.92872e-06 9.13395e-06 1.02355e-05 1.12302e-05 1.21143e-05 1.28828e-05 1.35285e-05 1.40413e-05 1.44065e-05 1.46035e-05 
2.01 0.00118077 0.00104748 0.000918148 0.000794567 0.000678851 0.000573472 0.000481312 0.000405721 0.000350585 0.000320409 
2.01 0.0010452 0.00112408 0.00119799 0.00126638 0.0013286 0.00138383 0.00143113 0.00146928 0.00149678 0.00151171 
2.01 2.34267e-05 9.25293e-07 5.60902e-15 5.60902e-15 5.60902e-15 5.60902e-15 5.60902e-15 5.60902e-15 5.60902e-15 5.60902e-15 
2.01 1.26273e-10 1.1778e-10 1.11944e-10 1.07801e-10 1.04804e-10 1.0262e-10 1.01039e-10 9.99274e-11 9.92054e-11 9.88374e-11 
2.02 0.000389207 0.000448782 0.000503256 0.000552474 0.00059624 0.000634299 0.000666292 0.000691706 0.000709811 0.000719579 
2.02 0.000786218 0.000749161 0.00071137 0.000673687 0.000637108 0.000602787 0.000572041 0.000546354 0.000527372 0.000516902 
2.02 0.000772463 0.000733359 0.000693736 0.000654434 0.000616446 0.000580924 0.00054919 0.000522729 0.000503203 0.000492442 
2.02 7.94856e-06 9.15723e-06 1.02623e-05 1.12605e-05 1.2148e-05 1.29197e-05 1.35682e-05 1.40834e-05 1.44504e-05 1.46483e-05 
2.02 0.00118195 0.00104886 0.000919731 0.000796342 0.000680805 0.000575589 0.00048357 0.000408093 0.00035304 0.000322909 
2.02 0.00104569 0.00112466 0.00119866 0.00126714 0.00132944 0.00138476 0.00143213 0.00147035 0.00149789 0.00151285 
2.02 2.34267e-05 9.25293e-07 5.60902e-15 5.60902e-15 5.60902e-15 5.60902e-15 5.60902e-15 5.60902e-15 5.60902e-15 5.60902e-15 
2.02 1.26015e-10 1.1754e-10 1.11714e-10 1.07575e-10 1.0458e-10 1.02395e-10 1.00814e-10 9.97008e-11 9.89778e-11 9.86093e-11 
2.03 0.000390177 0.00044992 0.000504565 0.000553954 0.000597886 0.000636101 0.000668233 0.000693764 0.000711955 0.000721769 
2.03 0.000787351 0.000750489 0.000712895 0.000675406 0.000639013 0.000604864 0.000574271 0.000548711 0.000529822 0.000519403 
2.03 0.000773546 0.000734628 0.000695192 0.000656075 0.000618264 0.000582907 0.000551319 0.000524978 0.000505541 0.000494828 
2.03 7.9683e-06 9.18039e-06 1.02889e-05 1.12906e-05 1.21815e-05 1.29564e-05 1.36077e-05 1.41253e-05 1.4494e-05 1.46929e-05 
2.03 0.00118313 0.00105024 0.000921304 0.000798107 0.000682749 0.000577695 0.000485817 0.000410455 0.000355484 0.000325398 
2.03 0.00104618 0.00112524 0.00119932 0.00126789 0.00133028 0.00138568 0.00143313 0.00147141 0.001499 0.00151398 
2.03 2.34267e-05 9.25293e-07 5.60902e-15 5.60902e-15 5.60902e-15 5.60902e-15 5.60902e-15 5.60902e-15 5.60902e-15 5.60902e-15 
2.03 1.25761e-10 1.17303e-10 1.11486e-10 1.07352e-10 1.04358e-10 1.02173e-10 1.00591e-10 9.9477e-11 9.87526e-11 9.83837e-11 
2.04 0.000391141 0.000451051 0.000505867 0.000555426 0.000599523 0.000637893 0.000670164 0.000695811 0.000714088 0.000723949 
2.04 0.000788478 0.00075181 0.000714411 0.000677115 0.000640907 0.00060693 0.00057649 0.000551056 0.00053226 0.000521891 
2.04 0.000774622 0.000735889 0.00069664 0.000657707 0.000620073 0.00058488 0.000553437 0.000527216 0.000507867 0.000497203 
2.04 7.98793e-06 9.20342e-06 1.03154e-05 1.13206e-05 1.22148e-05 1.29929e-05 1.3647e-05 1.4167e-05 1.45374e-05 1.47373e-05 
2.04 0.0011843 0.00105161 0.000922869 0.000799862 0.000684682 0.00057979 0.000488053 0.000412806 0.000357918 0.000327877 
2.04 0.00104667 0.00112581 0.00119998 0.00126864 0.00133111 0.0013866 0.00143412 0.00147247 0.0015001 0.00151511 
2.04 2.34267e-05 9.25293e-07 5.60902e-15 5.60902e-15 5.60902e-15 5.60902e-15 5.60902e-15 5.60902e-15 5.60902e-15 5.60902e-15 
2.04 1.25509e-10 1.17068e-10 1.1126e-10 1.0713e-10 1.04138e-10 1.01954e-10 1.0037e-10 9.92554e-11 9.85301e-11 9.81603e-11 
2.05 0.0003921 0.000452177 0.000507163 0.00055689 0.000601152 0.000639676 0.000672085 0.000697847 0.000716209 0.000726118 
2.05 0.000789599 0.000753123 0.000715919 0.000678815 0.000642792 0.000608986 0.000578698 0.000553389 0.000534685 0.000524367 
2.05 0.000775692 0.000737143 0.00069808 0.000659331 0.000621872 0.000586843 0.000555544 0.000529443 0.000510182 0.000499566 
2.05 8.00746e-06 9.22633e-06 1.03418e-05 1.13504e-05 1.2248e-05 1.30292e-05 1.36861e-05 1.42084e-05 1.45806e-05 1.47814e-05 
2.05 0.00118546 0.00105297 0.000924425 0.000801607 0.000686605 0.000581875 0.000490278 0.000415146 0.000360341 0.000330345 
2.05 0.00104715 0.00112638 0.00120064 0.00126938 0.00133194 0.00138751 0.00143511 0.00147352 0.0015012 0.00151623 
2.05 2.34267e-05 9.25293e-07 5.60902e-15 5.60902e-15 5.60902e-15 5.60902e-15 5.60902e-15 5.60902e-15 5.60902e-15 5.60902e-15 
2.05 1.2526e-10 1.16836e-10 1.11036e-10 1.06911e-10 1.0392e-10 1.01737e-10 1.00152e-10 9.90365e-11 9.831e-11 9.79397e-11 
2.06 0.000393054 0.000453297 0.000508452 0.000558347 0.000602772 0.000641449 0.000673996 0.000699873 0.000718319 0.000728275 
2.06 0.000790714 0.000754429 0.000717419 0.000680506 0.000644666 0.000611031 0.000580894 0.000555711 0.000537098 0.000526831 
2.06 0.000776756 0.000738391 0.000699513 0.000660946 0.000623662 0.000588795 0.00055764 0.000531659 0.000512485 0.000501918 
2.06 8.02688e-06 9.24913e-06 1.0368e-05 1.13801e-05 1.2281e-05 1.30653e-05 1.3725e-05 1.42496e-05 1.46236e-05 1.48253e-05 
2.06 0.00118662 0.00105432 0.000925971 0.000803342 0.000688518 0.000583949 0.000492493 0.000417475 0.000362753 0.000332802 
2.06 0.00104763 0.00112695 0.00120129 0.00127012 0.00133277 0.00138842 0.00143609 0.00147456 0.00150229 0.00151735 
2.06 2.34267e-05 9.25293e-07 5.60902e-15 5.60902e-15 5.60902e-15 5.60902e-15 5.60902e-15 5.60902e-15 5.60902e-15 5.60902e-15 
2.06 1.25013e-10 1.16606e-10 1.10815e-10 1.06694e-10 1.03705e-10 1.01522e-10 9.99368e-11 9.88199e-11 9.80925e-11 9.77214e-11 
2.07 0.000394003 0.00045441 0.000509733 0.000559796 0.000604384 0.000643213 0.000675897 0.000701888 0.000720419 0.00073042 
2.07 0.000791822 0.000755728 0.000718911 0.000682188 0.000646531 0.000613065 0.000583079 0.000558021 0.0005395 0.000529283 
2.07 0.000777815 0.000739632 0.000700938 0.000662552 0.000625443 0.000590737 0.000559726 0.000533864 0.000514777 0.000504258 
2.07 8.0462e-06 9.2718e-06 1.03941e-05 1.14096e-05 1.23138e-05 1.31012e-05 1.37637e-05 1.42906e-05 1.46663e-05 1.4869e-05 
2.07 0.00118777 0.00105566 0.000927509 0.000805067 0.00069042 0.000586012 0.000494697 0.000419793 0.000365154 0.000335248 
2.07 0.00104811 0.00112751 0.00120194 0.00127086 0.00133359 0.00138932 0.00143707 0.0014756 0.00150337 0.00151846 
2.07 2.34267e-05 9.25293e-07 5.60902e-15 5.60902e-15 5.60902e-15 5.60902e-15 5.60902e-15 5.60902e-15 5.60902e-15 5.60902e-15 
2.07 1.24769e-10 1.16379e-10 1.10596e-10 1.0648e-10 1.03493e-10 1.01309e-10 9.97234e-11 9.86053e-11 9.78772e-11 9.75058e-11 
2.08 0.000394947 0.000455518 0.000511008 0.000561238 0.000605987 0.000644968 0.000677788 0.000703893 0.000722508 0.000732555 
2.08 0.000792924 0.00075702 0.000720394 0.000683861 0.000648386 0.000615089 0.000585253 0.000560319 0.00054189 0.000531723 
2.08 0.000778868 0.000740866 0.000702355 0.000664149 0.000627214 0.000592669 0.000561801 0.000536058 0.000517058 0.000506586 
2.08 8.06542e-06 9.29435e-06 1.04201e-05 1.14389e-05 1.23464e-05 1.31369e-05 1.38022e-05 1.43314e-05 1.47088e-05 1.49125e-05 
2.08 0.00118891 0.001057 0.000929037 0.000806783 0.000692312 0.000588065 0.00049689 0.0004221 0.000367544 0.000337683 
2.08 0.00104859 0.00112807 0.00120259 0.00127159 0.00133441 0.00139022 0.00143804 0.00147663 0.00150445 0.00151956 
2.08 2.34267e-05 9.25293e-07 5.60902e-15 5.60902e-15 5.60902e-15 5.60902e-15 5.60902e-15 5.60902e-15 5.60902e-15 5.60902e-15 
2.08 1.24528e-10 1.16153e-10 1.1038e-10 1.06268e-10 1.03282e-10 1.01099e-10 9.95125e-11 9.83934e-11 9.76641e-11 9.72923e-11 
2.09 0.000395886 0.00045662 0.000512276 0.000562671 0.000607582 0.000646714 0.000679669 0.000705887 0.000724586 0.000734679 
2.09 0.00079402 0.000758305 0.00072187 0.000685525 0.000650231 0.000617102 0.000587416 0.000562606 0.000544268 0.000534151 
2.09 0.000779915 0.000742093 0.000703764 0.000665738 0.000628976 0.000594591 0.000563866 0.000538241 0.000519328 0.000508903 
2.09 8.08454e-06 9.31679e-06 1.04459e-05 1.14681e-05 1.23789e-05 1.31724e-05 1.38405e-05 1.4372e-05 1.47511e-05 1.49557e-05 
2.09 0.00119004 0.00105833 0.000930557 0.000808489 0.000694194 0.000590107 0.000499072 0.000424396 0.000369923 0.000340107 
2.09 0.00104907 0.00112863 0.00120323 0.00127232 0.00133522 0.00139112 0.00143901 0.00147766 0.00150552 0.00152066 
2.09 2.34267e-05 9.25293e-07 5.60902e-15 5.60902e-15 5.60902e-15 5.60902e-15 5.60902e-15 5.60902e-15 5.60902e-15 5.60902e-15 
2.09 1.24289e-10 1.1593e-10 1.10166e-10 1.06058e-10 1.03074e-10 1.00891e-10 9.93037e-11 9.81835e-11 9.74534e-11 9.70809e-11 
2.10 0.00039682 0.000457716 0.000513538 0.000564097 0.000609168 0.000648451 0.00068154 0.000707871 0.000726653 0.000736792 
2.10 0.00079511 0.000759583 0.000723337 0.00068718 0.000652066 0.000619105 0.000589568 0.000564881 0.000546634 0.000536567 
2.10 0.000780956 0.000743313 0.000705165 0.000667318 0.000630728 0.000596504 0.00056592 0.000540413 0.000521586 0.000511209 
2.10 8.10356e-06 9.33911e-06 1.04716e-05 1.14971e-05 1.24112e-05 1.32077e-05 1.38786e-05 1.44124e-05 1.47932e-05 1.49987e-05 
2.10 0.00119117 0.00105965 0.000932068 0.000810186 0.000696066 0.000592139 0.000501243 0.000426681 0.000372291 0.000342521 
2.10 0.00104954 0.00112918 0.00120387 0.00127305 0.00133603 0.00139201 0.00143997 0.00147868 0.00150659 0.00152175 
2.10 2.34267e-05 9.25293e-07 5.60902e-15 5.60902e-15 5.60902e-15 5.60902e-15 5.60902e-15 5.60902e-15 5.60902e-15 5.60902e-15 
2.10 1.24053e-10 1.15709e-10 1.09953e-10 1.0585e-10 1.02868e-10 1.00685e-10 9.90975e-11 9.79762e-11 9.7245e-11 9.68721e-11 
2.11 0.00039775 0.000458806 0.000514792 0.000565516 0.000610746 0.000650179 0.000683402 0.000709844 0.000728709 0.000738894 
2.11 0.000796194 0.000760853 0.000724797 0.000688826 0.000653892 0.000621098 0.000591709 0.000567145 0.000548988 0.000538971 
2.11 0.000781991 0.000744526 0.000706559 0.00066889 0.000632471 0.000598406 0.000567964 0.000542574 0.000523833 0.000513503 
2.11 8.12248e-06 9.36131e-06 1.04971e-05 1.1526e-05 1.24433e-05 1.32429e-05 1.39165e-05 1.44526e-05 1.4835e-05 1.50415e-05 
2.11 0.00119229 0.00106096 0.000933571 0.000811873 0.000697928 0.000594161 0.000503404 0.000428956 0.000374648 0.000344924 
2.11 0.00105001 0.00112973 0.00120451 0.00127377 0.00133684 0.00139289 0.00144093 0.0014797 0.00150765 0.00152284 
2.11 2.34267e-05 9.25293e-07 5.60902e-15 5.60902e-15 5.60902e-15 5.60902e-15 5.60902e-15 5.60902e-15 5.60902e-15 5.60902e-15 
2.11 1.23818e-10 1.15491e-10 1.09743e-10 1.05644e-10 1.02664e-10 1.00481e-10 9.88931e-11 9.77709e-11 9.7039e-11 9.66654e-11 
2.12 0.000398674 0.000459891 0.00051604 0.000566927 0.000612316 0.000651897 0.000685254 0.000711807 0.000730755 0.000740985 
2.12 0.000797272 0.000762117 0.000726248 0.000690463 0.000655708 0.00062308 0.000593839 0.000569398 0.000551331 0.000541363 
2.12 0.000783021 0.000745733 0.000707945 0.000670454 0.000634205 0.000600299 0.000569997 0.000544724 0.000526069 0.000515786 
2.12 8.1413e-06 9.38339e-06 1.05225e-05 1.15547e-05 1.24753e-05 1.32779e-05 1.39542e-05 1.44926e-05 1.48767e-05 1.50841e-05 
2.12 0.0011934 0.00106226 0.000935065 0.000813551 0.00069978 0.000596172 0.000505554 0.00043122 0.000376995 0.000347316 
2.12 0.00105048 0.00113028 0.00120514 0.00127449 0.00133764 0.00139377 0.00144188 0.00148071 0.00150871 0.00152392 
2.12 2.34267e-05 9.25293e-07 5.60902e-15 5.60902e-15 5.60902e-15 5.60902e-15 5.60902e-15 5.60902e-15 5.60902e-15 5.60902e-15 
2.12 1.23586e-10 1.15274e-10 1.09536e-10 1.05441e-10 1.02462e-10 1.0028e-10 9.86911e-11 9.75681e-11 9.68351e-11 9.64612e-11 
2.13 0.000399593 0.000460969 0.000517282 0.000568331 0.000613877 0.000653607 0.000687096 0.00071376 0.000732789 0.000743065 
2.13 0.000798344 0.000763374 0.000727692 0.000692092 0.000657514 0.000625052 0.000595958 0.000571639 0.000553662 0.000543743 
2.13 0.000784045 0.000746933 0.000709324 0.000672009 0.00063593 0.000602182 0.00057202 0.000546863 0.000528294 0.000518058 
2.13 8.16002e-06 9.40535e-06 1.05478e-05 1.15833e-05 1.25071e-05 1.33127e-05 1.39917e-05 1.45324e-05 1.49181e-05 1.51265e-05 
2.13 0.00119451 0.00106356 0.000936549 0.000815219 0.000701622 0.000598173 0.000507694 0.000433473 0.000379331 0.000349697 
2.13 0.00105094 0.00113083 0.00120577 0.0012752 0.00133844 0.00139465 0.00144283 0.00148172 0.00150976 0.00152499 
2.13 2.34267e-05 9.25293e-07 5.60902e-15 5.60902e-15 5.60902e-15 5.60902e-15 5.60902e-15 5.60902e-15 5.60902e-15 5.60902e-15 
2.13 1.23357e-10 1.1506e-10 1.0933e-10 1.05239e-10 1.02262e-10 1.0008e-10 9.8491e-11 9.73672e-11 9.66337e-11 9.6259e-11 
2.14 0.000400508 0.000462042 0.000518516 0.000569728 0.00061543 0.000655307 0.000688929 0.000715703 0.000734813 0.000745135 
2.14 0.00079941 0.000764624 0.000729128 0.000693712 0.000659311 0.000627014 0.000598066 0.000573869 0.000555981 0.000546112 
2.14 0.000785063 0.000748127 0.000710695 0.000673556 0.000637646 0.000604055 0.000574032 0.000548991 0.000530508 0.000520319 
2.14 8.17864e-06 9.4272e-06 1.05729e-05 1.16117e-05 1.25387e-05 1.33473e-05 1.4029e-05 1.45719e-05 1.49593e-05 1.51686e-05 
2.14 0.00119561 0.00106485 0.000938026 0.000816878 0.000703454 0.000600163 0.000509823 0.000435716 0.000381656 0.000352067 
2.14 0.0010514 0.00113137 0.0012064 0.00127591 0.00133923 0.00139552 0.00144377 0.00148272 0.0015108 0.00152606 
2.14 2.34267e-05 9.25293e-07 5.60902e-15 5.60902e-15 5.60902e-15 5.60902e-15 5.60902e-15 5.60902e-15 5.60902e-15 5.60902e-15 
2.14 1.23128e-10 1.14848e-10 1.09126e-10 1.0504e-10 1.02065e-10 9.9883e-11 9.82934e-11 9.71687e-11 9.64341e-11 9.60587e-11 
2.15 0.000401418 0.00046311 0.000519745 0.000571116 0.000616975 0.000656999 0.000690751 0.000717636 0.000736827 0.000747194 
2.15 0.00080047 0.000765867 0.000730556 0.000695323 0.000661098 0.000628965 0.000600163 0.000576087 0.000558289 0.000548469 
2.15 0.000786076 0.000749314 0.000712059 0.000675094 0.000639352 0.000605918 0.000576034 0.000551109 0.00053271 0.000522568 
2.15 8.19716e-06 9.44893e-06 1.05979e-05 1.164e-05 1.25701e-05 1.33817e-05 1.40661e-05 1.46112e-05 1.50003e-05 1.52105e-05 
2.15 0.00119671 0.00106613 0.000939494 0.000818528 0.000705276 0.000602143 0.000511941 0.000437948 0.00038397 0.000354426 
2.15 0.00105186 0.00113191 0.00120702 0.00127662 0.00134002 0.00139639 0.00144471 0.00148371 0.00151184 0.00152712 
2.15 2.34267e-05 9.25293e-07 5.60902e-15 5.60902e-15 5.60902e-15 5.60902e-15 5.60902e-15 5.60902e-15 5.60902e-15 5.60902e-15 
2.15 1.22903e-10 1.14638e-10 1.08925e-10 1.04842e-10 1.01869e-10 9.96876e-11 9.80975e-11 9.6972e-11 9.62365e-11 9.58607e-11 
2.16 0.000402323 0.000464172 0.000520967 0.000572498 0.000618512 0.000658682 0.000692565 0.000719559 0.000738831 0.000749242 
2.16 0.000801525 0.000767103 0.000731976 0.000696925 0.000662876 0.000630906 0.00060225 0.000578294 0.000560585 0.000550814 
2.16 0.000787083 0.000750495 0.000713415 0.000676624 0.00064105 0.000607771 0.000578026 0.000553216 0.000534902 0.000524806 
2.16 8.21558e-06 9.47054e-06 1.06228e-05 1.16681e-05 1.26014e-05 1.3416e-05 1.4103e-05 1.46503e-05 1.50411e-05 1.52522e-05 
2.16 0.0011978 0.0010674 0.000940954 0.000820169 0.000707089 0.000604113 0.000514049 0.000440169 0.000386274 0.000356775 
2.16 0.00105232 0.00113245 0.00120764 0.00127732 0.00134081 0.00139725 0.00144564 0.0014847 0.00151287 0.00152818 
2.16 2.34267e-05 9.25293e-07 5.60902e-15 5.60902e-15 5.60902e-15 5.60902e-15 5.60902e-15 5.60902e-15 5.60902e-15 5.60902e-15 
2.16 1.2268e-10 1.1443e-10 1.08725e-10 1.04647e-10 1.01676e-10 9.94945e-11 9.79039e-11 9.67771e-11 9.60411e-11 9.56647e-11 
2.17 0.000403223 0.000465228 0.000522183 0.000573873 0.000620041 0.000660356 0.000694369 0.000721471 0.000740824 0.000751279 
2.17 0.000802574 0.000768332 0.000733389 0.000698519 0.000664644 0.000632837 0.000604326 0.00058049 0.00056287 0.000553147 
2.17 0.000788084 0.000751669 0.000714764 0.000678146 0.000642738 0.000609615 0.000580008 0.000555312 0.000537083 0.000527033 
2.17 8.2339e-06 9.49204e-06 1.06475e-05 1.16961e-05 1.26325e-05 1.34501e-05 1.41397e-05 1.46893e-05 1.50817e-05 1.52937e-05 
2.17 0.00119888 0.00106867 0.000942405 0.000821801 0.000708892 0.000606073 0.000516147 0.000442379 0.000388567 0.000359113 
2.17 0.00105278 0.00113299 0.00120826 0.00127802 0.00134159 0.00139811 0.00144657 0.00148568 0.0015139 0.00152923 
2.17 2.34267e-05 9.25293e-07 5.60902e-15 5.60902e-15 5.60902e-15 5.60902e-15 5.60902e-15 5.60902e-15 5.60902e-15 5.60902e-15 
2.17 1.22459e-10 1.14224e-10 1.08527e-10 1.04453e-10 1.01484e-10 9.93031e-11 9.7712e-11 9.65846e-11 9.58476e-11 9.5471e-11 
2.18 0.000404118 0.000466279 0.000523392 0.00057524 0.000621562 0.000662021 0.000696164 0.000723374 0.000742807 0.000753306 
2.18 0.000803617 0.000769555 0.000734794 0.000700104 0.000666403 0.000634758 0.000606391 0.000582675 0.000565143 0.000555469 
2.18 0.00078908 0.000752837 0.000716106 0.00067966 0.000644418 0.000611449 0.00058198 0.000557398 0.000539253 0.000529249 
2.18 8.25212e-06 9.51342e-06 1.06721e-05 1.17239e-05 1.26635e-05 1.3484e-05 1.41763e-05 1.4728e-05 1.51221e-05 1.5335e-05 
2.18 0.00119996 0.00106993 0.000943848 0.000823424 0.000710685 0.000608023 0.000518234 0.000444579 0.000390849 0.00036144 
2.18 0.00105323 0.00113352 0.00120888 0.00127872 0.00134237 0.00139896 0.00144749 0.00148667 0.00151492 0.00153028 
2.18 2.34267e-05 9.25293e-07 5.60902e-15 5.60902e-15 5.60902e-15 5.60902e-15 5.60902e-15 5.60902e-15 5.60902e-15 5.60902e-15 
2.18 1.22241e-10 1.14021e-10 1.08331e-10 1.04262e-10 1.01295e-10 9.91139e-11 9.75224e-11 9.63943e-11 9.56565e-11 9.52793e-11 
2.19 0.000405009 0.000467324 0.000524595 0.0005766 0.000623075 0.000663677 0.000697948 0.000725267 0.000744779 0.000755322 
2.19 0.000804654 0.000770771 0.000736191 0.000701681 0.000668153 0.000636669 0.000608445 0.000584849 0.000567405 0.000557779 
2.19 0.000790071 0.000753998 0.00071744 0.000681166 0.000646089 0.000613274 0.000583941 0.000559473 0.000541412 0.000531454 
2.19 8.27025e-06 9.53469e-06 1.06966e-05 1.17516e-05 1.26943e-05 1.35177e-05 1.42126e-05 1.47666e-05 1.51622e-05 1.5376e-05 
2.19 0.00120103 0.00107118 0.000945283 0.000825038 0.000712469 0.000609963 0.000520311 0.000446768 0.00039312 0.000363756 
2.19 0.00105368 0.00113405 0.00120949 0.00127941 0.00134314 0.00139981 0.00144841 0.00148764 0.00151594 0.00153132 
2.19 2.34267e-05 9.25293e-07 5.60902e-15 5.60902e-15 5.60902e-15 5.60902e-15 5.60902e-15 5.60902e-15 5.60902e-15 5.60902e-15 
2.19 1.22024e-10 1.13819e-10 1.08138e-10 1.04073e-10 1.01107e-10 9.89264e-11 9.73345e-11 9.62057e-11 9.54671e-11 9.50897e-11 
2.20 0.000405895 0.000468364 0.000525791 0.000577953 0.00062458 0.000665325 0.000699724 0.00072715 0.000746741 0.000757328 
2.20 0.000805686 0.00077198 0.000737581 0.000703249 0.000669894 0.00063857 0.000610489 0.000587012 0.000569655 0.000560078 
2.20 0.000791056 0.000755153 0.000718767 0.000682664 0.000647751 0.000615089 0.000585893 0.000561538 0.00054356 0.000533648 
2.20 8.28828e-06 9.55585e-06 1.0721e-05 1.17791e-05 1.27249e-05 1.35512e-05 1.42488e-05 1.48049e-05 1.52022e-05 1.54168e-05 
2.20 0.00120209 0.00107243 0.00094671 0.000826643 0.000714243 0.000611893 0.000522377 0.000448947 0.000395381 0.000366061 
2.20 0.00105413 0.00113458 0.0012101 0.0012801 0.00134391 0.00140065 0.00144932 0.00148861 0.00151695 0.00153235 
2.20 2.34267e-05 9.25293e-07 5.60902e-15 5.60902e-15 5.60902e-15 5.60902e-15 5.60902e-15 5.60902e-15 5.60902e-15 5.60902e-15 
2.20 1.21809e-10 1.13619e-10 1.07946e-10 1.03885e-10 1.00921e-10 9.8741e-11 9.71488e-11 9.6019e-11 9.52799e-11 9.4902e-11 
2.21 0.000406776 0.000469398 0.000526981 0.000579299 0.000626077 0.000666964 0.000701491 0.000729023 0.000748693 0.000759323 
2.21 0.000806712 0.000773183 0.000738963 0.000704809 0.000671625 0.000640462 0.000612523 0.000589164 0.000571894 0.000562365 
2.21 0.000792036 0.000756302 0.000720087 0.000684154 0.000649404 0.000616895 0.000587834 0.000563592 0.000545697 0.000535831 
2.21 8.30622e-06 9.5769e-06 1.07452e-05 1.18065e-05 1.27554e-05 1.35846e-05 1.42848e-05 1.4843e-05 1.52419e-05 1.54574e-05 
2.21 0.00120315 0.00107367 0.00094813 0.000828239 0.000716008 0.000613813 0.000524433 0.000451115 0.000397631 0.000368356 
2.21 0.00105458 0.0011351 0.0012107 0.00128079 0.00134467 0.00140149 0.00145022 0.00148957 0.00151795 0.00153338 
2.21 2.34267e-05 9.25293e-07 5.60902e-15 5.60902e-15 5.60902e-15 5.60902e-15 5.60902e-15 5.60902e-15 5.60902e-15 5.60902e-15 
2.21 1.21597e-10 1.13421e-10 1.07756e-10 1.03699e-10 1.00737e-10 9.85571e-11 9.69646e-11 9.58343e-11 9.50944e-11 9.47159e-11 
2.22 0.000407653 0.000470427 0.000528165 0.000580638 0.000627567 0.000668595 0.000703248 0.000730886 0.000750635 0.000761308 
2.22 0.000807732 0.000774379 0.000740338 0.000706361 0.000673347 0.000642343 0.000614546 0.000591305 0.000574122 0.000564641 
2.22 0.00079301 0.000757444 0.0007214 0.000685635 0.000651049 0.000618691 0.000589766 0.000565636 0.000547823 0.000538003 
2.22 8.32406e-06 9.59784e-06 1.07693e-05 1.18338e-05 1.27857e-05 1.36178e-05 1.43206e-05 1.4881e-05 1.52814e-05 1.54978e-05 
2.22 0.0012042 0.0010749 0.000949542 0.000829827 0.000717764 0.000615723 0.000526479 0.000453273 0.00039987 0.00037064 
2.22 0.00105502 0.00113562 0.0012113 0.00128147 0.00134543 0.00140233 0.00145113 0.00149053 0.00151895 0.0015344 
2.22 2.34267e-05 9.25293e-07 5.60902e-15 5.60902e-15 5.60902e-15 5.60902e-15 5.60902e-15 5.60902e-15 5.60902e-15 5.60902e-15 
2.22 1.21387e-10 1.13225e-10 1.07568e-10 1.03515e-10 1.00554e-10 9.83753e-11 9.67826e-11 9.56513e-11 9.49107e-11 9.4532e-11 
2.23 0.000408525 0.00047145 0.000529343 0.00058197 0.000629048 0.000670217 0.000704996 0.00073274 0.000752567 0.000763283 
2.23 0.000808747 0.000775569 0.000741705 0.000707904 0.00067506 0.000644215 0.000616559 0.000593435 0.000576339 0.000566905 
2.23 0.000793979 0.00075858 0.000722706 0.000687109 0.000652685 0.000620478 0.000591687 0.000567669 0.000549939 0.000540164 
2.23 8.34181e-06 9.61867e-06 1.07933e-05 1.18609e-05 1.28159e-05 1.36508e-05 1.43562e-05 1.49187e-05 1.53207e-05 1.5538e-05 
2.23 0.00120525 0.00107612 0.000950945 0.000831406 0.00071951 0.000617623 0.000528515 0.00045542 0.000402099 0.000372913 
2.23 0.00105546 0.00113614 0.0012119 0.00128215 0.00134619 0.00140316 0.00145203 0.00149148 0.00151994 0.00153542 
2.23 2.34267e-05 9.25293e-07 5.60902e-15 5.60902e-15 5.60902e-15 5.60902e-15 5.60902e-15 5.60902e-15 5.60902e-15 5.60902e-15 
2.23 1.21178e-10 1.13031e-10 1.07381e-10 1.03333e-10 1.00374e-10 9.81956e-11 9.66023e-11 9.54704e-11 9.4729e-11 9.43498e-11 
2.24 0.000409393 0.000472468 0.000530515 0.000583295 0.000630522 0.000671831 0.000706735 0.000734584 0.000754488 0.000765247 
2.24 0.000809756 0.000776752 0.000743065 0.000709439 0.000676764 0.000646077 0.000618561 0.000595555 0.000578544 0.000569158 
2.24 0.000794943 0.00075971 0.000724005 0.000688575 0.000654312 0.000622256 0.000593599 0.000569692 0.000552044 0.000542314 
2.24 8.35947e-06 9.63939e-06 1.08171e-05 1.18879e-05 1.28459e-05 1.36837e-05 1.43916e-05 1.49562e-05 1.53598e-05 1.5578e-05 
2.24 0.00120629 0.00107734 0.00095234 0.000832976 0.000721247 0.000619513 0.00053054 0.000457557 0.000404317 0.000375176 
2.24 0.0010559 0.00113666 0.0012125 0.00128283 0.00134694 0.00140399 0.00145292 0.00149243 0.00152094 0.00153643 
2.24 2.34267e-05 9.25293e-07 5.60902e-15 5.60902e-15 5.60902e-15 5.60902e-15 5.60902e-15 5.60902e-15 5.60902e-15 5.60902e-15 
2.24 1.20972e-10 1.12838e-10 1.07197e-10 1.03152e-10 1.00196e-10 9.80174e-11 9.64239e-11 9.52912e-11 9.45495e-11 9.41698e-11 
2.25 0.000410255 0.00047348 0.00053168 0.000584613 0.000631988 0.000673435 0.000708465 0.000736418 0.0007564 0.000767201 
2.25 0.00081076 0.000777929 0.000744417 0.000710966 0.000678459 0.000647929 0.000620553 0.000597663 0.000580738 0.000571399 
2.25 0.000795901 0.000760834 0.000725297 0.000690033 0.000655931 0.000624024 0.000595501 0.000571705 0.000554138 0.000544454 
2.25 8.37703e-06 9.66e-06 1.08408e-05 1.19147e-05 1.28757e-05 1.37164e-05 1.44268e-05 1.49936e-05 1.53987e-05 1.56178e-05 
2.25 0.00120732 0.00107855 0.000953728 0.000834538 0.000722975 0.000621394 0.000532555 0.000459683 0.000406524 0.000377428 
2.25 0.00105634 0.00113717 0.00121309 0.0012835 0.00134769 0.00140481 0.00145381 0.00149337 0.00152192 0.00153744 
2.25 2.34267e-05 9.25293e-07 5.60902e-15 5.60902e-15 5.60902e-15 5.60902e-15 5.60902e-15 5.60902e-15 5.60902e-15 5.60902e-15 
2.25 1.20767e-10 1.12648e-10 1.07015e-10 1.02974e-10 1.00019e-10 9.78413e-11 9.62472e-11 9.51139e-11 9.43716e-11 9.39914e-11 
2.26 0.000411113 0.000474487 0.000532838 0.000585924 0.000633446 0.000675032 0.000710186 0.000738243 0.000758301 0.000769145 
2.26 0.000811758 0.0007791 0.000745762 0.000712485 0.000680146 0.000649771 0.000622535 0.000599761 0.000582921 0.000573629 
2.26 0.000796854 0.000761952 0.000726582 0.000691483 0.000657541 0.000625783 0.000597393 0.000573708 0.000556222 0.000546583 
2.26 8.3945e-06 9.6805e-06 1.08644e-05 1.19414e-05 1.29054e-05 1.37489e-05 1.44618e-05 1.50307e-05 1.54374e-05 1.56574e-05 
2.26 0.00120835 0.00107975 0.000955108 0.000836091 0.000724693 0.000623265 0.00053456 0.000461799 0.000408721 0.000379669 
2.26 0.00105678 0.00113768 0.00121368 0.00128417 0.00134844 0.00140563 0.00145469 0.00149431 0.0015229 0.00153844 
2.26 2.34267e-05 9.25293e-07 5.60902e-15 5.60902e-15 5.60902e-15 5.60902e-15 5.60902e-15 5.60902e-15 5.60902e-15 5.60902e-15 
2.26 1.20565e-10 1.1246e-10 1.06834e-10 1.02797e-10 9.98436e-11 9.76666e-11 9.60723e-11 9.49383e-11 9.41954e-11 9.38151e-11 
2.27 0.000411967 0.000475489 0.000533991 0.000587228 0.000634897 0.000676621 0.000711898 0.000740058 0.000760193 0.000771079 
2.27 0.000812751 0.000780264 0.0007471 0.000713996 0.000681823 0.000651604 0.000624507 0.000601848 0.000585093 0.000575848 
2.27 0.000797802 0.000763064 0.00072786 0.000692926 0.000659142 0.000627533 0.000599275 0.0005757 0.000558296 0.000548701 
2.27 8.41188e-06 9.70089e-06 1.08879e-05 1.19679e-05 1.29349e-05 1.37812e-05 1.44967e-05 1.50677e-05 1.54759e-05 1.56968e-05 
2.27 0.00120937 0.00108095 0.00095648 0.000837636 0.000726402 0.000625126 0.000536555 0.000463905 0.000410907 0.0003819 
2.27 0.00105721 0.00113819 0.00121427 0.00128483 0.00134918 0.00140644 0.00145557 0.00149524 0.00152387 0.00153944 
2.27 2.34267e-05 9.25293e-07 5.60902e-15 5.60902e-15 5.60902e-15 5.60902e-15 5.60902e-15 5.60902e-15 5.60902e-15 5.60902e-15 
2.27 1.20365e-10 1.12273e-10 1.06655e-10 1.02622e-10 9.96706e-11 9.74938e-11 9.58991e-11 9.47646e-11 9.4021e-11 9.36403e-11 
2.28 0.000412816 0.000476486 0.000535138 0.000588525 0.00063634 0.0006782 0.000713601 0.000741864 0.000762075 0.000773003 
2.28 0.000813738 0.000781422 0.000748431 0.000715499 0.000683492 0.000653428 0.000626468 0.000603924 0.000587254 0.000578056 
2.28 0.000798745 0.00076417 0.000729131 0.000694361 0.000660735 0.000629274 0.000601148 0.000577682 0.000560359 0.000550808 
2.28 8.42917e-06 9.72118e-06 1.09112e-05 1.19943e-05 1.29643e-05 1.38134e-05 1.45314e-05 1.51045e-05 1.55142e-05 1.57359e-05 
2.28 0.00121038 0.00108214 0.000957845 0.000839172 0.000728102 0.000626977 0.00053854 0.000466 0.000413083 0.00038412 
2.28 0.00105764 0.0011387 0.00121485 0.00128549 0.00134992 0.00140725 0.00145644 0.00149617 0.00152484 0.00154043 
2.28 2.34267e-05 9.25293e-07 5.60902e-15 5.60902e-15 5.60902e-15 5.60902e-15 5.60902e-15 5.60902e-15 5.60902e-15 5.60902e-15 
2.28 1.20166e-10 1.12088e-10 1.06477e-10 1.02448e-10 9.94987e-11 9.73225e-11 9.57276e-11 9.45925e-11 9.38483e-11 9.34675e-11 
2.29 0.000413661 0.000477477 0.000536279 0.000589815 0.000637776 0.000679772 0.000715295 0.00074366 0.000763947 0.000774917 
2.29 0.00081472 0.000782573 0.000749755 0.000716993 0.000685152 0.000655242 0.000628419 0.00060599 0.000589404 0.000580252 
2.29 0.000799683 0.00076527 0.000730395 0.000695788 0.00066232 0.000631006 0.000603011 0.000579654 0.000562411 0.000552905 
2.29 8.44636e-06 9.74135e-06 1.09344e-05 1.20206e-05 1.29935e-05 1.38454e-05 1.45659e-05 1.51411e-05 1.55523e-05 1.57748e-05 
2.29 0.00121139 0.00108332 0.000959202 0.0008407 0.000729793 0.000628819 0.000540515 0.000468085 0.000415249 0.000386329 
2.29 0.00105807 0.0011392 0.00121543 0.00128615 0.00135065 0.00140805 0.00145731 0.00149709 0.0015258 0.00154141 
2.29 2.34267e-05 9.25293e-07 5.60902e-15 5.60902e-15 5.60902e-15 5.60902e-15 5.60902e-15 5.60902e-15 5.60902e-15 5.60902e-15 
2.29 1.19969e-10 1.11905e-10 1.06301e-10 1.02276e-10 9.93288e-11 9.7153e-11 9.55578e-11 9.44223e-11 9.36775e-11 9.32963e-11 
2.30 0.000414501 0.000478463 0.000537414 0.000591098 0.000639203 0.000681336 0.00071698 0.000745447 0.000765809 0.000776821 
2.30 0.000815697 0.000783718 0.000751072 0.00071848 0.000686803 0.000657046 0.000630361 0.000608045 0.000591543 0.000582437 
2.30 0.000800616 0.000766364 0.000731652 0.000697208 0.000663896 0.000632729 0.000604864 0.000581616 0.000564453 0.000554991 
2.30 8.46346e-06 9.76142e-06 1.09575e-05 1.20467e-05 1.30226e-05 1.38772e-05 1.46002e-05 1.51775e-05 1.55902e-05 1.58136e-05 
2.30 0.00121239 0.0010845 0.000960551 0.000842219 0.000731475 0.000630651 0.000542481 0.00047016 0.000417404 0.000388528 
2.30 0.0010585 0.0011397 0.00121601 0.0012868 0.00135138 0.00140886 0.00145817 0.00149801 0.00152676 0.00154239 
2.30 2.34267e-05 9.25293e-07 5.60902e-15 5.60902e-15 5.60902e-15 5.60902e-15 5.60902e-15 5.60902e-15 5.60902e-15 5.60902e-15 
2.30 1.19774e-10 1.11723e-10 1.06127e-10 1.02106e-10 9.91604e-11 9.69854e-11 9.53898e-11 9.42536e-11 9.35082e-11 9.31265e-11 
2.31 0.000415337 0.000479444 0.000538543 0.000592375 0.000640624 0.000682891 0.000718657 0.000747225 0.000767662 0.000778715 
2.31 0.000816668 0.000784857 0.000752382 0.000719959 0.000688445 0.000658841 0.000632292 0.00061009 0.000593671 0.000584611 
2.31 0.000801544 0.000767452 0.000732903 0.00069862 0.000665464 0.000634443 0.000606708 0.000583568 0.000566485 0.000557067 
2.31 8.48047e-06 9.78138e-06 1.09805e-05 1.20727e-05 1.30515e-05 1.39089e-05 1.46343e-05 1.52137e-05 1.5628e-05 1.58521e-05 
2.31 0.00121339 0.00108567 0.000961893 0.00084373 0.000733148 0.000632474 0.000544436 0.000472224 0.000419548 0.000390716 
2.31 0.00105892 0.0011402 0.00121658 0.00128745 0.0013521 0.00140965 0.00145903 0.00149892 0.00152771 0.00154336 
2.31 2.34267e-05 9.25293e-07 5.60902e-15 5.60902e-15 5.60902e-15 5.60902e-15 5.60902e-15 5.60902e-15 5.60902e-15 5.60902e-15 
2.31 1.19582e-10 1.11543e-10 1.05955e-10 1.01938e-10 9.89937e-11 9.68191e-11 9.52232e-11 9.40867e-11 9.33409e-11 9.29587e-11 
2.32 0.000416169 0.00048042 0.000539666 0.000593645 0.000642036 0.000684438 0.000720325 0.000748993 0.000769504 0.000780599 
2.32 0.000817634 0.00078599 0.000753684 0.00072143 0.000690079 0.000660627 0.000634213 0.000612124 0.000595789 0.000586774 
2.32 0.000802467 0.000768534 0.000734147 0.000700025 0.000667024 0.000636148 0.000608542 0.00058551 0.000568506 0.000559132 
2.32 8.49739e-06 9.80124e-06 1.10034e-05 1.20986e-05 1.30803e-05 1.39404e-05 1.46683e-05 1.52497e-05 1.56655e-05 1.58905e-05 
2.32 0.00121438 0.00108683 0.000963228 0.000845233 0.000734813 0.000634288 0.000546382 0.000474278 0.000421682 0.000392894 
2.32 0.00105934 0.0011407 0.00121715 0.0012881 0.00135282 0.00141044 0.00145988 0.00149983 0.00152866 0.00154433 
2.32 2.34267e-05 9.25293e-07 5.60902e-15 5.60902e-15 5.60902e-15 5.60902e-15 5.60902e-15 5.60902e-15 5.60902e-15 5.60902e-15 
2.32 1.1939e-10 1.11365e-10 1.05784e-10 1.01771e-10 9.88282e-11 9.66542e-11 9.50583e-11 9.39213e-11 9.31749e-11 9.27923e-11 
2.33 0.000416996 0.000481391 0.000540783 0.000594908 0.000643442 0.000685977 0.000721984 0.000750752 0.000771337 0.000782473 
2.33 0.000818595 0.000787117 0.00075498 0.000722893 0.000691704 0.000662403 0.000636125 0.000614148 0.000597896 0.000588927 
2.33 0.000803385 0.00076961 0.000735384 0.000701422 0.000668576 0.000637844 0.000610367 0.000587442 0.000570517 0.000561187 
2.33 8.51422e-06 9.821e-06 1.10261e-05 1.21243e-05 1.31089e-05 1.39717e-05 1.47021e-05 1.52855e-05 1.57028e-05 1.59287e-05 
2.33 0.00121537 0.00108798 0.000964555 0.000846728 0.000736469 0.000636092 0.000548318 0.000476322 0.000423806 0.000395061 
2.33 0.00105976 0.00114119 0.00121772 0.00128874 0.00135354 0.00141123 0.00146073 0.00150073 0.0015296 0.00154529 
2.33 2.34267e-05 9.25293e-07 5.60902e-15 5.60902e-15 5.60902e-15 5.60902e-15 5.60902e-15 5.60902e-15 5.60902e-15 5.60902e-15 
2.33 1.192e-10 1.11189e-10 1.05615e-10 1.01605e-10 9.86646e-11 9.6491e-11 9.48949e-11 9.37577e-11 9.30109e-11 9.26279e-11 
2.34 0.000417819 0.000482356 0.000541895 0.000596165 0.00064484 0.000687508 0.000723634 0.000752502 0.000773161 0.000784337 
2.34 0.00081955 0.000788238 0.000756269 0.000724348 0.000693321 0.00066417 0.000638027 0.000616162 0.000599992 0.000591069 
2.34 0.000804298 0.00077068 0.000736615 0.000702812 0.00067012 0.000639531 0.000612182 0.000589364 0.000572518 0.000563231 
2.34 8.53097e-06 9.84065e-06 1.10487e-05 1.21499e-05 1.31374e-05 1.40029e-05 1.47357e-05 1.53211e-05 1.574e-05 1.59666e-05 
2.34 0.00121635 0.00108913 0.000965874 0.000848215 0.000738116 0.000637887 0.000550244 0.000478356 0.000425919 0.000397218 
2.34 0.00106018 0.00114168 0.00121829 0.00128938 0.00135425 0.00141201 0.00146158 0.00150163 0.00153054 0.00154625 
2.34 2.34267e-05 9.25293e-07 5.60902e-15 5.60902e-15 5.60902e-15 5.60902e-15 5.60902e-15 5.60902e-15 5.60902e-15 5.60902e-15 
2.34 1.19012e-10 1.11014e-10 1.05447e-10 1.01441e-10 9.85026e-11 9.63297e-11 9.47333e-11 9.35955e-11 9.28483e-11 9.24649e-11 
2.35 0.000418637 0.000483317 0.000543001 0.000597415 0.000646231 0.000689031 0.000725276 0.000754243 0.000774975 0.000786192 
2.35 0.0008205 0.000789353 0.000757551 0.000725796 0.000694929 0.000665928 0.000639919 0.000618165 0.000602077 0.0005932 
2.35 0.000805206 0.000771745 0.000737839 0.000704194 0.000671655 0.000641209 0.000613988 0.000591277 0.000574509 0.000565265 
2.35 8.54763e-06 9.86019e-06 1.10712e-05 1.21753e-05 1.31657e-05 1.40339e-05 1.47691e-05 1.53565e-05 1.57769e-05 1.60044e-05 
2.35 0.00121733 0.00109027 0.000967186 0.000849694 0.000739754 0.000639673 0.00055216 0.00048038 0.000428022 0.000399365 
2.35 0.0010606 0.00114217 0.00121885 0.00129002 0.00135496 0.00141279 0.00146242 0.00150253 0.00153147 0.00154721 
2.35 2.34267e-05 9.25293e-07 5.60902e-15 5.60902e-15 5.60902e-15 5.60902e-15 5.60902e-15 5.60902e-15 5.60902e-15 5.60902e-15 
2.35 1.18826e-10 1.10841e-10 1.05281e-10 1.01279e-10 9.8342e-11 9.61697e-11 9.45734e-11 9.34352e-11 9.26875e-11 9.23038e-11 
2.36 0.000419451 0.000484271 0.0005441 0.000598659 0.000647615 0.000690547 0.000726909 0.000755975 0.00077678 0.000788037 
2.36 0.000821445 0.000790462 0.000758826 0.000727236 0.000696529 0.000667677 0.000641801 0.000620158 0.000604152 0.00059532 
2.36 0.000806109 0.000772804 0.000739056 0.000705569 0.000673182 0.000642879 0.000615785 0.00059318 0.00057649 0.000567289 
2.36 8.5642e-06 9.87963e-06 1.10936e-05 1.22006e-05 1.31939e-05 1.40648e-05 1.48023e-05 1.53918e-05 1.58137e-05 1.6042e-05 
2.36 0.0012183 0.00109141 0.00096849 0.000851165 0.000741383 0.000641449 0.000554066 0.000482394 0.000430115 0.000401501 
2.36 0.00106101 0.00114266 0.00121941 0.00129065 0.00135567 0.00141356 0.00146326 0.00150342 0.0015324 0.00154816 
2.36 2.34267e-05 9.25293e-07 5.60902e-15 5.60902e-15 5.60902e-15 5.60902e-15 5.60902e-15 5.60902e-15 5.60902e-15 5.60902e-15 
2.36 1.18642e-10 1.10669e-10 1.05117e-10 1.01119e-10 9.81831e-11 9.60114e-11 9.44149e-11 9.32766e-11 9.25281e-11 9.21444e-11 
2.37 0.000420261 0.000485222 0.000545194 0.000599896 0.000648991 0.000692054 0.000728533 0.000757698 0.000778575 0.000789872 
2.37 0.000822385 0.000791565 0.000760094 0.000728668 0.00069812 0.000669417 0.000643673 0.000622141 0.000606216 0.000597429 
2.37 0.000807007 0.000773857 0.000740267 0.000706937 0.000674701 0.00064454 0.000617573 0.000595073 0.000578461 0.000569302 
2.37 8.58068e-06 9.89897e-06 1.11159e-05 1.22258e-05 1.32219e-05 1.40955e-05 1.48354e-05 1.54269e-05 1.58503e-05 1.60794e-05 
2.37 0.00121926 0.00109254 0.000969788 0.000852627 0.000743004 0.000643216 0.000555963 0.000484398 0.000432198 0.000403627 
2.37 0.00106142 0.00114314 0.00121997 0.00129128 0.00135637 0.00141433 0.00146409 0.0015043 0.00153332 0.0015491 
2.37 2.34267e-05 9.25293e-07 5.60902e-15 5.60902e-15 5.60902e-15 5.60902e-15 5.60902e-15 5.60902e-15 5.60902e-15 5.60902e-15 
2.37 1.18459e-10 1.105e-10 1.04954e-10 1.00959e-10 9.80257e-11 9.58543e-11 9.42581e-11 9.31193e-11 9.23704e-11 9.19864e-11 
2.38 0.000421067 0.000486167 0.000546282 0.000601127 0.00065036 0.000693553 0.000730149 0.000759412 0.000780361 0.000791698 
2.38 0.00082332 0.000792662 0.000761355 0.000730093 0.000699703 0.000671148 0.000645536 0.000624114 0.00060827 0.000599527 
2.38 0.0008079 0.000774905 0.000741471 0.000708297 0.000676213 0.000646192 0.000619351 0.000596956 0.000580421 0.000571305 
2.38 8.59707e-06 9.91822e-06 1.11381e-05 1.22509e-05 1.32498e-05 1.4126e-05 1.48683e-05 1.54618e-05 1.58867e-05 1.61166e-05 
2.38 0.00122022 0.00109366 0.000971078 0.000854082 0.000744616 0.000644974 0.00055785 0.000486392 0.00043427 0.000405742 
2.38 0.00106183 0.00114362 0.00122052 0.00129191 0.00135707 0.0014151 0.00146492 0.00150518 0.00153424 0.00155004 
2.38 2.34267e-05 9.25293e-07 5.60902e-15 5.60902e-15 5.60902e-15 5.60902e-15 5.60902e-15 5.60902e-15 5.60902e-15 5.60902e-15 
2.38 1.18278e-10 1.10331e-10 1.04792e-10 1.00801e-10 9.78696e-11 9.56988e-11 9.41026e-11 9.29632e-11 9.2214e-11 9.18297e-11 
2.39 0.000421867 0.000487108 0.000547364 0.000602351 0.000651722 0.000695045 0.000731757 0.000761117 0.000782138 0.000793514 
2.39 0.00082425 0.000793753 0.00076261 0.00073151 0.000701277 0.00067287 0.000647389 0.000626076 0.000610313 0.000601615 
2.39 0.000808788 0.000775947 0.000742669 0.00070965 0.000677716 0.000647836 0.00062112 0.000598829 0.000582372 0.000573298 
2.39 8.61338e-06 9.93737e-06 1.11601e-05 1.22758e-05 1.32775e-05 1.41564e-05 1.4901e-05 1.54965e-05 1.59229e-05 1.61536e-05 
2.39 0.00122117 0.00109478 0.000972361 0.000855529 0.00074622 0.000646723 0.000559727 0.000488376 0.000436332 0.000407847 
2.39 0.00106224 0.0011441 0.00122107 0.00129254 0.00135777 0.00141586 0.00146574 0.00150606 0.00153515 0.00155097 
2.39 2.34267e-05 9.25293e-07 5.60902e-15 5.60902e-15 5.60902e-15 5.60902e-15 5.60902e-15 5.60902e-15 5.60902e-15 5.60902e-15 
2.39 1.18099e-10 1.10164e-10 1.04632e-10 1.00645e-10 9.77152e-11 9.55452e-11 9.39487e-11 9.28089e-11 9.20594e-11 9.16747e-11 
2.40 0.000422664 0.000488043 0.000548441 0.000603569 0.000653077 0.000696529 0.000733356 0.000762813 0.000783906 0.000795321 
2.40 0.000825175 0.000794838 0.000763858 0.00073292 0.000702843 0.000674583 0.000649232 0.000628028 0.000612346 0.000603692 
2.40 0.000809671 0.000776983 0.000743861 0.000710996 0.000679211 0.000649471 0.00062288 0.000600693 0.000584312 0.000575281 
2.40 8.62961e-06 9.95641e-06 1.1182e-05 1.23006e-05 1.33051e-05 1.41866e-05 1.49336e-05 1.5531e-05 1.59589e-05 1.61904e-05 
2.40 0.00122212 0.00109589 0.000973637 0.000856968 0.000747815 0.000648463 0.000561595 0.00049035 0.000438384 0.000409942 
2.40 0.00106265 0.00114458 0.00122162 0.00129316 0.00135846 0.00141662 0.00146656 0.00150693 0.00153606 0.0015519 
2.40 2.34267e-05 9.25293e-07 5.60902e-15 5.60902e-15 5.60902e-15 5.60902e-15 5.60902e-15 5.60902e-15 5.60902e-15 5.60902e-15 
2.40 1.17922e-10 1.09999e-10 1.04474e-10 1.00491e-10 9.75625e-11 9.53926e-11 9.37961e-11 9.26563e-11 9.1906e-11 9.15211e-11 
2.41 0.000423457 0.000488973 0.000549512 0.00060478 0.000654425 0.000698005 0.000734947 0.0007645 0.000785663 0.000797118 
2.41 0.000826096 0.000795917 0.000765099 0.000734322 0.000704401 0.000676286 0.000651066 0.00062997 0.000614368 0.000605758 
2.41 0.00081055 0.000778014 0.000745046 0.000712335 0.000680699 0.000651097 0.000624631 0.000602547 0.000586243 0.000577254 
2.41 8.64575e-06 9.97535e-06 1.12038e-05 1.23253e-05 1.33325e-05 1.42166e-05 1.4966e-05 1.55654e-05 1.59947e-05 1.6227e-05 
2.41 0.00122306 0.001097 0.000974906 0.000858399 0.000749402 0.000650194 0.000563454 0.000492314 0.000440426 0.000412027 
2.41 0.00106305 0.00114505 0.00122217 0.00129378 0.00135915 0.00141738 0.00146738 0.00150779 0.00153696 0.00155282 
2.41 2.34267e-05 9.25293e-07 5.60902e-15 5.60902e-15 5.60902e-15 5.60902e-15 5.60902e-15 5.60902e-15 5.60902e-15 5.60902e-15 
2.41 1.17746e-10 1.09835e-10 1.04317e-10 1.00337e-10 9.74108e-11 9.52416e-11 9.36451e-11 9.25049e-11 9.17544e-11 9.13691e-11 
2.42 0.000424246 0.000489899 0.000550577 0.000605985 0.000655766 0.000699473 0.00073653 0.000766178 0.000787412 0.000798906 
2.42 0.000827011 0.000796991 0.000766333 0.000735717 0.000705951 0.000677981 0.00065289 0.000631903 0.00061638 0.000607814 
2.42 0.000811424 0.000779039 0.000746225 0.000713667 0.000682179 0.000652715 0.000626372 0.000604392 0.000588164 0.000579217 
2.42 8.6618e-06 9.99419e-06 1.12255e-05 1.23498e-05 1.33598e-05 1.42465e-05 1.49982e-05 1.55996e-05 1.60303e-05 1.62634e-05 
2.42 0.001224 0.0010981 0.000976169 0.000859822 0.00075098 0.000651916 0.000565303 0.000494269 0.000442458 0.000414101 
2.42 0.00106345 0.00114552 0.00122271 0.0012944 0.00135983 0.00141813 0.00146819 0.00150865 0.00153786 0.00155374 
2.42 2.34267e-05 9.25293e-07 5.60902e-15 5.60902e-15 5.60902e-15 5.60902e-15 5.60902e-15 5.60902e-15 5.60902e-15 5.60902e-15 
2.42 1.17571e-10 1.09672e-10 1.04161e-10 1.00186e-10 9.72607e-11 9.50923e-11 9.34957e-11 9.23548e-11 9.16039e-11 9.12184e-11 
2.43 0.000425031 0.00049082 0.000551637 0.000607184 0.0006571 0.000700934 0.000738104 0.000767847 0.000789152 0.000800685 
2.43 0.000827922 0.000798059 0.000767561 0.000737104 0.000707493 0.000679667 0.000654705 0.000633825 0.000618382 0.000609859 
2.43 0.000812293 0.000780059 0.000747398 0.000714992 0.000683651 0.000654325 0.000628105 0.000606227 0.000590075 0.00058117 
2.43 8.67777e-06 1.00129e-05 1.12471e-05 1.23742e-05 1.33869e-05 1.42762e-05 1.50303e-05 1.56336e-05 1.60657e-05 1.62996e-05 
2.43 0.00122493 0.00109919 0.000977425 0.000861238 0.00075255 0.000653629 0.000567143 0.000496214 0.00044448 0.000416165 
2.43 0.00106385 0.00114599 0.00122325 0.00129501 0.00136052 0.00141888 0.001469 0.00150951 0.00153875 0.00155465 
2.43 2.34267e-05 9.25293e-07 5.60902e-15 5.60902e-15 5.60902e-15 5.60902e-15 5.60902e-15 5.60902e-15 5.60902e-15 5.60902e-15 
2.43 1.17398e-10 1.09511e-10 1.04007e-10 1.00035e-10 9.71122e-11 9.49442e-11 9.33475e-11 9.22063e-11 9.14551e-11 9.10694e-11 
2.44 0.000425812 0.000491736 0.000552691 0.000608376 0.000658427 0.000702387 0.00073967 0.000769508 0.000790883 0.000802455 
2.44 0.000828828 0.000799121 0.000768783 0.000738484 0.000709026 0.000681344 0.00065651 0.000635738 0.000620374 0.000611894 
2.44 0.000813158 0.000781073 0.000748564 0.00071631 0.000685115 0.000655926 0.000629829 0.000608053 0.000591976 0.000583113 
2.44 8.69365e-06 1.00316e-05 1.12686e-05 1.23985e-05 1.34139e-05 1.43058e-05 1.50622e-05 1.56674e-05 1.61009e-05 1.63356e-05 
2.44 0.00122586 0.00110028 0.000978673 0.000862646 0.000754111 0.000655333 0.000568973 0.000498149 0.000446492 0.000418219 
2.44 0.00106425 0.00114646 0.00122379 0.00129562 0.0013612 0.00141962 0.0014698 0.00151036 0.00153964 0.00155556 
2.44 2.34267e-05 9.25293e-07 5.60902e-15 5.60902e-15 5.60902e-15 5.60902e-15 5.60902e-15 5.60902e-15 5.60902e-15 5.60902e-15 
2.44 1.17226e-10 1.09352e-10 1.03854e-10 9.9886e-11 9.69647e-11 9.47975e-11 9.3201e-11 9.20594e-11 9.13075e-11 9.09215e-11 
2.45 0.000426588 0.000492647 0.00055374 0.000609562 0.000659747 0.000703832 0.000741228 0.00077116 0.000792605 0.000804214 
2.45 0.000829729 0.000800177 0.000769998 0.000739857 0.000710551 0.000683012 0.000658306 0.000637641 0.000622355 0.000613919 
2.45 0.000814018 0.000782082 0.000749724 0.00071762 0.000686572 0.000657519 0.000631544 0.00060987 0.000593867 0.000585046 
2.45 8.70946e-06 1.00501e-05 1.12899e-05 1.24226e-05 1.34408e-05 1.43352e-05 1.50939e-05 1.5701e-05 1.6136e-05 1.63714e-05 
2.45 0.00122678 0.00110136 0.000979915 0.000864047 0.000755664 0.000657028 0.000570794 0.000500074 0.000448494 0.000420263 
2.45 0.00106465 0.00114692 0.00122433 0.00129622 0.00136187 0.00142036 0.0014706 0.00151121 0.00154052 0.00155647 
2.45 2.34267e-05 9.25293e-07 5.60902e-15 5.60902e-15 5.60902e-15 5.60902e-15 5.60902e-15 5.60902e-15 5.60902e-15 5.60902e-15 
2.45 1.17057e-10 1.09194e-10 1.03703e-10 9.97384e-11 9.68188e-11 9.4652e-11 9.30554e-11 9.19136e-11 9.11615e-11 9.07753e-11 
2.46 0.00042736 0.000493553 0.000554783 0.000610742 0.00066106 0.00070527 0.000742778 0.000772803 0.000794318 0.000805965 
2.46 0.000830625 0.000801228 0.000771206 0.000741222 0.000712069 0.000684672 0.000660093 0.000639534 0.000624326 0.000615933 
2.46 0.000814873 0.000783085 0.000750878 0.000718924 0.000688021 0.000659104 0.00063325 0.000611677 0.000595749 0.000586969 
2.46 8.72518e-06 1.00686e-05 1.13111e-05 1.24466e-05 1.34675e-05 1.43645e-05 1.51254e-05 1.57345e-05 1.61709e-05 1.64071e-05 
2.46 0.0012277 0.00110244 0.00098115 0.00086544 0.000757209 0.000658714 0.000572606 0.00050199 0.000450486 0.000422297 
2.46 0.00106504 0.00114738 0.00122486 0.00129682 0.00136254 0.0014211 0.00147139 0.00151205 0.0015414 0.00155737 
2.46 2.34267e-05 9.25293e-07 5.60902e-15 5.60902e-15 5.60902e-15 5.60902e-15 5.60902e-15 5.60902e-15 5.60902e-15 5.60902e-15 
2.46 1.16889e-10 1.09037e-10 1.03553e-10 9.95917e-11 9.66738e-11 9.45079e-11 9.29115e-11 9.17694e-11 9.10168e-11 9.06307e-11 
2.47 0.000428127 0.000494454 0.000555821 0.000611916 0.000662365 0.0007067 0.00074432 0.000774438 0.000796022 0.000807707 
2.47 0.000831516 0.000802273 0.000772408 0.00074258 0.000713578 0.000686323 0.000661871 0.000641417 0.000626287 0.000617937 
2.47 0.000815724 0.000784083 0.000752026 0.000720221 0.000689462 0.00066068 0.000634947 0.000613475 0.000597621 0.000588882 
2.47 8.74082e-06 1.00869e-05 1.13322e-05 1.24705e-05 1.34941e-05 1.43936e-05 1.51568e-05 1.57678e-05 1.62056e-05 1.64426e-05 
2.47 0.00122861 0.00110351 0.000982379 0.000866826 0.000758746 0.000660391 0.000574408 0.000503896 0.000452468 0.000424321 
2.47 0.00106543 0.00114784 0.00122539 0.00129742 0.00136321 0.00142183 0.00147218 0.00151289 0.00154228 0.00155826 
2.47 2.34267e-05 9.25293e-07 5.60902e-15 5.60902e-15 5.60902e-15 5.60902e-15 5.60902e-15 5.60902e-15 5.60902e-15 5.60902e-15 
2.47 1.16722e-10 1.08882e-10 1.03404e-10 9.94464e-11 9.65305e-11 9.43654e-11 9.27686e-11 9.16263e-11 9.08735e-11 9.04872e-11 
2.48 0.000428891 0.000495351 0.000556853 0.000613084 0.000663664 0.000708123 0.000745854 0.000776065 0.000797717 0.00080944 
2.48 0.000832402 0.000803313 0.000773604 0.000743931 0.00071508 0.000687965 0.000663639 0.00064329 0.000628238 0.000619931 
2.48 0.00081657 0.000785076 0.000753168 0.000721511 0.000690896 0.000662248 0.000636635 0.000615264 0.000599484 0.000590785 
2.48 8.75637e-06 1.01052e-05 1.13532e-05 1.24943e-05 1.35205e-05 1.44226e-05 1.5188e-05 1.58009e-05 1.62401e-05 1.64779e-05 
2.48 0.00122952 0.00110457 0.000983601 0.000868204 0.000760275 0.00066206 0.000576201 0.000505792 0.00045444 0.000426335 
2.48 0.00106582 0.0011483 0.00122591 0.00129802 0.00136387 0.00142256 0.00147297 0.00151372 0.00154315 0.00155915 
2.48 2.34267e-05 9.25293e-07 5.60902e-15 5.60902e-15 5.60902e-15 5.60902e-15 5.60902e-15 5.60902e-15 5.60902e-15 5.60902e-15 
2.48 1.16556e-10 1.08728e-10 1.03257e-10 9.93027e-11 9.63886e-11 9.4224e-11 9.26273e-11 9.14848e-11 9.07317e-11 9.03449e-11 
2.49 0.000429651 0.000496243 0.00055788 0.000614245 0.000664956 0.000709538 0.000747379 0.000777682 0.000799403 0.000811164 
2.49 0.000833283 0.000804347 0.000774793 0.000745275 0.000716573 0.000689599 0.000665398 0.000645154 0.000630179 0.000621914 
2.49 0.000817412 0.000786063 0.000754304 0.000722794 0.000692322 0.000663808 0.000638314 0.000617043 0.000601337 0.000592678 
2.49 8.77185e-06 1.01233e-05 1.13741e-05 1.25179e-05 1.35468e-05 1.44514e-05 1.52191e-05 1.58338e-05 1.62744e-05 1.6513e-05 
2.49 0.00123042 0.00110563 0.000984816 0.000869575 0.000761796 0.00066372 0.000577985 0.000507679 0.000456402 0.000428339 
2.49 0.00106621 0.00114876 0.00122643 0.00129861 0.00136453 0.00142328 0.00147375 0.00151455 0.00154401 0.00156004 
2.49 2.34267e-05 9.25293e-07 5.60902e-15 5.60902e-15 5.60902e-15 5.60902e-15 5.60902e-15 5.60902e-15 5.60902e-15 5.60902e-15 
2.49 1.16393e-10 1.08576e-10 1.03111e-10 9.91604e-11 9.62477e-11 9.4084e-11 9.24875e-11 9.13444e-11 9.05911e-11 9.0204e-11 
2.50 0.000430407 0.00049713 0.000558901 0.0006154 0.000666242 0.000710946 0.000748897 0.000779292 0.00080108 0.000812879 
2.50 0.00083416 0.000805375 0.000775976 0.000746612 0.000718059 0.000691224 0.000667148 0.000647008 0.00063211 0.000623887 
2.50 0.000818249 0.000787045 0.000755433 0.00072407 0.00069374 0.00066536 0.000639985 0.000618813 0.00060318 0.000594562 
2.50 8.78724e-06 1.01414e-05 1.13949e-05 1.25414e-05 1.3573e-05 1.448e-05 1.525e-05 1.58666e-05 1.63085e-05 1.65479e-05 
2.50 0.00123132 0.00110668 0.000986025 0.000870938 0.000763308 0.000665371 0.00057976 0.000509556 0.000458355 0.000430333 
2.50 0.0010666 0.00114921 0.00122695 0.0012992 0.00136519 0.001424 0.00147453 0.00151538 0.00154487 0.00156092 
2.50 2.34267e-05 9.25293e-07 5.60902e-15 5.60902e-15 5.60902e-15 5.60902e-15 5.60902e-15 5.60902e-15 5.60902e-15 5.60902e-15 
2.50 1.1623e-10 1.08425e-10 1.02966e-10 9.9019e-11 9.61082e-11 9.3945e-11 9.23486e-11 9.12054e-11 9.04516e-11 9.00647e-11 
2.51 0.000431159 0.000498013 0.000559917 0.000616548 0.00066752 0.000712346 0.000750406 0.000780893 0.000802749 0.000814585 
2.51 0.000835032 0.000806398 0.000777153 0.000747942 0.000719537 0.000692841 0.000668889 0.000648852 0.000634031 0.00062585 
2.51 0.000819082 0.000788022 0.000756557 0.00072534 0.000695151 0.000666903 0.000641647 0.000620574 0.000605014 0.000596436 
2.51 8.80255e-06 1.01594e-05 1.14156e-05 1.25648e-05 1.3599e-05 1.45085e-05 1.52807e-05 1.58992e-05 1.63425e-05 1.65826e-05 
2.51 0.00123221 0.00110773 0.000987227 0.000872294 0.000764813 0.000667014 0.000581526 0.000511424 0.000460298 0.000432317 
2.51 0.00106698 0.00114966 0.00122747 0.00129979 0.00136584 0.00142472 0.0014753 0.0015162 0.00154573 0.0015618 
2.51 2.34267e-05 9.25293e-07 5.60902e-15 5.60902e-15 5.60902e-15 5.60902e-15 5.60902e-15 5.60902e-15 5.60902e-15 5.60902e-15 
2.51 1.1607e-10 1.08275e-10 1.02822e-10 9.88792e-11 9.59702e-11 9.38075e-11 9.22114e-11 9.10679e-11 9.03137e-11 8.99265e-11 
2.52 0.000431908 0.000498891 0.000560928 0.000617692 0.000668792 0.000713739 0.000751908 0.000782486 0.000804409 0.000816282 
2.52 0.000835899 0.000807416 0.000778323 0.000749265 0.000721007 0.000694449 0.000670621 0.000650687 0.000635942 0.000627803 
2.52 0.00081991 0.000788994 0.000757675 0.000726603 0.000696555 0.000668439 0.000643301 0.000622326 0.000606839 0.0005983 
2.52 8.81778e-06 1.01773e-05 1.14362e-05 1.25881e-05 1.36249e-05 1.45369e-05 1.53113e-05 1.59316e-05 1.63763e-05 1.66171e-05 
2.52 0.0012331 0.00110877 0.000988423 0.000873643 0.00076631 0.000668648 0.000583282 0.000513282 0.000462231 0.000434291 
2.52 0.00106736 0.00115011 0.00122799 0.00130037 0.00136649 0.00142543 0.00147607 0.00151702 0.00154658 0.00156267 
2.52 2.34267e-05 9.25293e-07 5.60902e-15 5.60902e-15 5.60902e-15 5.60902e-15 5.60902e-15 5.60902e-15 5.60902e-15 5.60902e-15 
2.52 1.1591e-10 1.08127e-10 1.0268e-10 9.87407e-11 9.58331e-11 9.36714e-11 9.2075e-11 9.09314e-11 9.01771e-11 8.97898e-11 
2.53 0.000432652 0.000499764 0.000561933 0.000618829 0.000670057 0.000715125 0.000753402 0.00078407 0.00080606 0.00081797 
2.53 0.000836762 0.000808428 0.000779487 0.00075058 0.00072247 0.000696049 0.000672344 0.000652513 0.000637843 0.000629746 
2.53 0.000820734 0.00078996 0.000758787 0.000727859 0.000697951 0.000669967 0.000644946 0.000624069 0.000608654 0.000600155 
2.53 8.83294e-06 1.01951e-05 1.14567e-05 1.26112e-05 1.36507e-05 1.45651e-05 1.53417e-05 1.59638e-05 1.64099e-05 1.66515e-05 
2.53 0.00123398 0.0011098 0.000989612 0.000874985 0.000767799 0.000670274 0.00058503 0.000515131 0.000464154 0.000436255 
2.53 0.00106774 0.00115056 0.0012285 0.00130095 0.00136714 0.00142614 0.00147683 0.00151783 0.00154743 0.00156354 
2.53 2.34267e-05 9.25293e-07 5.60902e-15 5.60902e-15 5.60902e-15 5.60902e-15 5.60902e-15 5.60902e-15 5.60902e-15 5.60902e-15 
2.53 1.15752e-10 1.0798e-10 1.0254e-10 9.86031e-11 9.56974e-11 9.35363e-11 9.19401e-11 9.07964e-11 9.00416e-11 8.96541e-11 
2.54 0.000433393 0.000500633 0.000562933 0.00061996 0.000671316 0.000716504 0.000754888 0.000785646 0.000807703 0.000819649 
2.54 0.00083762 0.000809435 0.000780645 0.000751889 0.000723925 0.000697641 0.000674058 0.000654329 0.000639735 0.000631679 
2.54 0.000821553 0.000790921 0.000759892 0.000729109 0.00069934 0.000671486 0.000646582 0.000625803 0.00061046 0.000602001 
2.54 8.84802e-06 1.02128e-05 1.14771e-05 1.26342e-05 1.36763e-05 1.45932e-05 1.53719e-05 1.59959e-05 1.64433e-05 1.66857e-05 
2.54 0.00123486 0.00111083 0.000990794 0.00087632 0.00076928 0.000671891 0.000586769 0.000516971 0.000466068 0.00043821 
2.54 0.00106812 0.001151 0.00122901 0.00130153 0.00136778 0.00142685 0.00147759 0.00151864 0.00154827 0.0015644 
2.54 2.34267e-05 9.25293e-07 5.60902e-15 5.60902e-15 5.60902e-15 5.60902e-15 5.60902e-15 5.60902e-15 5.60902e-15 5.60902e-15 
2.54 1.15595e-10 1.07834e-10 1.024e-10 9.84669e-11 9.55631e-11 9.34025e-11 9.18062e-11 9.06624e-11 8.99076e-11 8.952e-11 
2.55 0.000434129 0.000501497 0.000563928 0.000621085 0.000672568 0.000717874 0.000756366 0.000787214 0.000809336 0.00082132 
2.55 0.000838474 0.000810436 0.000781797 0.000753191 0.000725372 0.000699224 0.000675763 0.000656136 0.000641617 0.000633602 
2.55 0.000822368 0.000791877 0.000760992 0.000730352 0.000700722 0.000672998 0.00064821 0.000627528 0.000612257 0.000603837 
2.55 8.86302e-06 1.02304e-05 1.14973e-05 1.26571e-05 1.37018e-05 1.46211e-05 1.5402e-05 1.60278e-05 1.64766e-05 1.67197e-05 
2.55 0.00123573 0.00111185 0.00099197 0.000877647 0.000770753 0.0006735 0.000588499 0.000518801 0.000467972 0.000440155 
2.55 0.00106849 0.00115144 0.00122952 0.0013021 0.00136842 0.00142755 0.00147835 0.00151944 0.00154911 0.00156526 
2.55 2.34267e-05 9.25293e-07 5.60902e-15 5.60902e-15 5.60902e-15 5.60902e-15 5.60902e-15 5.60902e-15 5.60902e-15 5.60902e-15 
2.55 1.15439e-10 1.07689e-10 1.02261e-10 9.8332e-11 9.54297e-11 9.32702e-11 9.16737e-11 9.05298e-11 8.97746e-11 8.93868e-11 
2.56 0.000434862 0.000502357 0.000564918 0.000622205 0.000673814 0.000719238 0.000757837 0.000788773 0.000810962 0.000822982 
2.56 0.000839323 0.000811432 0.000782943 0.000754486 0.000726811 0.000700799 0.000677459 0.000657933 0.000643489 0.000635516 
2.56 0.000823179 0.000792828 0.000762086 0.000731588 0.000702096 0.000674502 0.00064983 0.000629244 0.000614044 0.000605664 
2.56 8.87794e-06 1.02479e-05 1.15174e-05 1.26799e-05 1.37272e-05 1.46489e-05 1.54319e-05 1.60595e-05 1.65097e-05 1.67535e-05 
2.56 0.0012366 0.00111287 0.000993139 0.000878967 0.000772218 0.000675101 0.00059022 0.000520622 0.000469867 0.00044209 
2.56 0.00106887 0.00115188 0.00123003 0.00130267 0.00136906 0.00142825 0.0014791 0.00152024 0.00154995 0.00156611 
2.56 2.34267e-05 9.25293e-07 5.60902e-15 5.60902e-15 5.60902e-15 5.60902e-15 5.60902e-15 5.60902e-15 5.60902e-15 5.60902e-15 
2.56 1.15285e-10 1.07546e-10 1.02124e-10 9.81979e-11 9.52976e-11 9.31388e-11 9.15425e-11 9.03982e-11 8.96429e-11 8.9255e-11 
2.57 0.000435591 0.000503212 0.000565902 0.000623318 0.000675052 0.000720595 0.000759299 0.000790324 0.000812579 0.000824635 
2.57 0.000840167 0.000812423 0.000784083 0.000755774 0.000728243 0.000702366 0.000679147 0.000659721 0.000645351 0.00063742 
2.57 0.000823985 0.000793774 0.000763174 0.000732818 0.000703463 0.000675998 0.000651441 0.000630951 0.000615822 0.000607481 
2.57 8.89278e-06 1.02653e-05 1.15375e-05 1.27026e-05 1.37524e-05 1.46765e-05 1.54617e-05 1.60911e-05 1.65426e-05 1.67872e-05 
2.57 0.00123746 0.00111388 0.000994302 0.00088028 0.000773675 0.000676693 0.000591932 0.000522434 0.000471752 0.000444015 
2.57 0.00106924 0.00115232 0.00123053 0.00130324 0.00136969 0.00142894 0.00147985 0.00152104 0.00155078 0.00156696 
2.57 2.34267e-05 9.25293e-07 5.60902e-15 5.60902e-15 5.60902e-15 5.60902e-15 5.60902e-15 5.60902e-15 5.60902e-15 5.60902e-15 
2.57 1.15132e-10 1.07404e-10 1.01989e-10 9.80652e-11 9.51669e-11 9.30087e-11 9.14124e-11 9.0268e-11 8.95126e-11 8.91242e-11 
2.58 0.000436316 0.000504063 0.000566881 0.000624426 0.000676285 0.000721945 0.000760754 0.000791867 0.000814187 0.00082628 
2.58 0.000841007 0.000813408 0.000785217 0.000757055 0.000729667 0.000703925 0.000680826 0.0006615 0.000647204 0.000639314 
2.58 0.000824787 0.000794715 0.000764256 0.000734041 0.000704823 0.000677486 0.000653044 0.000632649 0.000617591 0.000609289 
2.58 8.90754e-06 1.02826e-05 1.15574e-05 1.27252e-05 1.37775e-05 1.4704e-05 1.54913e-05 1.61225e-05 1.65753e-05 1.68207e-05 
2.58 0.00123832 0.00111489 0.000995459 0.000881586 0.000775125 0.000678277 0.000593635 0.000524237 0.000473628 0.000445931 
2.58 0.00106961 0.00115275 0.00123103 0.00130381 0.00137032 0.00142963 0.0014806 0.00152183 0.0015516 0.0015678 
2.58 2.34267e-05 9.25293e-07 5.60902e-15 5.60902e-15 5.60902e-15 5.60902e-15 5.60902e-15 5.60902e-15 5.60902e-15 5.60902e-15 
2.58 1.14981e-10 1.07263e-10 1.01854e-10 9.79338e-11 9.50369e-11 9.28794e-11 9.12835e-11 9.01392e-11 8.93834e-11 8.89948e-11 
2.59 0.000437037 0.00050491 0.000567855 0.000625528 0.000677511 0.000723288 0.000762202 0.000793402 0.000815787 0.000827915 
2.59 0.000841842 0.000814388 0.000786345 0.00075833 0.000731084 0.000705475 0.000682496 0.00066327 0.000649047 0.000641198 
2.59 0.000825585 0.000795651 0.000765333 0.000735258 0.000706176 0.000678966 0.000654638 0.000634339 0.000619351 0.000611088 
2.59 8.92222e-06 1.02998e-05 1.15772e-05 1.27476e-05 1.38025e-05 1.47313e-05 1.55208e-05 1.61538e-05 1.66079e-05 1.6854e-05 
2.59 0.00123918 0.00111589 0.00099661 0.000882885 0.000776567 0.000679853 0.000595329 0.00052603 0.000475494 0.000447837 
2.59 0.00106998 0.00115318 0.00123153 0.00130437 0.00137095 0.00143032 0.00148134 0.00152262 0.00155243 0.00156864 
2.59 2.34267e-05 9.25293e-07 5.60902e-15 5.60902e-15 5.60902e-15 5.60902e-15 5.60902e-15 5.60902e-15 5.60902e-15 5.60902e-15 
2.59 1.1483e-10 1.07123e-10 1.0172e-10 9.78037e-11 9.49083e-11 9.27515e-11 9.1156e-11 9.00113e-11 8.92555e-11 8.88664e-11 
2.60 0.000437754 0.000505751 0.000568824 0.000626624 0.000678731 0.000724624 0.000763642 0.00079493 0.000817379 0.000829542 
2.60 0.000842673 0.000815363 0.000787466 0.000759598 0.000732494 0.000707017 0.000684157 0.000665031 0.000650881 0.000643072 
2.60 0.000826378 0.000796582 0.000766404 0.000736468 0.000707522 0.000680438 0.000656224 0.00063602 0.000621102 0.000612877 
2.60 8.93682e-06 1.03169e-05 1.15969e-05 1.27699e-05 1.38273e-05 1.47585e-05 1.55501e-05 1.61849e-05 1.66403e-05 1.68871e-05 
2.60 0.00124003 0.00111689 0.000997755 0.000884177 0.000778002 0.00068142 0.000597015 0.000527814 0.000477351 0.000449734 
2.60 0.00107034 0.00115361 0.00123202 0.00130493 0.00137157 0.001431 0.00148208 0.0015234 0.00155325 0.00156948 
2.60 2.34267e-05 9.25293e-07 5.60902e-15 5.60902e-15 5.60902e-15 5.60902e-15 5.60902e-15 5.60902e-15 5.60902e-15 5.60902e-15 
2.60 1.14681e-10 1.06985e-10 1.01588e-10 9.76744e-11 9.4781e-11 9.26249e-11 9.10293e-11 8.98847e-11 8.91285e-11 8.87393e-11 
2.61 0.000438468 0.000506589 0.000569788 0.000627714 0.000679944 0.000725953 0.000765074 0.000796449 0.000818962 0.000831161 
2.61 0.0008435 0.000816333 0.000788582 0.000760859 0.000733896 0.000708551 0.00068581 0.000666782 0.000652706 0.000644937 
2.61 0.000827167 0.000797508 0.000767469 0.000737672 0.000708861 0.000681903 0.000657802 0.000637692 0.000622844 0.000614657 
2.61 8.95134e-06 1.03339e-05 1.16165e-05 1.27921e-05 1.3852e-05 1.47855e-05 1.55793e-05 1.62158e-05 1.66725e-05 1.692e-05 
2.61 0.00124088 0.00111788 0.000998894 0.000885463 0.000779429 0.000682979 0.000598692 0.000529589 0.000479198 0.000451621 
2.61 0.00107071 0.00115404 0.00123251 0.00130549 0.00137219 0.00143168 0.00148281 0.00152418 0.00155406 0.00157031 
2.61 2.34267e-05 9.25293e-07 5.60902e-15 5.60902e-15 5.60902e-15 5.60902e-15 5.60902e-15 5.60902e-15 5.60902e-15 5.60902e-15 
2.61 1.14534e-10 1.06848e-10 1.01456e-10 9.75463e-11 9.46545e-11 9.24991e-11 9.09039e-11 8.97591e-11 8.90029e-11 8.86136e-11 
2.62 0.000439178 0.000507421 0.000570747 0.000628799 0.000681151 0.000727275 0.000766499 0.00079796 0.000820537 0.000832771 
2.62 0.000844322 0.000817298 0.000789692 0.000762113 0.000735291 0.000710077 0.000687454 0.000668524 0.000654521 0.000646792 
2.62 0.000827952 0.000798429 0.000768529 0.00073887 0.000710192 0.00068336 0.000659371 0.000639355 0.000624577 0.000616428 
2.62 8.96577e-06 1.03509e-05 1.1636e-05 1.28142e-05 1.38766e-05 1.48124e-05 1.56083e-05 1.62466e-05 1.67046e-05 1.69528e-05 
2.62 0.00124172 0.00111887 0.00100003 0.000886742 0.000780848 0.00068453 0.00060036 0.000531355 0.000481036 0.000453499 
2.62 0.00107107 0.00115446 0.001233 0.00130604 0.00137281 0.00143236 0.00148354 0.00152495 0.00155487 0.00157114 
2.62 2.34267e-05 9.25293e-07 5.60902e-15 5.60902e-15 5.60902e-15 5.60902e-15 5.60902e-15 5.60902e-15 5.60902e-15 5.60902e-15 
2.62 1.14387e-10 1.06712e-10 1.01326e-10 9.74195e-11 9.45293e-11 9.23746e-11 9.07795e-11 8.96346e-11 8.88781e-11 8.84887e-11 
2.63 0.000439884 0.00050825 0.000571701 0.000629878 0.000682352 0.00072859 0.000767917 0.000799464 0.000822104 0.000834373 
2.63 0.00084514 0.000818257 0.000790796 0.000763361 0.000736678 0.000711596 0.000689089 0.000670257 0.000656327 0.000648637 
2.63 0.000828733 0.000799345 0.000769583 0.000740062 0.000711517 0.00068481 0.000660932 0.00064101 0.0006263 0.00061819 
2.63 8.98014e-06 1.03678e-05 1.16554e-05 1.28362e-05 1.3901e-05 1.48392e-05 1.56371e-05 1.62772e-05 1.67365e-05 1.69854e-05 
2.63 0.00124256 0.00111985 0.00100116 0.000888014 0.00078226 0.000686073 0.00060202 0.000533112 0.000482865 0.000455367 
2.63 0.00107143 0.00115488 0.00123349 0.00130659 0.00137342 0.00143303 0.00148427 0.00152572 0.00155567 0.00157196 
2.63 2.34267e-05 9.25293e-07 5.60902e-15 5.60902e-15 5.60902e-15 5.60902e-15 5.60902e-15 5.60902e-15 5.60902e-15 5.60902e-15 
2.63 1.14242e-10 1.06576e-10 1.01197e-10 9.72935e-11 9.44053e-11 9.22514e-11 9.06562e-11 8.95111e-11 8.87547e-11 8.83653e-11 
2.64 0.000440586 0.000509075 0.00057265 0.000630951 0.000683546 0.000729898 0.000769327 0.000800959 0.000823663 0.000835967 
2.64 0.000845953 0.000819212 0.000791894 0.000764602 0.000738058 0.000713106 0.000690716 0.000671982 0.000658123 0.000650473 
2.64 0.00082951 0.000800256 0.000770631 0.000741247 0.000712835 0.000686252 0.000662485 0.000642656 0.000628015 0.000619943 
2.64 8.99444e-06 1.03846e-05 1.16748e-05 1.2858e-05 1.39253e-05 1.48658e-05 1.56658e-05 1.63076e-05 1.67682e-05 1.70178e-05 
2.64 0.00124339 0.00112083 0.00100228 0.00088928 0.000783665 0.000687608 0.000603671 0.00053486 0.000484684 0.000457226 
2.64 0.00107179 0.0011553 0.00123397 0.00130714 0.00137403 0.0014337 0.00148499 0.00152649 0.00155647 0.00157278 
2.64 2.34267e-05 9.25293e-07 5.60902e-15 5.60902e-15 5.60902e-15 5.60902e-15 5.60902e-15 5.60902e-15 5.60902e-15 5.60902e-15 
2.64 1.14098e-10 1.06442e-10 1.01069e-10 9.71686e-11 9.4282e-11 9.21289e-11 9.05342e-11 8.93888e-11 8.86321e-11 8.82426e-11 
2.65 0.000441285 0.000509894 0.000573594 0.000632019 0.000684734 0.000731199 0.00077073 0.000802447 0.000825214 0.000837552 
2.65 0.000846762 0.000820161 0.000792986 0.000765837 0.000739431 0.000714609 0.000692334 0.000673697 0.00065991 0.000652299 
2.65 0.000830283 0.000801162 0.000771674 0.000742426 0.000714146 0.000687686 0.00066403 0.000644294 0.000629721 0.000621687 
2.65 9.00866e-06 1.04013e-05 1.1694e-05 1.28797e-05 1.39495e-05 1.48923e-05 1.56944e-05 1.63379e-05 1.67998e-05 1.70501e-05 
2.65 0.00124422 0.0011218 0.00100339 0.000890539 0.000785063 0.000689135 0.000605314 0.000536599 0.000486494 0.000459075 
2.65 0.00107214 0.00115572 0.00123445 0.00130769 0.00137464 0.00143437 0.00148571 0.00152725 0.00155726 0.00157359 
2.65 2.34267e-05 9.25293e-07 5.60902e-15 5.60902e-15 5.60902e-15 5.60902e-15 5.60902e-15 5.60902e-15 5.60902e-15 5.60902e-15 
2.65 1.13955e-10 1.0631e-10 1.00942e-10 9.7045e-11 9.416e-11 9.20077e-11 9.04131e-11 8.92678e-11 8.85107e-11 8.81212e-11 
2.66 0.00044198 0.00051071 0.000574533 0.000633081 0.000685916 0.000732493 0.000772125 0.000803927 0.000826756 0.000839129 
2.66 0.000847567 0.000821105 0.000794072 0.000767065 0.000740797 0.000716104 0.000693944 0.000675404 0.000661688 0.000654116 
2.66 0.000831051 0.000802064 0.000772711 0.000743599 0.00071545 0.000689113 0.000665567 0.000645923 0.000631418 0.000623422 
2.66 9.02281e-06 1.04179e-05 1.17131e-05 1.29013e-05 1.39735e-05 1.49187e-05 1.57228e-05 1.6368e-05 1.68312e-05 1.70822e-05 
2.66 0.00124504 0.00112276 0.0010045 0.00089179 0.000786453 0.000690654 0.000606948 0.000538329 0.000488295 0.000460915 
2.66 0.00107249 0.00115614 0.00123493 0.00130823 0.00137525 0.00143503 0.00148642 0.00152801 0.00155805 0.0015744 
2.66 2.34267e-05 9.25293e-07 5.60902e-15 5.60902e-15 5.60902e-15 5.60902e-15 5.60902e-15 5.60902e-15 5.60902e-15 5.60902e-15 
2.66 1.13813e-10 1.06178e-10 1.00816e-10 9.69227e-11 9.40393e-11 9.18877e-11 9.02932e-11 8.91475e-11 8.83903e-11 8.80006e-11 
2.67 0.000442671 0.000511522 0.000575467 0.000634138 0.000687092 0.000733781 0.000773513 0.000805399 0.00082829 0.000840698 
2.67 0.000848368 0.000822044 0.000795153 0.000768287 0.000742155 0.000717591 0.000695546 0.000677102 0.000663456 0.000655924 
2.67 0.000831815 0.000802961 0.000773743 0.000744765 0.000716747 0.000690533 0.000667096 0.000647544 0.000633106 0.000625147 
2.67 9.03688e-06 1.04344e-05 1.17321e-05 1.29228e-05 1.39974e-05 1.49449e-05 1.57511e-05 1.6398e-05 1.68624e-05 1.71141e-05 
2.67 0.00124586 0.00112372 0.0010056 0.000893035 0.000787836 0.000692165 0.000608574 0.000540051 0.000490087 0.000462746 
2.67 0.00107284 0.00115655 0.00123541 0.00130877 0.00137585 0.00143569 0.00148713 0.00152876 0.00155884 0.0015752 
2.67 2.34267e-05 9.25293e-07 5.60902e-15 5.60902e-15 5.60902e-15 5.60902e-15 5.60902e-15 5.60902e-15 5.60902e-15 5.60902e-15 
2.67 1.13672e-10 1.06048e-10 1.00691e-10 9.6801e-11 9.39196e-11 9.17686e-11 9.01741e-11 8.90285e-11 8.82711e-11 8.78814e-11 
2.68 0.000443359 0.000512329 0.000576396 0.000635188 0.000688261 0.000735062 0.000774894 0.000806864 0.000829816 0.000842259 
2.68 0.000849164 0.000822978 0.000796228 0.000769502 0.000743507 0.00071907 0.000697139 0.000678791 0.000665215 0.000657722 
2.68 0.000832575 0.000803853 0.00077477 0.000745925 0.000718037 0.000691945 0.000668618 0.000649156 0.000634786 0.000626864 
2.68 9.05088e-06 1.04508e-05 1.1751e-05 1.29442e-05 1.40212e-05 1.4971e-05 1.57792e-05 1.64278e-05 1.68935e-05 1.71459e-05 
2.68 0.00124667 0.00112467 0.0010067 0.000894273 0.000789211 0.000693669 0.000610192 0.000541764 0.00049187 0.000464567 
2.68 0.00107319 0.00115696 0.00123588 0.00130931 0.00137645 0.00143634 0.00148784 0.00152951 0.00155962 0.001576 
2.68 2.34267e-05 9.25293e-07 5.60902e-15 5.60902e-15 5.60902e-15 5.60902e-15 5.60902e-15 5.60902e-15 5.60902e-15 5.60902e-15 
2.68 1.13533e-10 1.05918e-10 1.00567e-10 9.66806e-11 9.38008e-11 9.16505e-11 9.00561e-11 8.89104e-11 8.8153e-11 8.77629e-11 
2.69 0.000444043 0.000513132 0.00057732 0.000636234 0.000689424 0.000736336 0.000776268 0.00080832 0.000831335 0.000843811 
2.69 0.000849956 0.000823908 0.000797297 0.000770711 0.000744851 0.000720541 0.000698724 0.000680471 0.000666965 0.000659511 
2.69 0.000833331 0.00080474 0.000775791 0.000747079 0.00071932 0.00069335 0.000670131 0.00065076 0.000636457 0.000628572 
2.69 9.0648e-06 1.04671e-05 1.17698e-05 1.29655e-05 1.40449e-05 1.49969e-05 1.58072e-05 1.64575e-05 1.69244e-05 1.71775e-05 
2.69 0.00124748 0.00112562 0.00100779 0.000895505 0.000790579 0.000695165 0.000611801 0.000543468 0.000493644 0.000466379 
2.69 0.00107354 0.00115737 0.00123635 0.00130984 0.00137704 0.00143699 0.00148854 0.00153026 0.0015604 0.0015768 
2.69 2.34267e-05 9.25293e-07 5.60902e-15 5.60902e-15 5.60902e-15 5.60902e-15 5.60902e-15 5.60902e-15 5.60902e-15 5.60902e-15 
2.69 1.13395e-10 1.0579e-10 1.00444e-10 9.65612e-11 9.36831e-11 9.15332e-11 8.99393e-11 8.87935e-11 8.80358e-11 8.76456e-11 
2.70 0.000444724 0.000513931 0.000578239 0.000637273 0.000690581 0.000737603 0.000777634 0.000809769 0.000832845 0.000845355 
2.70 0.000850744 0.000824832 0.000798361 0.000771913 0.000746188 0.000722004 0.000700301 0.000682142 0.000668706 0.000661291 
2.70 0.000834083 0.000805623 0.000776806 0.000748227 0.000720597 0.000694747 0.000671637 0.000652356 0.000638119 0.000630271 
2.70 9.07864e-06 1.04834e-05 1.17885e-05 1.29867e-05 1.40685e-05 1.50227e-05 1.5835e-05 1.6487e-05 1.69552e-05 1.72089e-05 
2.70 0.00124828 0.00112656 0.00100888 0.00089673 0.00079194 0.000696653 0.000613402 0.000545163 0.000495409 0.000468182 
2.70 0.00107389 0.00115778 0.00123682 0.00131037 0.00137763 0.00143764 0.00148924 0.001531 0.00156117 0.00157759 
2.70 2.34267e-05 9.25293e-07 5.60902e-15 5.60902e-15 5.60902e-15 5.60902e-15 5.60902e-15 5.60902e-15 5.60902e-15 5.60902e-15 
2.70 1.13258e-10 1.05662e-10 1.00323e-10 9.64426e-11 9.35661e-11 9.1417e-11 8.98233e-11 8.86777e-11 8.79199e-11 8.75297e-11 
2.71 0.000445401 0.000514725 0.000579154 0.000638308 0.000691731 0.000738864 0.000778993 0.000811211 0.000834348 0.000846891 
2.71 0.000851528 0.000825752 0.000799419 0.000773109 0.000747518 0.00072346 0.00070187 0.000683804 0.000670438 0.000663061 
2.71 0.000834832 0.000806501 0.000777816 0.000749369 0.000721867 0.000696137 0.000673135 0.000653943 0.000639773 0.000631961 
2.71 9.09242e-06 1.04996e-05 1.18071e-05 1.30077e-05 1.40919e-05 1.50484e-05 1.58627e-05 1.65163e-05 1.69858e-05 1.72402e-05 
2.71 0.00124908 0.0011275 0.00100996 0.000897949 0.000793294 0.000698133 0.000614995 0.00054685 0.000497164 0.000469976 
2.71 0.00107424 0.00115818 0.00123729 0.0013109 0.00137822 0.00143829 0.00148994 0.00153174 0.00156194 0.00157838 
2.71 2.34267e-05 9.25293e-07 5.60902e-15 5.60902e-15 5.60902e-15 5.60902e-15 5.60902e-15 5.60902e-15 5.60902e-15 5.60902e-15 
2.71 1.13122e-10 1.05536e-10 1.00202e-10 9.6325e-11 9.34502e-11 9.13021e-11 8.97086e-11 8.85627e-11 8.78046e-11 8.74144e-11 
2.72 0.000446074 0.000515515 0.000580064 0.000639336 0.000692876 0.000740118 0.000780345 0.000812645 0.000835843 0.000848419 
2.72 0.000852308 0.000826667 0.000800471 0.000774299 0.000748841 0.000724908 0.00070343 0.000685458 0.000672161 0.000664822 
2.72 0.000835576 0.000807374 0.000778821 0.000750505 0.00072313 0.00069752 0.000674625 0.000655522 0.000641418 0.000633642 
2.72 9.10613e-06 1.05157e-05 1.18257e-05 1.30286e-05 1.41152e-05 1.50739e-05 1.58902e-05 1.65455e-05 1.70162e-05 1.72713e-05 
2.72 0.00124988 0.00112843 0.00101103 0.000899162 0.000794641 0.000699605 0.000616579 0.000548528 0.000498911 0.000471761 
2.72 0.00107458 0.00115858 0.00123775 0.00131143 0.00137881 0.00143893 0.00149063 0.00153248 0.00156271 0.00157916 
2.72 2.34267e-05 9.25293e-07 5.60902e-15 5.60902e-15 5.60902e-15 5.60902e-15 5.60902e-15 5.60902e-15 5.60902e-15 5.60902e-15 
2.72 1.12988e-10 1.05411e-10 1.00083e-10 9.62087e-11 9.33356e-11 9.11883e-11 8.9595e-11 8.84489e-11 8.76906e-11 8.73004e-11 
2.73 0.000446744 0.000516301 0.000580969 0.00064036 0.000694015 0.000741366 0.00078169 0.000814072 0.00083733 0.000849939 
2.73 0.000853083 0.000827577 0.000801518 0.000775482 0.000750157 0.000726349 0.000704982 0.000687103 0.000673875 0.000666574 
2.73 0.000836317 0.000808243 0.000779821 0.000751635 0.000724387 0.000698895 0.000676107 0.000657093 0.000643055 0.000635315 
2.73 9.11977e-06 1.05317e-05 1.18441e-05 1.30495e-05 1.41384e-05 1.50993e-05 1.59176e-05 1.65746e-05 1.70465e-05 1.73023e-05 
2.73 0.00125067 0.00112936 0.0010121 0.000900368 0.000795981 0.00070107 0.000618155 0.000550197 0.000500649 0.000473537 
2.73 0.00107492 0.00115898 0.00123821 0.00131195 0.00137939 0.00143957 0.00149132 0.00153321 0.00156347 0.00157994 
2.73 2.34267e-05 9.25293e-07 5.60902e-15 5.60902e-15 5.60902e-15 5.60902e-15 5.60902e-15 5.60902e-15 5.60902e-15 5.60902e-15 
2.73 1.12854e-10 1.05287e-10 9.99638e-11 9.60934e-11 9.3222e-11 9.10752e-11 8.94821e-11 8.83362e-11 8.75777e-11 8.71871e-11 
2.74 0.00044741 0.000517083 0.000581869 0.000641378 0.000695148 0.000742606 0.000783028 0.000815491 0.000838809 0.000851451 
2.74 0.000853854 0.000828482 0.000802559 0.000776659 0.000751466 0.000727782 0.000706526 0.00068874 0.000675581 0.000668317 
2.74 0.000837054 0.000809107 0.000780815 0.000752759 0.000725637 0.000700263 0.000677581 0.000658656 0.000644683 0.000636979 
2.74 9.13334e-06 1.05476e-05 1.18624e-05 1.30702e-05 1.41615e-05 1.51246e-05 1.59448e-05 1.66035e-05 1.70766e-05 1.73331e-05 
2.74 0.00125146 0.00113028 0.00101316 0.000901568 0.000797313 0.000702527 0.000619723 0.000551858 0.000502378 0.000475304 
2.74 0.00107526 0.00115938 0.00123867 0.00131247 0.00137997 0.0014402 0.00149201 0.00153394 0.00156423 0.00158071 
2.74 2.34267e-05 9.25293e-07 5.60902e-15 5.60902e-15 5.60902e-15 5.60902e-15 5.60902e-15 5.60902e-15 5.60902e-15 5.60902e-15 
2.74 1.12722e-10 1.05164e-10 9.9846e-11 9.59787e-11 9.3109e-11 9.09632e-11 8.93703e-11 8.82243e-11 8.74656e-11 8.7075e-11 
2.75 0.000448073 0.000517861 0.000582764 0.000642391 0.000696276 0.000743841 0.000784359 0.000816903 0.00084028 0.000852956 
2.75 0.000854621 0.000829382 0.000803595 0.00077783 0.000752769 0.000729208 0.000708062 0.000690368 0.000677278 0.000670051 
2.75 0.000837786 0.000809967 0.000781804 0.000753877 0.00072688 0.000701624 0.000679047 0.000660211 0.000646303 0.000638635 
2.75 9.14683e-06 1.05634e-05 1.18807e-05 1.30908e-05 1.41844e-05 1.51497e-05 1.59719e-05 1.66322e-05 1.71065e-05 1.73637e-05 
2.75 0.00125224 0.0011312 0.00101421 0.000902761 0.000798639 0.000703976 0.000621283 0.00055351 0.000504098 0.000477062 
2.75 0.0010756 0.00115978 0.00123913 0.00131299 0.00138054 0.00144083 0.00149269 0.00153466 0.00156498 0.00158148 
2.75 2.34267e-05 9.25293e-07 5.60902e-15 5.60902e-15 5.60902e-15 5.60902e-15 5.60902e-15 5.60902e-15 5.60902e-15 5.60902e-15 
2.75 1.1259e-10 1.05042e-10 9.97295e-11 9.58652e-11 9.29971e-11 9.08519e-11 8.92596e-11 8.81135e-11 8.73546e-11 8.69636e-11 
2.76 0.000448732 0.000518635 0.000583655 0.000643399 0.000697397 0.000745069 0.000785683 0.000818307 0.000841744 0.000854453 
2.76 0.000855384 0.000830277 0.000804625 0.000778995 0.000754065 0.000730626 0.00070959 0.000691988 0.000678966 0.000671776 
2.76 0.000838515 0.000810822 0.000782788 0.000754989 0.000728117 0.000702978 0.000680506 0.000661757 0.000647914 0.000640282 
2.76 9.16025e-06 1.05792e-05 1.18988e-05 1.31113e-05 1.42072e-05 1.51747e-05 1.59988e-05 1.66608e-05 1.71363e-05 1.73942e-05 
2.76 0.00125302 0.00113211 0.00101526 0.000903947 0.000799957 0.000705418 0.000622835 0.000555153 0.000505809 0.00047881 
2.76 0.00107594 0.00116018 0.00123959 0.0013135 0.00138112 0.00144146 0.00149337 0.00153538 0.00156573 0.00158225 
2.76 2.34267e-05 9.25293e-07 5.60902e-15 5.60902e-15 5.60902e-15 5.60902e-15 5.60902e-15 5.60902e-15 5.60902e-15 5.60902e-15 
2.76 1.1246e-10 1.04921e-10 9.96141e-11 9.57528e-11 9.28863e-11 9.07416e-11 8.91495e-11 8.80033e-11 8.72443e-11 8.68533e-11 
2.77 0.000449388 0.000519405 0.000584541 0.000644401 0.000698513 0.000746291 0.000787 0.000819704 0.0008432 0.000855941 
2.77 0.000856143 0.000831168 0.00080565 0.000780154 0.000755354 0.000732037 0.00071111 0.0006936 0.000680645 0.000673493 
2.77 0.00083924 0.000811672 0.000783767 0.000756096 0.000729347 0.000704325 0.000681957 0.000663295 0.000649517 0.00064192 
2.77 9.1736e-06 1.05949e-05 1.19168e-05 1.31317e-05 1.42299e-05 1.51996e-05 1.60256e-05 1.66892e-05 1.71659e-05 1.74245e-05 
2.77 0.00125379 0.00113302 0.0010163 0.000905127 0.000801268 0.000706852 0.000624379 0.000556788 0.000507512 0.00048055 
2.77 0.00107627 0.00116057 0.00124004 0.00131401 0.00138169 0.00144209 0.00149404 0.00153609 0.00156648 0.00158301 
2.77 2.34267e-05 9.25293e-07 5.60902e-15 5.60902e-15 5.60902e-15 5.60902e-15 5.60902e-15 5.60902e-15 5.60902e-15 5.60902e-15 
2.77 1.12332e-10 1.04801e-10 9.94997e-11 9.56408e-11 9.27761e-11 9.06324e-11 8.90406e-11 8.78944e-11 8.71352e-11 8.67442e-11 
2.78 0.000450041 0.000520171 0.000585422 0.000645398 0.000699623 0.000747506 0.00078831 0.000821094 0.000844648 0.000857422 
2.78 0.000856898 0.000832054 0.00080667 0.000781307 0.000756636 0.00073344 0.000712622 0.000695203 0.000682315 0.000675201 
2.78 0.000839961 0.000812518 0.00078474 0.000757197 0.000730571 0.000705665 0.000683401 0.000664826 0.000651111 0.00064355 
2.78 9.18689e-06 1.06105e-05 1.19348e-05 1.3152e-05 1.42525e-05 1.52243e-05 1.60523e-05 1.67175e-05 1.71954e-05 1.74546e-05 
2.78 0.00125456 0.00113392 0.00101734 0.0009063 0.000802573 0.000708279 0.000625915 0.000558415 0.000509206 0.000482281 
2.78 0.0010766 0.00116096 0.00124049 0.00131452 0.00138226 0.00144271 0.00149471 0.00153681 0.00156722 0.00158377 
2.78 2.34267e-05 9.25293e-07 5.60902e-15 5.60902e-15 5.60902e-15 5.60902e-15 5.60902e-15 5.60902e-15 5.60902e-15 5.60902e-15 
2.78 1.12203e-10 1.04682e-10 9.93857e-11 9.553e-11 9.26669e-11 9.05242e-11 8.89324e-11 8.77864e-11 8.70271e-11 8.66358e-11 
2.79 0.000450689 0.000520933 0.000586299 0.00064639 0.000700727 0.000748715 0.000789614 0.000822476 0.000846089 0.000858895 
2.79 0.000857649 0.000832935 0.000807684 0.000782454 0.000757911 0.000734836 0.000714127 0.000696798 0.000683977 0.0006769 
2.79 0.000840678 0.00081336 0.000785708 0.000758292 0.000731789 0.000706998 0.000684837 0.000666348 0.000652697 0.000645172 
2.79 9.20011e-06 1.0626e-05 1.19527e-05 1.31722e-05 1.4275e-05 1.52489e-05 1.60788e-05 1.67456e-05 1.72247e-05 1.74846e-05 
2.79 0.00125533 0.00113482 0.00101837 0.000907467 0.00080387 0.000709698 0.000627443 0.000560034 0.000510891 0.000484003 
2.79 0.00107693 0.00116135 0.00124094 0.00131503 0.00138282 0.00144333 0.00149538 0.00153752 0.00156796 0.00158453 
2.79 2.34267e-05 9.25293e-07 5.60902e-15 5.60902e-15 5.60902e-15 5.60902e-15 5.60902e-15 5.60902e-15 5.60902e-15 5.60902e-15 
2.79 1.12076e-10 1.04564e-10 9.92729e-11 9.54202e-11 9.25588e-11 9.04167e-11 8.88252e-11 8.76792e-11 8.69198e-11 8.65285e-11 
2.80 0.000451335 0.00052169 0.000587171 0.000647377 0.000701825 0.000749918 0.000790911 0.000823851 0.000847522 0.000860361 
2.80 0.000858396 0.000833812 0.000808693 0.000783595 0.00075918 0.000736225 0.000715624 0.000698384 0.00068563 0.00067859 
2.80 0.000841391 0.000814197 0.000786671 0.000759381 0.000733 0.000708324 0.000686266 0.000667863 0.000654275 0.000646785 
2.80 9.21326e-06 1.06414e-05 1.19705e-05 1.31923e-05 1.42973e-05 1.52734e-05 1.61052e-05 1.67736e-05 1.72539e-05 1.75144e-05 
2.80 0.00125609 0.00113572 0.0010194 0.000908628 0.000805161 0.00071111 0.000628963 0.000561644 0.000512568 0.000485716 
2.80 0.00107726 0.00116174 0.00124139 0.00131553 0.00138338 0.00144395 0.00149604 0.00153822 0.00156869 0.00158528 
2.80 2.34267e-05 9.25293e-07 5.60902e-15 5.60902e-15 5.60902e-15 5.60902e-15 5.60902e-15 5.60902e-15 5.60902e-15 5.60902e-15 
2.80 1.11949e-10 1.04447e-10 9.91612e-11 9.53114e-11 9.24513e-11 9.03102e-11 8.8719e-11 8.7573e-11 8.68135e-11 8.64223e-11 
2.81 0.000451977 0.000522444 0.000588039 0.000648359 0.000702917 0.000751114 0.0007922 0.000825219 0.000848948 0.000861818 
2.81 0.000859139 0.000834684 0.000809697 0.00078473 0.000760442 0.000737607 0.000717113 0.000699962 0.000687274 0.000680271 
2.81 0.000842101 0.000815029 0.000787629 0.000760464 0.000734205 0.000709643 0.000687687 0.00066937 0.000655845 0.00064839 
2.81 9.22633e-06 1.06567e-05 1.19881e-05 1.32123e-05 1.43195e-05 1.52977e-05 1.61315e-05 1.68014e-05 1.72829e-05 1.75441e-05 
2.81 0.00125685 0.00113661 0.00102042 0.000909783 0.000806445 0.000712514 0.000630475 0.000563246 0.000514236 0.00048742 
2.81 0.00107759 0.00116212 0.00124183 0.00131603 0.00138394 0.00144456 0.0014967 0.00153892 0.00156943 0.00158603 
2.81 2.34267e-05 9.25293e-07 5.60902e-15 5.60902e-15 5.60902e-15 5.60902e-15 5.60902e-15 5.60902e-15 5.60902e-15 5.60902e-15 
2.81 1.11824e-10 1.04331e-10 9.90505e-11 9.52032e-11 9.23448e-11 9.02048e-11 8.86136e-11 8.74675e-11 8.67083e-11 8.63168e-11 
2.82 0.000452616 0.000523194 0.000588902 0.000649335 0.000704004 0.000752304 0.000793483 0.00082658 0.000850366 0.000863268 
2.82 0.000859878 0.000835551 0.000810695 0.000785859 0.000761697 0.000738981 0.000718594 0.000701532 0.00068891 0.000681943 
2.82 0.000842807 0.000815857 0.000788582 0.000761542 0.000735404 0.000710955 0.000689101 0.000670869 0.000657407 0.000649986 
2.82 9.23933e-06 1.0672e-05 1.20057e-05 1.32322e-05 1.43416e-05 1.53219e-05 1.61576e-05 1.68291e-05 1.73118e-05 1.75736e-05 
2.82 0.0012576 0.00113749 0.00102144 0.000910932 0.000807722 0.000713911 0.000631979 0.000564839 0.000515895 0.000489116 
2.82 0.00107792 0.0011625 0.00124227 0.00131653 0.00138449 0.00144517 0.00149736 0.00153962 0.00157016 0.00158677 
2.82 2.34267e-05 9.25293e-07 5.60902e-15 5.60902e-15 5.60902e-15 5.60902e-15 5.60902e-15 5.60902e-15 5.60902e-15 5.60902e-15 
2.82 1.11701e-10 1.04215e-10 9.89402e-11 9.5096e-11 9.22394e-11 9.01e-11 8.85091e-11 8.73631e-11 8.66037e-11 8.62123e-11 
2.83 0.000453252 0.00052394 0.000589761 0.000650306 0.000705084 0.000753488 0.000794759 0.000827934 0.000851777 0.000864711 
2.83 0.000860614 0.000836414 0.000811688 0.000786981 0.000762946 0.000740348 0.000720067 0.000703094 0.000690537 0.000683606 
2.83 0.000843509 0.000816681 0.00078953 0.000762614 0.000736596 0.00071226 0.000690507 0.00067236 0.000658961 0.000651574 
2.83 9.25227e-06 1.06872e-05 1.20232e-05 1.3252e-05 1.43636e-05 1.5346e-05 1.61836e-05 1.68567e-05 1.73405e-05 1.7603e-05 
2.83 0.00125835 0.00113837 0.00102245 0.000912075 0.000808992 0.000715301 0.000633476 0.000566424 0.000517546 0.000490803 
2.83 0.00107824 0.00116288 0.00124271 0.00131703 0.00138504 0.00144577 0.00149801 0.00154031 0.00157088 0.00158751 
2.83 2.34267e-05 9.25293e-07 5.60902e-15 5.60902e-15 5.60902e-15 5.60902e-15 5.60902e-15 5.60902e-15 5.60902e-15 5.60902e-15 
2.83 1.11578e-10 1.04101e-10 9.8831e-11 9.49898e-11 9.21346e-11 8.99962e-11 8.84057e-11 8.72596e-11 8.65002e-11 8.61084e-11 
2.84 0.000453884 0.000524682 0.000590615 0.000651272 0.000706159 0.000754666 0.000796029 0.00082928 0.000853181 0.000866146 
2.84 0.000861346 0.000837272 0.000812676 0.000788098 0.000764188 0.000741708 0.000721532 0.000704648 0.000692156 0.000685261 
2.84 0.000844207 0.0008175 0.000790473 0.00076368 0.000737782 0.000713559 0.000691906 0.000673843 0.000660507 0.000653154 
2.84 9.26514e-06 1.07023e-05 1.20406e-05 1.32717e-05 1.43855e-05 1.537e-05 1.62094e-05 1.68841e-05 1.73691e-05 1.76322e-05 
2.84 0.0012591 0.00113925 0.00102346 0.000913212 0.000810256 0.000716683 0.000634965 0.000568001 0.000519188 0.000492481 
2.84 0.00107856 0.00116326 0.00124314 0.00131752 0.00138559 0.00144637 0.00149866 0.001541 0.0015716 0.00158825 
2.84 2.34267e-05 9.25293e-07 5.60902e-15 5.60902e-15 5.60902e-15 5.60902e-15 5.60902e-15 5.60902e-15 5.60902e-15 5.60902e-15 
2.84 1.11455e-10 1.03987e-10 9.87227e-11 9.48846e-11 9.20306e-11 8.98929e-11 8.83028e-11 8.71568e-11 8.63973e-11 8.60056e-11 
2.85 0.000454513 0.00052542 0.000591465 0.000652233 0.000707229 0.000755837 0.000797292 0.00083062 0.000854577 0.000867574 
2.85 0.000862074 0.000838126 0.000813658 0.000789209 0.000765424 0.000743061 0.00072299 0.000706194 0.000693767 0.000686907 
2.85 0.000844902 0.000818315 0.000791411 0.000764741 0.000738962 0.000714851 0.000693298 0.000675319 0.000662044 0.000654726 
2.85 9.27794e-06 1.07173e-05 1.20579e-05 1.32913e-05 1.44073e-05 1.53938e-05 1.62351e-05 1.69114e-05 1.73975e-05 1.76613e-05 
2.85 0.00125984 0.00114012 0.00102446 0.000914343 0.000811513 0.000718058 0.000636446 0.00056957 0.000520822 0.000494151 
2.85 0.00107888 0.00116364 0.00124357 0.00131801 0.00138614 0.00144697 0.00149931 0.00154169 0.00157231 0.00158898 
2.85 2.34267e-05 9.25293e-07 5.60902e-15 5.60902e-15 5.60902e-15 5.60902e-15 5.60902e-15 5.60902e-15 5.60902e-15 5.60902e-15 
2.85 1.11334e-10 1.03875e-10 9.8615e-11 9.47799e-11 9.19277e-11 8.97906e-11 8.82009e-11 8.7055e-11 8.62955e-11 8.59038e-11 
2.86 0.000455139 0.000526154 0.00059231 0.000653189 0.000708293 0.000757003 0.000798548 0.000831952 0.000855966 0.000868993 
2.86 0.000862798 0.000838975 0.000814635 0.000790314 0.000766653 0.000744407 0.00072444 0.000707732 0.000695369 0.000688545 
2.86 0.000845593 0.000819126 0.000792344 0.000765796 0.000740136 0.000716136 0.000694683 0.000676787 0.000663574 0.00065629 
2.86 9.29067e-06 1.07322e-05 1.20751e-05 1.33107e-05 1.4429e-05 1.54175e-05 1.62607e-05 1.69385e-05 1.74258e-05 1.76902e-05 
2.86 0.00126058 0.00114099 0.00102546 0.000915468 0.000812763 0.000719426 0.000637919 0.000571131 0.000522448 0.000495812 
2.86 0.0010792 0.00116401 0.001244 0.0013185 0.00138668 0.00144757 0.00149995 0.00154237 0.00157302 0.00158971 
2.86 2.34267e-05 9.25293e-07 5.60902e-15 5.60902e-15 5.60902e-15 5.60902e-15 5.60902e-15 5.60902e-15 5.60902e-15 5.60902e-15 
2.86 1.11214e-10 1.03764e-10 9.85082e-11 9.46762e-11 9.18258e-11 8.96894e-11 8.81001e-11 8.69542e-11 8.61943e-11 8.58026e-11 
2.87 0.000455761 0.000526884 0.000593151 0.00065414 0.000709351 0.000758162 0.000799798 0.000833278 0.000857348 0.000870406 
2.87 0.000863518 0.00083982 0.000815607 0.000791413 0.000767876 0.000745746 0.000725883 0.000709261 0.000696963 0.000690174 
2.87 0.00084628 0.000819933 0.000793272 0.000766845 0.000741303 0.000717414 0.000696061 0.000678247 0.000665096 0.000657845 
2.87 9.30333e-06 1.07471e-05 1.20922e-05 1.33301e-05 1.44505e-05 1.54411e-05 1.62861e-05 1.69655e-05 1.74539e-05 1.77189e-05 
2.87 0.00126131 0.00114185 0.00102645 0.000916588 0.000814007 0.000720787 0.000639384 0.000572684 0.000524065 0.000497465 
2.87 0.00107952 0.00116438 0.00124443 0.00131899 0.00138722 0.00144816 0.00150059 0.00154305 0.00157373 0.00159043 
2.87 2.34267e-05 9.25293e-07 5.60902e-15 5.60902e-15 5.60902e-15 5.60902e-15 5.60902e-15 5.60902e-15 5.60902e-15 5.60902e-15 
2.87 1.11094e-10 1.03653e-10 9.84024e-11 9.45734e-11 9.17244e-11 8.95891e-11 8.79998e-11 8.6854e-11 8.6094e-11 8.57025e-11 
2.88 0.00045638 0.000527611 0.000593987 0.000655086 0.000710404 0.000759314 0.000801041 0.000834596 0.000858721 0.000871811 
2.88 0.000864234 0.00084066 0.000816574 0.000792506 0.000769092 0.000747078 0.000727318 0.000710783 0.000698548 0.000691795 
2.88 0.000846964 0.000820735 0.000794196 0.000767889 0.000742464 0.000718685 0.000697431 0.0006797 0.00066661 0.000659392 
2.88 9.31593e-06 1.07619e-05 1.21092e-05 1.33493e-05 1.4472e-05 1.54646e-05 1.63114e-05 1.69923e-05 1.74819e-05 1.77475e-05 
2.88 0.00126204 0.00114271 0.00102744 0.000917702 0.000815245 0.000722141 0.000640842 0.000574229 0.000525674 0.000499109 
2.88 0.00107984 0.00116475 0.00124486 0.00131947 0.00138776 0.00144875 0.00150123 0.00154372 0.00157443 0.00159115 
2.88 2.34267e-05 9.25293e-07 5.60902e-15 5.60902e-15 5.60902e-15 5.60902e-15 5.60902e-15 5.60902e-15 5.60902e-15 5.60902e-15 
2.88 1.10976e-10 1.03543e-10 9.82976e-11 9.44717e-11 9.1624e-11 8.94894e-11 8.79005e-11 8.67548e-11 8.59948e-11 8.56029e-11 
2.89 0.000456996 0.000528334 0.000594819 0.000656027 0.000711451 0.000760461 0.000802278 0.000835908 0.000860088 0.000873209 
2.89 0.000864946 0.000841496 0.000817536 0.000793594 0.000770302 0.000748403 0.000728746 0.000712297 0.000700125 0.000693407 
2.89 0.000847644 0.000821533 0.000795114 0.000768928 0.000743619 0.00071995 0.000698794 0.000681145 0.000668116 0.000660932 
2.89 9.32847e-06 1.07766e-05 1.21261e-05 1.33685e-05 1.44933e-05 1.5488e-05 1.63366e-05 1.7019e-05 1.75097e-05 1.7776e-05 
2.89 0.00126277 0.00114356 0.00102842 0.00091881 0.000816476 0.000723488 0.000642292 0.000575766 0.000527275 0.000500745 
2.89 0.00108015 0.00116512 0.00124529 0.00131995 0.0013883 0.00144934 0.00150186 0.00154439 0.00157513 0.00159186 
2.89 2.34267e-05 9.25293e-07 5.60902e-15 5.60902e-15 5.60902e-15 5.60902e-15 5.60902e-15 5.60902e-15 5.60902e-15 5.60902e-15 
2.89 1.1086e-10 1.03434e-10 9.81938e-11 9.43704e-11 9.15244e-11 8.93906e-11 8.78021e-11 8.66561e-11 8.58961e-11 8.55043e-11 
2.90 0.000457609 0.000529053 0.000595647 0.000656963 0.000712493 0.000761602 0.000803508 0.000837213 0.000861448 0.000874599 
2.90 0.000865654 0.000842328 0.000818493 0.000794676 0.000771506 0.000749721 0.000730166 0.000713803 0.000701694 0.000695011 
2.90 0.00084832 0.000822327 0.000796028 0.000769961 0.000744768 0.000721208 0.00070015 0.000682583 0.000669614 0.000662463 
2.90 9.34094e-06 1.07912e-05 1.2143e-05 1.33875e-05 1.45145e-05 1.55112e-05 1.63616e-05 1.70456e-05 1.75374e-05 1.78043e-05 
2.90 0.00126349 0.00114441 0.0010294 0.000919912 0.000817701 0.000724828 0.000643735 0.000577295 0.000528867 0.000502372 
2.90 0.00108046 0.00116549 0.00124571 0.00132043 0.00138883 0.00144992 0.00150249 0.00154506 0.00157583 0.00159258 
2.90 2.34267e-05 9.25293e-07 5.60902e-15 5.60902e-15 5.60902e-15 5.60902e-15 5.60902e-15 5.60902e-15 5.60902e-15 5.60902e-15 
2.90 1.10743e-10 1.03326e-10 9.80909e-11 9.42701e-11 9.14259e-11 8.92928e-11 8.77043e-11 8.65584e-11 8.57984e-11 8.54067e-11 
2.91 0.000458218 0.000529768 0.00059647 0.000657895 0.000713529 0.000762738 0.000804732 0.000838511 0.000862801 0.000875982 
2.91 0.000866359 0.000843155 0.000819445 0.000795752 0.000772703 0.000751032 0.000731579 0.000715301 0.000703255 0.000696607 
2.91 0.000848993 0.000823117 0.000796937 0.000770989 0.000745911 0.00072246 0.000701499 0.000684013 0.000671104 0.000663987 
2.91 9.35334e-06 1.08058e-05 1.21597e-05 1.34065e-05 1.45356e-05 1.55343e-05 1.63865e-05 1.7072e-05 1.75649e-05 1.78324e-05 
2.91 0.00126421 0.00114525 0.00103037 0.000921009 0.000818919 0.000726161 0.00064517 0.000578816 0.000530451 0.000503991 
2.91 0.00108077 0.00116586 0.00124613 0.00132091 0.00138936 0.0014505 0.00150312 0.00154572 0.00157652 0.00159329 
2.91 2.34267e-05 9.25293e-07 5.60902e-15 5.60902e-15 5.60902e-15 5.60902e-15 5.60902e-15 5.60902e-15 5.60902e-15 5.60902e-15 
2.91 1.10627e-10 1.03219e-10 9.79884e-11 9.41706e-11 9.13278e-11 8.91955e-11 8.76075e-11 8.64616e-11 8.57017e-11 8.53098e-11 
2.92 0.000458824 0.000530479 0.000597289 0.000658822 0.00071456 0.000763867 0.000805949 0.000839802 0.000864147 0.000877358 
2.92 0.00086706 0.000843978 0.000820392 0.000796823 0.000773894 0.000752336 0.000732985 0.000716791 0.000704808 0.000698194 
2.92 0.000849662 0.000823902 0.000797841 0.000772011 0.000747049 0.000723705 0.000702841 0.000685436 0.000672586 0.000665502 
2.92 9.36568e-06 1.08203e-05 1.21764e-05 1.34253e-05 1.45566e-05 1.55573e-05 1.64113e-05 1.70983e-05 1.75923e-05 1.78604e-05 
2.92 0.00126493 0.00114609 0.00103133 0.0009221 0.000820131 0.000727487 0.000646598 0.000580329 0.000532027 0.000505602 
2.92 0.00108108 0.00116622 0.00124655 0.00132138 0.00138989 0.00145108 0.00150374 0.00154638 0.00157721 0.00159399 
2.92 2.34267e-05 9.25293e-07 5.60902e-15 5.60902e-15 5.60902e-15 5.60902e-15 5.60902e-15 5.60902e-15 5.60902e-15 5.60902e-15 
2.92 1.10513e-10 1.03113e-10 9.7887e-11 9.40721e-11 9.12307e-11 8.90991e-11 8.75115e-11 8.63654e-11 8.56055e-11 8.52137e-11 
2.93 0.000459427 0.000531187 0.000598104 0.000659743 0.000715585 0.00076499 0.00080716 0.000841086 0.000865486 0.000878727 
2.93 0.000867757 0.000844796 0.000821334 0.000797888 0.000775079 0.000753633 0.000734383 0.000718273 0.000706353 0.000699773 
2.93 0.000850328 0.000824683 0.00079874 0.000773028 0.00074818 0.000724944 0.000704176 0.000686851 0.000674061 0.00066701 
2.93 9.37796e-06 1.08347e-05 1.2193e-05 1.34441e-05 1.45775e-05 1.55802e-05 1.6436e-05 1.71244e-05 1.76196e-05 1.78883e-05 
2.93 0.00126564 0.00114692 0.00103229 0.000923184 0.000821337 0.000728806 0.000648019 0.000581834 0.000533595 0.000507204 
2.93 0.00108139 0.00116658 0.00124697 0.00132185 0.00139041 0.00145165 0.00150436 0.00154704 0.00157789 0.00159469 
2.93 2.34267e-05 9.25293e-07 5.60902e-15 5.60902e-15 5.60902e-15 5.60902e-15 5.60902e-15 5.60902e-15 5.60902e-15 5.60902e-15 
2.93 1.10399e-10 1.03007e-10 9.77864e-11 9.3974e-11 9.11345e-11 8.90035e-11 8.74161e-11 8.62702e-11 8.55102e-11 8.51182e-11 
2.94 0.000460027 0.000531891 0.000598914 0.00066066 0.000716605 0.000766108 0.000808365 0.000842364 0.000866818 0.000880089 
2.94 0.000868451 0.00084561 0.000822271 0.000798948 0.000776258 0.000754923 0.000735774 0.000719748 0.00070789 0.000701344 
2.94 0.00085099 0.00082546 0.000799635 0.000774039 0.000749306 0.000726176 0.000705504 0.000688259 0.000675528 0.00066851 
2.94 9.39017e-06 1.0849e-05 1.22095e-05 1.34628e-05 1.45983e-05 1.56029e-05 1.64605e-05 1.71504e-05 1.76467e-05 1.7916e-05 
2.94 0.00126635 0.00114775 0.00103324 0.000924263 0.000822536 0.000730118 0.000649432 0.000583332 0.000535155 0.000508798 
2.94 0.0010817 0.00116694 0.00124738 0.00132232 0.00139093 0.00145222 0.00150497 0.00154769 0.00157857 0.00159539 
2.94 2.34267e-05 9.25293e-07 5.60902e-15 5.60902e-15 5.60902e-15 5.60902e-15 5.60902e-15 5.60902e-15 5.60902e-15 5.60902e-15 
2.94 1.10286e-10 1.02903e-10 9.76867e-11 9.38768e-11 9.10387e-11 8.89085e-11 8.73216e-11 8.61758e-11 8.54155e-11 8.50236e-11 
2.95 0.000460624 0.000532591 0.000599719 0.000661572 0.00071762 0.000767219 0.000809563 0.000843635 0.000868143 0.000881444 
2.95 0.000869141 0.00084642 0.000823203 0.000800002 0.00077743 0.000756207 0.000737157 0.000721215 0.000709419 0.000702907 
2.95 0.000851649 0.000826233 0.000800525 0.000775045 0.000750425 0.000727402 0.000706825 0.00068966 0.000676987 0.000670002 
2.95 9.40231e-06 1.08633e-05 1.22259e-05 1.34814e-05 1.46189e-05 1.56255e-05 1.64849e-05 1.71763e-05 1.76737e-05 1.79436e-05 
2.95 0.00126705 0.00114858 0.00103419 0.000925336 0.000823729 0.000731423 0.000650838 0.000584822 0.000536707 0.000510384 
2.95 0.001082 0.0011673 0.00124779 0.00132279 0.00139145 0.00145279 0.00150558 0.00154834 0.00157925 0.00159608 
2.95 2.34267e-05 9.25293e-07 5.60902e-15 5.60902e-15 5.60902e-15 5.60902e-15 5.60902e-15 5.60902e-15 5.60902e-15 5.60902e-15 
2.95 1.10175e-10 1.02799e-10 9.75875e-11 9.37805e-11 9.09438e-11 8.88144e-11 8.72276e-11 8.60819e-11 8.53217e-11 8.49299e-11 
2.96 0.000461217 0.000533288 0.000600521 0.000662479 0.00071863 0.000768325 0.000810755 0.000844899 0.000869461 0.000882791 
2.96 0.000869827 0.000847225 0.00082413 0.00080105 0.000778596 0.000757484 0.000738533 0.000722674 0.00071094 0.000704462 
2.96 0.000852304 0.000827002 0.00080141 0.000776046 0.000751539 0.000728621 0.000708139 0.000691053 0.000678439 0.000671486 
2.96 9.4144e-06 1.08775e-05 1.22422e-05 1.34998e-05 1.46395e-05 1.5648e-05 1.65092e-05 1.7202e-05 1.77005e-05 1.7971e-05 
2.96 0.00126775 0.0011494 0.00103514 0.000926403 0.000824916 0.000732721 0.000652237 0.000586304 0.000538251 0.000511962 
2.96 0.0010823 0.00116766 0.0012482 0.00132325 0.00139197 0.00145336 0.00150619 0.00154899 0.00157992 0.00159677 
2.96 2.34267e-05 9.25293e-07 5.60902e-15 5.60902e-15 5.60902e-15 5.60902e-15 5.60902e-15 5.60902e-15 5.60902e-15 5.60902e-15 
2.96 1.10064e-10 1.02696e-10 9.74891e-11 9.36851e-11 9.08498e-11 8.87211e-11 8.71345e-11 8.5989e-11 8.52288e-11 8.48368e-11 
2.97 0.000461807 0.000533981 0.000601319 0.000663381 0.000719634 0.000769425 0.000811941 0.000846157 0.000870772 0.000884131 
2.97 0.00087051 0.000848026 0.000825052 0.000802093 0.000779756 0.000758754 0.000739902 0.000724126 0.000712453 0.000706009 
2.97 0.000852956 0.000827767 0.00080229 0.000777042 0.000752647 0.000729834 0.000709446 0.000692439 0.000679883 0.000672962 
2.97 9.42642e-06 1.08916e-05 1.22584e-05 1.35182e-05 1.46599e-05 1.56704e-05 1.65333e-05 1.72276e-05 1.77272e-05 1.79983e-05 
2.97 0.00126845 0.00115022 0.00103608 0.000927465 0.000826096 0.000734013 0.000653628 0.000587778 0.000539787 0.000513532 
2.97 0.0010826 0.00116801 0.00124861 0.00132371 0.00139248 0.00145392 0.0015068 0.00154963 0.0015806 0.00159746 
2.97 2.34267e-05 9.25293e-07 5.60902e-15 5.60902e-15 5.60902e-15 5.60902e-15 5.60902e-15 5.60902e-15 5.60902e-15 5.60902e-15 
2.97 1.09953e-10 1.02594e-10 9.73916e-11 9.35901e-11 9.07566e-11 8.86287e-11 8.70423e-11 8.5897e-11 8.51369e-11 8.47447e-11 
2.98 0.000462394 0.00053467 0.000602113 0.000664279 0.000720633 0.000770519 0.000813121 0.000847408 0.000872076 0.000885464 
2.98 0.000871189 0.000848823 0.000825969 0.00080313 0.00078091 0.000760018 0.000741264 0.00072557 0.000713958 0.000707547 
2.98 0.000853604 0.000828528 0.000803166 0.000778033 0.000753749 0.00073104 0.000710746 0.000693818 0.00068132 0.000674431 
2.98 9.43838e-06 1.09056e-05 1.22746e-05 1.35365e-05 1.46802e-05 1.56927e-05 1.65573e-05 1.72531e-05 1.77537e-05 1.80254e-05 
2.98 0.00126914 0.00115103 0.00103701 0.000928522 0.00082727 0.000735298 0.000655012 0.000589245 0.000541315 0.000515094 
2.98 0.0010829 0.00116836 0.00124902 0.00132417 0.00139299 0.00145448 0.0015074 0.00155027 0.00158127 0.00159814 
2.98 2.34267e-05 9.25293e-07 5.60902e-15 5.60902e-15 5.60902e-15 5.60902e-15 5.60902e-15 5.60902e-15 5.60902e-15 5.60902e-15 
2.98 1.09844e-10 1.02492e-10 9.72949e-11 9.3496e-11 9.06639e-11 8.85368e-11 8.6951e-11 8.58055e-11 8.50454e-11 8.46533e-11 
2.99 0.000462978 0.000535356 0.000602902 0.000665172 0.000721627 0.000771608 0.000814295 0.000848653 0.000873373 0.000886791 
2.99 0.000871865 0.000849616 0.000826881 0.000804162 0.000782058 0.000761275 0.000742619 0.000727007 0.000715455 0.000709078 
2.99 0.000854249 0.000829285 0.000804037 0.000779018 0.000754845 0.00073224 0.000712039 0.000695189 0.000682749 0.000675892 
2.99 9.45027e-06 1.09196e-05 1.22907e-05 1.35547e-05 1.47004e-05 1.57149e-05 1.65812e-05 1.72784e-05 1.77801e-05 1.80524e-05 
2.99 0.00126983 0.00115184 0.00103794 0.000929572 0.000828438 0.000736576 0.000656389 0.000590704 0.000542835 0.000516648 
2.99 0.0010832 0.00116871 0.00124942 0.00132463 0.0013935 0.00145504 0.001508 0.00155091 0.00158193 0.00159882 
2.99 2.34267e-05 9.25293e-07 5.60902e-15 5.60902e-15 5.60902e-15 5.60902e-15 5.60902e-15 5.60902e-15 5.60902e-15 5.60902e-15 
2.99 1.09736e-10 1.02392e-10 9.7199e-11 9.34027e-11 9.0572e-11 8.84458e-11 8.68601e-11 8.57149e-11 8.49548e-11 8.45626e-11 
3.00 0.000463559 0.000536037 0.000603687 0.00066606 0.000722616 0.000772691 0.000815462 0.000849891 0.000874664 0.00088811 
3.00 0.000872537 0.000850405 0.000827789 0.000805188 0.0007832 0.000762525 0.000743967 0.000728436 0.000716944 0.000710601 
3.00 0.000854891 0.000830038 0.000804904 0.000779998 0.000755935 0.000733434 0.000713326 0.000696553 0.000684171 0.000677345 
3.00 9.4621e-06 1.09335e-05 1.23067e-05 1.35728e-05 1.47206e-05 1.57369e-05 1.6605e-05 1.73036e-05 1.78064e-05 1.80793e-05 
3.00 0.00127051 0.00115264 0.00103887 0.000930617 0.0008296 0.000737848 0.000657759 0.000592156 0.000544347 0.000518194 
3.00 0.0010835 0.00116906 0.00124982 0.00132508 0.00139401 0.00145559 0.0015086 0.00155154 0.00158259 0.00159949 
3.00 2.34267e-05 9.25293e-07 5.60902e-15 5.60902e-15 5.60902e-15 5.60902e-15 5.60902e-15 5.60902e-15 5.60902e-15 5.60902e-15 
3.00 1.09628e-10 1.02292e-10 9.71037e-11 9.33103e-11 9.0481e-11 8.83556e-11 8.67701e-11 8.5625e-11 8.48648e-11 8.44727e-11 
3.01 0.000464137 0.000536715 0.000604468 0.000666944 0.000723598 0.000773768 0.000816623 0.000851123 0.000875947 0.000889423 
3.01 0.000873206 0.000851189 0.000828692 0.000806209 0.000784336 0.000763769 0.000745308 0.000729858 0.000718426 0.000712115 
3.01 0.000855529 0.000830787 0.000805766 0.000780973 0.00075702 0.000734622 0.000714606 0.00069791 0.000685585 0.000678791 
3.01 9.47387e-06 1.09473e-05 1.23226e-05 1.35908e-05 1.47406e-05 1.57588e-05 1.66286e-05 1.73287e-05 1.78325e-05 1.8106e-05 
3.01 0.00127119 0.00115344 0.00103979 0.000931657 0.000830756 0.000739113 0.000659121 0.0005936 0.000545851 0.000519731 
3.01 0.0010838 0.00116941 0.00125022 0.00132553 0.00139451 0.00145614 0.00150919 0.00155217 0.00158325 0.00160016 
3.01 2.34267e-05 9.25293e-07 5.60902e-15 5.60902e-15 5.60902e-15 5.60902e-15 5.60902e-15 5.60902e-15 5.60902e-15 5.60902e-15 
3.01 1.09522e-10 1.02193e-10 9.70091e-11 9.32183e-11 9.03909e-11 8.82658e-11 8.66809e-11 8.55357e-11 8.47756e-11 8.43831e-11 
3.02 0.000464712 0.00053739 0.000605245 0.000667822 0.000724576 0.000774839 0.000817778 0.000852348 0.000877224 0.000890728 
3.02 0.000873871 0.000851969 0.00082959 0.000807225 0.000785466 0.000765006 0.000746642 0.000731272 0.0007199 0.000713622 
3.02 0.000856164 0.000831532 0.000806623 0.000781943 0.000758099 0.000735803 0.000715879 0.00069926 0.000686992 0.000680229 
3.02 9.48558e-06 1.0961e-05 1.23384e-05 1.36087e-05 1.47605e-05 1.57806e-05 1.66521e-05 1.73536e-05 1.78585e-05 1.81326e-05 
3.02 0.00127187 0.00115423 0.0010407 0.000932692 0.000831906 0.000740371 0.000660476 0.000595037 0.000547348 0.000521261 
3.02 0.00108409 0.00116975 0.00125062 0.00132598 0.00139501 0.00145669 0.00150978 0.0015528 0.0015839 0.00160083 
3.02 2.34267e-05 9.25293e-07 5.60902e-15 5.60902e-15 5.60902e-15 5.60902e-15 5.60902e-15 5.60902e-15 5.60902e-15 5.60902e-15 
3.02 1.09417e-10 1.02095e-10 9.69155e-11 9.31271e-11 9.03011e-11 8.81769e-11 8.65922e-11 8.54472e-11 8.46872e-11 8.42946e-11 
3.03 0.000465284 0.000538061 0.000606018 0.000668696 0.000725549 0.000775905 0.000818927 0.000853567 0.000878495 0.000892027 
3.03 0.000874532 0.000852745 0.000830483 0.000808235 0.00078659 0.000766237 0.000747969 0.000732679 0.000721366 0.000715121 
3.03 0.000856796 0.000832273 0.000807476 0.000782908 0.000759172 0.000736978 0.000717146 0.000700603 0.000688392 0.00068166 
3.03 9.49722e-06 1.09747e-05 1.23541e-05 1.36265e-05 1.47803e-05 1.58023e-05 1.66755e-05 1.73784e-05 1.78844e-05 1.8159e-05 
3.03 0.00127254 0.00115502 0.00104161 0.00093372 0.00083305 0.000741623 0.000661825 0.000596466 0.000548837 0.000522783 
3.03 0.00108438 0.0011701 0.00125101 0.00132643 0.00139551 0.00145723 0.00151037 0.00155342 0.00158455 0.00160149 
3.03 2.34267e-05 9.25293e-07 5.60902e-15 5.60902e-15 5.60902e-15 5.60902e-15 5.60902e-15 5.60902e-15 5.60902e-15 5.60902e-15 
3.03 1.09311e-10 1.01998e-10 9.68227e-11 9.30368e-11 9.02122e-11 8.80888e-11 8.65043e-11 8.53596e-11 8.45993e-11 8.42069e-11 
3.04 0.000465853 0.000538729 0.000606787 0.000669566 0.000726517 0.000776965 0.00082007 0.000854779 0.000879758 0.000893319 
3.04 0.00087519 0.000853517 0.000831372 0.00080924 0.000787708 0.000767462 0.000749289 0.000734079 0.000722824 0.000716612 
3.04 0.000857424 0.00083301 0.000808325 0.000783867 0.00076024 0.000738147 0.000718406 0.000701939 0.000689784 0.000683084 
3.04 9.50881e-06 1.09883e-05 1.23698e-05 1.36442e-05 1.48e-05 1.58239e-05 1.66988e-05 1.74031e-05 1.79101e-05 1.81853e-05 
3.04 0.00127321 0.00115581 0.00104251 0.000934743 0.000834188 0.000742868 0.000663166 0.000597888 0.000550318 0.000524297 
3.04 0.00108467 0.00117044 0.0012514 0.00132687 0.001396 0.00145777 0.00151095 0.00155404 0.0015852 0.00160215 
3.04 2.34267e-05 9.25293e-07 5.60902e-15 5.60902e-15 5.60902e-15 5.60902e-15 5.60902e-15 5.60902e-15 5.60902e-15 5.60902e-15 
3.04 1.09207e-10 1.01901e-10 9.67301e-11 9.29472e-11 9.01241e-11 8.80011e-11 8.64172e-11 8.52724e-11 8.45122e-11 8.41196e-11 
3.05 0.000466419 0.000539394 0.000607552 0.000670431 0.00072748 0.00077802 0.000821207 0.000855985 0.000881015 0.000894604 
3.05 0.000875844 0.000854285 0.000832256 0.00081024 0.000788821 0.00076868 0.000750602 0.000735471 0.000724275 0.000718095 
3.05 0.000858049 0.000833744 0.000809169 0.000784822 0.000761302 0.00073931 0.000719659 0.000703268 0.000691169 0.0006845 
3.05 9.52034e-06 1.10018e-05 1.23854e-05 1.36618e-05 1.48196e-05 1.58454e-05 1.67219e-05 1.74277e-05 1.79357e-05 1.82115e-05 
3.05 0.00127388 0.00115659 0.00104341 0.00093576 0.00083532 0.000744107 0.000664501 0.000599302 0.000551792 0.000525803 
3.05 0.00108496 0.00117078 0.00125179 0.00132731 0.00139649 0.00145831 0.00151153 0.00155466 0.00158584 0.00160281 
3.05 2.34267e-05 9.25293e-07 5.60902e-15 5.60902e-15 5.60902e-15 5.60902e-15 5.60902e-15 5.60902e-15 5.60902e-15 5.60902e-15 
3.05 1.09103e-10 1.01805e-10 9.66382e-11 9.28579e-11 9.00362e-11 8.79142e-11 8.63306e-11 8.51861e-11 8.4426e-11 8.40332e-11 
3.06 0.000466982 0.000540054 0.000608313 0.000671292 0.000728438 0.000779069 0.000822338 0.000857185 0.000882266 0.000895883 
3.06 0.000876495 0.000855049 0.000833135 0.000811235 0.000789928 0.000769892 0.000751908 0.000736856 0.000725718 0.00071957 
3.06 0.000858671 0.000834474 0.000810009 0.000785772 0.000762358 0.000740467 0.000720906 0.00070459 0.000692547 0.000685909 
3.06 9.5318e-06 1.10153e-05 1.24009e-05 1.36793e-05 1.48391e-05 1.58668e-05 1.67449e-05 1.74521e-05 1.79612e-05 1.82375e-05 
3.06 0.00127454 0.00115737 0.00104431 0.000936772 0.000836446 0.000745339 0.000665828 0.000600709 0.000553258 0.000527301 
3.06 0.00108525 0.00117112 0.00125218 0.00132775 0.00139698 0.00145885 0.00151211 0.00155527 0.00158648 0.00160346 
3.06 2.34267e-05 9.25293e-07 5.60902e-15 5.60902e-15 5.60902e-15 5.60902e-15 5.60902e-15 5.60902e-15 5.60902e-15 5.60902e-15 
3.06 1.09001e-10 1.0171e-10 9.65473e-11 9.27694e-11 8.99492e-11 8.78281e-11 8.62448e-11 8.51005e-11 8.43403e-11 8.39476e-11 
3.07 0.000467542 0.000540712 0.000609069 0.000672148 0.000729391 0.000780113 0.000823463 0.000858378 0.00088351 0.000897155 
3.07 0.000877143 0.000855809 0.00083401 0.000812224 0.000791029 0.000771097 0.000753207 0.000738234 0.000727154 0.000721038 
3.07 0.000859289 0.0008352 0.000810844 0.000786716 0.000763409 0.000741618 0.000722146 0.000705906 0.000693918 0.00068731 
3.07 9.54321e-06 1.10287e-05 1.24163e-05 1.36967e-05 1.48585e-05 1.5888e-05 1.67678e-05 1.74764e-05 1.79865e-05 1.82634e-05 
3.07 0.0012752 0.00115814 0.0010452 0.000937779 0.000837566 0.000746565 0.000667149 0.000602109 0.000554716 0.000528792 
3.07 0.00108554 0.00117145 0.00125257 0.00132819 0.00139747 0.00145938 0.00151269 0.00155588 0.00158711 0.00160411 
3.07 2.34267e-05 9.25293e-07 5.60902e-15 5.60902e-15 5.60902e-15 5.60902e-15 5.60902e-15 5.60902e-15 5.60902e-15 5.60902e-15 
3.07 1.08899e-10 1.01615e-10 9.64573e-11 9.26818e-11 8.98631e-11 8.77429e-11 8.61598e-11 8.50154e-11 8.42552e-11 8.38624e-11 
3.08 0.000468099 0.000541365 0.000609822 0.000673 0.000730339 0.000781151 0.000824583 0.000859565 0.000884748 0.00089842 
3.08 0.000877787 0.000856565 0.00083488 0.000813208 0.000792124 0.000772296 0.000754499 0.000739604 0.000728582 0.000722498 
3.08 0.000859904 0.000835922 0.000811675 0.000787656 0.000764454 0.000742763 0.00072338 0.000707214 0.000695282 0.000688704 
3.08 9.55456e-06 1.1042e-05 1.24316e-05 1.3714e-05 1.48778e-05 1.59091e-05 1.67906e-05 1.75006e-05 1.80117e-05 1.82892e-05 
3.08 0.00127586 0.00115891 0.00104609 0.000938781 0.00083868 0.000747784 0.000668463 0.000603501 0.000556167 0.000530275 
3.08 0.00108582 0.00117178 0.00125295 0.00132863 0.00139795 0.00145991 0.00151326 0.00155649 0.00158774 0.00160476 
3.08 2.34267e-05 9.25293e-07 5.60902e-15 5.60902e-15 5.60902e-15 5.60902e-15 5.60902e-15 5.60902e-15 5.60902e-15 5.60902e-15 
3.08 1.08798e-10 1.01521e-10 9.63679e-11 9.2595e-11 8.97777e-11 8.7658e-11 8.60756e-11 8.49311e-11 8.41707e-11 8.3778e-11 
3.09 0.000468653 0.000542016 0.000610571 0.000673847 0.000731282 0.000782184 0.000825697 0.000860746 0.000885978 0.000899679 
3.09 0.000878428 0.000857317 0.000835746 0.000814187 0.000793213 0.000773489 0.000755785 0.000740967 0.000730003 0.000723951 
3.09 0.000860516 0.00083664 0.000812501 0.000788591 0.000765494 0.000743902 0.000724608 0.000708516 0.000696638 0.000690091 
3.09 9.56585e-06 1.10552e-05 1.24468e-05 1.37312e-05 1.4897e-05 1.59301e-05 1.68133e-05 1.75246e-05 1.80368e-05 1.83148e-05 
3.09 0.00127651 0.00115968 0.00104697 0.000939778 0.000839788 0.000748997 0.00066977 0.000604886 0.00055761 0.00053175 
3.09 0.0010861 0.00117211 0.00125333 0.00132906 0.00139843 0.00146044 0.00151383 0.00155709 0.00158837 0.0016054 
3.09 2.34267e-05 9.25293e-07 5.60902e-15 5.60902e-15 5.60902e-15 5.60902e-15 5.60902e-15 5.60902e-15 5.60902e-15 5.60902e-15 
3.09 1.08697e-10 1.01428e-10 9.62788e-11 9.25089e-11 8.96927e-11 8.75738e-11 8.59917e-11 8.48476e-11 8.4087e-11 8.36945e-11 
3.10 0.000469205 0.000542663 0.000611316 0.00067469 0.00073222 0.000783211 0.000826804 0.000861921 0.000887203 0.000900931 
3.10 0.000879065 0.000858065 0.000836607 0.000815161 0.000794296 0.000774676 0.000757064 0.000742323 0.000731417 0.000725396 
3.10 0.000861125 0.000837354 0.000813323 0.000789521 0.000766529 0.000745035 0.000725829 0.000709811 0.000697988 0.00069147 
3.10 9.57707e-06 1.10684e-05 1.2462e-05 1.37484e-05 1.49161e-05 1.5951e-05 1.68358e-05 1.75485e-05 1.80617e-05 1.83403e-05 
3.10 0.00127716 0.00116044 0.00104785 0.000940769 0.00084089 0.000750204 0.00067107 0.000606264 0.000559046 0.000533217 
3.10 0.00108638 0.00117244 0.00125371 0.00132949 0.00139891 0.00146096 0.0015144 0.00155769 0.001589 0.00160604 
3.10 2.34267e-05 9.25293e-07 5.60902e-15 5.60902e-15 5.60902e-15 5.60902e-15 5.60902e-15 5.60902e-15 5.60902e-15 5.60902e-15 
3.10 1.08598e-10 1.01335e-10 9.61905e-11 9.24231e-11 8.96084e-11 8.74905e-11 8.59087e-11 8.47645e-11 8.4004e-11 8.36113e-11 
3.11 0.000469754 0.000543307 0.000612057 0.000675528 0.000733153 0.000784233 0.000827906 0.00086309 0.000888421 0.000902176 
3.11 0.000879699 0.000858809 0.000837463 0.00081613 0.000795374 0.000775856 0.000758336 0.000743672 0.000732823 0.000726833 
3.11 0.000861731 0.000838064 0.000814141 0.000790446 0.000767558 0.000746162 0.000727044 0.000711099 0.00069933 0.000692842 
3.11 9.58824e-06 1.10815e-05 1.24771e-05 1.37655e-05 1.49351e-05 1.59718e-05 1.68582e-05 1.75723e-05 1.80865e-05 1.83656e-05 
3.11 0.00127781 0.0011612 0.00104872 0.000941756 0.000841987 0.000751404 0.000672363 0.000607635 0.000560474 0.000534677 
3.11 0.00108666 0.00117277 0.00125409 0.00132992 0.00139939 0.00146148 0.00151496 0.00155829 0.00158962 0.00160668 
3.11 2.34267e-05 9.25293e-07 5.60902e-15 5.60902e-15 5.60902e-15 5.60902e-15 5.60902e-15 5.60902e-15 5.60902e-15 5.60902e-15 
3.11 1.08499e-10 1.01244e-10 9.6103e-11 9.23381e-11 8.95248e-11 8.74075e-11 8.58264e-11 8.46822e-11 8.39218e-11 8.3529e-11 
3.12 0.0004703 0.000543948 0.000612794 0.000676362 0.000734081 0.00078525 0.000829002 0.000864253 0.000889633 0.000903415 
3.12 0.00088033 0.000859549 0.000838315 0.000817094 0.000796446 0.00077703 0.000759601 0.000745014 0.000734222 0.000728263 
3.12 0.000862333 0.000838771 0.000814955 0.000791366 0.000768582 0.000747283 0.000728252 0.000712381 0.000700665 0.000694207 
3.12 9.59935e-06 1.10945e-05 1.24921e-05 1.37825e-05 1.4954e-05 1.59925e-05 1.68805e-05 1.7596e-05 1.81111e-05 1.83908e-05 
3.12 0.00127845 0.00116195 0.00104959 0.000942737 0.000843078 0.000752598 0.000673649 0.000608999 0.000561895 0.000536129 
3.12 0.00108694 0.0011731 0.00125447 0.00133034 0.00139986 0.001462 0.00151552 0.00155888 0.00159024 0.00160731 
3.12 2.34267e-05 9.25293e-07 5.60902e-15 5.60902e-15 5.60902e-15 5.60902e-15 5.60902e-15 5.60902e-15 5.60902e-15 5.60902e-15 
3.12 1.084e-10 1.01153e-10 9.60163e-11 9.22539e-11 8.94421e-11 8.73253e-11 8.57444e-11 8.46006e-11 8.38401e-11 8.34475e-11 
3.13 0.000470843 0.000544584 0.000613527 0.000677192 0.000735004 0.000786261 0.000830093 0.000865409 0.000890839 0.000904648 
3.13 0.000880957 0.000860286 0.000839163 0.000818052 0.000797513 0.000778198 0.00076086 0.000746349 0.000735613 0.000729686 
3.13 0.000862932 0.000839474 0.000815764 0.000792281 0.0007696 0.000748398 0.000729454 0.000713656 0.000701994 0.000695565 
3.13 9.61039e-06 1.11075e-05 1.2507e-05 1.37994e-05 1.49728e-05 1.60131e-05 1.69027e-05 1.76195e-05 1.81356e-05 1.84159e-05 
3.13 0.00127909 0.0011627 0.00105045 0.000943713 0.000844163 0.000753786 0.000674929 0.000610356 0.000563308 0.000537574 
3.13 0.00108722 0.00117343 0.00125484 0.00133076 0.00140033 0.00146252 0.00151608 0.00155947 0.00159086 0.00160794 
3.13 2.34267e-05 9.25293e-07 5.60902e-15 5.60902e-15 5.60902e-15 5.60902e-15 5.60902e-15 5.60902e-15 5.60902e-15 5.60902e-15 
3.13 1.08303e-10 1.01063e-10 9.59304e-11 9.217e-11 8.93596e-11 8.72438e-11 8.56633e-11 8.45194e-11 8.37591e-11 8.33663e-11 
3.14 0.000471383 0.000545218 0.000614257 0.000678017 0.000735922 0.000787267 0.000831177 0.000866559 0.000892037 0.000905873 
3.14 0.000881581 0.000861019 0.000840006 0.000819006 0.000798574 0.00077936 0.000762112 0.000747677 0.000736997 0.000731101 
3.14 0.000863528 0.000840173 0.000816569 0.000793191 0.000770613 0.000749507 0.00073065 0.000714924 0.000703315 0.000696916 
3.14 9.62138e-06 1.11204e-05 1.25219e-05 1.38162e-05 1.49915e-05 1.60336e-05 1.69248e-05 1.76429e-05 1.816e-05 1.84408e-05 
3.14 0.00127972 0.00116345 0.00105131 0.000944683 0.000845243 0.000754968 0.000676202 0.000611706 0.000564714 0.000539011 
3.14 0.0010875 0.00117375 0.00125521 0.00133118 0.0014008 0.00146303 0.00151663 0.00156006 0.00159147 0.00160857 
3.14 2.34267e-05 9.25293e-07 5.60902e-15 5.60902e-15 5.60902e-15 5.60902e-15 5.60902e-15 5.60902e-15 5.60902e-15 5.60902e-15 
3.14 1.08207e-10 1.00973e-10 9.58447e-11 9.20867e-11 8.92779e-11 8.71631e-11 8.55829e-11 8.4439e-11 8.36789e-11 8.3286e-11 
3.15 0.00047192 0.000545849 0.000614982 0.000678838 0.000736836 0.000788268 0.000832256 0.000867704 0.00089323 0.000907093 
3.15 0.000882202 0.000861748 0.000840845 0.000819955 0.000799629 0.000780516 0.000763358 0.000748998 0.000738374 0.000732509 
3.15 0.000864121 0.000840869 0.00081737 0.000794097 0.000771621 0.000750611 0.00073184 0.000716185 0.00070463 0.00069826 
3.15 9.63231e-06 1.11332e-05 1.25367e-05 1.38329e-05 1.50101e-05 1.6054e-05 1.69468e-05 1.76662e-05 1.81843e-05 1.84656e-05 
3.15 0.00128035 0.00116419 0.00105216 0.000945649 0.000846317 0.000756143 0.000677469 0.000613048 0.000566113 0.000540441 
3.15 0.00108777 0.00117407 0.00125558 0.0013316 0.00140127 0.00146354 0.00151718 0.00156065 0.00159208 0.00160919 
3.15 2.34267e-05 9.25293e-07 5.60902e-15 5.60902e-15 5.60902e-15 5.60902e-15 5.60902e-15 5.60902e-15 5.60902e-15 5.60902e-15 
3.15 1.08111e-10 1.00884e-10 9.57597e-11 9.20042e-11 8.9197e-11 8.70827e-11 8.55028e-11 8.43593e-11 8.35991e-11 8.32064e-11 
3.16 0.000472454 0.000546475 0.000615704 0.000679655 0.000737745 0.000789263 0.000833329 0.000868842 0.000894417 0.000908306 
3.16 0.00088282 0.000862473 0.000841679 0.000820898 0.000800679 0.000781666 0.000764597 0.000750313 0.000739744 0.000733909 
3.16 0.000864711 0.000841561 0.000818166 0.000794998 0.000772623 0.000751709 0.000733023 0.00071744 0.000705938 0.000699597 
3.16 9.64318e-06 1.1146e-05 1.25514e-05 1.38495e-05 1.50286e-05 1.60743e-05 1.69686e-05 1.76894e-05 1.82084e-05 1.84903e-05 
3.16 0.00128098 0.00116493 0.00105301 0.000946609 0.000847385 0.000757312 0.000678729 0.000614384 0.000567505 0.000541864 
3.16 0.00108804 0.00117439 0.00125595 0.00133202 0.00140173 0.00146405 0.00151773 0.00156123 0.00159269 0.00160981 
3.16 2.34267e-05 9.25293e-07 5.60902e-15 5.60902e-15 5.60902e-15 5.60902e-15 5.60902e-15 5.60902e-15 5.60902e-15 5.60902e-15 
3.16 1.08016e-10 1.00796e-10 9.56754e-11 9.19225e-11 8.91167e-11 8.7003e-11 8.54235e-11 8.42804e-11 8.352e-11 8.31271e-11 
3.17 0.000472985 0.000547099 0.000616422 0.000680467 0.000738649 0.000790253 0.000834397 0.000869975 0.000895597 0.000909513 
3.17 0.000883434 0.000863194 0.000842509 0.000821837 0.000801723 0.000782809 0.00076583 0.000751621 0.000741106 0.000735302 
3.17 0.000865297 0.00084225 0.000818958 0.000795894 0.00077362 0.000752801 0.0007342 0.000718688 0.000707239 0.000700927 
3.17 9.654e-06 1.11587e-05 1.2566e-05 1.3866e-05 1.5047e-05 1.60944e-05 1.69904e-05 1.77124e-05 1.82324e-05 1.85149e-05 
3.17 0.00128161 0.00116566 0.00105385 0.000947564 0.000848447 0.000758475 0.000679982 0.000615713 0.000568889 0.000543279 
3.17 0.00108831 0.00117471 0.00125632 0.00133243 0.00140219 0.00146456 0.00151828 0.00156181 0.00159329 0.00161043 
3.17 2.34267e-05 9.25293e-07 5.60902e-15 5.60902e-15 5.60902e-15 5.60902e-15 5.60902e-15 5.60902e-15 5.60902e-15 5.60902e-15 
3.17 1.07921e-10 1.00708e-10 9.5592e-11 9.18414e-11 8.90368e-11 8.69241e-11 8.5345e-11 8.42018e-11 8.34416e-11 8.30486e-11 
3.18 0.000473514 0.00054772 0.000617136 0.000681275 0.000739548 0.000791238 0.000835459 0.000871102 0.000896771 0.000910714 
3.18 0.000884045 0.000863911 0.000843335 0.000822771 0.000802762 0.000783947 0.000767057 0.000752921 0.000742462 0.000736688 
3.18 0.000865881 0.000842935 0.000819746 0.000796785 0.000774612 0.000753887 0.000735371 0.00071993 0.000708533 0.00070225 
3.18 9.66477e-06 1.11713e-05 1.25805e-05 1.38825e-05 1.50653e-05 1.61145e-05 1.7012e-05 1.77353e-05 1.82563e-05 1.85393e-05 
3.18 0.00128223 0.00116639 0.00105469 0.000948513 0.000849504 0.000759632 0.000681229 0.000617035 0.000570266 0.000544687 
3.18 0.00108858 0.00117503 0.00125668 0.00133284 0.00140265 0.00146506 0.00151882 0.00156239 0.00159389 0.00161104 
3.18 2.34267e-05 9.25293e-07 5.60902e-15 5.60902e-15 5.60902e-15 5.60902e-15 5.60902e-15 5.60902e-15 5.60902e-15 5.60902e-15 
3.18 1.07827e-10 1.00621e-10 9.55092e-11 9.17607e-11 8.89576e-11 8.68459e-11 8.52671e-11 8.4124e-11 8.33637e-11 8.29709e-11 
3.19 0.00047404 0.000548337 0.000617847 0.000682079 0.000740443 0.000792218 0.000836516 0.000872222 0.000897939 0.000911907 
3.19 0.000884653 0.000864624 0.000844156 0.0008237 0.000803796 0.000785079 0.000768277 0.000754215 0.00074381 0.000738067 
3.19 0.000866461 0.000843616 0.00082053 0.000797672 0.000775599 0.000754967 0.000736536 0.000721165 0.00070982 0.000703566 
3.19 9.67547e-06 1.11839e-05 1.2595e-05 1.38989e-05 1.50835e-05 1.61344e-05 1.70335e-05 1.77581e-05 1.82801e-05 1.85636e-05 
3.19 0.00128285 0.00116712 0.00105553 0.000949458 0.000850555 0.000760783 0.000682469 0.00061835 0.000571636 0.000546087 
3.19 0.00108885 0.00117534 0.00125705 0.00133325 0.00140311 0.00146556 0.00151936 0.00156296 0.00159449 0.00161165 
3.19 2.34267e-05 9.25293e-07 5.60902e-15 5.60902e-15 5.60902e-15 5.60902e-15 5.60902e-15 5.60902e-15 5.60902e-15 5.60902e-15 
3.19 1.07734e-10 1.00535e-10 9.54272e-11 9.16808e-11 8.88791e-11 8.6768e-11 8.51896e-11 8.40469e-11 8.32864e-11 8.28935e-11 
3.20 0.000474563 0.000548951 0.000618554 0.000682879 0.000741332 0.000793193 0.000837566 0.000873337 0.000899101 0.000913095 
3.20 0.000885258 0.000865334 0.000844973 0.000824624 0.000804824 0.000786205 0.000769491 0.000755502 0.000745151 0.000739438 
3.20 0.000867038 0.000844293 0.00082131 0.000798554 0.00077658 0.000756042 0.000737695 0.000722394 0.000711101 0.000704875 
3.20 9.68612e-06 1.11964e-05 1.26094e-05 1.39152e-05 1.51016e-05 1.61542e-05 1.70549e-05 1.77808e-05 1.83038e-05 1.85878e-05 
3.20 0.00128347 0.00116784 0.00105636 0.000950398 0.000851601 0.000761928 0.000683703 0.000619658 0.000572999 0.00054748 
3.20 0.00108912 0.00117565 0.00125741 0.00133366 0.00140356 0.00146606 0.0015199 0.00156353 0.00159508 0.00161226 
3.20 2.34267e-05 9.25293e-07 5.60902e-15 5.60902e-15 5.60902e-15 5.60902e-15 5.60902e-15 5.60902e-15 5.60902e-15 5.60902e-15 
3.20 1.07642e-10 1.00449e-10 9.53453e-11 9.16014e-11 8.88013e-11 8.66908e-11 8.51128e-11 8.39701e-11 8.32099e-11 8.28169e-11 
3.21 0.000475083 0.000549562 0.000619257 0.000683674 0.000742217 0.000794163 0.000838612 0.000874446 0.000900257 0.000914277 
3.21 0.00088586 0.00086604 0.000845786 0.000825543 0.000805847 0.000787325 0.000770698 0.000756782 0.000746486 0.000740802 
3.21 0.000867612 0.000844967 0.000822086 0.000799431 0.000777556 0.000757111 0.000738847 0.000723616 0.000712375 0.000706178 
3.21 9.69672e-06 1.12088e-05 1.26237e-05 1.39314e-05 1.51196e-05 1.6174e-05 1.70762e-05 1.78034e-05 1.83273e-05 1.86119e-05 
3.21 0.00128408 0.00116856 0.00105719 0.000951333 0.000852641 0.000763067 0.00068493 0.000620959 0.000574355 0.000548866 
3.21 0.00108939 0.00117596 0.00125777 0.00133407 0.00140401 0.00146656 0.00152043 0.0015641 0.00159567 0.00161286 
3.21 2.34267e-05 9.25293e-07 5.60902e-15 5.60902e-15 5.60902e-15 5.60902e-15 5.60902e-15 5.60902e-15 5.60902e-15 5.60902e-15 
3.21 1.0755e-10 1.00364e-10 9.52642e-11 9.15228e-11 8.87238e-11 8.66142e-11 8.50367e-11 8.3894e-11 8.31337e-11 8.27409e-11 
3.22 0.000475601 0.00055017 0.000619956 0.000684464 0.000743098 0.000795127 0.000839652 0.000875549 0.000901407 0.000915453 
3.22 0.000886458 0.000866742 0.000846594 0.000826457 0.000806864 0.000788439 0.000771899 0.000758056 0.000747813 0.000742159 
3.22 0.000868183 0.000845637 0.000822858 0.000800304 0.000778527 0.000758175 0.000739994 0.000724832 0.000713642 0.000707474 
3.22 9.70726e-06 1.12212e-05 1.26379e-05 1.39475e-05 1.51375e-05 1.61936e-05 1.70974e-05 1.78259e-05 1.83507e-05 1.86358e-05 
3.22 0.00128469 0.00116928 0.00105801 0.000952264 0.000853676 0.0007642 0.000686151 0.000622253 0.000575704 0.000550245 
3.22 0.00108965 0.00117627 0.00125813 0.00133447 0.00140446 0.00146705 0.00152096 0.00156466 0.00159626 0.00161346 
3.22 2.34267e-05 9.25293e-07 5.60902e-15 5.60902e-15 5.60902e-15 5.60902e-15 5.60902e-15 5.60902e-15 5.60902e-15 5.60902e-15 
3.22 1.0746e-10 1.00279e-10 9.51838e-11 9.14449e-11 8.8647e-11 8.65384e-11 8.49609e-11 8.38186e-11 8.30582e-11 8.26652e-11 
3.23 0.000476116 0.000550774 0.000620652 0.000685251 0.000743974 0.000796087 0.000840687 0.000876646 0.000902551 0.000916623 
3.23 0.000887053 0.000867441 0.000847398 0.000827366 0.000807876 0.000789547 0.000773094 0.000759323 0.000749134 0.000743509 
3.23 0.000868751 0.000846304 0.000823626 0.000801172 0.000779493 0.000759233 0.000741134 0.000726042 0.000714903 0.000708763 
3.23 9.71774e-06 1.12335e-05 1.26521e-05 1.39635e-05 1.51554e-05 1.62131e-05 1.71184e-05 1.78482e-05 1.8374e-05 1.86596e-05 
3.23 0.0012853 0.00116999 0.00105883 0.000953189 0.000854705 0.000765327 0.000687366 0.000623541 0.000577046 0.000551617 
3.23 0.00108991 0.00117658 0.00125848 0.00133488 0.00140491 0.00146754 0.00152149 0.00156522 0.00159684 0.00161406 
3.23 2.34267e-05 9.25293e-07 5.60902e-15 5.60902e-15 5.60902e-15 5.60902e-15 5.60902e-15 5.60902e-15 5.60902e-15 5.60902e-15 
3.23 1.07369e-10 1.00196e-10 9.51042e-11 9.13677e-11 8.85709e-11 8.64629e-11 8.48858e-11 8.37435e-11 8.29833e-11 8.25903e-11 
3.24 0.000476628 0.000551375 0.000621344 0.000686034 0.000744845 0.000797042 0.000841716 0.000877738 0.000903689 0.000917785 
3.24 0.000887645 0.000868136 0.000848198 0.000828271 0.000808883 0.00079065 0.000774282 0.000760584 0.000750448 0.000744852 
3.24 0.000869316 0.000846967 0.000824389 0.000802036 0.000780454 0.000760285 0.000742269 0.000727245 0.000716157 0.000710045 
3.24 9.72817e-06 1.12457e-05 1.26662e-05 1.39794e-05 1.51731e-05 1.62325e-05 1.71393e-05 1.78704e-05 1.83972e-05 1.86833e-05 
3.24 0.0012859 0.0011707 0.00105964 0.00095411 0.000855729 0.000766448 0.000688574 0.000624822 0.000578381 0.000552982 
3.24 0.00109017 0.00117689 0.00125883 0.00133528 0.00140536 0.00146803 0.00152202 0.00156578 0.00159742 0.00161466 
3.24 2.34267e-05 9.25293e-07 5.60902e-15 5.60902e-15 5.60902e-15 5.60902e-15 5.60902e-15 5.60902e-15 5.60902e-15 5.60902e-15 
3.24 1.07279e-10 1.00113e-10 9.50246e-11 9.12907e-11 8.84954e-11 8.6388e-11 8.48113e-11 8.36691e-11 8.29089e-11 8.25161e-11 
3.25 0.000477138 0.000551972 0.000622032 0.000686813 0.000745712 0.000797991 0.00084274 0.000878824 0.000904821 0.000918942 
3.25 0.000888234 0.000868827 0.000848994 0.000829171 0.000809884 0.000791747 0.000775464 0.000761838 0.000751755 0.000746188 
3.25 0.000869878 0.000847627 0.000825148 0.000802895 0.00078141 0.000761332 0.000743398 0.000728442 0.000717405 0.00071132 
3.25 9.73854e-06 1.12579e-05 1.26802e-05 1.39952e-05 1.51907e-05 1.62518e-05 1.71601e-05 1.78925e-05 1.84202e-05 1.87069e-05 
3.25 0.0012865 0.0011714 0.00106045 0.000955025 0.000856748 0.000767563 0.000689776 0.000626096 0.000579709 0.000554339 
3.25 0.00109043 0.0011772 0.00125918 0.00133568 0.0014058 0.00146852 0.00152254 0.00156633 0.001598 0.00161525 
3.25 2.34267e-05 9.25293e-07 5.60902e-15 5.60902e-15 5.60902e-15 5.60902e-15 5.60902e-15 5.60902e-15 5.60902e-15 5.60902e-15 
3.25 1.0719e-10 1.0003e-10 9.49458e-11 9.12143e-11 8.84206e-11 8.63139e-11 8.47376e-11 8.35955e-11 8.28351e-11 8.24426e-11 
3.26 0.000477644 0.000552567 0.000622717 0.000687588 0.000746574 0.000798936 0.000843758 0.000879904 0.000905947 0.000920093 
3.26 0.00088882 0.000869514 0.000849785 0.000830066 0.00081088 0.000792838 0.00077664 0.000763085 0.000753055 0.000747517 
3.26 0.000870438 0.000848283 0.000825904 0.00080375 0.000782361 0.000762374 0.000744521 0.000729633 0.000718646 0.000712589 
3.26 9.74886e-06 1.127e-05 1.26941e-05 1.4011e-05 1.52083e-05 1.6271e-05 1.71808e-05 1.79145e-05 1.84431e-05 1.87303e-05 
3.26 0.0012871 0.0011721 0.00106126 0.000955936 0.000857761 0.000768673 0.000690971 0.000627364 0.00058103 0.000555689 
3.26 0.00109069 0.0011775 0.00125953 0.00133607 0.00140624 0.001469 0.00152306 0.00156688 0.00159858 0.00161584 
3.26 2.34267e-05 9.25293e-07 5.60902e-15 5.60902e-15 5.60902e-15 5.60902e-15 5.60902e-15 5.60902e-15 5.60902e-15 5.60902e-15 
3.26 1.07102e-10 9.99486e-11 9.48678e-11 9.11386e-11 8.83461e-11 8.62403e-11 8.46641e-11 8.3522e-11 8.2762e-11 8.23694e-11 
3.27 0.000478148 0.000553159 0.000623398 0.000688359 0.000747432 0.000799875 0.000844771 0.000880979 0.000907067 0.000921239 
3.27 0.000889403 0.000870198 0.000850572 0.000830957 0.000811871 0.000793923 0.00077781 0.000764326 0.000754348 0.000748839 
3.27 0.000870994 0.000848936 0.000826656 0.0008046 0.000783307 0.00076341 0.000745638 0.000730818 0.00071988 0.000713851 
3.27 9.75912e-06 1.1282e-05 1.2708e-05 1.40267e-05 1.52258e-05 1.62902e-05 1.72014e-05 1.79364e-05 1.84659e-05 1.87536e-05 
3.27 0.00128769 0.0011728 0.00106206 0.000956843 0.000858769 0.000769777 0.00069216 0.000628625 0.000582344 0.000557032 
3.27 0.00109095 0.0011778 0.00125988 0.00133646 0.00140668 0.00146948 0.00152358 0.00156743 0.00159915 0.00161643 
3.27 2.34267e-05 9.25293e-07 5.60902e-15 5.60902e-15 5.60902e-15 5.60902e-15 5.60902e-15 5.60902e-15 5.60902e-15 5.60902e-15 
3.27 1.07014e-10 9.98671e-11 9.47902e-11 9.10631e-11 8.82721e-11 8.61671e-11 8.45913e-11 8.34494e-11 8.26895e-11 8.22969e-11 
3.28 0.00047865 0.000553748 0.000624076 0.000689126 0.000748285 0.00080081 0.000845779 0.000882047 0.000908181 0.000922378 
3.28 0.000889983 0.000870878 0.000851355 0.000831843 0.000812857 0.000795002 0.000778974 0.00076556 0.000755634 0.000750154 
3.28 0.000871548 0.000849586 0.000827403 0.000805446 0.000784248 0.000764441 0.000746749 0.000731996 0.000721108 0.000715107 
3.28 9.76933e-06 1.1294e-05 1.27218e-05 1.40423e-05 1.52432e-05 1.63092e-05 1.72219e-05 1.79581e-05 1.84886e-05 1.87768e-05 
3.28 0.00128828 0.00117349 0.00106286 0.000957744 0.000859772 0.000770875 0.000693343 0.000629879 0.000583651 0.000558369 
3.28 0.00109121 0.0011781 0.00126023 0.00133685 0.00140712 0.00146996 0.00152409 0.00156798 0.00159972 0.00161701 
3.28 2.34267e-05 9.25293e-07 5.60902e-15 5.60902e-15 5.60902e-15 5.60902e-15 5.60902e-15 5.60902e-15 5.60902e-15 5.60902e-15 
3.28 1.06927e-10 9.97862e-11 9.47133e-11 9.09883e-11 8.81988e-11 8.60945e-11 8.45192e-11 8.33774e-11 8.26175e-11 8.22251e-11 
3.29 0.000479149 0.000554334 0.00062475 0.000689889 0.000749134 0.00080174 0.000846781 0.00088311 0.000909289 0.000923511 
3.29 0.00089056 0.000871555 0.000852134 0.000832724 0.000813837 0.000796076 0.000780132 0.000766788 0.000756914 0.000751462 
3.29 0.000872099 0.000850232 0.000828147 0.000806287 0.000785184 0.000765466 0.000747854 0.000733168 0.00072233 0.000716356 
3.29 9.77948e-06 1.13059e-05 1.27355e-05 1.40578e-05 1.52605e-05 1.63281e-05 1.72423e-05 1.79797e-05 1.85112e-05 1.87999e-05 
3.29 0.00128887 0.00117418 0.00106365 0.000958641 0.000860769 0.000771967 0.00069452 0.000631127 0.000584951 0.000559698 
3.29 0.00109146 0.0011784 0.00126057 0.00133724 0.00140755 0.00147043 0.0015246 0.00156852 0.00160029 0.00161759 
3.29 2.34267e-05 9.25293e-07 5.60902e-15 5.60902e-15 5.60902e-15 5.60902e-15 5.60902e-15 5.60902e-15 5.60902e-15 5.60902e-15 
3.29 1.06841e-10 9.97061e-11 9.46372e-11 9.09141e-11 8.81262e-11 8.60225e-11 8.44473e-11 8.33059e-11 8.2546e-11 8.21535e-11 
3.30 0.000479646 0.000554917 0.000625421 0.000690648 0.000749979 0.000802665 0.000847778 0.000884168 0.000910391 0.000924638 
3.30 0.000891134 0.000872228 0.000852909 0.0008336 0.000814812 0.000797144 0.000781284 0.000768009 0.000758187 0.000752764 
3.30 0.000872647 0.000850875 0.000828887 0.000807124 0.000786115 0.000766486 0.000748953 0.000734334 0.000723545 0.000717599 
3.30 9.78958e-06 1.13178e-05 1.27491e-05 1.40732e-05 1.52777e-05 1.6347e-05 1.72626e-05 1.80013e-05 1.85336e-05 1.88228e-05 
3.30 0.00128945 0.00117486 0.00106444 0.000959533 0.000861761 0.000773053 0.000695691 0.000632368 0.000586245 0.00056102 
3.30 0.00109171 0.0011787 0.00126091 0.00133763 0.00140798 0.0014709 0.00152511 0.00156906 0.00160085 0.00161817 
3.30 2.34267e-05 9.25293e-07 5.60902e-15 5.60902e-15 5.60902e-15 5.60902e-15 5.60902e-15 5.60902e-15 5.60902e-15 5.60902e-15 
3.30 1.06755e-10 9.96265e-11 9.45611e-11 9.08405e-11 8.80538e-11 8.59507e-11 8.4376e-11 8.32349e-11 8.24752e-11 8.20827e-11 
3.31 0.000480139 0.000555496 0.000626088 0.000691402 0.000750818 0.000803585 0.00084877 0.00088522 0.000911488 0.000925759 
3.31 0.000891705 0.000872898 0.00085368 0.000834472 0.000815782 0.000798207 0.000782429 0.000769224 0.000759453 0.000754059 
3.31 0.000873192 0.000851515 0.000829623 0.000807956 0.000787042 0.0007675 0.000750047 0.000735494 0.000724754 0.000718835 
3.31 9.79963e-06 1.13296e-05 1.27627e-05 1.40886e-05 1.52948e-05 1.63657e-05 1.72828e-05 1.80227e-05 1.85559e-05 1.88456e-05 
3.31 0.00129003 0.00117554 0.00106522 0.00096042 0.000862748 0.000774134 0.000696856 0.000633603 0.000587532 0.000562336 
3.31 0.00109196 0.001179 0.00126125 0.00133802 0.00140841 0.00147137 0.00152562 0.0015696 0.00160141 0.00161874 
3.31 2.34267e-05 9.25293e-07 5.60902e-15 5.60902e-15 5.60902e-15 5.60902e-15 5.60902e-15 5.60902e-15 5.60902e-15 5.60902e-15 
3.31 1.0667e-10 9.95477e-11 9.44858e-11 9.07676e-11 8.79821e-11 8.58796e-11 8.43054e-11 8.31644e-11 8.24047e-11 8.20124e-11 
3.32 0.00048063 0.000556072 0.000626752 0.000692153 0.000751654 0.0008045 0.000849757 0.000886267 0.000912579 0.000926875 
3.32 0.000892272 0.000873564 0.000854447 0.000835339 0.000816747 0.000799264 0.000783569 0.000770433 0.000760713 0.000755347 
3.32 0.000873734 0.000852151 0.000830355 0.000808784 0.000787963 0.000768509 0.000751135 0.000736648 0.000725957 0.000720064 
3.32 9.80963e-06 1.13413e-05 1.27762e-05 1.41039e-05 1.53118e-05 1.63843e-05 1.73029e-05 1.8044e-05 1.85781e-05 1.88683e-05 
3.32 0.00129061 0.00117622 0.001066 0.000961302 0.00086373 0.000775209 0.000698015 0.000634832 0.000588812 0.000563645 
3.32 0.00109221 0.00117929 0.00126159 0.0013384 0.00140884 0.00147184 0.00152612 0.00157014 0.00160197 0.00161931 
3.32 2.34267e-05 9.25293e-07 5.60902e-15 5.60902e-15 5.60902e-15 5.60902e-15 5.60902e-15 5.60902e-15 5.60902e-15 5.60902e-15 
3.32 1.06585e-10 9.94695e-11 9.44111e-11 9.06954e-11 8.7911e-11 8.58092e-11 8.42355e-11 8.30946e-11 8.23349e-11 8.19424e-11 
3.33 0.000481119 0.000556646 0.000627412 0.0006929 0.000752485 0.00080541 0.000850739 0.000887308 0.000913664 0.000927985 
3.33 0.000892837 0.000874227 0.00085521 0.000836202 0.000817707 0.000800315 0.000784703 0.000771635 0.000761966 0.000756628 
3.33 0.000874273 0.000852784 0.000831083 0.000809608 0.00078888 0.000769513 0.000752217 0.000737796 0.000727153 0.000721287 
3.33 9.81957e-06 1.1353e-05 1.27896e-05 1.41191e-05 1.53287e-05 1.64029e-05 1.73229e-05 1.80652e-05 1.86002e-05 1.88909e-05 
3.33 0.00129118 0.00117689 0.00106678 0.00096218 0.000864707 0.000776278 0.000699168 0.000636054 0.000590085 0.000564947 
3.33 0.00109246 0.00117958 0.00126193 0.00133878 0.00140926 0.00147231 0.00152662 0.00157067 0.00160253 0.00161988 
3.33 2.34267e-05 9.25293e-07 5.60902e-15 5.60902e-15 5.60902e-15 5.60902e-15 5.60902e-15 5.60902e-15 5.60902e-15 5.60902e-15 
3.33 1.06501e-10 9.93915e-11 9.4337e-11 9.06232e-11 8.78404e-11 8.57394e-11 8.41658e-11 8.30253e-11 8.22656e-11 8.18731e-11 
3.34 0.000481605 0.000557216 0.000628069 0.000693643 0.000753312 0.000806316 0.000851715 0.000888344 0.000914744 0.000929089 
3.34 0.000893399 0.000874886 0.000855969 0.00083706 0.000818662 0.000801361 0.00078583 0.000772831 0.000763212 0.000757902 
3.34 0.000874809 0.000853413 0.000831808 0.000810427 0.000789792 0.000770512 0.000753294 0.000738938 0.000728343 0.000722504 
3.34 9.82946e-06 1.13646e-05 1.2803e-05 1.41342e-05 1.53455e-05 1.64213e-05 1.73428e-05 1.80863e-05 1.86222e-05 1.89134e-05 
3.34 0.00129175 0.00117756 0.00106755 0.000963053 0.000865678 0.000777342 0.000700314 0.00063727 0.000591352 0.000566242 
3.34 0.00109271 0.00117987 0.00126227 0.00133916 0.00140968 0.00147277 0.00152712 0.0015712 0.00160308 0.00162044 
3.34 2.34267e-05 9.25293e-07 5.60902e-15 5.60902e-15 5.60902e-15 5.60902e-15 5.60902e-15 5.60902e-15 5.60902e-15 5.60902e-15 
3.34 1.06418e-10 9.9314e-11 9.42635e-11 9.05518e-11 8.77701e-11 8.56702e-11 8.40968e-11 8.29564e-11 8.21971e-11 8.18044e-11 
3.35 0.000482089 0.000557784 0.000628722 0.000694382 0.000754135 0.000807217 0.000852687 0.000889374 0.000915818 0.000930187 
3.35 0.000893958 0.000875542 0.000856724 0.000837914 0.000819612 0.000802402 0.000786952 0.000774021 0.000764452 0.00075917 
3.35 0.000875343 0.000854039 0.000832529 0.000811242 0.000790699 0.000771506 0.000754365 0.000740074 0.000729527 0.000723714 
3.35 9.8393e-06 1.13761e-05 1.28163e-05 1.41492e-05 1.53622e-05 1.64397e-05 1.73626e-05 1.81073e-05 1.86441e-05 1.89357e-05 
3.35 0.00129232 0.00117823 0.00106832 0.000963921 0.000866644 0.0007784 0.000701455 0.000638479 0.000592612 0.00056753 
3.35 0.00109296 0.00118016 0.0012626 0.00133954 0.0014101 0.00147323 0.00152762 0.00157173 0.00160363 0.001621 
3.35 2.34267e-05 9.25293e-07 5.60902e-15 5.60902e-15 5.60902e-15 5.60902e-15 5.60902e-15 5.60902e-15 5.60902e-15 5.60902e-15 
3.35 1.06335e-10 9.92374e-11 9.41906e-11 9.04809e-11 8.77004e-11 8.56012e-11 8.40283e-11 8.28881e-11 8.21287e-11 8.1736e-11 
3.36 0.000482569 0.000558348 0.000629372 0.000695117 0.000754952 0.000808113 0.000853653 0.000890399 0.000916886 0.000931279 
3.36 0.000894514 0.000876195 0.000857475 0.000838763 0.000820557 0.000803437 0.000788068 0.000775204 0.000765686 0.000760431 
3.36 0.000875874 0.000854662 0.000833246 0.000812053 0.000791601 0.000772494 0.00075543 0.000741204 0.000730705 0.000724918 
3.36 9.84908e-06 1.13876e-05 1.28295e-05 1.41642e-05 1.53788e-05 1.64579e-05 1.73823e-05 1.81282e-05 1.86658e-05 1.89579e-05 
3.36 0.00129289 0.00117889 0.00106908 0.000964785 0.000867605 0.000779453 0.000702589 0.000639682 0.000593866 0.000568812 
3.36 0.00109321 0.00118045 0.00126293 0.00133992 0.00141052 0.00147369 0.00152812 0.00157225 0.00160418 0.00162156 
3.36 2.34267e-05 9.25293e-07 5.60902e-15 5.60902e-15 5.60902e-15 5.60902e-15 5.60902e-15 5.60902e-15 5.60902e-15 5.60902e-15 
3.36 1.06253e-10 9.91613e-11 9.4118e-11 9.04107e-11 8.76314e-11 8.55329e-11 8.39605e-11 8.28205e-11 8.2061e-11 8.16682e-11 
3.37 0.000483048 0.00055891 0.000630019 0.000695848 0.000755766 0.000809004 0.000854614 0.000891419 0.000917949 0.000932366 
3.37 0.000895067 0.000876844 0.000858222 0.000839608 0.000821497 0.000804467 0.000789178 0.000776381 0.000766913 0.000761686 
3.37 0.000876402 0.000855282 0.000833959 0.00081286 0.000792499 0.000773477 0.00075649 0.000742328 0.000731877 0.000726116 
3.37 9.85882e-06 1.1399e-05 1.28427e-05 1.41791e-05 1.53954e-05 1.64761e-05 1.74019e-05 1.81489e-05 1.86874e-05 1.898e-05 
3.37 0.00129345 0.00117955 0.00106984 0.000965644 0.000868561 0.0007805 0.000703718 0.000640879 0.000595113 0.000570087 
3.37 0.00109345 0.00118074 0.00126326 0.00134029 0.00141094 0.00147414 0.00152861 0.00157277 0.00160472 0.00162212 
3.37 2.34267e-05 9.25293e-07 5.60902e-15 5.60902e-15 5.60902e-15 5.60902e-15 5.60902e-15 5.60902e-15 5.60902e-15 5.60902e-15 
3.37 1.06172e-10 9.90859e-11 9.40459e-11 9.03411e-11 8.7563e-11 8.54652e-11 8.38933e-11 8.27531e-11 8.19939e-11 8.16011e-11 
3.38 0.000483524 0.000559469 0.000630661 0.000696575 0.000756576 0.000809891 0.000855569 0.000892432 0.000919006 0.000933447 
3.38 0.000895617 0.00087749 0.000858965 0.000840449 0.000822433 0.000805491 0.000790282 0.000777552 0.000768134 0.000762934 
3.38 0.000876927 0.000855898 0.000834668 0.000813663 0.000793392 0.000774455 0.000757544 0.000743446 0.000733042 0.000727308 
3.38 9.8685e-06 1.14104e-05 1.28558e-05 1.41939e-05 1.54119e-05 1.64941e-05 1.74214e-05 1.81696e-05 1.87089e-05 1.9002e-05 
3.38 0.00129401 0.00118021 0.0010706 0.000966499 0.000869512 0.000781542 0.000704841 0.00064207 0.000596354 0.000571355 
3.38 0.00109369 0.00118102 0.00126359 0.00134066 0.00141135 0.00147459 0.0015291 0.00157329 0.00160526 0.00162267 
3.38 2.34267e-05 9.25293e-07 5.60902e-15 5.60902e-15 5.60902e-15 5.60902e-15 5.60902e-15 5.60902e-15 5.60902e-15 5.60902e-15 
3.38 1.06091e-10 9.9011e-11 9.39745e-11 9.02716e-11 8.7495e-11 8.53977e-11 8.38263e-11 8.26863e-11 8.1927e-11 8.15345e-11 
3.39 0.000483997 0.000560024 0.000631301 0.000697299 0.000757381 0.000810773 0.00085652 0.000893441 0.000920058 0.000934522 
3.39 0.000896164 0.000878132 0.000859704 0.000841285 0.000823363 0.00080651 0.00079138 0.000778717 0.000769348 0.000764175 
3.39 0.000877449 0.000856511 0.000835374 0.000814461 0.00079428 0.000775428 0.000758593 0.000744558 0.000734201 0.000728493 
3.39 9.87814e-06 1.14217e-05 1.28688e-05 1.42086e-05 1.54283e-05 1.65121e-05 1.74407e-05 1.81901e-05 1.87303e-05 1.90239e-05 
3.39 0.00129457 0.00118086 0.00107135 0.00096735 0.000870459 0.000782578 0.000705958 0.000643254 0.000597588 0.000572617 
3.39 0.00109393 0.0011813 0.00126392 0.00134103 0.00141176 0.00147504 0.00152959 0.00157381 0.0016058 0.00162322 
3.39 2.34267e-05 9.25293e-07 5.60902e-15 5.60902e-15 5.60902e-15 5.60902e-15 5.60902e-15 5.60902e-15 5.60902e-15 5.60902e-15 
3.39 1.0601e-10 9.89362e-11 9.39036e-11 9.02027e-11 8.74273e-11 8.53307e-11 8.37599e-11 8.262e-11 8.18608e-11 8.14681e-11 
3.40 0.000484468 0.000560577 0.000631937 0.000698019 0.000758182 0.000811651 0.000857467 0.000894445 0.000921104 0.000935592 
3.40 0.000896708 0.000878771 0.000860439 0.000842117 0.000824289 0.000807524 0.000792473 0.000779876 0.000770556 0.00076541 
3.40 0.000877969 0.000857121 0.000836076 0.000815255 0.000795164 0.000776396 0.000759636 0.000745665 0.000735354 0.000729672 
3.40 9.88772e-06 1.1433e-05 1.28817e-05 1.42233e-05 1.54446e-05 1.653e-05 1.746e-05 1.82105e-05 1.87516e-05 1.90457e-05 
3.40 0.00129512 0.00118151 0.0010721 0.000968196 0.0008714 0.000783609 0.000707069 0.000644432 0.000598816 0.000573872 
3.40 0.00109417 0.00118158 0.00126424 0.0013414 0.00141217 0.00147549 0.00153007 0.00157432 0.00160633 0.00162377 
3.40 2.34267e-05 9.25293e-07 5.60902e-15 5.60902e-15 5.60902e-15 5.60902e-15 5.60902e-15 5.60902e-15 5.60902e-15 5.60902e-15 
3.40 1.0593e-10 9.8862e-11 9.38332e-11 9.01344e-11 8.73602e-11 8.52643e-11 8.36941e-11 8.25544e-11 8.17951e-11 8.14025e-11 
3.41 0.000484937 0.000561127 0.00063257 0.000698735 0.000758979 0.000812523 0.000858408 0.000895443 0.000922145 0.000936656 
3.41 0.000897249 0.000879406 0.00086117 0.000842944 0.00082521 0.000808532 0.00079356 0.000781029 0.000771757 0.000766639 
3.41 0.000878486 0.000857728 0.000836774 0.000816045 0.000796043 0.000777359 0.000760674 0.000746766 0.000736501 0.000730845 
3.41 9.89726e-06 1.14442e-05 1.28946e-05 1.42379e-05 1.54608e-05 1.65478e-05 1.74792e-05 1.82308e-05 1.87728e-05 1.90674e-05 
3.41 0.00129567 0.00118216 0.00107284 0.000969038 0.000872337 0.000784634 0.000708174 0.000645604 0.000600037 0.000575121 
3.41 0.00109441 0.00118186 0.00126456 0.00134177 0.00141258 0.00147594 0.00153055 0.00157483 0.00160686 0.00162431 
3.41 2.34267e-05 9.25293e-07 5.60902e-15 5.60902e-15 5.60902e-15 5.60902e-15 5.60902e-15 5.60902e-15 5.60902e-15 5.60902e-15 
3.41 1.05851e-10 9.87884e-11 9.37631e-11 9.00667e-11 8.72937e-11 8.51986e-11 8.36284e-11 8.24889e-11 8.17297e-11 8.13373e-11 
3.42 0.000485403 0.000561674 0.0006332 0.000699447 0.000759772 0.000813391 0.000859344 0.000896436 0.00092318 0.000937714 
3.42 0.000897788 0.000880038 0.000861898 0.000843767 0.000826126 0.000809535 0.000794641 0.000782176 0.000772952 0.000767861 
3.42 0.000879 0.000858331 0.000837469 0.000816831 0.000796917 0.000778317 0.000761707 0.000747861 0.000737643 0.000732012 
3.42 9.90675e-06 1.14553e-05 1.29074e-05 1.42524e-05 1.5477e-05 1.65655e-05 1.74982e-05 1.8251e-05 1.87939e-05 1.90889e-05 
3.42 0.00129622 0.0011828 0.00107358 0.000969875 0.000873268 0.000785654 0.000709273 0.00064677 0.000601252 0.000576363 
3.42 0.00109465 0.00118214 0.00126488 0.00134213 0.00141299 0.00147638 0.00153103 0.00157534 0.00160739 0.00162485 
3.42 2.34267e-05 9.25293e-07 5.60902e-15 5.60902e-15 5.60902e-15 5.60902e-15 5.60902e-15 5.60902e-15 5.60902e-15 5.60902e-15 
3.42 1.05772e-10 9.87154e-11 9.36935e-11 8.99995e-11 8.72278e-11 8.51334e-11 8.35635e-11 8.24241e-11 8.16648e-11 8.12724e-11 
3.43 0.000485867 0.000562218 0.000633827 0.000700156 0.00076056 0.000814255 0.000860276 0.000897424 0.00092421 0.000938767 
3.43 0.000898324 0.000880667 0.000862622 0.000844586 0.000827037 0.000810533 0.000795717 0.000783317 0.000774141 0.000769077 
3.43 0.000879511 0.000858931 0.00083816 0.000817613 0.000797787 0.000779269 0.000762734 0.00074895 0.000738778 0.000733173 
3.43 9.91618e-06 1.14664e-05 1.29202e-05 1.42668e-05 1.54931e-05 1.65831e-05 1.75172e-05 1.82711e-05 1.88149e-05 1.91103e-05 
3.43 0.00129676 0.00118344 0.00107432 0.000970707 0.000874195 0.000786669 0.000710367 0.00064793 0.000602461 0.000577599 
3.43 0.00109489 0.00118242 0.0012652 0.00134249 0.00141339 0.00147682 0.00153151 0.00157584 0.00160792 0.00162539 
3.43 2.34267e-05 9.25293e-07 5.60902e-15 5.60902e-15 5.60902e-15 5.60902e-15 5.60902e-15 5.60902e-15 5.60902e-15 5.60902e-15 
3.43 1.05694e-10 9.86431e-11 9.36245e-11 8.99326e-11 8.71623e-11 8.50684e-11 8.34989e-11 8.23599e-11 8.16006e-11 8.12081e-11 
3.44 0.000486328 0.000562759 0.000634449 0.000700861 0.000761345 0.000815114 0.000861202 0.000898407 0.000925234 0.000939814 
3.44 0.000898857 0.000881292 0.000863342 0.0008454 0.000827943 0.000811526 0.000796787 0.000784452 0.000775324 0.000770286 
3.44 0.00088002 0.000859528 0.000838847 0.00081839 0.000798652 0.000780217 0.000763756 0.000750033 0.000739908 0.000734328 
3.44 9.92557e-06 1.14774e-05 1.29329e-05 1.42811e-05 1.55091e-05 1.66006e-05 1.75361e-05 1.82911e-05 1.88357e-05 1.91316e-05 
3.44 0.0012973 0.00118408 0.00107505 0.000971536 0.000875117 0.000787678 0.000711455 0.000649084 0.000603664 0.000578828 
3.44 0.00109513 0.0011827 0.00126552 0.00134285 0.00141379 0.00147726 0.00153198 0.00157634 0.00160844 0.00162593 
3.44 2.34267e-05 9.25293e-07 5.60902e-15 5.60902e-15 5.60902e-15 5.60902e-15 5.60902e-15 5.60902e-15 5.60902e-15 5.60902e-15 
3.44 1.05617e-10 9.85715e-11 9.35561e-11 8.98661e-11 8.70971e-11 8.50039e-11 8.3435e-11 8.22958e-11 8.15369e-11 8.11444e-11 
3.45 0.000486787 0.000563297 0.000635069 0.000701562 0.000762125 0.000815969 0.000862124 0.000899385 0.000926253 0.000940856 
3.45 0.000899387 0.000881914 0.000864058 0.00084621 0.000828845 0.000812513 0.000797852 0.000785581 0.000776501 0.000771489 
3.45 0.000880526 0.000860122 0.000839531 0.000819163 0.000799513 0.00078116 0.000764772 0.000751111 0.000741031 0.000735477 
3.45 9.93491e-06 1.14884e-05 1.29455e-05 1.42954e-05 1.5525e-05 1.6618e-05 1.75548e-05 1.8311e-05 1.88564e-05 1.91528e-05 
3.45 0.00129784 0.00118471 0.00107578 0.00097236 0.000876034 0.000788682 0.000712537 0.000650232 0.00060486 0.000580051 
3.45 0.00109536 0.00118298 0.00126584 0.00134321 0.00141419 0.0014777 0.00153245 0.00157684 0.00160896 0.00162646 
3.45 2.34267e-05 9.25293e-07 5.60902e-15 5.60902e-15 5.60902e-15 5.60902e-15 5.60902e-15 5.60902e-15 5.60902e-15 5.60902e-15 
3.45 1.05541e-10 9.85005e-11 9.34883e-11 8.98002e-11 8.70325e-11 8.494e-11 8.33713e-11 8.22323e-11 8.14735e-11 8.10813e-11 
3.46 0.000487243 0.000563833 0.000635686 0.000702259 0.000762901 0.000816819 0.000863041 0.000900358 0.000927267 0.000941893 
3.46 0.000899914 0.000882533 0.00086477 0.000847016 0.000829742 0.000813495 0.000798911 0.000786704 0.000777672 0.000772686 
3.46 0.000881029 0.000860713 0.000840211 0.000819933 0.000800369 0.000782098 0.000765783 0.000752183 0.000742149 0.000736619 
3.46 9.9442e-06 1.14993e-05 1.29581e-05 1.43096e-05 1.55408e-05 1.66353e-05 1.75735e-05 1.83308e-05 1.8877e-05 1.91739e-05 
3.46 0.00129838 0.00118534 0.0010765 0.00097318 0.000876946 0.000789681 0.000713614 0.000651374 0.00060605 0.000581267 
3.46 0.00109559 0.00118325 0.00126616 0.00134357 0.00141459 0.00147814 0.00153292 0.00157734 0.00160948 0.00162699 
3.46 2.34267e-05 9.25293e-07 5.60902e-15 5.60902e-15 5.60902e-15 5.60902e-15 5.60902e-15 5.60902e-15 5.60902e-15 5.60902e-15 
3.46 1.05464e-10 9.843e-11 9.34211e-11 8.9735e-11 8.69684e-11 8.48767e-11 8.33081e-11 8.21694e-11 8.14106e-11 8.10183e-11 
3.47 0.000487697 0.000564366 0.000636299 0.000702953 0.000763672 0.000817665 0.000863953 0.000901325 0.000928275 0.000942923 
3.47 0.000900438 0.000883149 0.000865479 0.000847818 0.000830634 0.000814472 0.000799964 0.000787821 0.000778836 0.000773876 
3.47 0.00088153 0.000861301 0.000840888 0.000820698 0.000801221 0.000783031 0.000766789 0.00075325 0.000743261 0.000737756 
3.47 9.95345e-06 1.15101e-05 1.29706e-05 1.43237e-05 1.55565e-05 1.66525e-05 1.75921e-05 1.83505e-05 1.88975e-05 1.91949e-05 
3.47 0.00129891 0.00118597 0.00107722 0.000973995 0.000877853 0.000790675 0.000714685 0.00065251 0.000607234 0.000582477 
3.47 0.00109582 0.00118352 0.00126647 0.00134392 0.00141498 0.00147857 0.00153339 0.00157784 0.00161 0.00162752 
3.47 2.34267e-05 9.25293e-07 5.60902e-15 5.60902e-15 5.60902e-15 5.60902e-15 5.60902e-15 5.60902e-15 5.60902e-15 5.60902e-15 
3.47 1.05388e-10 9.83594e-11 9.33544e-11 8.96703e-11 8.6905e-11 8.48139e-11 8.32456e-11 8.21071e-11 8.13482e-11 8.0956e-11 
3.48 0.000488149 0.000564896 0.000636909 0.000703643 0.000764441 0.000818507 0.00086486 0.000902287 0.000929278 0.000943949 
3.48 0.00090096 0.000883761 0.000866184 0.000848616 0.000831521 0.000815444 0.000801012 0.000788932 0.000779994 0.00077506 
3.48 0.000882028 0.000861886 0.000841561 0.000821459 0.000802068 0.000783959 0.000767789 0.000754311 0.000744367 0.000738887 
3.48 9.96264e-06 1.15209e-05 1.2983e-05 1.43378e-05 1.55721e-05 1.66696e-05 1.76105e-05 1.83701e-05 1.89179e-05 1.92158e-05 
3.48 0.00129944 0.00118659 0.00107794 0.000974806 0.000878755 0.000791663 0.000715751 0.00065364 0.000608411 0.000583681 
3.48 0.00109605 0.00118379 0.00126678 0.00134427 0.00141537 0.001479 0.00153385 0.00157833 0.00161051 0.00162804 
3.48 2.34267e-05 9.25293e-07 5.60902e-15 5.60902e-15 5.60902e-15 5.60902e-15 5.60902e-15 5.60902e-15 5.60902e-15 5.60902e-15 
3.48 1.05312e-10 9.82894e-11 9.32877e-11 8.96056e-11 8.68415e-11 8.47513e-11 8.31836e-11 8.20453e-11 8.12866e-11 8.08943e-11 
3.49 0.000488598 0.000565423 0.000637516 0.000704329 0.000765204 0.000819343 0.000865762 0.000903244 0.000930276 0.000944969 
3.49 0.000901479 0.00088437 0.000866885 0.000849409 0.000832404 0.000816411 0.000802054 0.000790038 0.000781146 0.000776238 
3.49 0.000882524 0.000862467 0.00084223 0.000822217 0.000802911 0.000784882 0.000768784 0.000755367 0.000745467 0.000740012 
3.49 9.97178e-06 1.15316e-05 1.29953e-05 1.43518e-05 1.55876e-05 1.66866e-05 1.76289e-05 1.83896e-05 1.89382e-05 1.92366e-05 
3.49 0.00129997 0.00118721 0.00107865 0.000975613 0.000879653 0.000792646 0.000716811 0.000654764 0.000609582 0.000584879 
3.49 0.00109628 0.00118406 0.00126709 0.00134462 0.00141576 0.00147943 0.00153431 0.00157882 0.00161102 0.00162856 
3.49 2.34267e-05 9.25293e-07 5.60902e-15 5.60902e-15 5.60902e-15 5.60902e-15 5.60902e-15 5.60902e-15 5.60902e-15 5.60902e-15 
3.49 1.05237e-10 9.822e-11 9.32216e-11 8.95415e-11 8.67786e-11 8.46892e-11 8.31217e-11 8.19836e-11 8.1225e-11 8.08326e-11 
3.50 0.000489045 0.000565948 0.00063812 0.000705012 0.000765964 0.000820176 0.00086666 0.000904196 0.000931268 0.000945984 
3.50 0.000901995 0.000884976 0.000867583 0.000850198 0.000833282 0.000817373 0.000803091 0.000791138 0.000782292 0.00077741 
3.50 0.000883017 0.000863046 0.000842896 0.00082297 0.000803749 0.0007858 0.000769774 0.000756417 0.000746561 0.000741131 
3.50 9.98087e-06 1.15423e-05 1.30076e-05 1.43657e-05 1.56031e-05 1.67036e-05 1.76472e-05 1.8409e-05 1.89584e-05 1.92572e-05 
3.50 0.0013005 0.00118783 0.00107936 0.000976415 0.000880546 0.000793624 0.000717865 0.000655882 0.000610747 0.00058607 
3.50 0.00109651 0.00118433 0.0012674 0.00134497 0.00141615 0.00147985 0.00153477 0.00157931 0.00161153 0.00162908 
3.50 2.34267e-05 9.25293e-07 5.60902e-15 5.60902e-15 5.60902e-15 5.60902e-15 5.60902e-15 5.60902e-15 5.60902e-15 5.60902e-15 
3.50 1.05163e-10 9.81513e-11 9.3156e-11 8.9478e-11 8.67162e-11 8.46276e-11 8.30605e-11 8.19226e-11 8.11639e-11 8.07715e-11 
3.51 0.000489489 0.000566469 0.000638721 0.000705691 0.000766721 0.000821004 0.000867553 0.000905143 0.000932255 0.000946994 
3.51 0.000902509 0.000885579 0.000868277 0.000850983 0.000834155 0.00081833 0.000804123 0.000792232 0.000783432 0.000778576 
3.51 0.000883507 0.000863621 0.000843559 0.000823719 0.000804583 0.000786713 0.000770759 0.000757461 0.00074765 0.000742244 
3.51 9.98992e-06 1.15529e-05 1.30198e-05 1.43795e-05 1.56185e-05 1.67205e-05 1.76654e-05 1.84283e-05 1.89785e-05 1.92777e-05 
3.51 0.00130102 0.00118844 0.00108007 0.000977213 0.000881434 0.000794597 0.000718914 0.000656994 0.000611906 0.000587255 
3.51 0.00109674 0.0011846 0.00126771 0.00134532 0.00141654 0.00148027 0.00153523 0.00157979 0.00161204 0.0016296 
3.51 2.34267e-05 9.25293e-07 5.60902e-15 5.60902e-15 5.60902e-15 5.60902e-15 5.60902e-15 5.60902e-15 5.60902e-15 5.60902e-15 
3.51 1.0509e-10 9.80832e-11 9.30911e-11 8.94149e-11 8.66544e-11 8.45662e-11 8.29997e-11 8.18621e-11 8.11035e-11 8.07111e-11 
3.52 0.000489931 0.000566988 0.000639318 0.000706367 0.000767472 0.000821828 0.000868441 0.000906085 0.000933237 0.000947997 
3.52 0.00090302 0.000886179 0.000868967 0.000851764 0.000835024 0.000819282 0.000805149 0.00079332 0.000784567 0.000779735 
3.52 0.000883995 0.000864194 0.000844218 0.000824465 0.000805413 0.000787622 0.000771739 0.0007585 0.000748733 0.000743351 
3.52 9.99892e-06 1.15635e-05 1.3032e-05 1.43933e-05 1.56338e-05 1.67373e-05 1.76835e-05 1.84475e-05 1.89985e-05 1.92981e-05 
3.52 0.00130154 0.00118905 0.00108077 0.000978007 0.000882318 0.000795565 0.000719957 0.0006581 0.000613059 0.000588434 
3.52 0.00109697 0.00118487 0.00126802 0.00134567 0.00141692 0.00148069 0.00153568 0.00158027 0.00161254 0.00163011 
3.52 2.34267e-05 9.25293e-07 5.60902e-15 5.60902e-15 5.60902e-15 5.60902e-15 5.60902e-15 5.60902e-15 5.60902e-15 5.60902e-15 
3.52 1.05017e-10 9.80156e-11 9.30268e-11 8.93526e-11 8.65932e-11 8.45054e-11 8.29394e-11 8.18018e-11 8.10436e-11 8.06512e-11 
3.53 0.000490371 0.000567504 0.000639912 0.000707039 0.000768221 0.000822648 0.000869325 0.000907023 0.000934214 0.000948996 
3.53 0.000903528 0.000886775 0.000869654 0.000852541 0.000835889 0.000820229 0.00080617 0.000794403 0.000785695 0.000780889 
3.53 0.00088448 0.000864763 0.000844874 0.000825207 0.000806238 0.000788526 0.000772713 0.000759534 0.00074981 0.000744452 
3.53 1.00079e-05 1.1574e-05 1.30441e-05 1.4407e-05 1.5649e-05 1.6754e-05 1.77015e-05 1.84666e-05 1.90184e-05 1.93184e-05 
3.53 0.00130206 0.00118966 0.00108147 0.000978797 0.000883197 0.000796528 0.000720995 0.0006592 0.000614206 0.000589607 
3.53 0.0010972 0.00118513 0.00126832 0.00134601 0.0014173 0.00148111 0.00153613 0.00158075 0.00161304 0.00163062 
3.53 2.34267e-05 9.25293e-07 5.60902e-15 5.60902e-15 5.60902e-15 5.60902e-15 5.60902e-15 5.60902e-15 5.60902e-15 5.60902e-15 
3.53 1.04944e-10 9.79486e-11 9.2963e-11 8.92906e-11 8.6532e-11 8.4445e-11 8.28793e-11 8.1742e-11 8.09838e-11 8.05914e-11 
3.54 0.000490809 0.000568018 0.000640502 0.000707708 0.000768965 0.000823463 0.000870204 0.000907955 0.000935186 0.00094999 
3.54 0.000904034 0.000887368 0.000870337 0.000853314 0.000836749 0.000821171 0.000807185 0.00079548 0.000786818 0.000782036 
3.54 0.000884963 0.00086533 0.000845526 0.000825945 0.000807059 0.000789425 0.000773682 0.000760562 0.000750882 0.000745548 
3.54 1.00168e-05 1.15845e-05 1.30561e-05 1.44206e-05 1.56642e-05 1.67706e-05 1.77194e-05 1.84856e-05 1.90382e-05 1.93386e-05 
3.54 0.00130257 0.00119026 0.00108217 0.000979583 0.000884071 0.000797486 0.000722027 0.000660295 0.000615347 0.000590773 
3.54 0.00109742 0.00118539 0.00126862 0.00134635 0.00141768 0.00148153 0.00153658 0.00158123 0.00161354 0.00163113 
3.54 2.34267e-05 9.25293e-07 5.60902e-15 5.60902e-15 5.60902e-15 5.60902e-15 5.60902e-15 5.60902e-15 5.60902e-15 5.60902e-15 
3.54 1.04873e-10 9.78816e-11 9.28991e-11 8.92287e-11 8.64713e-11 8.43851e-11 8.28197e-11 8.16827e-11 8.09246e-11 8.05322e-11 
3.55 0.000491243 0.000568528 0.00064109 0.000708373 0.000769706 0.000824274 0.000871079 0.000908883 0.000936153 0.000950979 
3.55 0.000904537 0.000887958 0.000871016 0.000854082 0.000837604 0.000822108 0.000808195 0.000796551 0.000787935 0.000783178 
3.55 0.000885443 0.000865893 0.000846175 0.000826679 0.000807876 0.000790319 0.000774646 0.000761585 0.000751948 0.000746638 
3.55 1.00257e-05 1.15949e-05 1.30681e-05 1.44341e-05 1.56793e-05 1.67871e-05 1.77372e-05 1.85045e-05 1.90579e-05 1.93587e-05 
3.55 0.00130308 0.00119086 0.00108286 0.000980366 0.000884941 0.000798438 0.000723054 0.000661384 0.000616482 0.000591933 
3.55 0.00109764 0.00118565 0.00126892 0.00134669 0.00141806 0.00148195 0.00153703 0.0015817 0.00161403 0.00163164 
3.55 2.34267e-05 9.25293e-07 5.60902e-15 5.60902e-15 5.60902e-15 5.60902e-15 5.60902e-15 5.60902e-15 5.60902e-15 5.60902e-15 
3.55 1.04801e-10 9.7815e-11 9.28358e-11 8.91673e-11 8.64112e-11 8.43258e-11 8.27607e-11 8.16239e-11 8.08659e-11 8.04735e-11 
3.56 0.000491676 0.000569036 0.000641675 0.000709035 0.000770443 0.000825081 0.000871948 0.000909806 0.000937115 0.000951962 
3.56 0.000905037 0.000888545 0.000871692 0.000854847 0.000838455 0.00082304 0.0008092 0.000797617 0.000789046 0.000784314 
3.56 0.000885921 0.000866454 0.00084682 0.000827409 0.000808688 0.000791209 0.000775605 0.000762602 0.000753009 0.000747722 
3.56 1.00345e-05 1.16052e-05 1.308e-05 1.44476e-05 1.56943e-05 1.68035e-05 1.77549e-05 1.85233e-05 1.90775e-05 1.93787e-05 
3.56 0.00130359 0.00119146 0.00108355 0.000981144 0.000885807 0.000799386 0.000724076 0.000662467 0.000617611 0.000593087 
3.56 0.00109786 0.00118591 0.00126922 0.00134703 0.00141844 0.00148236 0.00153747 0.00158217 0.00161452 0.00163214 
3.56 2.34267e-05 9.25293e-07 5.60902e-15 5.60902e-15 5.60902e-15 5.60902e-15 5.60902e-15 5.60902e-15 5.60902e-15 5.60902e-15 
3.56 1.04729e-10 9.7749e-11 9.27729e-11 8.91065e-11 8.63515e-11 8.4267e-11 8.27022e-11 8.15653e-11 8.08074e-11 8.04153e-11 
3.57 0.000492107 0.000569542 0.000642257 0.000709693 0.000771175 0.000825884 0.000872814 0.000910724 0.000938072 0.000952939 
3.57 0.000905535 0.000889129 0.000872364 0.000855607 0.000839301 0.000823967 0.0008102 0.000798677 0.000790151 0.000785444 
3.57 0.000886396 0.000867012 0.000847462 0.000828135 0.000809496 0.000792094 0.00077656 0.000763614 0.000754064 0.000748801 
3.57 1.00433e-05 1.16155e-05 1.30919e-05 1.4461e-05 1.57092e-05 1.68198e-05 1.77725e-05 1.8542e-05 1.9097e-05 1.93986e-05 
3.57 0.0013041 0.00119205 0.00108423 0.000981918 0.000886668 0.000800329 0.000725092 0.000663545 0.000618734 0.000594235 
3.57 0.00109808 0.00118617 0.00126952 0.00134737 0.00141881 0.00148277 0.00153791 0.00158264 0.00161501 0.00163264 
3.57 2.34267e-05 9.25293e-07 5.60902e-15 5.60902e-15 5.60902e-15 5.60902e-15 5.60902e-15 5.60902e-15 5.60902e-15 5.60902e-15 
3.57 1.04659e-10 9.76835e-11 9.27107e-11 8.90462e-11 8.62925e-11 8.42083e-11 8.26438e-11 8.15071e-11 8.07493e-11 8.03573e-11 
3.58 0.000492535 0.000570044 0.000642836 0.000710348 0.000771904 0.000826682 0.000873674 0.000911637 0.000939024 0.000953912 
3.58 0.00090603 0.00088971 0.000873033 0.000856364 0.000840143 0.000824889 0.000811194 0.000799732 0.00079125 0.000786568 
3.58 0.000886869 0.000867567 0.000848101 0.000828857 0.0008103 0.000792974 0.000777509 0.000764621 0.000755113 0.000749874 
3.58 1.0052e-05 1.16257e-05 1.31037e-05 1.44743e-05 1.5724e-05 1.68361e-05 1.779e-05 1.85606e-05 1.91164e-05 1.94185e-05 
3.58 0.0013046 0.00119264 0.00108491 0.000982687 0.000887524 0.000801267 0.000726103 0.000664617 0.000619852 0.000595377 
3.58 0.0010983 0.00118643 0.00126982 0.0013477 0.00141918 0.00148318 0.00153835 0.00158311 0.0016155 0.00163314 
3.58 2.34267e-05 9.25293e-07 5.60902e-15 5.60902e-15 5.60902e-15 5.60902e-15 5.60902e-15 5.60902e-15 5.60902e-15 5.60902e-15 
3.58 1.04588e-10 9.76187e-11 9.2649e-11 8.89863e-11 8.62334e-11 8.41501e-11 8.25859e-11 8.14495e-11 8.06918e-11 8.02998e-11 
3.59 0.000492961 0.000570544 0.000643412 0.000711 0.000772629 0.000827476 0.000874531 0.000912545 0.000939971 0.00095488 
3.59 0.000906522 0.000890288 0.000873698 0.000857116 0.000840981 0.000825806 0.000812183 0.000800781 0.000792343 0.000787686 
3.59 0.000887339 0.000868119 0.000848736 0.000829576 0.0008111 0.00079385 0.000778453 0.000765623 0.000756157 0.000750941 
3.59 1.00607e-05 1.16359e-05 1.31154e-05 1.44876e-05 1.57388e-05 1.68522e-05 1.78074e-05 1.85791e-05 1.91357e-05 1.94382e-05 
3.59 0.0013051 0.00119323 0.00108559 0.000983452 0.000888376 0.0008022 0.000727109 0.000665684 0.000620964 0.000596514 
3.59 0.00109852 0.00118669 0.00127011 0.00134803 0.00141955 0.00148358 0.00153879 0.00158357 0.00161598 0.00163363 
3.59 2.34267e-05 9.25293e-07 5.60902e-15 5.60902e-15 5.60902e-15 5.60902e-15 5.60902e-15 5.60902e-15 5.60902e-15 5.60902e-15 
3.59 1.04519e-10 9.75543e-11 9.25877e-11 8.89266e-11 8.61749e-11 8.40924e-11 8.25285e-11 8.13924e-11 8.06348e-11 8.02428e-11 
3.60 0.000493385 0.000571042 0.000643985 0.000711647 0.00077335 0.000828266 0.000875383 0.000913449 0.000940912 0.000955843 
3.60 0.000907012 0.000890863 0.00087436 0.000857865 0.000841814 0.000826719 0.000813167 0.000801824 0.000793431 0.000788798 
3.60 0.000887807 0.000868668 0.000849368 0.000830291 0.000811895 0.000794721 0.000779393 0.000766619 0.000757195 0.000752003 
3.60 1.00693e-05 1.1646e-05 1.31271e-05 1.45008e-05 1.57535e-05 1.68683e-05 1.78247e-05 1.85975e-05 1.91549e-05 1.94578e-05 
3.60 0.0013056 0.00119382 0.00108626 0.000984214 0.000889223 0.000803128 0.000728109 0.000666745 0.00062207 0.000597645 
3.60 0.00109874 0.00118694 0.0012704 0.00134836 0.00141992 0.00148398 0.00153922 0.00158403 0.00161646 0.00163412 
3.60 2.34267e-05 9.25293e-07 5.60902e-15 5.60902e-15 5.60902e-15 5.60902e-15 5.60902e-15 5.60902e-15 5.60902e-15 5.60902e-15 
3.60 1.0445e-10 9.74905e-11 9.25264e-11 8.88673e-11 8.61168e-11 8.40348e-11 8.24715e-11 8.13355e-11 8.0578e-11 8.01859e-11 
3.61 0.000493807 0.000571537 0.000644555 0.000712292 0.000774067 0.000829052 0.00087623 0.000914347 0.000941849 0.000956801 
3.61 0.000907499 0.000891435 0.000875018 0.00085861 0.000842643 0.000827627 0.000814146 0.000802862 0.000794513 0.000789904 
3.61 0.000888272 0.000869214 0.000849997 0.000831002 0.000812686 0.000795588 0.000780327 0.00076761 0.000758228 0.000753059 
3.61 1.00779e-05 1.16561e-05 1.31387e-05 1.45139e-05 1.57681e-05 1.68843e-05 1.7842e-05 1.86158e-05 1.9174e-05 1.94773e-05 
3.61 0.0013061 0.0011944 0.00108693 0.000984972 0.000890066 0.000804051 0.000729104 0.0006678 0.00062317 0.00059877 
3.61 0.00109896 0.00118719 0.00127069 0.00134869 0.00142029 0.00148438 0.00153966 0.00158449 0.00161694 0.00163461 
3.61 2.34267e-05 9.25293e-07 5.60902e-15 5.60902e-15 5.60902e-15 5.60902e-15 5.60902e-15 5.60902e-15 5.60902e-15 5.60902e-15 
3.61 1.04381e-10 9.74265e-11 9.24656e-11 8.88085e-11 8.60592e-11 8.39778e-11 8.24151e-11 8.12791e-11 8.05216e-11 8.01295e-11 
3.62 0.000494227 0.00057203 0.000645122 0.000712933 0.000774781 0.000829834 0.000877073 0.000915241 0.000942781 0.000957754 
3.62 0.000907984 0.000892004 0.000875673 0.000859351 0.000843467 0.00082853 0.00081512 0.000803895 0.000795589 0.000791004 
3.62 0.000888735 0.000869757 0.000850622 0.000831709 0.000813473 0.00079645 0.000781257 0.000768596 0.000759256 0.000754109 
3.62 1.00864e-05 1.16661e-05 1.31502e-05 1.4527e-05 1.57826e-05 1.69002e-05 1.78592e-05 1.8634e-05 1.9193e-05 1.94967e-05 
3.62 0.00130659 0.00119498 0.0010876 0.000985726 0.000890905 0.000804969 0.000730094 0.00066885 0.000624264 0.000599889 
3.62 0.00109917 0.00118744 0.00127098 0.00134902 0.00142065 0.00148478 0.00154009 0.00158495 0.00161742 0.0016351 
3.62 2.34267e-05 9.25293e-07 5.60902e-15 5.60902e-15 5.60902e-15 5.60902e-15 5.60902e-15 5.60902e-15 5.60902e-15 5.60902e-15 
3.62 1.04313e-10 9.73631e-11 9.24053e-11 8.87501e-11 8.60022e-11 8.39212e-11 8.23588e-11 8.12231e-11 8.04657e-11 8.00737e-11 
3.63 0.000494644 0.000572519 0.000645686 0.000713571 0.000775491 0.000830612 0.000877912 0.000916131 0.000943708 0.000958702 
3.63 0.000908466 0.00089257 0.000876325 0.000860088 0.000844287 0.000829428 0.000816088 0.000804922 0.00079666 0.000792099 
3.63 0.000889195 0.000870297 0.000851244 0.000832413 0.000814256 0.000797308 0.000782182 0.000769577 0.000760278 0.000755154 
3.63 1.00949e-05 1.16761e-05 1.31617e-05 1.454e-05 1.5797e-05 1.6916e-05 1.78763e-05 1.86521e-05 1.92118e-05 1.9516e-05 
3.63 0.00130708 0.00119556 0.00108826 0.000986476 0.000891739 0.000805883 0.000731079 0.000669895 0.000625353 0.000601002 
3.63 0.00109938 0.00118769 0.00127127 0.00134935 0.00142101 0.00148518 0.00154052 0.00158541 0.00161789 0.00163559 
3.63 2.34267e-05 9.25293e-07 5.60902e-15 5.60902e-15 5.60902e-15 5.60902e-15 5.60902e-15 5.60902e-15 5.60902e-15 5.60902e-15 
3.63 1.04245e-10 9.73002e-11 9.23456e-11 8.86923e-11 8.59452e-11 8.3865e-11 8.2303e-11 8.11677e-11 8.04104e-11 8.00183e-11 
3.64 0.000495059 0.000573006 0.000646247 0.000714206 0.000776197 0.000831386 0.000878745 0.000917016 0.00094463 0.000959645 
3.64 0.000908946 0.000893133 0.000876973 0.000860821 0.000845103 0.000830322 0.000817051 0.000805944 0.000797725 0.000793188 
3.64 0.000889653 0.000870834 0.000851863 0.000833113 0.000815035 0.000798161 0.000783102 0.000770553 0.000761295 0.000756194 
3.64 1.01033e-05 1.1686e-05 1.31731e-05 1.45529e-05 1.58114e-05 1.69318e-05 1.78933e-05 1.86701e-05 1.92306e-05 1.95352e-05 
3.64 0.00130757 0.00119613 0.00108892 0.000987222 0.000892569 0.000806792 0.000732059 0.000670934 0.000626436 0.000602109 
3.64 0.00109959 0.00118794 0.00127156 0.00134967 0.00142137 0.00148558 0.00154095 0.00158586 0.00161836 0.00163607 
3.64 2.34267e-05 9.25293e-07 5.60902e-15 5.60902e-15 5.60902e-15 5.60902e-15 5.60902e-15 5.60902e-15 5.60902e-15 5.60902e-15 
3.64 1.04178e-10 9.72378e-11 9.22863e-11 8.8635e-11 8.58887e-11 8.38094e-11 8.22478e-11 8.11126e-11 8.03552e-11 7.99635e-11 
3.65 0.000495472 0.000573491 0.000646805 0.000714837 0.0007769 0.000832155 0.000879575 0.000917896 0.000945547 0.000960583 
3.65 0.000909423 0.000893693 0.000877618 0.00086155 0.000845915 0.000831211 0.000818009 0.000806961 0.000798785 0.000794271 
3.65 0.000890109 0.000871369 0.000852478 0.000833809 0.00081581 0.00079901 0.000784017 0.000771523 0.000762307 0.000757228 
3.65 1.01117e-05 1.16959e-05 1.31844e-05 1.45657e-05 1.58257e-05 1.69475e-05 1.79102e-05 1.8688e-05 1.92493e-05 1.95543e-05 
3.65 0.00130806 0.0011967 0.00108958 0.000987964 0.000893395 0.000807696 0.000733034 0.000671968 0.000627513 0.00060321 
3.65 0.0010998 0.00118819 0.00127184 0.00134999 0.00142173 0.00148597 0.00154137 0.00158631 0.00161883 0.00163655 
3.65 2.34267e-05 9.25293e-07 5.60902e-15 5.60902e-15 5.60902e-15 5.60902e-15 5.60902e-15 5.60902e-15 5.60902e-15 5.60902e-15 
3.65 1.04111e-10 9.7176e-11 9.22275e-11 8.85777e-11 8.58327e-11 8.37543e-11 8.2193e-11 8.10578e-11 8.03004e-11 7.99087e-11 
3.66 0.000495883 0.000573973 0.00064736 0.000715465 0.000777599 0.000832921 0.000880401 0.000918771 0.00094646 0.000961516 
3.66 0.000909898 0.00089425 0.000878259 0.000862275 0.000846722 0.000832095 0.000818963 0.000807972 0.000799839 0.000795349 
3.66 0.000890562 0.000871901 0.00085309 0.000834501 0.000816581 0.000799854 0.000784927 0.000772489 0.000763313 0.000758257 
3.66 1.01201e-05 1.17057e-05 1.31957e-05 1.45785e-05 1.58399e-05 1.69631e-05 1.7927e-05 1.87058e-05 1.92679e-05 1.95733e-05 
3.66 0.00130854 0.00119727 0.00109023 0.000988702 0.000894216 0.000808595 0.000734003 0.000672996 0.000628585 0.000604306 
3.66 0.00110001 0.00118844 0.00127212 0.00135031 0.00142209 0.00148636 0.00154179 0.00158676 0.0016193 0.00163703 
3.66 2.34267e-05 9.25293e-07 5.60902e-15 5.60902e-15 5.60902e-15 5.60902e-15 5.60902e-15 5.60902e-15 5.60902e-15 5.60902e-15 
3.66 1.04044e-10 9.71145e-11 9.21687e-11 8.85208e-11 8.57771e-11 8.36991e-11 8.21382e-11 8.10034e-11 8.02462e-11 7.98544e-11 
3.67 0.000496292 0.000574453 0.000647912 0.00071609 0.000778294 0.000833682 0.000881222 0.000919642 0.000947368 0.000962444 
3.67 0.00091037 0.000894804 0.000878897 0.000862997 0.000847525 0.000832975 0.000819911 0.000808978 0.000800887 0.000796421 
3.67 0.000891013 0.00087243 0.000853699 0.00083519 0.000817348 0.000800694 0.000785832 0.000773449 0.000764314 0.00075928 
3.67 1.01284e-05 1.17155e-05 1.32069e-05 1.45912e-05 1.58541e-05 1.69786e-05 1.79437e-05 1.87235e-05 1.92864e-05 1.95922e-05 
3.67 0.00130902 0.00119783 0.00109088 0.000989436 0.000895033 0.00080949 0.000734967 0.000674019 0.000629651 0.000605396 
3.67 0.00110022 0.00118868 0.0012724 0.00135063 0.00142245 0.00148675 0.00154221 0.0015872 0.00161976 0.0016375 
3.67 2.34267e-05 9.25293e-07 5.60902e-15 5.60902e-15 5.60902e-15 5.60902e-15 5.60902e-15 5.60902e-15 5.60902e-15 5.60902e-15 
3.67 1.03978e-10 9.70537e-11 9.21104e-11 8.84645e-11 8.5722e-11 8.36446e-11 8.20839e-11 8.09495e-11 8.01924e-11 7.98007e-11 
3.68 0.000496699 0.00057493 0.000648461 0.000716711 0.000778986 0.00083444 0.000882039 0.000920508 0.000948271 0.000963368 
3.68 0.00091084 0.000895355 0.000879531 0.000863715 0.000848324 0.00083385 0.000820855 0.000809979 0.00080193 0.000797487 
3.68 0.000891461 0.000872956 0.000854305 0.000835875 0.000818111 0.000801529 0.000786733 0.000774404 0.00076531 0.000760298 
3.68 1.01367e-05 1.17252e-05 1.32181e-05 1.46038e-05 1.58682e-05 1.6994e-05 1.79603e-05 1.87412e-05 1.93047e-05 1.9611e-05 
3.68 0.0013095 0.00119839 0.00109152 0.000990167 0.000895846 0.00081038 0.000735926 0.000675036 0.000630711 0.00060648 
3.68 0.00110043 0.00118892 0.00127268 0.00135095 0.0014228 0.00148714 0.00154263 0.00158764 0.00162022 0.00163797 
3.68 2.34267e-05 9.25293e-07 5.60902e-15 5.60902e-15 5.60902e-15 5.60902e-15 5.60902e-15 5.60902e-15 5.60902e-15 5.60902e-15 
3.68 1.03913e-10 9.69927e-11 9.20526e-11 8.84086e-11 8.56674e-11 8.35904e-11 8.20301e-11 8.08956e-11 8.01387e-11 7.9747e-11 
3.69 0.000497102 0.000575405 0.000649007 0.000717329 0.000779674 0.000835194 0.000882852 0.00092137 0.000949169 0.000964286 
3.69 0.000911307 0.000895904 0.000880162 0.000864429 0.000849119 0.00083472 0.000821794 0.000810974 0.000802968 0.000798548 
3.69 0.000891907 0.00087348 0.000854908 0.000836557 0.000818869 0.00080236 0.000787629 0.000775354 0.0007663 0.000761311 
3.69 1.01449e-05 1.17348e-05 1.32292e-05 1.46164e-05 1.58822e-05 1.70093e-05 1.79768e-05 1.87587e-05 1.9323e-05 1.96297e-05 
3.69 0.00130998 0.00119895 0.00109216 0.000990893 0.000896654 0.000811265 0.000736881 0.000676048 0.000631766 0.000607558 
3.69 0.00110064 0.00118916 0.00127296 0.00135127 0.00142315 0.00148753 0.00154304 0.00158808 0.00162068 0.00163844 
3.69 2.34267e-05 9.25293e-07 5.60902e-15 5.60902e-15 5.60902e-15 5.60902e-15 5.60902e-15 5.60902e-15 5.60902e-15 5.60902e-15 
3.69 1.03848e-10 9.69322e-11 9.19952e-11 8.83532e-11 8.56128e-11 8.35367e-11 8.19768e-11 8.08423e-11 8.00854e-11 7.96938e-11 
3.70 0.000497504 0.000575877 0.000649551 0.000717944 0.000780358 0.000835943 0.000883659 0.000922227 0.000950063 0.0009652 
3.70 0.000911772 0.000896449 0.00088079 0.000865139 0.000849909 0.000835586 0.000822727 0.000811964 0.000804 0.000799603 
3.70 0.000892351 0.000874001 0.000855507 0.000837235 0.000819624 0.000803187 0.00078852 0.000776299 0.000767285 0.000762318 
3.70 1.01531e-05 1.17444e-05 1.32403e-05 1.46289e-05 1.58961e-05 1.70246e-05 1.79932e-05 1.87762e-05 1.93412e-05 1.96483e-05 
3.70 0.00131045 0.00119951 0.0010928 0.000991615 0.000897458 0.000812146 0.00073783 0.000677055 0.000632815 0.000608631 
3.70 0.00110084 0.0011894 0.00127324 0.00135158 0.0014235 0.00148791 0.00154345 0.00158852 0.00162114 0.00163891 
3.70 2.34267e-05 9.25293e-07 5.60902e-15 5.60902e-15 5.60902e-15 5.60902e-15 5.60902e-15 5.60902e-15 5.60902e-15 5.60902e-15 
3.70 1.03784e-10 9.68723e-11 9.19384e-11 8.82982e-11 8.55587e-11 8.34835e-11 8.19236e-11 8.07894e-11 8.00327e-11 7.9641e-11 
3.71 0.000497904 0.000576347 0.000650092 0.000718556 0.000781039 0.000836689 0.000884463 0.00092308 0.000950952 0.000966109 
3.71 0.000912234 0.000896992 0.000881415 0.000865846 0.000850695 0.000836447 0.000823656 0.000812949 0.000805027 0.000800653 
3.71 0.000892793 0.000874519 0.000856103 0.00083791 0.000820375 0.000804009 0.000789407 0.00077724 0.000768265 0.00076332 
3.71 1.01612e-05 1.1754e-05 1.32513e-05 1.46414e-05 1.59099e-05 1.70398e-05 1.80096e-05 1.87935e-05 1.93593e-05 1.96668e-05 
3.71 0.00131092 0.00120006 0.00109344 0.000992333 0.000898258 0.000813022 0.000738774 0.000678057 0.000633859 0.000609698 
3.71 0.00110104 0.00118964 0.00127352 0.00135189 0.00142385 0.00148829 0.00154386 0.00158896 0.00162159 0.00163937 
3.71 2.34267e-05 9.25293e-07 5.60902e-15 5.60902e-15 5.60902e-15 5.60902e-15 5.60902e-15 5.60902e-15 5.60902e-15 5.60902e-15 
3.71 1.03719e-10 9.68128e-11 9.18819e-11 8.82433e-11 8.5505e-11 8.34303e-11 8.18708e-11 8.0737e-11 7.99804e-11 7.95888e-11 
3.72 0.000498302 0.000576814 0.00065063 0.000719165 0.000781716 0.000837431 0.000885263 0.000923929 0.000951836 0.000967013 
3.72 0.000912694 0.000897532 0.000882036 0.000866549 0.000851477 0.000837304 0.00082458 0.000813929 0.000806048 0.000801697 
3.72 0.000893232 0.000875034 0.000856696 0.000838581 0.000821122 0.000804827 0.000790289 0.000778175 0.00076924 0.000764317 
3.72 1.01693e-05 1.17635e-05 1.32623e-05 1.46538e-05 1.59237e-05 1.70549e-05 1.80259e-05 1.88108e-05 1.93773e-05 1.96852e-05 
3.72 0.00131139 0.00120061 0.00109407 0.000993048 0.000899053 0.000813893 0.000739714 0.000679053 0.000634898 0.00061076 
3.72 0.00110124 0.00118988 0.00127379 0.0013522 0.0014242 0.00148867 0.00154427 0.00158939 0.00162204 0.00163983 
3.72 2.34267e-05 9.25293e-07 5.60902e-15 5.60902e-15 5.60902e-15 5.60902e-15 5.60902e-15 5.60902e-15 5.60902e-15 5.60902e-15 
3.72 1.03655e-10 9.67537e-11 9.18259e-11 8.81888e-11 8.54517e-11 8.33775e-11 8.18184e-11 8.0685e-11 7.99282e-11 7.95366e-11 
3.73 0.000498698 0.000577279 0.000651165 0.00071977 0.00078239 0.000838169 0.000886059 0.000924772 0.000952716 0.000967912 
3.73 0.000913151 0.000898069 0.000882654 0.000867248 0.000852255 0.000838156 0.000825499 0.000814904 0.000807064 0.000802736 
3.73 0.000893669 0.000875547 0.000857286 0.000839249 0.000821865 0.000805641 0.000791166 0.000779106 0.00077021 0.000765309 
3.73 1.01774e-05 1.1773e-05 1.32732e-05 1.46661e-05 1.59374e-05 1.70699e-05 1.80421e-05 1.8828e-05 1.93952e-05 1.97035e-05 
3.73 0.00131186 0.00120116 0.0010947 0.000993759 0.000899844 0.00081476 0.000740649 0.000680044 0.000635931 0.000611816 
3.73 0.00110144 0.00119012 0.00127406 0.00135251 0.00142454 0.00148905 0.00154468 0.00158982 0.00162249 0.00164029 
3.73 2.34267e-05 9.25293e-07 5.60902e-15 5.60902e-15 5.60902e-15 5.60902e-15 5.60902e-15 5.60902e-15 5.60902e-15 5.60902e-15 
3.73 1.03592e-10 9.66951e-11 9.17699e-11 8.81347e-11 8.5399e-11 8.33253e-11 8.17665e-11 8.06331e-11 7.98765e-11 7.94849e-11 
3.74 0.000499092 0.000577741 0.000651697 0.000720372 0.00078306 0.000838903 0.000886851 0.000925612 0.000953591 0.000968807 
3.74 0.000913606 0.000898603 0.000883269 0.000867943 0.000853029 0.000839004 0.000826413 0.000815874 0.000808075 0.000803769 
3.74 0.000894103 0.000876057 0.000857873 0.000839913 0.000822604 0.000806451 0.000792039 0.000780032 0.000771175 0.000766295 
3.74 1.01854e-05 1.17824e-05 1.3284e-05 1.46784e-05 1.59511e-05 1.70848e-05 1.80582e-05 1.88451e-05 1.9413e-05 1.97217e-05 
3.74 0.00131232 0.0012017 0.00109533 0.000994467 0.000900631 0.000815622 0.000741578 0.00068103 0.000636959 0.000612867 
3.74 0.00110164 0.00119036 0.00127433 0.00135282 0.00142488 0.00148942 0.00154509 0.00159025 0.00162294 0.00164075 
3.74 2.34267e-05 9.25293e-07 5.60902e-15 5.60902e-15 5.60902e-15 5.60902e-15 5.60902e-15 5.60902e-15 5.60902e-15 5.60902e-15 
3.74 1.03528e-10 9.6637e-11 9.17143e-11 8.8081e-11 8.53462e-11 8.32735e-11 8.1715e-11 8.05817e-11 7.98252e-11 7.94336e-11 
3.75 0.000499484 0.000578201 0.000652226 0.000720971 0.000783727 0.000839633 0.000887638 0.000926447 0.000954461 0.000969697 
3.75 0.000914059 0.000899134 0.000883881 0.000868635 0.000853799 0.000839847 0.000827322 0.000816838 0.00080908 0.000804797 
3.75 0.000894535 0.000876564 0.000858457 0.000840574 0.000823339 0.000807256 0.000792907 0.000780953 0.000772135 0.000767276 
3.75 1.01934e-05 1.17917e-05 1.32948e-05 1.46906e-05 1.59647e-05 1.70997e-05 1.80742e-05 1.88621e-05 1.94307e-05 1.97399e-05 
3.75 0.00131278 0.00120224 0.00109595 0.000995172 0.000901414 0.00081648 0.000742503 0.000682011 0.000637981 0.000613912 
3.75 0.00110184 0.00119059 0.0012746 0.00135313 0.00142522 0.00148979 0.00154549 0.00159068 0.00162339 0.0016412 
3.75 2.34267e-05 9.25293e-07 5.60902e-15 5.60902e-15 5.60902e-15 5.60902e-15 5.60902e-15 5.60902e-15 5.60902e-15 5.60902e-15 
3.75 1.03466e-10 9.65794e-11 9.16593e-11 8.80279e-11 8.52939e-11 8.32217e-11 8.1664e-11 8.05307e-11 7.97743e-11 7.93828e-11 
3.76 0.000499874 0.000578658 0.000652753 0.000721567 0.00078439 0.000840359 0.00088842 0.000927278 0.000955327 0.000970582 
3.76 0.000914509 0.000899663 0.000884489 0.000869323 0.000854565 0.000840686 0.000828226 0.000817797 0.00081008 0.00080582 
3.76 0.000894965 0.000877068 0.000859038 0.000841231 0.00082407 0.000808057 0.000793771 0.000781869 0.00077309 0.000768252 
3.76 1.02013e-05 1.1801e-05 1.33055e-05 1.47027e-05 1.59782e-05 1.71145e-05 1.80902e-05 1.8879e-05 1.94483e-05 1.97579e-05 
3.76 0.00131324 0.00120278 0.00109657 0.000995872 0.000902194 0.000817333 0.000743423 0.000682987 0.000638998 0.000614952 
3.76 0.00110204 0.00119082 0.00127487 0.00135343 0.00142556 0.00149016 0.00154589 0.0015911 0.00162383 0.00164165 
3.76 2.34267e-05 9.25293e-07 5.60902e-15 5.60902e-15 5.60902e-15 5.60902e-15 5.60902e-15 5.60902e-15 5.60902e-15 5.60902e-15 
3.76 1.03404e-10 9.65217e-11 9.16047e-11 8.79751e-11 8.5242e-11 8.31704e-11 8.16131e-11 8.04802e-11 7.9724e-11 7.93321e-11 
3.77 0.000500262 0.000579113 0.000653277 0.00072216 0.00078505 0.000841082 0.000889199 0.000928104 0.000956188 0.000971463 
3.77 0.000914957 0.000900189 0.000885094 0.000870008 0.000855327 0.000841521 0.000829126 0.000818752 0.000811075 0.000806837 
3.77 0.000895393 0.00087757 0.000859616 0.000841884 0.000824797 0.000808854 0.00079463 0.00078278 0.00077404 0.000769223 
3.77 1.02092e-05 1.18103e-05 1.33162e-05 1.47148e-05 1.59916e-05 1.71292e-05 1.81061e-05 1.88958e-05 1.94658e-05 1.97758e-05 
3.77 0.0013137 0.00120331 0.00109719 0.000996569 0.000902969 0.000818182 0.000744338 0.000683957 0.00064001 0.000615986 
3.77 0.00110224 0.00119105 0.00127514 0.00135373 0.0014259 0.00149053 0.00154629 0.00159152 0.00162427 0.0016421 
3.77 2.34267e-05 9.25293e-07 5.60902e-15 5.60902e-15 5.60902e-15 5.60902e-15 5.60902e-15 5.60902e-15 5.60902e-15 5.60902e-15 
3.77 1.03342e-10 9.64645e-11 9.15504e-11 8.79224e-11 8.51905e-11 8.31195e-11 8.15626e-11 8.04297e-11 7.96736e-11 7.92819e-11 
3.78 0.000500648 0.000579566 0.000653798 0.00072275 0.000785705 0.0008418 0.000889974 0.000928926 0.000957045 0.000972339 
3.78 0.000915403 0.000900712 0.000885696 0.000870689 0.000856085 0.000842351 0.000830021 0.000819701 0.000812065 0.000807849 
3.78 0.000895818 0.000878069 0.000860191 0.000842534 0.000825521 0.000809647 0.000795485 0.000783687 0.000774985 0.000770189 
3.78 1.02171e-05 1.18195e-05 1.33268e-05 1.47268e-05 1.6005e-05 1.71438e-05 1.81219e-05 1.89125e-05 1.94833e-05 1.97937e-05 
3.78 0.00131415 0.00120384 0.0010978 0.000997263 0.00090374 0.000819026 0.000745248 0.000684923 0.000641016 0.000617015 
3.78 0.00110244 0.00119128 0.00127541 0.00135403 0.00142624 0.0014909 0.00154668 0.00159194 0.00162471 0.00164255 
3.78 2.34267e-05 9.25293e-07 5.60902e-15 5.60902e-15 5.60902e-15 5.60902e-15 5.60902e-15 5.60902e-15 5.60902e-15 5.60902e-15 
3.78 1.03281e-10 9.64078e-11 9.14966e-11 8.78701e-11 8.51396e-11 8.30691e-11 8.15125e-11 8.03797e-11 7.96237e-11 7.9232e-11 
3.79 0.000501032 0.000580016 0.000654317 0.000723336 0.000786358 0.000842515 0.000890745 0.000929744 0.000957897 0.000973211 
3.79 0.000915846 0.000901232 0.000886295 0.000871366 0.000856839 0.000843177 0.000830912 0.000820646 0.000813049 0.000808856 
3.79 0.000896241 0.000878566 0.000860763 0.000843181 0.000826241 0.000810436 0.000796335 0.000784589 0.000775925 0.00077115 
3.79 1.02249e-05 1.18287e-05 1.33373e-05 1.47387e-05 1.60183e-05 1.71584e-05 1.81376e-05 1.89292e-05 1.95007e-05 1.98115e-05 
3.79 0.0013146 0.00120437 0.00109841 0.000997952 0.000904507 0.000819866 0.000746154 0.000685883 0.000642017 0.000618039 
3.79 0.00110264 0.00119151 0.00127567 0.00135433 0.00142657 0.00149127 0.00154707 0.00159236 0.00162514 0.001643 
3.79 2.34267e-05 9.25293e-07 5.60902e-15 5.60902e-15 5.60902e-15 5.60902e-15 5.60902e-15 5.60902e-15 5.60902e-15 5.60902e-15 
3.79 1.03221e-10 9.63515e-11 9.14433e-11 8.78183e-11 8.5089e-11 8.3019e-11 8.14625e-11 8.033e-11 7.95743e-11 7.91826e-11 
3.80 0.000501414 0.000580464 0.000654832 0.000723919 0.000787007 0.000843226 0.000891512 0.000930557 0.000958745 0.000974077 
3.80 0.000916287 0.000901749 0.000886891 0.00087204 0.000857589 0.000843999 0.000831798 0.000821586 0.000814028 0.000809857 
3.80 0.000896662 0.00087906 0.000861332 0.000843825 0.000826957 0.00081122 0.000797181 0.000785486 0.00077686 0.000772106 
3.80 1.02327e-05 1.18378e-05 1.33478e-05 1.47506e-05 1.60315e-05 1.71729e-05 1.81532e-05 1.89458e-05 1.9518e-05 1.98292e-05 
3.80 0.00131505 0.0012049 0.00109902 0.000998638 0.00090527 0.000820702 0.000747055 0.000686838 0.000643013 0.000619057 
3.80 0.00110283 0.00119174 0.00127593 0.00135463 0.0014269 0.00149163 0.00154746 0.00159278 0.00162557 0.00164344 
3.80 2.34267e-05 9.25293e-07 5.60902e-15 5.60902e-15 5.60902e-15 5.60902e-15 5.60902e-15 5.60902e-15 5.60902e-15 5.60902e-15 
3.80 1.03161e-10 9.62957e-11 9.139e-11 8.77669e-11 8.50385e-11 8.29693e-11 8.14129e-11 8.02808e-11 7.9525e-11 7.91337e-11 
3.81 0.000501794 0.00058091 0.000655345 0.000724499 0.000787653 0.000843934 0.000892275 0.000931366 0.000959589 0.000974939 
3.81 0.000916726 0.000902264 0.000887484 0.00087271 0.000858335 0.000844816 0.000832679 0.00082252 0.000815002 0.000810853 
3.81 0.000897081 0.000879552 0.000861898 0.000844465 0.000827669 0.000812 0.000798022 0.000786378 0.00077779 0.000773057 
3.81 1.02404e-05 1.18469e-05 1.33583e-05 1.47624e-05 1.60446e-05 1.71873e-05 1.81687e-05 1.89623e-05 1.95352e-05 1.98468e-05 
3.81 0.0013155 0.00120542 0.00109962 0.000999321 0.000906029 0.000821533 0.000747951 0.000687789 0.000644003 0.00062007 
3.81 0.00110302 0.00119197 0.00127619 0.00135493 0.00142723 0.00149199 0.00154785 0.00159319 0.001626 0.00164388 
3.81 2.34267e-05 9.25293e-07 5.60902e-15 5.60902e-15 5.60902e-15 5.60902e-15 5.60902e-15 5.60902e-15 5.60902e-15 5.60902e-15 
3.81 1.031e-10 9.62401e-11 9.1337e-11 8.77158e-11 8.49883e-11 8.29197e-11 8.13637e-11 8.0232e-11 7.9476e-11 7.90847e-11 
3.82 0.000502172 0.000581353 0.000655855 0.000725076 0.000788296 0.000844638 0.000893034 0.000932171 0.000960427 0.000975797 
3.82 0.000917162 0.000902776 0.000888073 0.000873377 0.000859077 0.000845629 0.000833555 0.00082345 0.000815971 0.000811844 
3.82 0.000897498 0.000880041 0.000862461 0.000845102 0.000828378 0.000812776 0.000798859 0.000787266 0.000778715 0.000774003 
3.82 1.02481e-05 1.18559e-05 1.33687e-05 1.47741e-05 1.60577e-05 1.72016e-05 1.81841e-05 1.89787e-05 1.95523e-05 1.98643e-05 
3.82 0.00131594 0.00120594 0.00110022 0.000999999 0.000906784 0.00082236 0.000748842 0.000688734 0.000644988 0.000621077 
3.82 0.00110321 0.0011922 0.00127645 0.00135522 0.00142756 0.00149235 0.00154824 0.0015936 0.00162643 0.00164432 
3.82 2.34267e-05 9.25293e-07 5.60902e-15 5.60902e-15 5.60902e-15 5.60902e-15 5.60902e-15 5.60902e-15 5.60902e-15 5.60902e-15 
3.82 1.0304e-10 9.61851e-11 9.12845e-11 8.76652e-11 8.49386e-11 8.28705e-11 8.13149e-11 8.01833e-11 7.94275e-11 7.90363e-11 
3.83 0.000502548 0.000581794 0.000656363 0.00072565 0.000788934 0.000845338 0.000893789 0.000932972 0.000961262 0.00097665 
3.83 0.000917596 0.000903285 0.000888659 0.000874041 0.000859815 0.000846438 0.000834427 0.000824375 0.000816935 0.000812829 
3.83 0.000897912 0.000880527 0.000863021 0.000845735 0.000829083 0.000813548 0.000799691 0.000788149 0.000779635 0.000774944 
3.83 1.02557e-05 1.18649e-05 1.3379e-05 1.47858e-05 1.60707e-05 1.72158e-05 1.81995e-05 1.8995e-05 1.95693e-05 1.98817e-05 
3.83 0.00131638 0.00120646 0.00110082 0.00100067 0.000907535 0.000823183 0.000749729 0.000689674 0.000645968 0.000622079 
3.83 0.0011034 0.00119242 0.00127671 0.00135551 0.00142789 0.00149271 0.00154863 0.00159401 0.00162686 0.00164476 
3.83 2.34267e-05 9.25293e-07 5.60902e-15 5.60902e-15 5.60902e-15 5.60902e-15 5.60902e-15 5.60902e-15 5.60902e-15 5.60902e-15 
3.83 1.02981e-10 9.61305e-11 9.12324e-11 8.76146e-11 8.48893e-11 8.28218e-11 8.12665e-11 8.0135e-11 7.93794e-11 7.89882e-11 
3.84 0.000502921 0.000582233 0.000656868 0.000726222 0.00078957 0.000846034 0.00089454 0.000933769 0.000962092 0.000977499 
3.84 0.000918028 0.000903792 0.000889242 0.000874701 0.00086055 0.000847242 0.000835295 0.000825295 0.000817894 0.000813809 
3.84 0.000898324 0.000881011 0.000863578 0.000846365 0.000829784 0.000814316 0.000800519 0.000789027 0.000780551 0.00077588 
3.84 1.02633e-05 1.18738e-05 1.33893e-05 1.47974e-05 1.60836e-05 1.723e-05 1.82148e-05 1.90112e-05 1.95862e-05 1.9899e-05 
3.84 0.00131682 0.00120698 0.00110141 0.00100134 0.000908282 0.000824001 0.000750611 0.00069061 0.000646943 0.000623076 
3.84 0.00110359 0.00119264 0.00127697 0.0013558 0.00142821 0.00149307 0.00154901 0.00159442 0.00162728 0.00164519 
3.84 2.34267e-05 9.25293e-07 5.60902e-15 5.60902e-15 5.60902e-15 5.60902e-15 5.60902e-15 5.60902e-15 5.60902e-15 5.60902e-15 
3.84 1.02922e-10 9.60758e-11 9.11806e-11 8.75644e-11 8.48404e-11 8.27734e-11 8.12186e-11 8.00872e-11 7.93317e-11 7.89406e-11 
3.85 0.000503293 0.000582669 0.00065737 0.00072679 0.000790202 0.000846727 0.000895287 0.000934561 0.000962918 0.000978344 
3.85 0.000918457 0.000904296 0.000889823 0.000875357 0.000861281 0.000848042 0.000836158 0.00082621 0.000818848 0.000814784 
3.85 0.000898734 0.000881492 0.000864132 0.000846992 0.000830482 0.00081508 0.000801343 0.000789901 0.000781462 0.000776811 
3.85 1.02709e-05 1.18827e-05 1.33995e-05 1.4809e-05 1.60965e-05 1.72441e-05 1.823e-05 1.90273e-05 1.9603e-05 1.99162e-05 
3.85 0.00131726 0.00120749 0.001102 0.00100201 0.000909025 0.000824815 0.000751488 0.000691541 0.000647913 0.000624068 
3.85 0.00110378 0.00119286 0.00127723 0.00135609 0.00142853 0.00149342 0.00154939 0.00159482 0.0016277 0.00164562 
3.85 2.34267e-05 9.25293e-07 5.60902e-15 5.60902e-15 5.60902e-15 5.60902e-15 5.60902e-15 5.60902e-15 5.60902e-15 5.60902e-15 
3.85 1.02864e-10 9.60215e-11 9.11293e-11 8.75146e-11 8.47914e-11 8.27255e-11 8.11707e-11 8.00396e-11 7.92841e-11 7.8893e-11 
3.86 0.000503663 0.000583103 0.00065787 0.000727355 0.000790831 0.000847416 0.00089603 0.000935349 0.00096374 0.000979184 
3.86 0.000918884 0.000904797 0.0008904 0.00087601 0.000862008 0.000848838 0.000837016 0.00082712 0.000819797 0.000815754 
3.86 0.000899142 0.000881971 0.000864683 0.000847616 0.000831176 0.00081584 0.000802163 0.00079077 0.000782368 0.000777738 
3.86 1.02784e-05 1.18915e-05 1.34097e-05 1.48205e-05 1.61093e-05 1.72581e-05 1.82451e-05 1.90433e-05 1.96197e-05 1.99333e-05 
3.86 0.00131769 0.001208 0.00110259 0.00100268 0.000909764 0.000825625 0.000752361 0.000692467 0.000648878 0.000625054 
3.86 0.00110397 0.00119308 0.00127748 0.00135638 0.00142885 0.00149377 0.00154977 0.00159522 0.00162812 0.00164605 
3.86 2.34267e-05 9.25293e-07 5.60902e-15 5.60902e-15 5.60902e-15 5.60902e-15 5.60902e-15 5.60902e-15 5.60902e-15 5.60902e-15 
3.86 1.02806e-10 9.59678e-11 9.10784e-11 8.74651e-11 8.47429e-11 8.26775e-11 8.11232e-11 7.99922e-11 7.92368e-11 7.88458e-11 
3.87 0.000504031 0.000583535 0.000658367 0.000727918 0.000791457 0.000848102 0.000896769 0.000936133 0.000964557 0.00098002 
3.87 0.000919309 0.000905296 0.000890974 0.00087666 0.000862731 0.00084963 0.00083787 0.000828026 0.000820741 0.000816719 
3.87 0.000899548 0.000882447 0.000865231 0.000848236 0.000831866 0.000816596 0.000802978 0.000791635 0.000783269 0.00077866 
3.87 1.02859e-05 1.19003e-05 1.34198e-05 1.4832e-05 1.6122e-05 1.72721e-05 1.82601e-05 1.90593e-05 1.96363e-05 1.99503e-05 
3.87 0.00131812 0.00120851 0.00110317 0.00100334 0.0009105 0.00082643 0.00075323 0.000693388 0.000649838 0.000626035 
3.87 0.00110416 0.0011933 0.00127773 0.00135667 0.00142917 0.00149412 0.00155015 0.00159562 0.00162854 0.00164648 
3.87 2.34267e-05 9.25293e-07 5.60902e-15 5.60902e-15 5.60902e-15 5.60902e-15 5.60902e-15 5.60902e-15 5.60902e-15 5.60902e-15 
3.87 1.02748e-10 9.59144e-11 9.10275e-11 8.74161e-11 8.46948e-11 8.26299e-11 8.10761e-11 7.99452e-11 7.91899e-11 7.8799e-11 
3.88 0.000504397 0.000583965 0.000658862 0.000728477 0.00079208 0.000848783 0.000897504 0.000936913 0.00096537 0.000980851 
3.88 0.000919732 0.000905792 0.000891545 0.000877306 0.00086345 0.000850418 0.000838719 0.000828927 0.00082168 0.000817679 
3.88 0.000899952 0.000882921 0.000865776 0.000848853 0.000832553 0.000817348 0.000803789 0.000792495 0.000784166 0.000779577 
3.88 1.02933e-05 1.1909e-05 1.34299e-05 1.48434e-05 1.61347e-05 1.7286e-05 1.82751e-05 1.90752e-05 1.96529e-05 1.99672e-05 
3.88 0.00131855 0.00120901 0.00110375 0.001004 0.000911232 0.000827231 0.000754094 0.000694304 0.000650793 0.000627011 
3.88 0.00110435 0.00119352 0.00127798 0.00135696 0.00142949 0.00149447 0.00155053 0.00159602 0.00162896 0.0016469 
3.88 2.34267e-05 9.25293e-07 5.60902e-15 5.60902e-15 5.60902e-15 5.60902e-15 5.60902e-15 5.60902e-15 5.60902e-15 5.60902e-15 
3.88 1.02691e-10 9.58614e-11 9.0977e-11 8.73675e-11 8.46471e-11 8.25828e-11 8.10294e-11 7.98986e-11 7.91435e-11 7.87526e-11 
3.89 0.000504761 0.000584392 0.000659353 0.000729034 0.000792699 0.000849462 0.000898236 0.000937689 0.000966179 0.000981678 
3.89 0.000920153 0.000906286 0.000892113 0.000877949 0.000864165 0.000851202 0.000839564 0.000829823 0.000822614 0.000818634 
3.89 0.000900354 0.000883392 0.000866319 0.000849467 0.000833236 0.000818097 0.000804596 0.000793351 0.000785058 0.000780489 
3.89 1.03007e-05 1.19177e-05 1.34399e-05 1.48547e-05 1.61473e-05 1.72998e-05 1.829e-05 1.9091e-05 1.96694e-05 1.9984e-05 
3.89 0.00131898 0.00120951 0.00110433 0.00100465 0.00091196 0.000828028 0.000754953 0.000695215 0.000651743 0.000627982 
3.89 0.00110454 0.00119374 0.00127823 0.00135724 0.00142981 0.00149482 0.0015509 0.00159642 0.00162937 0.00164732 
3.89 2.34267e-05 9.25293e-07 5.60902e-15 5.60902e-15 5.60902e-15 5.60902e-15 5.60902e-15 5.60902e-15 5.60902e-15 5.60902e-15 
3.89 1.02635e-10 9.58088e-11 9.09269e-11 8.73192e-11 8.45997e-11 8.25361e-11 8.09831e-11 7.98524e-11 7.90975e-11 7.87063e-11 
3.90 0.000505123 0.000584817 0.000659842 0.000729587 0.000793315 0.000850136 0.000898964 0.000938461 0.000966984 0.000982501 
3.90 0.000920571 0.000906777 0.000892679 0.000878588 0.000864877 0.000851981 0.000840404 0.000830714 0.000823543 0.000819584 
3.90 0.000900753 0.000883861 0.000866859 0.000850077 0.000833915 0.000818841 0.000805398 0.000794202 0.000785945 0.000781396 
3.90 1.03081e-05 1.19264e-05 1.34498e-05 1.4866e-05 1.61599e-05 1.73135e-05 1.83048e-05 1.91067e-05 1.96858e-05 2.00008e-05 
3.90 0.0013194 0.00121001 0.0011049 0.0010053 0.000912684 0.000828821 0.000755808 0.000696122 0.000652688 0.000628948 
3.90 0.00110472 0.00119396 0.00127848 0.00135752 0.00143012 0.00149516 0.00155127 0.00159681 0.00162978 0.00164774 
3.90 2.34267e-05 9.25293e-07 5.60902e-15 5.60902e-15 5.60902e-15 5.60902e-15 5.60902e-15 5.60902e-15 5.60902e-15 5.60902e-15 
3.90 1.02579e-10 9.57568e-11 9.08772e-11 8.7271e-11 8.45528e-11 8.24898e-11 8.09368e-11 7.98065e-11 7.90515e-11 7.86604e-11 
3.91 0.000505483 0.00058524 0.000660329 0.000730138 0.000793928 0.000850808 0.000899687 0.000939229 0.000967784 0.000983319 
3.91 0.000920987 0.000907265 0.000893241 0.000879224 0.000865585 0.000852757 0.00084124 0.000831601 0.000824467 0.000820529 
3.91 0.00090115 0.000884327 0.000867396 0.000850684 0.000834591 0.000819582 0.000806196 0.000795049 0.000786828 0.000782298 
3.91 1.03154e-05 1.1935e-05 1.34597e-05 1.48772e-05 1.61724e-05 1.73272e-05 1.83195e-05 1.91223e-05 1.97021e-05 2.00175e-05 
3.91 0.00131982 0.00121051 0.00110547 0.00100595 0.000913404 0.00082961 0.000756658 0.000697024 0.000653628 0.000629909 
3.91 0.0011049 0.00119418 0.00127873 0.0013578 0.00143043 0.0014955 0.00155164 0.0015972 0.00163019 0.00164816 
3.91 2.34267e-05 9.25293e-07 5.60902e-15 5.60902e-15 5.60902e-15 5.60902e-15 5.60902e-15 5.60902e-15 5.60902e-15 5.60902e-15 
3.91 1.02522e-10 9.5705e-11 9.08279e-11 8.72231e-11 8.45058e-11 8.24434e-11 8.08909e-11 7.97607e-11 7.90059e-11 7.86148e-11 
3.92 0.000505841 0.000585661 0.000660813 0.000730686 0.000794538 0.000851475 0.000900407 0.000939993 0.00096858 0.000984133 
3.92 0.000921401 0.000907751 0.0008938 0.000879857 0.000866289 0.000853528 0.000842072 0.000832483 0.000825387 0.000821469 
3.92 0.000901545 0.000884791 0.00086793 0.000851288 0.000835263 0.000820318 0.00080699 0.000795891 0.000787706 0.000783196 
3.92 1.03227e-05 1.19435e-05 1.34696e-05 1.48883e-05 1.61848e-05 1.73408e-05 1.83342e-05 1.91379e-05 1.97183e-05 2.00341e-05 
3.92 0.00132024 0.001211 0.00110604 0.00100659 0.000914121 0.000830395 0.000757504 0.000697921 0.000654563 0.000630865 
3.92 0.00110508 0.00119439 0.00127898 0.00135808 0.00143074 0.00149584 0.00155201 0.00159759 0.0016306 0.00164858 
3.92 2.34267e-05 9.25293e-07 5.60902e-15 5.60902e-15 5.60902e-15 5.60902e-15 5.60902e-15 5.60902e-15 5.60902e-15 5.60902e-15 
3.92 1.02466e-10 9.56537e-11 9.07789e-11 8.71755e-11 8.44592e-11 8.23974e-11 8.08453e-11 7.97152e-11 7.89607e-11 7.85697e-11 
3.93 0.000506198 0.000586079 0.000661295 0.000731231 0.000795144 0.00085214 0.000901123 0.000940753 0.000969372 0.000984943 
3.93 0.000921813 0.000908234 0.000894357 0.000880486 0.000866989 0.000854295 0.000842899 0.000833361 0.000826302 0.000822404 
3.93 0.000901938 0.000885253 0.000868461 0.000851889 0.000835932 0.000821051 0.00080778 0.000796729 0.000788579 0.000784089 
3.93 1.033e-05 1.1952e-05 1.34794e-05 1.48994e-05 1.61971e-05 1.73543e-05 1.83488e-05 1.91534e-05 1.97344e-05 2.00506e-05 
3.93 0.00132066 0.00121149 0.00110661 0.00100723 0.000914833 0.000831176 0.000758345 0.000698813 0.000655493 0.000631816 
3.93 0.00110526 0.0011946 0.00127923 0.00135836 0.00143105 0.00149618 0.00155238 0.00159798 0.001631 0.00164899 
3.93 2.34267e-05 9.25293e-07 5.60902e-15 5.60902e-15 5.60902e-15 5.60902e-15 5.60902e-15 5.60902e-15 5.60902e-15 5.60902e-15 
3.93 1.02411e-10 9.56021e-11 9.07303e-11 8.71284e-11 8.44129e-11 8.23518e-11 8.08002e-11 7.96702e-11 7.89159e-11 7.8525e-11 
3.94 0.000506552 0.000586495 0.000661774 0.000731773 0.000795747 0.000852801 0.000901836 0.000941509 0.00097016 0.000985748 
3.94 0.000922223 0.000908715 0.00089491 0.000881112 0.000867686 0.000855058 0.000843722 0.000834234 0.000827212 0.000823335 
3.94 0.000902329 0.000885712 0.000868989 0.000852487 0.000836597 0.00082178 0.000808566 0.000797562 0.000789448 0.000784977 
3.94 1.03372e-05 1.19605e-05 1.34891e-05 1.49104e-05 1.62094e-05 1.73678e-05 1.83633e-05 1.91688e-05 1.97505e-05 2.0067e-05 
3.94 0.00132108 0.00121198 0.00110717 0.00100787 0.000915542 0.000831952 0.000759182 0.000699701 0.000656418 0.000632762 
3.94 0.00110544 0.00119481 0.00127947 0.00135864 0.00143136 0.00149652 0.00155274 0.00159837 0.0016314 0.0016494 
3.94 2.34267e-05 9.25293e-07 5.60902e-15 5.60902e-15 5.60902e-15 5.60902e-15 5.60902e-15 5.60902e-15 5.60902e-15 5.60902e-15 
3.94 1.02356e-10 9.55512e-11 9.06822e-11 8.70817e-11 8.43672e-11 8.23065e-11 8.07555e-11 7.96256e-11 7.88711e-11 7.84802e-11 
3.95 0.000506905 0.000586909 0.000662251 0.000732312 0.000796347 0.000853458 0.000902545 0.00094226 0.000970944 0.000986549 
3.95 0.00092263 0.000909193 0.000895461 0.000881735 0.000868379 0.000855817 0.000844541 0.000835102 0.000828117 0.000824261 
3.95 0.000902718 0.000886168 0.000869515 0.000853082 0.000837259 0.000822505 0.000809348 0.000798391 0.000790312 0.000785861 
3.95 1.03444e-05 1.19689e-05 1.34988e-05 1.49214e-05 1.62216e-05 1.73812e-05 1.83777e-05 1.91841e-05 1.97665e-05 2.00833e-05 
3.95 0.00132149 0.00121247 0.00110773 0.0010085 0.000916247 0.000832724 0.000760015 0.000700584 0.000657339 0.000633703 
3.95 0.00110562 0.00119502 0.00127972 0.00135892 0.00143167 0.00149686 0.0015531 0.00159875 0.0016318 0.00164981 
3.95 2.34267e-05 9.25293e-07 5.60902e-15 5.60902e-15 5.60902e-15 5.60902e-15 5.60902e-15 5.60902e-15 5.60902e-15 5.60902e-15 
3.95 1.02301e-10 9.55006e-11 9.06344e-11 8.70355e-11 8.43218e-11 8.22617e-11 8.07107e-11 7.95813e-11 7.88267e-11 7.84359e-11 
3.96 0.000507256 0.000587321 0.000662725 0.000732848 0.000796944 0.000854112 0.00090325 0.000943008 0.000971724 0.000987346 
3.96 0.000923035 0.000909669 0.000896009 0.000882355 0.000869069 0.000856573 0.000845355 0.000835966 0.000829017 0.000825182 
3.96 0.000903105 0.000886622 0.000870038 0.000853674 0.000837917 0.000823226 0.000810126 0.000799216 0.000791172 0.00078674 
3.96 1.03515e-05 1.19773e-05 1.35084e-05 1.49323e-05 1.62338e-05 1.73945e-05 1.83921e-05 1.91993e-05 1.97824e-05 2.00995e-05 
3.96 0.0013219 0.00121295 0.00110829 0.00100913 0.000916948 0.000833492 0.000760843 0.000701463 0.000658255 0.000634639 
3.96 0.0011058 0.00119523 0.00127996 0.00135919 0.00143198 0.00149719 0.00155346 0.00159913 0.0016322 0.00165022 
3.96 2.34267e-05 9.25293e-07 5.60902e-15 5.60902e-15 5.60902e-15 5.60902e-15 5.60902e-15 5.60902e-15 5.60902e-15 5.60902e-15 
3.96 1.02247e-10 9.54503e-11 9.05865e-11 8.69895e-11 8.42768e-11 8.22172e-11 8.06663e-11 7.9537e-11 7.87826e-11 7.8392e-11 
3.97 0.000507605 0.000587731 0.000663197 0.000733382 0.000797538 0.000854763 0.000903951 0.000943752 0.000972499 0.000988139 
3.97 0.000923438 0.000910142 0.000896554 0.000882971 0.000869755 0.000857324 0.000846165 0.000836825 0.000829913 0.000826098 
3.97 0.00090349 0.000887074 0.000870558 0.000854262 0.000838572 0.000823943 0.000810899 0.000800037 0.000792027 0.000787614 
3.97 1.03586e-05 1.19856e-05 1.3518e-05 1.49432e-05 1.62459e-05 1.74077e-05 1.84064e-05 1.92145e-05 1.97982e-05 2.01157e-05 
3.97 0.00132231 0.00121343 0.00110884 0.00100976 0.000917646 0.000834256 0.000761667 0.000702337 0.000659166 0.000635571 
3.97 0.00110598 0.00119544 0.0012802 0.00135946 0.00143228 0.00149752 0.00155382 0.00159951 0.0016326 0.00165062 
3.97 2.34267e-05 9.25293e-07 5.60902e-15 5.60902e-15 5.60902e-15 5.60902e-15 5.60902e-15 5.60902e-15 5.60902e-15 5.60902e-15 
3.97 1.02193e-10 9.54004e-11 9.0539e-11 8.69435e-11 8.4232e-11 8.21728e-11 8.06223e-11 7.94931e-11 7.8739e-11 7.83484e-11 
3.98 0.000507952 0.000588139 0.000663666 0.000733913 0.000798129 0.00085541 0.000904649 0.000944492 0.00097327 0.000988928 
3.98 0.000923839 0.000910613 0.000897096 0.000883584 0.000870437 0.000858072 0.000846971 0.00083768 0.000830804 0.000827009 
3.98 0.000903873 0.000887524 0.000871075 0.000854847 0.000839224 0.000824657 0.000811668 0.000800853 0.000792878 0.000788484 
3.98 1.03657e-05 1.19939e-05 1.35276e-05 1.4954e-05 1.62579e-05 1.74209e-05 1.84206e-05 1.92296e-05 1.98139e-05 2.01318e-05 
3.98 0.00132272 0.00121391 0.00110939 0.00101038 0.00091834 0.000835016 0.000762487 0.000703206 0.000660072 0.000636498 
3.98 0.00110616 0.00119565 0.00128044 0.00135973 0.00143258 0.00149785 0.00155418 0.00159989 0.00163299 0.00165102 
3.98 2.34267e-05 9.25293e-07 5.60902e-15 5.60902e-15 5.60902e-15 5.60902e-15 5.60902e-15 5.60902e-15 5.60902e-15 5.60902e-15 
3.98 1.0214e-10 9.53509e-11 9.04918e-11 8.68978e-11 8.41872e-11 8.21286e-11 8.05787e-11 7.94496e-11 7.86957e-11 7.83049e-11 
3.99 0.000508297 0.000588544 0.000664133 0.000734441 0.000798717 0.000856054 0.000905343 0.000945228 0.000974037 0.000989713 
3.99 0.000924238 0.000911081 0.000897635 0.000884194 0.000871116 0.000858816 0.000847773 0.00083853 0.00083169 0.000827915 
3.99 0.000904254 0.000887971 0.00087159 0.000855429 0.000839872 0.000825367 0.000812434 0.000801665 0.000793724 0.000789349 
3.99 1.03727e-05 1.20022e-05 1.35371e-05 1.49647e-05 1.62699e-05 1.7434e-05 1.84347e-05 1.92446e-05 1.98295e-05 2.01478e-05 
3.99 0.00132313 0.00121439 0.00110994 0.001011 0.00091903 0.000835772 0.000763302 0.000704071 0.000660973 0.00063742 
3.99 0.00110634 0.00119586 0.00128068 0.00136 0.00143288 0.00149818 0.00155453 0.00160027 0.00163338 0.00165142 
3.99 2.34267e-05 9.25293e-07 5.60902e-15 5.60902e-15 5.60902e-15 5.60902e-15 5.60902e-15 5.60902e-15 5.60902e-15 5.60902e-15 
3.99 1.02087e-10 9.53019e-11 9.04451e-11 8.68524e-11 8.41428e-11 8.20848e-11 8.05354e-11 7.94065e-11 7.86524e-11 7.82616e-11 
4.00 0.000508641 0.000588946 0.000664597 0.000734966 0.000799302 0.000856694 0.000906034 0.00094596 0.000974801 0.000990493 
4.00 0.000924635 0.000911547 0.000898171 0.000884801 0.000871791 0.000859556 0.00084857 0.000839376 0.000832572 0.000828816 
4.00 0.000904633 0.000888416 0.000872102 0.000856008 0.000840517 0.000826073 0.000813195 0.000802472 0.000794566 0.00079021 
4.00 1.03797e-05 1.20104e-05 1.35465e-05 1.49754e-05 1.62818e-05 1.7447e-05 1.84488e-05 1.92595e-05 1.9845e-05 2.01637e-05 
4.00 0.00132353 0.00121486 0.00111049 0.00101162 0.000919716 0.000836524 0.000764113 0.000704931 0.00066187 0.000638337 
4.00 0.00110652 0.00119607 0.00128092 0.00136027 0.00143318 0.00149851 0.00155488 0.00160064 0.00163377 0.00165182 
4.00 2.34267e-05 9.25293e-07 5.60902e-15 5.60902e-15 5.60902e-15 5.60902e-15 5.60902e-15 5.60902e-15 5.60902e-15 5.60902e-15 
4.00 1.02034e-10 9.52533e-11 9.03988e-11 8.68075e-11 8.40988e-11 8.20414e-11 8.04921e-11 7.93637e-11 7.86095e-11 7.82188e-11 
4.01 0.000508983 0.000589347 0.000665059 0.000735489 0.000799883 0.000857331 0.000906721 0.000946689 0.00097556 0.000991269 
4.01 0.00092503 0.00091201 0.000898704 0.000885405 0.000872463 0.000860292 0.000849364 0.000840217 0.000833449 0.000829713 
4.01 0.00090501 0.000888858 0.000872611 0.000856584 0.000841158 0.000826776 0.000813952 0.000803275 0.000795403 0.000791066 
4.01 1.03867e-05 1.20186e-05 1.35559e-05 1.4986e-05 1.62936e-05 1.746e-05 1.84628e-05 1.92743e-05 1.98605e-05 2.01795e-05 
4.01 0.00132393 0.00121533 0.00111103 0.00101223 0.000920399 0.000837273 0.00076492 0.000705787 0.000662762 0.000639249 
4.01 0.00110669 0.00119628 0.00128116 0.00136054 0.00143348 0.00149883 0.00155523 0.00160101 0.00163416 0.00165222 
4.01 2.34267e-05 9.25293e-07 5.60902e-15 5.60902e-15 5.60902e-15 5.60902e-15 5.60902e-15 5.60902e-15 5.60902e-15 5.60902e-15 
4.01 1.01982e-10 9.52051e-11 9.03529e-11 8.6763e-11 8.40551e-11 8.19984e-11 8.04492e-11 7.93209e-11 7.8567e-11 7.81763e-11 
4.02 0.000509323 0.000589746 0.000665518 0.000736008 0.000800462 0.000857965 0.000907404 0.000947414 0.000976315 0.000992041 
4.02 0.000925423 0.000912471 0.000899235 0.000886005 0.000873131 0.000861024 0.000850153 0.000841054 0.000834322 0.000830605 
4.02 0.000905385 0.000889298 0.000873118 0.000857157 0.000841796 0.000827475 0.000814706 0.000804074 0.000796236 0.000791918 
4.02 1.03936e-05 1.20267e-05 1.35653e-05 1.49966e-05 1.63054e-05 1.74729e-05 1.84767e-05 1.92891e-05 1.98759e-05 2.01952e-05 
4.02 0.00132433 0.0012158 0.00111157 0.00101284 0.000921078 0.000838017 0.000765723 0.000706638 0.000663649 0.000640156 
4.02 0.00110687 0.00119648 0.00128139 0.00136081 0.00143377 0.00149915 0.00155558 0.00160138 0.00163455 0.00165261 
4.02 2.34267e-05 9.25293e-07 5.60902e-15 5.60902e-15 5.60902e-15 5.60902e-15 5.60902e-15 5.60902e-15 5.60902e-15 5.60902e-15 
4.02 1.0193e-10 9.51572e-11 9.03073e-11 8.67189e-11 8.40118e-11 8.19553e-11 8.04066e-11 7.92784e-11 7.85248e-11 7.81343e-11 
4.03 0.000509661 0.000590143 0.000665975 0.000736525 0.000801037 0.000858595 0.000908084 0.000948135 0.000977067 0.000992809 
4.03 0.000925814 0.00091293 0.000899763 0.000886602 0.000873796 0.000861752 0.000850938 0.000841887 0.00083519 0.000831492 
4.03 0.000905758 0.000889736 0.000873622 0.000857728 0.000842431 0.00082817 0.000815456 0.000804869 0.000797065 0.000792765 
4.03 1.04005e-05 1.20348e-05 1.35746e-05 1.50071e-05 1.63171e-05 1.74857e-05 1.84905e-05 1.93038e-05 1.98912e-05 2.02108e-05 
4.03 0.00132473 0.00121627 0.00111211 0.00101345 0.000921754 0.000838758 0.000766521 0.000707485 0.000664532 0.000641058 
4.03 0.00110704 0.00119669 0.00128163 0.00136107 0.00143407 0.00149948 0.00155593 0.00160175 0.00163493 0.001653 
4.03 2.34267e-05 9.25293e-07 5.60902e-15 5.60902e-15 5.60902e-15 5.60902e-15 5.60902e-15 5.60902e-15 5.60902e-15 5.60902e-15 
4.03 1.01879e-10 9.51092e-11 9.02621e-11 8.66751e-11 8.39686e-11 8.19129e-11 8.03644e-11 7.92364e-11 7.8483e-11 7.80923e-11 
4.04 0.000509997 0.000590538 0.00066643 0.000737039 0.000801609 0.000859222 0.00090876 0.000948852 0.000977815 0.000993574 
4.04 0.000926203 0.000913386 0.000900288 0.000887196 0.000874457 0.000862476 0.000851719 0.000842715 0.000836053 0.000832375 
4.04 0.000906129 0.000890172 0.000874123 0.000858295 0.000843062 0.000828861 0.000816201 0.00080566 0.000797889 0.000793608 
4.04 1.04073e-05 1.20428e-05 1.35839e-05 1.50176e-05 1.63287e-05 1.74985e-05 1.85043e-05 1.93184e-05 1.99064e-05 2.02264e-05 
4.04 0.00132513 0.00121673 0.00111264 0.00101405 0.000922427 0.000839495 0.000767315 0.000708327 0.00066541 0.000641956 
4.04 0.00110721 0.00119689 0.00128186 0.00136133 0.00143436 0.0014998 0.00155628 0.00160212 0.00163531 0.00165339 
4.04 2.34267e-05 9.25293e-07 5.60902e-15 5.60902e-15 5.60902e-15 5.60902e-15 5.60902e-15 5.60902e-15 5.60902e-15 5.60902e-15 
4.04 1.01827e-10 9.5062e-11 9.02167e-11 8.66311e-11 8.39259e-11 8.18706e-11 8.03225e-11 7.91947e-11 7.84411e-11 7.80505e-11 
4.05 0.000510332 0.000590931 0.000666882 0.000737551 0.000802179 0.000859846 0.000909432 0.000949565 0.000978558 0.000994334 
4.05 0.00092659 0.00091384 0.00090081 0.000887787 0.000875115 0.000863196 0.000852496 0.000843539 0.000836912 0.000833253 
4.05 0.000906498 0.000890605 0.000874622 0.000858859 0.00084369 0.000829549 0.000816943 0.000806447 0.000798709 0.000794446 
4.05 1.04141e-05 1.20508e-05 1.35931e-05 1.5028e-05 1.63403e-05 1.75112e-05 1.8518e-05 1.93329e-05 1.99215e-05 2.02419e-05 
4.05 0.00132552 0.00121719 0.00111317 0.00101465 0.000923096 0.000840228 0.000768105 0.000709165 0.000666283 0.000642849 
4.05 0.00110738 0.00119709 0.00128209 0.00136159 0.00143465 0.00150012 0.00155662 0.00160249 0.00163569 0.00165378 
4.05 2.34267e-05 9.25293e-07 5.60902e-15 5.60902e-15 5.60902e-15 5.60902e-15 5.60902e-15 5.60902e-15 5.60902e-15 5.60902e-15 
4.05 1.01776e-10 9.50146e-11 9.01716e-11 8.65875e-11 8.38832e-11 8.18286e-11 8.0281e-11 7.91533e-11 7.83997e-11 7.80092e-11 
4.06 0.000510665 0.000591322 0.000667332 0.00073806 0.000802745 0.000860466 0.000910101 0.000950275 0.000979298 0.00099509 
4.06 0.000926974 0.000914292 0.00090133 0.000888375 0.000875769 0.000863913 0.000853269 0.000844359 0.000837766 0.000834127 
4.06 0.000906865 0.000891036 0.000875118 0.000859421 0.000844315 0.000830233 0.000817681 0.00080723 0.000799525 0.00079528 
4.06 1.04209e-05 1.20588e-05 1.36022e-05 1.50384e-05 1.63518e-05 1.75238e-05 1.85316e-05 1.93473e-05 1.99366e-05 2.02573e-05 
4.06 0.00132591 0.00121765 0.0011137 0.00101525 0.000923761 0.000840957 0.000768891 0.000709999 0.000667152 0.000643737 
4.06 0.00110755 0.00119729 0.00128232 0.00136185 0.00143494 0.00150044 0.00155696 0.00160285 0.00163607 0.00165417 
4.06 2.34267e-05 9.25293e-07 5.60902e-15 5.60902e-15 5.60902e-15 5.60902e-15 5.60902e-15 5.60902e-15 5.60902e-15 5.60902e-15 
4.06 1.01725e-10 9.49676e-11 9.01269e-11 8.65442e-11 8.38409e-11 8.17869e-11 8.02396e-11 7.91123e-11 7.83586e-11 7.79682e-11 
4.07 0.000510996 0.000591711 0.00066778 0.000738566 0.000803309 0.000861083 0.000910767 0.000950981 0.000980034 0.000995843 
4.07 0.000927357 0.000914741 0.000901847 0.00088896 0.00087642 0.000864626 0.000854038 0.000845174 0.000838616 0.000834996 
4.07 0.000907231 0.000891465 0.000875612 0.000859979 0.000844936 0.000830914 0.000818415 0.000808008 0.000800336 0.00079611 
4.07 1.04276e-05 1.20667e-05 1.36113e-05 1.50487e-05 1.63633e-05 1.75364e-05 1.85451e-05 1.93617e-05 1.99516e-05 2.02726e-05 
4.07 0.0013263 0.00121811 0.00111422 0.00101585 0.000924423 0.000841682 0.000769673 0.000710828 0.000668016 0.000644621 
4.07 0.00110772 0.00119749 0.00128255 0.00136211 0.00143523 0.00150075 0.0015573 0.00160321 0.00163645 0.00165456 
4.07 2.34267e-05 9.25293e-07 5.60902e-15 5.60902e-15 5.60902e-15 5.60902e-15 5.60902e-15 5.60902e-15 5.60902e-15 5.60902e-15 
4.07 1.01675e-10 9.49209e-11 9.00826e-11 8.65013e-11 8.37989e-11 8.17456e-11 8.01984e-11 7.90713e-11 7.83178e-11 7.79275e-11 
4.08 0.000511326 0.000592098 0.000668224 0.00073907 0.000803869 0.000861697 0.000911429 0.000951683 0.000980766 0.000996592 
4.08 0.000927738 0.000915188 0.000902361 0.000889542 0.000877067 0.000865335 0.000854802 0.000845985 0.000839461 0.00083586 
4.08 0.000907595 0.000891891 0.000876103 0.000860535 0.000845554 0.000831591 0.000819145 0.000808782 0.000801143 0.000796935 
4.08 1.04343e-05 1.20746e-05 1.36204e-05 1.50589e-05 1.63747e-05 1.75489e-05 1.85586e-05 1.9376e-05 1.99665e-05 2.02878e-05 
4.08 0.00132669 0.00121856 0.00111474 0.00101644 0.000925082 0.000842403 0.000770451 0.000711653 0.000668876 0.0006455 
4.08 0.00110789 0.00119769 0.00128278 0.00136237 0.00143552 0.00150106 0.00155764 0.00160357 0.00163682 0.00165494 
4.08 2.34267e-05 9.25293e-07 5.60902e-15 5.60902e-15 5.60902e-15 5.60902e-15 5.60902e-15 5.60902e-15 5.60902e-15 5.60902e-15 
4.08 1.01625e-10 9.48747e-11 9.00387e-11 8.64588e-11 8.37573e-11 8.17043e-11 8.01575e-11 7.90306e-11 7.82774e-11 7.78871e-11 
4.09 0.000511653 0.000592483 0.000668667 0.000739571 0.000804427 0.000862308 0.000912087 0.000952382 0.000981494 0.000997336 
4.09 0.000928117 0.000915632 0.000902873 0.000890121 0.000877711 0.00086604 0.000855563 0.000846792 0.000840302 0.00083672 
4.09 0.000907956 0.000892315 0.000876591 0.000861088 0.000846169 0.000832265 0.000819871 0.000809552 0.000801946 0.000797756 
4.09 1.0441e-05 1.20824e-05 1.36294e-05 1.50691e-05 1.6386e-05 1.75613e-05 1.8572e-05 1.93902e-05 1.99813e-05 2.0303e-05 
4.09 0.00132707 0.00121901 0.00111526 0.00101703 0.000925737 0.00084312 0.000771225 0.000712474 0.000669731 0.000646374 
4.09 0.00110806 0.00119789 0.00128301 0.00136263 0.0014358 0.00150137 0.00155798 0.00160393 0.00163719 0.00165532 
4.09 2.34267e-05 9.25293e-07 5.60902e-15 5.60902e-15 5.60902e-15 5.60902e-15 5.60902e-15 5.60902e-15 5.60902e-15 5.60902e-15 
4.09 1.01575e-10 9.48288e-11 8.99951e-11 8.64166e-11 8.3716e-11 8.16632e-11 8.0117e-11 7.89902e-11 7.8237e-11 7.78468e-11 
4.10 0.000511979 0.000592865 0.000669108 0.000740069 0.000804982 0.000862916 0.000912742 0.000953077 0.000982218 0.000998077 
4.10 0.000928493 0.000916074 0.000903382 0.000890697 0.000878352 0.000866742 0.000856319 0.000847595 0.000841139 0.000837575 
4.10 0.000908316 0.000892737 0.000877077 0.000861637 0.000846781 0.000832935 0.000820593 0.000810319 0.000802745 0.000798573 
4.10 1.04476e-05 1.20902e-05 1.36384e-05 1.50792e-05 1.63973e-05 1.75737e-05 1.85853e-05 1.94043e-05 1.9996e-05 2.03181e-05 
4.10 0.00132745 0.00121946 0.00111578 0.00101761 0.000926389 0.000843834 0.000771994 0.00071329 0.000670582 0.000647244 
4.10 0.00110823 0.00119809 0.00128324 0.00136288 0.00143608 0.00150168 0.00155831 0.00160428 0.00163756 0.0016557 
4.10 2.34267e-05 9.25293e-07 5.60902e-15 5.60902e-15 5.60902e-15 5.60902e-15 5.60902e-15 5.60902e-15 5.60902e-15 5.60902e-15 
4.10 1.01526e-10 9.47834e-11 8.99519e-11 8.63747e-11 8.36746e-11 8.16225e-11 8.00768e-11 7.89502e-11 7.81969e-11 7.78068e-11 
4.11 0.000512303 0.000593246 0.000669546 0.000740565 0.000805534 0.000863521 0.000913394 0.000953768 0.000982939 0.000998814 
4.11 0.000928868 0.000916514 0.000903888 0.000891269 0.000878989 0.00086744 0.000857072 0.000848393 0.000841971 0.000838426 
4.11 0.000908674 0.000893157 0.00087756 0.000862184 0.000847389 0.000833601 0.000821312 0.000811081 0.00080354 0.000799385 
4.11 1.04542e-05 1.20979e-05 1.36473e-05 1.50893e-05 1.64085e-05 1.7586e-05 1.85986e-05 1.94184e-05 2.00107e-05 2.03331e-05 
4.11 0.00132783 0.00121991 0.0011163 0.00101819 0.000927037 0.000844544 0.000772759 0.000714102 0.000671428 0.000648109 
4.11 0.0011084 0.00119828 0.00128346 0.00136314 0.00143636 0.00150199 0.00155864 0.00160463 0.00163793 0.00165608 
4.11 2.34267e-05 9.25293e-07 5.60902e-15 5.60902e-15 5.60902e-15 5.60902e-15 5.60902e-15 5.60902e-15 5.60902e-15 5.60902e-15 
4.11 1.01477e-10 9.47382e-11 8.9909e-11 8.63333e-11 8.36336e-11 8.15821e-11 8.00366e-11 7.89102e-11 7.81572e-11 7.77671e-11 
4.12 0.000512626 0.000593625 0.000669982 0.000741058 0.000806083 0.000864122 0.000914042 0.000954456 0.000983656 0.000999547 
4.12 0.000929241 0.000916951 0.000904392 0.000891839 0.000879623 0.000868134 0.000857821 0.000849187 0.000842799 0.000839272 
4.12 0.00090903 0.000893575 0.000878041 0.000862728 0.000847994 0.000834264 0.000822027 0.000811839 0.00080433 0.000800193 
4.12 1.04608e-05 1.21056e-05 1.36562e-05 1.50993e-05 1.64197e-05 1.75982e-05 1.86118e-05 1.94324e-05 2.00253e-05 2.0348e-05 
4.12 0.00132821 0.00122036 0.00111681 0.00101877 0.000927681 0.00084525 0.000773521 0.000714909 0.00067227 0.00064897 
4.12 0.00110857 0.00119847 0.00128368 0.00136339 0.00143664 0.0015023 0.00155897 0.00160498 0.0016383 0.00165645 
4.12 2.34267e-05 9.25293e-07 5.60902e-15 5.60902e-15 5.60902e-15 5.60902e-15 5.60902e-15 5.60902e-15 5.60902e-15 5.60902e-15 
4.12 1.01429e-10 9.46928e-11 8.98658e-11 8.62915e-11 8.35928e-11 8.1542e-11 7.99967e-11 7.88705e-11 7.81177e-11 7.77278e-11 
4.13 0.000512947 0.000594001 0.000670416 0.000741549 0.000806629 0.000864719 0.000914687 0.000955139 0.000984369 0.00100028 
4.13 0.000929612 0.000917386 0.000904893 0.000892406 0.000880254 0.000868825 0.000858566 0.000849977 0.000843622 0.000840114 
4.13 0.000909384 0.000893991 0.000878519 0.000863269 0.000848596 0.000834924 0.000822738 0.000812594 0.000805116 0.000800997 
4.13 1.04673e-05 1.21133e-05 1.3665e-05 1.51093e-05 1.64308e-05 1.76104e-05 1.86249e-05 1.94463e-05 2.00398e-05 2.03628e-05 
4.13 0.00132859 0.0012208 0.00111732 0.00101935 0.000928322 0.000845953 0.000774278 0.000715713 0.000673108 0.000649826 
4.13 0.00110873 0.00119866 0.0012839 0.00136364 0.00143692 0.00150261 0.0015593 0.00160533 0.00163866 0.00165682 
4.13 2.34267e-05 9.25293e-07 5.60902e-15 5.60902e-15 5.60902e-15 5.60902e-15 5.60902e-15 5.60902e-15 5.60902e-15 5.60902e-15 
4.13 1.0138e-10 9.46479e-11 8.9823e-11 8.62502e-11 8.35524e-11 8.15023e-11 7.99572e-11 7.88311e-11 7.80786e-11 7.76884e-11 
4.14 0.000513266 0.000594376 0.000670847 0.000742037 0.000807172 0.000865314 0.000915329 0.00095582 0.000985079 0.001001 
4.14 0.000929981 0.000917819 0.000905391 0.00089297 0.000880881 0.000869512 0.000859307 0.000850763 0.000844441 0.000840952 
4.14 0.000909736 0.000894404 0.000878995 0.000863807 0.000849195 0.00083558 0.000823445 0.000813344 0.000805898 0.000801797 
4.14 1.04738e-05 1.21209e-05 1.36738e-05 1.51193e-05 1.64419e-05 1.76225e-05 1.8638e-05 1.94601e-05 2.00542e-05 2.03776e-05 
4.14 0.00132897 0.00122124 0.00111783 0.00101992 0.00092896 0.000846652 0.000775032 0.000716512 0.000673941 0.000650678 
4.14 0.00110889 0.00119886 0.00128412 0.00136389 0.0014372 0.00150291 0.00155963 0.00160568 0.00163902 0.00165719 
4.14 2.34267e-05 9.25293e-07 5.60902e-15 5.60902e-15 5.60902e-15 5.60902e-15 5.60902e-15 5.60902e-15 5.60902e-15 5.60902e-15 
4.14 1.01332e-10 9.46036e-11 8.97806e-11 8.62092e-11 8.35124e-11 8.14629e-11 7.9918e-11 7.87921e-11 7.80394e-11 7.76491e-11 
4.15 0.000513584 0.000594749 0.000671276 0.000742523 0.000807712 0.000865906 0.000915966 0.000956497 0.000985784 0.00100172 
4.15 0.000930348 0.00091825 0.000905887 0.00089353 0.000881505 0.000870196 0.000860044 0.000851545 0.000845256 0.000841785 
4.15 0.000910086 0.000894815 0.000879468 0.000864342 0.000849791 0.000836233 0.000824149 0.00081409 0.000806676 0.000802592 
4.15 1.04803e-05 1.21285e-05 1.36825e-05 1.51292e-05 1.64529e-05 1.76345e-05 1.8651e-05 1.94739e-05 2.00686e-05 2.03923e-05 
4.15 0.00132934 0.00122168 0.00111833 0.00102049 0.000929594 0.000847347 0.000775782 0.000717307 0.00067477 0.000651525 
4.15 0.00110905 0.00119905 0.00128434 0.00136414 0.00143748 0.00150321 0.00155996 0.00160603 0.00163938 0.00165756 
4.15 2.34267e-05 9.25293e-07 5.60902e-15 5.60902e-15 5.60902e-15 5.60902e-15 5.60902e-15 5.60902e-15 5.60902e-15 5.60902e-15 
4.15 1.01284e-10 9.45592e-11 8.97385e-11 8.61685e-11 8.34727e-11 8.14235e-11 7.98791e-11 7.87533e-11 7.80006e-11 7.76107e-11 
4.16 0.0005139 0.00059512 0.000671703 0.000743005 0.000808249 0.000866495 0.000916601 0.00095717 0.000986486 0.00100244 
4.16 0.000930713 0.000918679 0.00090638 0.000894088 0.000882126 0.000870876 0.000860777 0.000852323 0.000846067 0.000842614 
4.16 0.000910434 0.000895224 0.000879939 0.000864875 0.000850384 0.000836882 0.000824849 0.000814833 0.00080745 0.000803383 
4.16 1.04867e-05 1.2136e-05 1.36912e-05 1.5139e-05 1.64638e-05 1.76465e-05 1.86639e-05 1.94876e-05 2.00829e-05 2.04069e-05 
4.16 0.00132971 0.00122212 0.00111883 0.00102106 0.000930225 0.000848038 0.000776527 0.000718098 0.000675594 0.000652368 
4.16 0.00110921 0.00119924 0.00128456 0.00136439 0.00143775 0.00150351 0.00156028 0.00160637 0.00163974 0.00165793 
4.16 2.34267e-05 9.25293e-07 5.60902e-15 5.60902e-15 5.60902e-15 5.60902e-15 5.60902e-15 5.60902e-15 5.60902e-15 5.60902e-15 
4.16 1.01236e-10 9.45151e-11 8.96968e-11 8.61282e-11 8.34333e-11 8.13844e-11 7.98405e-11 7.8715e-11 7.79623e-11 7.75725e-11 
4.17 0.000514214 0.000595489 0.000672128 0.000743485 0.000808784 0.000867081 0.000917233 0.00095784 0.000987183 0.00100315 
4.17 0.000931076 0.000919105 0.000906871 0.000894643 0.000882744 0.000871553 0.000861506 0.000853097 0.000846874 0.000843438 
4.17 0.000910781 0.000895631 0.000880407 0.000865405 0.000850974 0.000837528 0.000825545 0.000815572 0.00080822 0.00080417 
4.17 1.04931e-05 1.21435e-05 1.36998e-05 1.51488e-05 1.64747e-05 1.76584e-05 1.86767e-05 1.95012e-05 2.00971e-05 2.04214e-05 
4.17 0.00133008 0.00122255 0.00111933 0.00102162 0.000930853 0.000848726 0.000777269 0.000718885 0.000676414 0.000653207 
4.17 0.00110937 0.00119943 0.00128478 0.00136463 0.00143802 0.00150381 0.0015606 0.00160671 0.0016401 0.00165829 
4.17 2.34267e-05 9.25293e-07 5.60902e-15 5.60902e-15 5.60902e-15 5.60902e-15 5.60902e-15 5.60902e-15 5.60902e-15 5.60902e-15 
4.17 1.01189e-10 9.44715e-11 8.96554e-11 8.60882e-11 8.33938e-11 8.13455e-11 7.98018e-11 7.86765e-11 7.79241e-11 7.75343e-11 
4.18 0.000514527 0.000595856 0.00067255 0.000743963 0.000809316 0.000867664 0.000917861 0.000958506 0.000987877 0.00100386 
4.18 0.000931437 0.000919529 0.000907359 0.000895195 0.000883358 0.000872226 0.000862232 0.000853867 0.000847676 0.000844258 
4.18 0.000911126 0.000896036 0.000880873 0.000865932 0.00085156 0.00083817 0.000826238 0.000816307 0.000808986 0.000804953 
4.18 1.04995e-05 1.2151e-05 1.37084e-05 1.51585e-05 1.64855e-05 1.76703e-05 1.86895e-05 1.95148e-05 2.01112e-05 2.04358e-05 
4.18 0.00133045 0.00122298 0.00111983 0.00102218 0.000931477 0.00084941 0.000778007 0.000719668 0.00067723 0.000654041 
4.18 0.00110953 0.00119962 0.001285 0.00136487 0.00143829 0.00150411 0.00156092 0.00160705 0.00164045 0.00165865 
4.18 2.34267e-05 9.25293e-07 5.60902e-15 5.60902e-15 5.60902e-15 5.60902e-15 5.60902e-15 5.60902e-15 5.60902e-15 5.60902e-15 
4.18 1.01142e-10 9.44281e-11 8.96142e-11 8.60481e-11 8.33546e-11 8.1307e-11 7.97635e-11 7.86384e-11 7.78863e-11 7.74965e-11 
4.19 0.000514838 0.000596221 0.00067297 0.000744439 0.000809845 0.000868244 0.000918486 0.000959169 0.000988568 0.00100457 
4.19 0.000931796 0.000919951 0.000907844 0.000895744 0.000883969 0.000872895 0.000862954 0.000854632 0.000848474 0.000845074 
4.19 0.000911469 0.000896438 0.000881337 0.000866456 0.000852143 0.000838809 0.000826927 0.000817038 0.000809748 0.000805732 
4.19 1.05058e-05 1.21584e-05 1.37169e-05 1.51682e-05 1.64963e-05 1.76821e-05 1.87022e-05 1.95283e-05 2.01253e-05 2.04502e-05 
4.19 0.00133082 0.00122341 0.00112032 0.00102274 0.000932098 0.000850091 0.000778741 0.000720446 0.000678042 0.000654871 
4.19 0.00110969 0.00119981 0.00128521 0.00136511 0.00143856 0.00150441 0.00156124 0.00160739 0.0016408 0.00165901 
4.19 2.34267e-05 9.25293e-07 5.60902e-15 5.60902e-15 5.60902e-15 5.60902e-15 5.60902e-15 5.60902e-15 5.60902e-15 5.60902e-15 
4.19 1.01095e-10 9.43852e-11 8.95734e-11 8.60083e-11 8.33157e-11 8.12687e-11 7.97255e-11 7.86006e-11 7.78485e-11 7.74587e-11 
4.20 0.000515148 0.000596584 0.000673388 0.000744912 0.000810371 0.00086882 0.000919108 0.000959828 0.000989256 0.00100527 
4.20 0.000932153 0.00092037 0.000908327 0.00089629 0.000884577 0.000873561 0.000863672 0.000855394 0.000849268 0.000845886 
4.20 0.00091181 0.000896838 0.000881798 0.000866977 0.000852724 0.000839445 0.000827613 0.000817765 0.000810506 0.000806507 
4.20 1.05121e-05 1.21658e-05 1.37254e-05 1.51778e-05 1.6507e-05 1.76938e-05 1.87149e-05 1.95417e-05 2.01393e-05 2.04645e-05 
4.20 0.00133118 0.00122384 0.00112081 0.0010233 0.000932716 0.000850768 0.000779471 0.000721221 0.000678849 0.000655696 
4.20 0.00110985 0.00119999 0.00128542 0.00136535 0.00143883 0.0015047 0.00156156 0.00160773 0.00164115 0.00165937 
4.20 2.34267e-05 9.25293e-07 5.60902e-15 5.60902e-15 5.60902e-15 5.60902e-15 5.60902e-15 5.60902e-15 5.60902e-15 5.60902e-15 
4.20 1.01049e-10 9.43425e-11 8.95325e-11 8.59687e-11 8.32771e-11 8.12309e-11 7.96878e-11 7.85631e-11 7.78109e-11 7.74211e-11 
4.21 0.000515455 0.000596945 0.000673804 0.000745382 0.000810895 0.000869394 0.000919726 0.000960484 0.000989939 0.00100597 
4.21 0.000932508 0.000920787 0.000908807 0.000896833 0.000885182 0.000874223 0.000864386 0.000856152 0.000850058 0.000846693 
4.21 0.000912149 0.000897236 0.000882256 0.000867496 0.000853301 0.000840077 0.000828295 0.000818488 0.00081126 0.000807278 
4.21 1.05184e-05 1.21731e-05 1.37339e-05 1.51874e-05 1.65176e-05 1.77055e-05 1.87275e-05 1.95551e-05 2.01532e-05 2.04787e-05 
4.21 0.00133154 0.00122426 0.0011213 0.00102385 0.000933332 0.000851441 0.000780197 0.000721991 0.000679652 0.000656517 
4.21 0.00111001 0.00120017 0.00128563 0.00136559 0.0014391 0.00150499 0.00156188 0.00160806 0.0016415 0.00165973 
4.21 2.34267e-05 9.25293e-07 5.60902e-15 5.60902e-15 5.60902e-15 5.60902e-15 5.60902e-15 5.60902e-15 5.60902e-15 5.60902e-15 
4.21 1.01003e-10 9.42996e-11 8.94918e-11 8.59294e-11 8.32389e-11 8.11929e-11 7.96504e-11 7.8526e-11 7.77737e-11 7.73841e-11 
4.22 0.000515761 0.000597304 0.000674218 0.00074585 0.000811415 0.000869964 0.000920341 0.000961136 0.000990619 0.00100667 
4.22 0.000932862 0.000921202 0.000909285 0.000897374 0.000885783 0.000874882 0.000865096 0.000856905 0.000850843 0.000847496 
4.22 0.000912487 0.000897632 0.000882712 0.000868012 0.000853875 0.000840706 0.000828973 0.000819208 0.00081201 0.000808045 
4.22 1.05246e-05 1.21804e-05 1.37423e-05 1.51969e-05 1.65282e-05 1.77171e-05 1.874e-05 1.95684e-05 2.0167e-05 2.04929e-05 
4.22 0.0013319 0.00122468 0.00112179 0.0010244 0.000933944 0.000852111 0.000780919 0.000722757 0.000680451 0.000657334 
4.22 0.00111017 0.00120035 0.00128584 0.00136583 0.00143937 0.00150528 0.00156219 0.00160839 0.00164185 0.00166008 
4.22 2.34267e-05 9.25293e-07 5.60902e-15 5.60902e-15 5.60902e-15 5.60902e-15 5.60902e-15 5.60902e-15 5.60902e-15 5.60902e-15 
4.22 1.00958e-10 9.4257e-11 8.94514e-11 8.58906e-11 8.3201e-11 8.11553e-11 7.96133e-11 7.84888e-11 7.77368e-11 7.73473e-11 
4.23 0.000516066 0.000597661 0.00067463 0.000746316 0.000811933 0.000870531 0.000920953 0.000961785 0.000991296 0.00100736 
4.23 0.000933214 0.000921615 0.00090976 0.000897912 0.000886381 0.000875538 0.000865803 0.000857655 0.000851624 0.000848295 
4.23 0.000912823 0.000898026 0.000883166 0.000868525 0.000854446 0.000841332 0.000829648 0.000819924 0.000812756 0.000808808 
4.23 1.05308e-05 1.21877e-05 1.37507e-05 1.52064e-05 1.65388e-05 1.77286e-05 1.87525e-05 1.95816e-05 2.01808e-05 2.0507e-05 
4.23 0.00133226 0.0012251 0.00112227 0.00102495 0.000934553 0.000852778 0.000781638 0.000723519 0.000681246 0.000658146 
4.23 0.00111032 0.00120053 0.00128605 0.00136607 0.00143963 0.00150557 0.0015625 0.00160872 0.0016422 0.00166043 
4.23 2.34267e-05 9.25293e-07 5.60902e-15 5.60902e-15 5.60902e-15 5.60902e-15 5.60902e-15 5.60902e-15 5.60902e-15 5.60902e-15 
4.23 1.00913e-10 9.42149e-11 8.94114e-11 8.5852e-11 8.31633e-11 8.1118e-11 7.95762e-11 7.84518e-11 7.77001e-11 7.73101e-11 
4.24 0.000516369 0.000598017 0.000675038 0.000746778 0.000812448 0.000871096 0.000921562 0.000962431 0.000991969 0.00100805 
4.24 0.000933564 0.000922026 0.000910233 0.000898447 0.000886977 0.00087619 0.000866506 0.000858401 0.000852401 0.00084909 
4.24 0.000913157 0.000898418 0.000883617 0.000869036 0.000855014 0.000841955 0.000830319 0.000820636 0.000813498 0.000809567 
4.24 1.0537e-05 1.21949e-05 1.3759e-05 1.52158e-05 1.65493e-05 1.77401e-05 1.87649e-05 1.95947e-05 2.01945e-05 2.0521e-05 
4.24 0.00133262 0.00122552 0.00112275 0.00102549 0.000935159 0.000853441 0.000782353 0.000724278 0.000682036 0.000658954 
4.24 0.00111047 0.00120071 0.00128626 0.00136631 0.00143989 0.00150586 0.00156281 0.00160905 0.00164254 0.00166078 
4.24 2.34267e-05 9.25293e-07 5.60902e-15 5.60902e-15 5.60902e-15 5.60902e-15 5.60902e-15 5.60902e-15 5.60902e-15 5.60902e-15 
4.24 1.00867e-10 9.41729e-11 8.93717e-11 8.58137e-11 8.31256e-11 8.10809e-11 7.95394e-11 7.84152e-11 7.76637e-11 7.72737e-11 
4.25 0.00051667 0.000598371 0.000675445 0.000747239 0.000812961 0.000871657 0.000922167 0.000963073 0.000992639 0.00100873 
4.25 0.000933912 0.000922434 0.000910704 0.000898979 0.000887569 0.000876839 0.000867205 0.000859142 0.000853175 0.000849881 
4.25 0.000913489 0.000898808 0.000884066 0.000869544 0.00085558 0.000842574 0.000830987 0.000821344 0.000814236 0.000810322 
4.25 1.05431e-05 1.22021e-05 1.37673e-05 1.52252e-05 1.65597e-05 1.77515e-05 1.87772e-05 1.96078e-05 2.02081e-05 2.05349e-05 
4.25 0.00133297 0.00122594 0.00112323 0.00102603 0.000935761 0.000854101 0.000783064 0.000725032 0.000682822 0.000659758 
4.25 0.00111062 0.00120089 0.00128647 0.00136654 0.00144015 0.00150615 0.00156312 0.00160938 0.00164288 0.00166113 
4.25 2.34267e-05 9.25293e-07 5.60902e-15 5.60902e-15 5.60902e-15 5.60902e-15 5.60902e-15 5.60902e-15 5.60902e-15 5.60902e-15 
4.25 1.00822e-10 9.41312e-11 8.93324e-11 8.57757e-11 8.30882e-11 8.10442e-11 7.95028e-11 7.83789e-11 7.76274e-11 7.72373e-11 
4.26 0.00051697 0.000598723 0.00067585 0.000747697 0.000813471 0.000872216 0.000922769 0.000963712 0.000993305 0.00100941 
4.26 0.000934258 0.00092284 0.000911172 0.000899508 0.000888158 0.000877484 0.000867901 0.00085988 0.000853944 0.000850667 
4.26 0.000913819 0.000899196 0.000884513 0.000870049 0.000856142 0.00084319 0.000831651 0.000822048 0.00081497 0.000811073 
4.26 1.05492e-05 1.22093e-05 1.37755e-05 1.52345e-05 1.65701e-05 1.77629e-05 1.87894e-05 1.96208e-05 2.02217e-05 2.05487e-05 
4.26 0.00133332 0.00122635 0.00112371 0.00102657 0.00093636 0.000854757 0.000783771 0.000725782 0.000683604 0.000660558 
4.26 0.00111077 0.00120107 0.00128668 0.00136677 0.00144041 0.00150643 0.00156343 0.00160971 0.00164322 0.00166148 
4.26 2.34267e-05 9.25293e-07 5.60902e-15 5.60902e-15 5.60902e-15 5.60902e-15 5.60902e-15 5.60902e-15 5.60902e-15 5.60902e-15 
4.26 1.00777e-10 9.40899e-11 8.92932e-11 8.57376e-11 8.3051e-11 8.10077e-11 7.94666e-11 7.83429e-11 7.75913e-11 7.72017e-11 
4.27 0.000517268 0.000599073 0.000676253 0.000748153 0.000813978 0.000872772 0.000923368 0.000964348 0.000993967 0.00101009 
4.27 0.000934602 0.000923244 0.000911637 0.000900035 0.000888744 0.000878126 0.000868593 0.000860614 0.000854709 0.000851449 
4.27 0.000914148 0.000899582 0.000884957 0.000870552 0.000856702 0.000843803 0.000832312 0.000822749 0.000815701 0.00081182 
4.27 1.05553e-05 1.22164e-05 1.37837e-05 1.52438e-05 1.65804e-05 1.77742e-05 1.88016e-05 1.96337e-05 2.02352e-05 2.05625e-05 
4.27 0.00133367 0.00122676 0.00112418 0.00102711 0.000936956 0.00085541 0.000784475 0.000726529 0.000684382 0.000661354 
4.27 0.00111092 0.00120125 0.00128688 0.00136701 0.00144067 0.00150671 0.00156374 0.00161003 0.00164356 0.00166183 
4.27 2.34267e-05 9.25293e-07 5.60902e-15 5.60902e-15 5.60902e-15 5.60902e-15 5.60902e-15 5.60902e-15 5.60902e-15 5.60902e-15 
4.27 1.00732e-10 9.40489e-11 8.92545e-11 8.57003e-11 8.30142e-11 8.09712e-11 7.94307e-11 7.83072e-11 7.75556e-11 7.71661e-11 
4.28 0.000517565 0.000599421 0.000676654 0.000748606 0.000814483 0.000873325 0.000923964 0.00096498 0.000994626 0.00101076 
4.28 0.000934945 0.000923646 0.0009121 0.000900559 0.000889327 0.000878764 0.000869281 0.000861344 0.00085547 0.000852227 
4.28 0.000914475 0.000899966 0.000885399 0.000871052 0.000857259 0.000844413 0.000832969 0.000823446 0.000816428 0.000812563 
4.28 1.05613e-05 1.22235e-05 1.37919e-05 1.5253e-05 1.65907e-05 1.77855e-05 1.88137e-05 1.96466e-05 2.02486e-05 2.05762e-05 
4.28 0.00133402 0.00122717 0.00112465 0.00102764 0.000937549 0.000856059 0.000785175 0.000727272 0.000685156 0.000662145 
4.28 0.00111107 0.00120143 0.00128708 0.00136724 0.00144093 0.001507 0.00156404 0.00161035 0.0016439 0.00166217 
4.28 2.34267e-05 9.25293e-07 5.60902e-15 5.60902e-15 5.60902e-15 5.60902e-15 5.60902e-15 5.60902e-15 5.60902e-15 5.60902e-15 
4.28 1.00688e-10 9.40082e-11 8.92155e-11 8.56627e-11 8.29776e-11 8.09353e-11 7.93951e-11 7.82714e-11 7.75202e-11 7.71307e-11 
4.29 0.00051786 0.000599767 0.000677053 0.000749057 0.000814985 0.000873875 0.000924557 0.000965609 0.000995281 0.00101143 
4.29 0.000935286 0.000924046 0.00091256 0.00090108 0.000889907 0.000879399 0.000869966 0.00086207 0.000856227 0.000853001 
4.29 0.0009148 0.000900348 0.000885839 0.000871549 0.000857813 0.000845019 0.000833623 0.00082414 0.000817151 0.000813302 
4.29 1.05673e-05 1.22306e-05 1.38e-05 1.52622e-05 1.66009e-05 1.77967e-05 1.88258e-05 1.96594e-05 2.02619e-05 2.05898e-05 
4.29 0.00133437 0.00122758 0.00112512 0.00102817 0.000938139 0.000856705 0.000785872 0.00072801 0.000685926 0.000662932 
4.29 0.00111122 0.00120161 0.00128729 0.00136747 0.00144119 0.00150728 0.00156434 0.00161067 0.00164423 0.00166251 
4.29 2.34267e-05 9.25293e-07 5.60902e-15 5.60902e-15 5.60902e-15 5.60902e-15 5.60902e-15 5.60902e-15 5.60902e-15 5.60902e-15 
4.29 1.00644e-10 9.39678e-11 8.91768e-11 8.56255e-11 8.29413e-11 8.08994e-11 7.93593e-11 7.82359e-11 7.7485e-11 7.70955e-11 
4.30 0.000518154 0.000600111 0.00067745 0.000749506 0.000815484 0.000874422 0.000925147 0.000966234 0.000995933 0.0010121 
4.30 0.000935625 0.000924444 0.000913018 0.000901598 0.000890484 0.000880031 0.000870647 0.000862793 0.00085698 0.000853771 
4.30 0.000915124 0.000900728 0.000886276 0.000872044 0.000858363 0.000845622 0.000834273 0.00082483 0.00081787 0.000814037 
4.30 1.05733e-05 1.22376e-05 1.38081e-05 1.52713e-05 1.66111e-05 1.78078e-05 1.88378e-05 1.96721e-05 2.02752e-05 2.06034e-05 
4.30 0.00133471 0.00122798 0.00112559 0.0010287 0.000938725 0.000857348 0.000786565 0.000728745 0.000686692 0.000663715 
4.30 0.00111137 0.00120178 0.00128749 0.0013677 0.00144145 0.00150756 0.00156464 0.00161099 0.00164456 0.00166285 
4.30 2.34267e-05 9.25293e-07 5.60902e-15 5.60902e-15 5.60902e-15 5.60902e-15 5.60902e-15 5.60902e-15 5.60902e-15 5.60902e-15 
4.30 1.00601e-10 9.39279e-11 8.9139e-11 8.55886e-11 8.29053e-11 8.08637e-11 7.93239e-11 7.82007e-11 7.74498e-11 7.70604e-11 
4.31 0.000518445 0.000600454 0.000677845 0.000749952 0.000815981 0.000874966 0.000925734 0.000966856 0.000996582 0.00101276 
4.31 0.000935962 0.00092484 0.000913474 0.000902113 0.000891058 0.00088066 0.000871325 0.000863512 0.000857729 0.000854537 
4.31 0.000915446 0.000901106 0.000886711 0.000872536 0.000858911 0.000846222 0.00083492 0.000825516 0.000818585 0.000814768 
4.31 1.05792e-05 1.22446e-05 1.38161e-05 1.52804e-05 1.66212e-05 1.78189e-05 1.88497e-05 1.96848e-05 2.02884e-05 2.06169e-05 
4.31 0.00133505 0.00122838 0.00112605 0.00102922 0.000939309 0.000857987 0.000787254 0.000729476 0.000687454 0.000664494 
4.31 0.00111152 0.00120195 0.00128769 0.00136793 0.0014417 0.00150784 0.00156494 0.00161131 0.00164489 0.00166319 
4.31 2.34267e-05 9.25293e-07 5.60902e-15 5.60902e-15 5.60902e-15 5.60902e-15 5.60902e-15 5.60902e-15 5.60902e-15 5.60902e-15 
4.31 1.00558e-10 9.38877e-11 8.91008e-11 8.55519e-11 8.28697e-11 8.08284e-11 7.92888e-11 7.81658e-11 7.74148e-11 7.70254e-11 
4.32 0.000518736 0.000600795 0.000678237 0.000750396 0.000816475 0.000875507 0.000926318 0.000967475 0.000997227 0.00101342 
4.32 0.000936297 0.000925234 0.000913927 0.000902626 0.000891629 0.000881285 0.000871999 0.000864227 0.000858474 0.000855299 
4.32 0.000915766 0.000901482 0.000887144 0.000873026 0.000859456 0.000846819 0.000835564 0.000826199 0.000819297 0.000815496 
4.32 1.05851e-05 1.22515e-05 1.38241e-05 1.52894e-05 1.66312e-05 1.78299e-05 1.88616e-05 1.96974e-05 2.03015e-05 2.06303e-05 
4.32 0.00133539 0.00122878 0.00112651 0.00102974 0.000939889 0.000858623 0.000787939 0.000730203 0.000688212 0.000665269 
4.32 0.00111167 0.00120213 0.00128789 0.00136816 0.00144195 0.00150812 0.00156524 0.00161163 0.00164522 0.00166353 
4.32 2.34267e-05 9.25293e-07 5.60902e-15 5.60902e-15 5.60902e-15 5.60902e-15 5.60902e-15 5.60902e-15 5.60902e-15 5.60902e-15 
4.32 1.00515e-10 9.38477e-11 8.90631e-11 8.55156e-11 8.28339e-11 8.07933e-11 7.92539e-11 7.81312e-11 7.73802e-11 7.69911e-11 
4.33 0.000519024 0.000601134 0.000678627 0.000750838 0.000816967 0.000876045 0.000926898 0.000968091 0.000997869 0.00101408 
4.33 0.000936631 0.000925626 0.000914378 0.000903136 0.000892197 0.000881907 0.00087267 0.000864938 0.000859216 0.000856057 
4.33 0.000916085 0.000901856 0.000887575 0.000873513 0.000859998 0.000847413 0.000836204 0.000826878 0.000820005 0.00081622 
4.33 1.0591e-05 1.22584e-05 1.3832e-05 1.52984e-05 1.66412e-05 1.78408e-05 1.88734e-05 1.97099e-05 2.03146e-05 2.06437e-05 
4.33 0.00133573 0.00122918 0.00112697 0.00103026 0.000940466 0.000859255 0.000788621 0.000730926 0.000688966 0.00066604 
4.33 0.00111182 0.0012023 0.00128809 0.00136838 0.0014422 0.00150839 0.00156554 0.00161194 0.00164555 0.00166387 
4.33 2.34267e-05 9.25293e-07 5.60902e-15 5.60902e-15 5.60902e-15 5.60902e-15 5.60902e-15 5.60902e-15 5.60902e-15 5.60902e-15 
4.33 1.00472e-10 9.38086e-11 8.90256e-11 8.54795e-11 8.27984e-11 8.07585e-11 7.92194e-11 7.80969e-11 7.73459e-11 7.69569e-11 
4.34 0.000519312 0.000601471 0.000679015 0.000751277 0.000817456 0.000876581 0.000927476 0.000968704 0.000998508 0.00101473 
4.34 0.000936963 0.000926016 0.000914827 0.000903644 0.000892762 0.000882526 0.000873337 0.000865646 0.000859954 0.000856811 
4.34 0.000916402 0.000902228 0.000888003 0.000873998 0.000860537 0.000848004 0.000836841 0.000827553 0.000820709 0.00081694 
4.34 1.05969e-05 1.22653e-05 1.38399e-05 1.53073e-05 1.66511e-05 1.78517e-05 1.88852e-05 1.97224e-05 2.03276e-05 2.0657e-05 
4.34 0.00133607 0.00122958 0.00112743 0.00103078 0.00094104 0.000859884 0.000789299 0.000731646 0.000689716 0.000666807 
4.34 0.00111197 0.00120247 0.00128829 0.0013686 0.00144245 0.00150866 0.00156583 0.00161225 0.00164588 0.0016642 
4.34 2.34267e-05 9.25293e-07 5.60902e-15 5.60902e-15 5.60902e-15 5.60902e-15 5.60902e-15 5.60902e-15 5.60902e-15 5.60902e-15 
4.34 1.0043e-10 9.37693e-11 8.89884e-11 8.54432e-11 8.27631e-11 8.07236e-11 7.91851e-11 7.80625e-11 7.73118e-11 7.69227e-11 
4.35 0.000519597 0.000601806 0.000679401 0.000751714 0.000817942 0.000877114 0.00092805 0.000969313 0.000999143 0.00101538 
4.35 0.000937293 0.000926404 0.000915273 0.000904149 0.000893324 0.000883142 0.000874001 0.00086635 0.000860688 0.000857561 
4.35 0.000916717 0.000902598 0.000888429 0.00087448 0.000861073 0.000848592 0.000837475 0.000828225 0.000821409 0.000817656 
4.35 1.06027e-05 1.22721e-05 1.38478e-05 1.53162e-05 1.6661e-05 1.78625e-05 1.88969e-05 1.97348e-05 2.03405e-05 2.06702e-05 
4.35 0.00133641 0.00122997 0.00112788 0.00103129 0.000941612 0.00086051 0.000789974 0.000732362 0.000690462 0.00066757 
4.35 0.00111212 0.00120264 0.00128849 0.00136882 0.0014427 0.00150893 0.00156612 0.00161256 0.0016462 0.00166453 
4.35 2.34267e-05 9.25293e-07 5.60902e-15 5.60902e-15 5.60902e-15 5.60902e-15 5.60902e-15 5.60902e-15 5.60902e-15 5.60902e-15 
4.35 1.00388e-10 9.37303e-11 8.89515e-11 8.54073e-11 8.27281e-11 8.06889e-11 7.91507e-11 7.80284e-11 7.7278e-11 7.68889e-11 
4.36 0.000519882 0.00060214 0.000679785 0.000752149 0.000818426 0.000877644 0.000928622 0.000969919 0.000999775 0.00101603 
4.36 0.000937622 0.000926789 0.000915717 0.000904651 0.000893883 0.000883754 0.000874661 0.00086705 0.000861418 0.000858307 
4.36 0.000917031 0.000902966 0.000888853 0.000874959 0.000861607 0.000849176 0.000838105 0.000828894 0.000822106 0.000818368 
4.36 1.06085e-05 1.22789e-05 1.38556e-05 1.5325e-05 1.66708e-05 1.78733e-05 1.89085e-05 1.97471e-05 2.03534e-05 2.06833e-05 
4.36 0.00133674 0.00123036 0.00112833 0.0010318 0.00094218 0.000861133 0.000790645 0.000733074 0.000691204 0.000668329 
4.36 0.00111226 0.00120281 0.00128868 0.00136904 0.00144295 0.0015092 0.00156641 0.00161287 0.00164652 0.00166486 
4.36 2.34267e-05 9.25293e-07 5.60902e-15 5.60902e-15 5.60902e-15 5.60902e-15 5.60902e-15 5.60902e-15 5.60902e-15 5.60902e-15 
4.36 1.00347e-10 9.36917e-11 8.89149e-11 8.53717e-11 8.26934e-11 8.06546e-11 7.91166e-11 7.79945e-11 7.72441e-11 7.68551e-11 
4.37 0.000520164 0.000602472 0.000680168 0.000752582 0.000818907 0.000878171 0.00092919 0.000970522 0.0010004 0.00101667 
4.37 0.000937949 0.000927173 0.000916159 0.000905151 0.000894439 0.000884363 0.000875318 0.000867747 0.000862144 0.00085905 
4.37 0.000917343 0.000903332 0.000889274 0.000875436 0.000862138 0.000849757 0.000838732 0.000829559 0.000822799 0.000819077 
4.37 1.06143e-05 1.22857e-05 1.38634e-05 1.53338e-05 1.66806e-05 1.7884e-05 1.89201e-05 1.97594e-05 2.03662e-05 2.06964e-05 
4.37 0.00133707 0.00123075 0.00112878 0.00103231 0.000942745 0.000861752 0.000791313 0.000733782 0.000691942 0.000669084 
4.37 0.0011124 0.00120298 0.00128887 0.00136926 0.00144319 0.00150947 0.0015667 0.00161318 0.00164684 0.00166519 
4.37 2.34267e-05 9.25293e-07 5.60902e-15 5.60902e-15 5.60902e-15 5.60902e-15 5.60902e-15 5.60902e-15 5.60902e-15 5.60902e-15 
4.37 1.00305e-10 9.36531e-11 8.88781e-11 8.53363e-11 8.26589e-11 8.06205e-11 7.90827e-11 7.79609e-11 7.72105e-11 7.68214e-11 
4.38 0.000520446 0.000602802 0.000680548 0.000753011 0.000819386 0.000878695 0.000929756 0.000971122 0.00100103 0.00101731 
4.38 0.000938274 0.000927554 0.000916598 0.000905648 0.000894992 0.000884969 0.000875971 0.00086844 0.000862866 0.000859789 
4.38 0.000917653 0.000903696 0.000889693 0.00087591 0.000862666 0.000850336 0.000839356 0.00083022 0.000823489 0.000819782 
4.38 1.062e-05 1.22924e-05 1.38711e-05 1.53426e-05 1.66903e-05 1.78947e-05 1.89316e-05 1.97716e-05 2.03789e-05 2.07094e-05 
4.38 0.0013374 0.00123114 0.00112923 0.00103282 0.000943308 0.000862368 0.000791977 0.000734487 0.000692677 0.000669835 
4.38 0.00111254 0.00120315 0.00128906 0.00136948 0.00144343 0.00150974 0.00156699 0.00161349 0.00164716 0.00166552 
4.38 2.34267e-05 9.25293e-07 5.60902e-15 5.60902e-15 5.60902e-15 5.60902e-15 5.60902e-15 5.60902e-15 5.60902e-15 5.60902e-15 
4.38 1.00263e-10 9.36148e-11 8.88416e-11 8.53011e-11 8.26244e-11 8.05867e-11 7.90492e-11 7.79277e-11 7.71775e-11 7.67885e-11 
4.39 0.000520726 0.000603131 0.000680926 0.000753439 0.000819862 0.000879217 0.000930318 0.000971719 0.00100165 0.00101795 
4.39 0.000938597 0.000927934 0.000917035 0.000906142 0.000895542 0.000885572 0.000876621 0.000869129 0.000863585 0.000860524 
4.39 0.000917962 0.000904058 0.00089011 0.000876382 0.000863191 0.000850911 0.000839976 0.000830878 0.000824175 0.000820483 
4.39 1.06257e-05 1.22991e-05 1.38788e-05 1.53513e-05 1.67e-05 1.79053e-05 1.8943e-05 1.97837e-05 2.03915e-05 2.07224e-05 
4.39 0.00133773 0.00123153 0.00112967 0.00103332 0.000943868 0.000862981 0.000792638 0.000735188 0.000693408 0.000670582 
4.39 0.00111268 0.00120332 0.00128925 0.0013697 0.00144367 0.00151001 0.00156728 0.00161379 0.00164748 0.00166584 
4.39 2.34267e-05 9.25293e-07 5.60902e-15 5.60902e-15 5.60902e-15 5.60902e-15 5.60902e-15 5.60902e-15 5.60902e-15 5.60902e-15 
4.39 1.00222e-10 9.35769e-11 8.88054e-11 8.52662e-11 8.25902e-11 8.05532e-11 7.9016e-11 7.78946e-11 7.71442e-11 7.67555e-11 
4.40 0.000521005 0.000603458 0.000681302 0.000753865 0.000820336 0.000879736 0.000930878 0.000972313 0.00100227 0.00101858 
4.40 0.000938919 0.000928311 0.00091747 0.000906634 0.000896089 0.000886171 0.000877267 0.000869815 0.0008643 0.000861255 
4.40 0.000918269 0.000904419 0.000890525 0.000876851 0.000863713 0.000851483 0.000840593 0.000831533 0.000824857 0.000821181 
4.40 1.06314e-05 1.23057e-05 1.38865e-05 1.536e-05 1.67097e-05 1.79159e-05 1.89544e-05 1.97958e-05 2.04041e-05 2.07353e-05 
4.40 0.00133806 0.00123191 0.00113011 0.00103382 0.000944425 0.000863591 0.000793296 0.000735885 0.000694135 0.000671325 
4.40 0.00111282 0.00120349 0.00128945 0.00136992 0.00144391 0.00151027 0.00156757 0.00161409 0.0016478 0.00166616 
4.40 2.34267e-05 9.25293e-07 5.60902e-15 5.60902e-15 5.60902e-15 5.60902e-15 5.60902e-15 5.60902e-15 5.60902e-15 5.60902e-15 
4.40 1.00181e-10 9.35393e-11 8.87698e-11 8.52317e-11 8.25562e-11 8.05199e-11 7.8983e-11 7.78616e-11 7.71115e-11 7.67223e-11 
4.41 0.000521281 0.000603783 0.000681677 0.000754289 0.000820807 0.000880252 0.000931435 0.000972904 0.00100289 0.00101921 
4.41 0.000939239 0.000928687 0.000917902 0.000907123 0.000896633 0.000886767 0.00087791 0.000870497 0.000865011 0.000861982 
4.41 0.000918575 0.000904778 0.000890938 0.000877318 0.000864233 0.000852052 0.000841207 0.000832184 0.000825536 0.000821875 
4.41 1.0637e-05 1.23123e-05 1.38941e-05 1.53686e-05 1.67193e-05 1.79264e-05 1.89657e-05 1.98078e-05 2.04166e-05 2.07481e-05 
4.41 0.00133839 0.00123229 0.00113055 0.00103432 0.000944979 0.000864198 0.00079395 0.000736579 0.000694858 0.000672064 
4.41 0.00111297 0.00120366 0.00128964 0.00137014 0.00144415 0.00151053 0.00156785 0.00161439 0.00164811 0.00166648 
4.41 2.34267e-05 9.25293e-07 5.60902e-15 5.60902e-15 5.60902e-15 5.60902e-15 5.60902e-15 5.60902e-15 5.60902e-15 5.60902e-15 
4.41 1.00141e-10 9.35021e-11 8.87342e-11 8.51974e-11 8.25224e-11 8.04865e-11 7.89501e-11 7.78287e-11 7.70789e-11 7.66898e-11 
4.42 0.000521557 0.000604106 0.000682049 0.00075471 0.000821276 0.000880766 0.000931989 0.000973492 0.0010035 0.00101984 
4.42 0.000939557 0.000929061 0.000918332 0.000907609 0.000897175 0.00088736 0.00087855 0.000871175 0.000865718 0.000862705 
4.42 0.000918879 0.000905135 0.000891349 0.000877783 0.00086475 0.000852619 0.000841817 0.000832832 0.000826211 0.000822565 
4.42 1.06426e-05 1.23189e-05 1.39017e-05 1.53772e-05 1.67288e-05 1.79369e-05 1.8977e-05 1.98197e-05 2.04291e-05 2.07608e-05 
4.42 0.00133871 0.00123267 0.00113099 0.00103481 0.00094553 0.000864801 0.000794601 0.000737269 0.000695577 0.000672799 
4.42 0.00111311 0.00120382 0.00128983 0.00137035 0.00144439 0.00151079 0.00156813 0.00161469 0.00164842 0.0016668 
4.42 2.34267e-05 9.25293e-07 5.60902e-15 5.60902e-15 5.60902e-15 5.60902e-15 5.60902e-15 5.60902e-15 5.60902e-15 5.60902e-15 
4.42 1.00101e-10 9.3465e-11 8.86988e-11 8.51634e-11 8.2489e-11 8.04534e-11 7.89172e-11 7.7796e-11 7.70461e-11 7.66572e-11 
4.43 0.000521831 0.000604428 0.000682419 0.000755128 0.000821742 0.000881277 0.00093254 0.000974076 0.00100411 0.00102046 
4.43 0.000939874 0.000929432 0.00091876 0.000908093 0.000897713 0.00088795 0.000879186 0.00087185 0.000866421 0.000863424 
4.43 0.000919181 0.00090549 0.000891758 0.000878245 0.000865264 0.000853182 0.000842425 0.000833476 0.000826883 0.000823252 
4.43 1.06482e-05 1.23255e-05 1.39092e-05 1.53857e-05 1.67383e-05 1.79473e-05 1.89882e-05 1.98316e-05 2.04415e-05 2.07735e-05 
4.43 0.00133903 0.00123305 0.00113142 0.0010353 0.000946078 0.000865401 0.000795248 0.000737955 0.000696292 0.000673531 
4.43 0.00111325 0.00120398 0.00129002 0.00137056 0.00144463 0.00151105 0.00156841 0.00161499 0.00164873 0.00166712 
4.43 2.34267e-05 9.25293e-07 5.60902e-15 5.60902e-15 5.60902e-15 5.60902e-15 5.60902e-15 5.60902e-15 5.60902e-15 5.60902e-15 
4.43 1.00061e-10 9.34278e-11 8.86636e-11 8.51292e-11 8.24557e-11 8.04205e-11 7.88846e-11 7.77637e-11 7.70138e-11 7.66248e-11 
4.44 0.000522104 0.000604748 0.000682788 0.000755545 0.000822206 0.000881785 0.000933088 0.000974658 0.00100472 0.00102108 
4.44 0.000940189 0.000929802 0.000919186 0.000908575 0.000898249 0.000888537 0.000879819 0.000872521 0.000867121 0.00086414 
4.44 0.000919482 0.000905843 0.000892164 0.000878705 0.000865776 0.000853743 0.000843029 0.000834117 0.000827551 0.000823935 
4.44 1.06537e-05 1.2332e-05 1.39167e-05 1.53942e-05 1.67478e-05 1.79576e-05 1.89994e-05 1.98434e-05 2.04538e-05 2.07861e-05 
4.44 0.00133935 0.00123343 0.00113185 0.00103579 0.000946622 0.000865998 0.000795892 0.000738638 0.000697004 0.000674259 
4.44 0.00111339 0.00120414 0.00129021 0.00137077 0.00144487 0.00151131 0.00156869 0.00161529 0.00164904 0.00166744 
4.44 2.34267e-05 9.25293e-07 5.60902e-15 5.60902e-15 5.60902e-15 5.60902e-15 5.60902e-15 5.60902e-15 5.60902e-15 5.60902e-15 
4.44 1.00021e-10 9.33907e-11 8.86287e-11 8.50953e-11 8.24228e-11 8.03879e-11 7.88523e-11 7.77317e-11 7.69818e-11 7.65931e-11 
4.45 0.000522375 0.000605066 0.000683155 0.00075596 0.000822668 0.000882291 0.000933633 0.000975237 0.00100532 0.0010217 
4.45 0.000940502 0.00093017 0.000919609 0.000909054 0.000898782 0.000889121 0.000880449 0.000873189 0.000867817 0.000864852 
4.45 0.000919781 0.000906194 0.000892568 0.000879162 0.000866285 0.000854301 0.00084363 0.000834755 0.000828216 0.000824615 
4.45 1.06592e-05 1.23385e-05 1.39242e-05 1.54026e-05 1.67572e-05 1.79679e-05 1.90105e-05 1.98552e-05 2.04661e-05 2.07986e-05 
4.45 0.00133967 0.0012338 0.00113228 0.00103628 0.000947164 0.000866592 0.000796532 0.000739317 0.000697712 0.000674983 
4.45 0.00111353 0.0012043 0.0012904 0.00137098 0.00144511 0.00151157 0.00156897 0.00161559 0.00164935 0.00166775 
4.45 2.34267e-05 9.25293e-07 5.60902e-15 5.60902e-15 5.60902e-15 5.60902e-15 5.60902e-15 5.60902e-15 5.60902e-15 5.60902e-15 
4.45 9.99814e-11 9.3354e-11 8.8594e-11 8.50616e-11 8.23901e-11 8.03557e-11 7.88203e-11 7.76998e-11 7.69498e-11 7.65614e-11 
4.46 0.000522645 0.000605383 0.00068352 0.000756373 0.000823126 0.000882794 0.000934175 0.000975812 0.00100592 0.00102231 
4.46 0.000940814 0.000930536 0.00092003 0.00090953 0.000899312 0.000889702 0.000881075 0.000873853 0.00086851 0.00086556 
4.46 0.000920079 0.000906543 0.00089297 0.000879617 0.000866791 0.000854855 0.000844228 0.000835389 0.000828877 0.000825291 
4.46 1.06647e-05 1.23449e-05 1.39316e-05 1.5411e-05 1.67665e-05 1.79781e-05 1.90215e-05 1.98669e-05 2.04783e-05 2.08111e-05 
4.46 0.00133999 0.00123417 0.00113271 0.00103676 0.000947703 0.000867183 0.000797169 0.000739993 0.000698416 0.000675703 
4.46 0.00111367 0.00120446 0.00129058 0.00137119 0.00144534 0.00151183 0.00156925 0.00161588 0.00164966 0.00166806 
4.46 2.34267e-05 9.25293e-07 5.60902e-15 5.60902e-15 5.60902e-15 5.60902e-15 5.60902e-15 5.60902e-15 5.60902e-15 5.60902e-15 
4.46 9.99422e-11 9.33176e-11 8.85596e-11 8.50282e-11 8.23577e-11 8.03236e-11 7.87885e-11 7.76683e-11 7.69184e-11 7.65295e-11 
4.47 0.000522914 0.000605698 0.000683882 0.000756783 0.000823583 0.000883294 0.000934715 0.000976384 0.00100652 0.00102292 
4.47 0.000941124 0.0009309 0.000920449 0.000910004 0.00089984 0.00089028 0.000881698 0.000874514 0.000869199 0.000866264 
4.47 0.000920375 0.000906891 0.00089337 0.00088007 0.000867295 0.000855407 0.000844823 0.00083602 0.000829535 0.000825963 
4.47 1.06702e-05 1.23513e-05 1.3939e-05 1.54194e-05 1.67758e-05 1.79883e-05 1.90325e-05 1.98786e-05 2.04904e-05 2.08235e-05 
4.47 0.0013403 0.00123454 0.00113314 0.00103724 0.000948239 0.000867771 0.000797803 0.000740665 0.000699117 0.000676419 
4.47 0.00111381 0.00120462 0.00129076 0.0013714 0.00144557 0.00151209 0.00156953 0.00161617 0.00164996 0.00166837 
4.47 2.34267e-05 9.25293e-07 5.60902e-15 5.60902e-15 5.60902e-15 5.60902e-15 5.60902e-15 5.60902e-15 5.60902e-15 5.60902e-15 
4.47 9.99033e-11 9.32814e-11 8.8525e-11 8.4995e-11 8.23252e-11 8.02918e-11 7.8757e-11 7.76367e-11 7.68871e-11 7.64983e-11 
4.48 0.00052318 0.000606011 0.000684243 0.000757191 0.000824037 0.000883792 0.000935252 0.000976954 0.00100711 0.00102353 
4.48 0.000941433 0.000931262 0.000920866 0.000910476 0.000900365 0.000890855 0.000882318 0.000875172 0.000869884 0.000866965 
4.48 0.00092067 0.000907237 0.000893768 0.00088052 0.000867796 0.000855956 0.000845415 0.000836648 0.000830189 0.000826632 
4.48 1.06756e-05 1.23577e-05 1.39463e-05 1.54277e-05 1.67851e-05 1.79984e-05 1.90434e-05 1.98902e-05 2.05025e-05 2.08358e-05 
4.48 0.00134061 0.00123491 0.00113356 0.00103772 0.000948772 0.000868355 0.000798433 0.000741334 0.000699814 0.000677131 
4.48 0.00111395 0.00120478 0.00129095 0.00137161 0.0014458 0.00151234 0.0015698 0.00161646 0.00165026 0.00166868 
4.48 2.34267e-05 9.25293e-07 5.60902e-15 5.60902e-15 5.60902e-15 5.60902e-15 5.60902e-15 5.60902e-15 5.60902e-15 5.60902e-15 
4.48 9.98648e-11 9.32455e-11 8.84907e-11 8.49621e-11 8.22929e-11 8.02602e-11 7.87257e-11 7.76054e-11 7.68556e-11 7.6467e-11 
4.49 0.000523446 0.000606323 0.000684602 0.000757597 0.000824489 0.000884287 0.000935786 0.00097752 0.0010077 0.00102413 
4.49 0.00094174 0.000931622 0.000921281 0.000910945 0.000900887 0.000891427 0.000882934 0.000875826 0.000870566 0.000867662 
4.49 0.000920963 0.000907581 0.000894164 0.000880968 0.000868294 0.000856502 0.000846004 0.000837272 0.00083084 0.000827297 
4.49 1.0681e-05 1.2364e-05 1.39536e-05 1.5436e-05 1.67943e-05 1.80085e-05 1.90543e-05 1.99017e-05 2.05145e-05 2.08481e-05 
4.49 0.00134092 0.00123528 0.00113398 0.0010382 0.000949302 0.000868936 0.00079906 0.000741999 0.000700507 0.00067784 
4.49 0.00111408 0.00120494 0.00129113 0.00137182 0.00144603 0.00151259 0.00157007 0.00161675 0.00165056 0.00166899 
4.49 2.34267e-05 9.25293e-07 5.60902e-15 5.60902e-15 5.60902e-15 5.60902e-15 5.60902e-15 5.60902e-15 5.60902e-15 5.60902e-15 
4.49 9.98266e-11 9.321e-11 8.84571e-11 8.49295e-11 8.22608e-11 8.02285e-11 7.86943e-11 7.75742e-11 7.68246e-11 7.64359e-11 
4.50 0.00052371 0.000606633 0.000684959 0.000758001 0.000824939 0.000884779 0.000936317 0.000978083 0.00100829 0.00102473 
4.50 0.000942045 0.00093198 0.000921693 0.000911412 0.000901406 0.000891996 0.000883547 0.000876477 0.000871244 0.000868355 
4.50 0.000921254 0.000907923 0.000894558 0.000881413 0.00086879 0.000857045 0.000846589 0.000837893 0.000831487 0.000827959 
4.50 1.06864e-05 1.23703e-05 1.39609e-05 1.54442e-05 1.68034e-05 1.80185e-05 1.90651e-05 1.99132e-05 2.05264e-05 2.08603e-05 
4.50 0.00134123 0.00123564 0.0011344 0.00103867 0.00094983 0.000869514 0.000799683 0.00074266 0.000701197 0.000678545 
4.50 0.00111421 0.0012051 0.00129131 0.00137203 0.00144626 0.00151284 0.00157034 0.00161704 0.00165086 0.0016693 
4.50 2.34267e-05 9.25293e-07 5.60902e-15 5.60902e-15 5.60902e-15 5.60902e-15 5.60902e-15 5.60902e-15 5.60902e-15 5.60902e-15 
4.50 9.97878e-11 9.31745e-11 8.84234e-11 8.48971e-11 8.2229e-11 8.01971e-11 7.86631e-11 7.75433e-11 7.67939e-11 7.64054e-11 
4.51 0.000523973 0.000606942 0.000685314 0.000758403 0.000825386 0.000885269 0.000936845 0.000978644 0.00100887 0.00102533 
4.51 0.000942349 0.000932336 0.000922103 0.000911876 0.000901923 0.000892562 0.000884157 0.000877124 0.000871919 0.000869045 
4.51 0.000921544 0.000908263 0.00089495 0.000881856 0.000869283 0.000857585 0.000847171 0.000838511 0.000832131 0.000828618 
4.51 1.06917e-05 1.23766e-05 1.39681e-05 1.54524e-05 1.68125e-05 1.80285e-05 1.90758e-05 1.99246e-05 2.05383e-05 2.08725e-05 
4.51 0.00134154 0.001236 0.00113482 0.00103914 0.000950355 0.000870089 0.000800303 0.000743318 0.000701883 0.000679246 
4.51 0.00111434 0.00120526 0.00129149 0.00137223 0.00144649 0.00151309 0.00157061 0.00161733 0.00165116 0.0016696 
4.51 2.34267e-05 9.25293e-07 5.60902e-15 5.60902e-15 5.60902e-15 5.60902e-15 5.60902e-15 5.60902e-15 5.60902e-15 5.60902e-15 
4.51 9.97495e-11 9.31394e-11 8.83899e-11 8.48649e-11 8.21974e-11 8.01659e-11 7.86322e-11 7.75127e-11 7.67631e-11 7.6375e-11 
4.52 0.000524235 0.000607249 0.000685667 0.000758803 0.000825831 0.000885756 0.00093737 0.000979201 0.00100945 0.00102592 
4.52 0.000942651 0.000932691 0.000922511 0.000912338 0.000902437 0.000893125 0.000884764 0.000877768 0.00087259 0.000869731 
4.52 0.000921832 0.000908601 0.00089534 0.000882297 0.000869774 0.000858122 0.000847751 0.000839126 0.000832772 0.000829273 
4.52 1.0697e-05 1.23828e-05 1.39753e-05 1.54605e-05 1.68216e-05 1.80384e-05 1.90865e-05 1.99359e-05 2.05501e-05 2.08846e-05 
4.52 0.00134185 0.00123636 0.00113523 0.00103961 0.000950877 0.000870661 0.00080092 0.000743973 0.000702565 0.000679944 
4.52 0.00111448 0.00120542 0.00129167 0.00137243 0.00144672 0.00151334 0.00157088 0.00161761 0.00165146 0.0016699 
4.52 2.34267e-05 9.25293e-07 5.60902e-15 5.60902e-15 5.60902e-15 5.60902e-15 5.60902e-15 5.60902e-15 5.60902e-15 5.60902e-15 
4.52 9.97114e-11 9.31044e-11 8.83566e-11 8.48326e-11 8.21661e-11 8.0135e-11 7.86016e-11 7.74824e-11 7.6733e-11 7.63443e-11 
4.53 0.000524495 0.000607554 0.000686019 0.000759201 0.000826274 0.000886241 0.000937893 0.000979755 0.00101003 0.00102651 
4.53 0.000942951 0.000933044 0.000922917 0.000912797 0.000902948 0.000893685 0.000885368 0.000878408 0.000873257 0.000870414 
4.53 0.000922119 0.000908938 0.000895727 0.000882736 0.000870262 0.000858657 0.000848327 0.000839737 0.000833409 0.000829925 
4.53 1.07023e-05 1.2389e-05 1.39825e-05 1.54686e-05 1.68306e-05 1.80483e-05 1.90971e-05 1.99472e-05 2.05619e-05 2.08966e-05 
4.53 0.00134216 0.00123672 0.00113564 0.00104008 0.000951396 0.00087123 0.000801534 0.000744624 0.000703244 0.000680638 
4.53 0.00111461 0.00120558 0.00129185 0.00137264 0.00144695 0.00151359 0.00157115 0.00161789 0.00165175 0.0016702 
4.53 2.34267e-05 9.25293e-07 5.60902e-15 5.60902e-15 5.60902e-15 5.60902e-15 5.60902e-15 5.60902e-15 5.60902e-15 5.60902e-15 
4.53 9.96742e-11 9.30699e-11 8.83236e-11 8.48005e-11 8.2135e-11 8.01043e-11 7.85712e-11 7.7452e-11 7.6703e-11 7.63143e-11 
4.54 0.000524754 0.000607858 0.000686369 0.000759597 0.000826714 0.000886723 0.000938413 0.000980307 0.0010106 0.0010271 
4.54 0.00094325 0.000933395 0.000923321 0.000913254 0.000903456 0.000894242 0.000885969 0.000879045 0.000873921 0.000871093 
4.54 0.000922404 0.000909273 0.000896113 0.000883172 0.000870747 0.000859189 0.0008489 0.000840345 0.000834043 0.000830573 
4.54 1.07076e-05 1.23952e-05 1.39896e-05 1.54766e-05 1.68396e-05 1.80581e-05 1.91077e-05 1.99584e-05 2.05736e-05 2.09086e-05 
4.54 0.00134246 0.00123708 0.00113605 0.00104054 0.000951913 0.000871796 0.000802145 0.000745272 0.000703919 0.000681328 
4.54 0.00111474 0.00120573 0.00129203 0.00137284 0.00144717 0.00151384 0.00157141 0.00161817 0.00165204 0.0016705 
4.54 2.34267e-05 9.25293e-07 5.60902e-15 5.60902e-15 5.60902e-15 5.60902e-15 5.60902e-15 5.60902e-15 5.60902e-15 5.60902e-15 
4.54 9.96367e-11 9.30356e-11 8.82909e-11 8.47692e-11 8.21042e-11 8.00739e-11 7.85411e-11 7.74218e-11 7.66727e-11 7.62843e-11 
4.55 0.000525011 0.00060816 0.000686717 0.00075999 0.000827152 0.000887203 0.00093893 0.000980855 0.00101117 0.00102768 
4.55 0.000943547 0.000933744 0.000923723 0.000913708 0.000903962 0.000894796 0.000886566 0.000879679 0.000874582 0.000871768 
4.55 0.000922688 0.000909606 0.000896496 0.000883606 0.00087123 0.000859718 0.000849471 0.00084095 0.000834674 0.000831218 
4.55 1.07128e-05 1.24014e-05 1.39967e-05 1.54846e-05 1.68485e-05 1.80679e-05 1.91182e-05 1.99696e-05 2.05852e-05 2.09205e-05 
4.55 0.00134276 0.00123743 0.00113646 0.001041 0.000952427 0.000872359 0.000802752 0.000745916 0.000704591 0.000682015 
4.55 0.00111487 0.00120588 0.00129221 0.00137304 0.00144739 0.00151408 0.00157167 0.00161845 0.00165233 0.0016708 
4.55 2.34267e-05 9.25293e-07 5.60902e-15 5.60902e-15 5.60902e-15 5.60902e-15 5.60902e-15 5.60902e-15 5.60902e-15 5.60902e-15 
4.55 9.95994e-11 9.3001e-11 8.82582e-11 8.47376e-11 8.20732e-11 8.00437e-11 7.85108e-11 7.73918e-11 7.66429e-11 7.62544e-11 
4.56 0.000525267 0.000608461 0.000687063 0.000760381 0.000827588 0.00088768 0.000939444 0.0009814 0.00101174 0.00102826 
4.56 0.000943843 0.000934091 0.000924123 0.00091416 0.000904465 0.000895347 0.000887161 0.000880309 0.000875239 0.00087244 
4.56 0.00092297 0.000909937 0.000896878 0.000884038 0.000871711 0.000860244 0.000850038 0.000841552 0.000835301 0.000831859 
4.56 1.0718e-05 1.24075e-05 1.40037e-05 1.54926e-05 1.68574e-05 1.80776e-05 1.91287e-05 1.99807e-05 2.05968e-05 2.09323e-05 
4.56 0.00134306 0.00123778 0.00113687 0.00104146 0.000952938 0.000872919 0.000803356 0.000746557 0.000705259 0.000682698 
4.56 0.001115 0.00120603 0.00129239 0.00137324 0.00144761 0.00151432 0.00157193 0.00161873 0.00165262 0.0016711 
4.56 2.34267e-05 9.25293e-07 5.60902e-15 5.60902e-15 5.60902e-15 5.60902e-15 5.60902e-15 5.60902e-15 5.60902e-15 5.60902e-15 
4.56 9.95624e-11 9.29666e-11 8.82259e-11 8.47062e-11 8.20425e-11 8.00133e-11 7.84807e-11 7.73621e-11 7.66134e-11 7.62251e-11 
4.57 0.000525522 0.00060876 0.000687407 0.000760771 0.000828021 0.000888155 0.000939956 0.000981943 0.00101231 0.00102884 
4.57 0.000944137 0.000934436 0.000924521 0.00091461 0.000904966 0.000895895 0.000887752 0.000880936 0.000875893 0.000873108 
4.57 0.000923251 0.000910267 0.000897257 0.000884467 0.000872189 0.000860767 0.000850603 0.000842151 0.000835925 0.000832497 
4.57 1.07232e-05 1.24136e-05 1.40107e-05 1.55005e-05 1.68662e-05 1.80873e-05 1.91391e-05 1.99917e-05 2.06083e-05 2.09441e-05 
4.57 0.00134336 0.00123813 0.00113727 0.00104192 0.000953446 0.000873477 0.000803957 0.000747194 0.000705924 0.000683378 
4.57 0.00111513 0.00120618 0.00129256 0.00137344 0.00144783 0.00151456 0.00157219 0.00161901 0.00165291 0.0016714 
4.57 2.34267e-05 9.25293e-07 5.60902e-15 5.60902e-15 5.60902e-15 5.60902e-15 5.60902e-15 5.60902e-15 5.60902e-15 5.60902e-15 
4.57 9.95257e-11 9.29325e-11 8.81939e-11 8.46751e-11 8.20119e-11 7.99831e-11 7.8451e-11 7.73326e-11 7.65839e-11 7.61959e-11 
4.58 0.000525775 0.000609057 0.000687749 0.000761158 0.000828452 0.000888627 0.000940465 0.000982482 0.00101287 0.00102942 
4.58 0.00094443 0.000934779 0.000924916 0.000915057 0.000905464 0.000896441 0.00088834 0.00088156 0.000876543 0.000873773 
4.58 0.000923531 0.000910595 0.000897635 0.000884894 0.000872664 0.000861288 0.000851164 0.000842746 0.000836546 0.000833132 
4.58 1.07284e-05 1.24196e-05 1.40177e-05 1.55084e-05 1.6875e-05 1.80969e-05 1.91495e-05 2.00027e-05 2.06198e-05 2.09558e-05 
4.58 0.00134366 0.00123848 0.00113767 0.00104238 0.000953952 0.000874031 0.000804555 0.000747828 0.000706585 0.000684054 
4.58 0.00111526 0.00120633 0.00129274 0.00137364 0.00144805 0.0015148 0.00157245 0.00161928 0.0016532 0.00167169 
4.58 2.34267e-05 9.25293e-07 5.60902e-15 5.60902e-15 5.60902e-15 5.60902e-15 5.60902e-15 5.60902e-15 5.60902e-15 5.60902e-15 
4.58 9.94892e-11 9.28986e-11 8.81616e-11 8.46442e-11 8.19816e-11 7.99532e-11 7.84214e-11 7.73034e-11 7.65545e-11 7.61668e-11 
4.59 0.000526027 0.000609353 0.00068809 0.000761543 0.000828881 0.000889097 0.000940971 0.000983019 0.00101343 0.00102999 
4.59 0.000944721 0.000935121 0.000925309 0.000915502 0.000905959 0.000896983 0.000888925 0.000882181 0.00087719 0.000874434 
4.59 0.000923809 0.000910921 0.000898011 0.000885319 0.000873137 0.000861806 0.000851723 0.000843338 0.000837163 0.000833763 
4.59 1.07335e-05 1.24256e-05 1.40246e-05 1.55162e-05 1.68837e-05 1.81065e-05 1.91598e-05 2.00136e-05 2.06312e-05 2.09674e-05 
4.59 0.00134396 0.00123883 0.00113807 0.00104283 0.000954456 0.000874583 0.00080515 0.000748459 0.000707242 0.000684727 
4.59 0.00111539 0.00120648 0.00129291 0.00137384 0.00144827 0.00151504 0.00157271 0.00161955 0.00165349 0.00167198 
4.59 2.34267e-05 9.25293e-07 5.60902e-15 5.60902e-15 5.60902e-15 5.60902e-15 5.60902e-15 5.60902e-15 5.60902e-15 5.60902e-15 
4.59 9.94531e-11 9.28651e-11 8.81301e-11 8.46136e-11 8.19516e-11 7.99236e-11 7.83921e-11 7.7274e-11 7.65256e-11 7.61374e-11 
4.60 0.000526278 0.000609647 0.000688429 0.000761926 0.000829308 0.000889564 0.000941475 0.000983554 0.00101399 0.00103056 
4.60 0.000945011 0.000935461 0.0009257 0.000915945 0.000906452 0.000897523 0.000889507 0.000882798 0.000877833 0.000875092 
4.60 0.000924086 0.000911246 0.000898384 0.000885742 0.000873607 0.000862321 0.000852278 0.000843927 0.000837777 0.000834391 
4.60 1.07386e-05 1.24316e-05 1.40315e-05 1.5524e-05 1.68924e-05 1.8116e-05 1.91701e-05 2.00245e-05 2.06425e-05 2.0979e-05 
4.60 0.00134425 0.00123918 0.00113847 0.00104328 0.000954957 0.000875132 0.000805741 0.000749087 0.000707896 0.000685396 
4.60 0.00111552 0.00120663 0.00129308 0.00137403 0.00144849 0.00151528 0.00157297 0.00161983 0.00165377 0.00167227 
4.60 2.34267e-05 9.25293e-07 5.60902e-15 5.60902e-15 5.60902e-15 5.60902e-15 5.60902e-15 5.60902e-15 5.60902e-15 5.60902e-15 
4.60 9.94172e-11 9.28318e-11 8.80983e-11 8.45833e-11 8.19219e-11 7.98942e-11 7.8363e-11 7.7245e-11 7.64968e-11 7.61086e-11 
4.61 0.000526528 0.00060994 0.000688766 0.000762307 0.000829731 0.000890029 0.000941976 0.000984085 0.00101454 0.00103113 
4.61 0.000945299 0.000935799 0.000926089 0.000916385 0.000906942 0.00089806 0.000890086 0.000883412 0.000878473 0.000875746 
4.61 0.000924361 0.000911569 0.000898756 0.000886162 0.000874075 0.000862834 0.000852831 0.000844513 0.000838388 0.000835016 
4.61 1.07437e-05 1.24376e-05 1.40383e-05 1.55318e-05 1.6901e-05 1.81255e-05 1.91803e-05 2.00353e-05 2.06538e-05 2.09905e-05 
4.61 0.00134454 0.00123952 0.00113887 0.00104373 0.000955456 0.000875678 0.00080633 0.000749711 0.000708547 0.000686061 
4.61 0.00111565 0.00120678 0.00129325 0.00137422 0.00144871 0.00151552 0.00157323 0.0016201 0.00165405 0.00167256 
4.61 2.34267e-05 9.25293e-07 5.60902e-15 5.60902e-15 5.60902e-15 5.60902e-15 5.60902e-15 5.60902e-15 5.60902e-15 5.60902e-15 
4.61 9.93815e-11 9.27987e-11 8.80667e-11 8.45527e-11 8.18923e-11 7.98651e-11 7.83342e-11 7.72164e-11 7.64679e-11 7.60798e-11 
4.62 0.000526775 0.000610231 0.000689101 0.000762687 0.000830153 0.000890491 0.000942475 0.000984614 0.00101509 0.00103169 
4.62 0.000945586 0.000936135 0.000926476 0.000916823 0.000907429 0.000898594 0.000890662 0.000884023 0.00087911 0.000876397 
4.62 0.000924635 0.00091189 0.000899126 0.00088658 0.000874541 0.000863344 0.000853381 0.000845096 0.000838996 0.000835637 
4.62 1.07487e-05 1.24435e-05 1.40451e-05 1.55395e-05 1.69096e-05 1.81349e-05 1.91904e-05 2.00461e-05 2.0665e-05 2.1002e-05 
4.62 0.00134483 0.00123986 0.00113926 0.00104418 0.000955952 0.000876221 0.000806915 0.000750332 0.000709194 0.000686723 
4.62 0.00111578 0.00120693 0.00129342 0.00137441 0.00144893 0.00151576 0.00157348 0.00162037 0.00165433 0.00167285 
4.62 2.34267e-05 9.25293e-07 5.60902e-15 5.60902e-15 5.60902e-15 5.60902e-15 5.60902e-15 5.60902e-15 5.60902e-15 5.60902e-15 
4.62 9.93463e-11 9.27659e-11 8.80354e-11 8.45224e-11 8.1863e-11 7.98362e-11 7.83056e-11 7.71878e-11 7.64395e-11 7.60512e-11 
4.63 0.000527022 0.000610521 0.000689434 0.000763064 0.000830573 0.000890951 0.00094297 0.00098514 0.00101564 0.00103225 
4.63 0.000945871 0.00093647 0.000926861 0.000917259 0.000907914 0.000899125 0.000891235 0.000884631 0.000879743 0.000877045 
4.63 0.000924907 0.00091221 0.000899494 0.000886996 0.000875004 0.000863851 0.000853928 0.000845676 0.0008396 0.000836255 
4.63 1.07537e-05 1.24494e-05 1.40519e-05 1.55472e-05 1.69181e-05 1.81442e-05 1.92005e-05 2.00568e-05 2.06762e-05 2.10134e-05 
4.63 0.00134512 0.0012402 0.00113965 0.00104462 0.000956446 0.000876761 0.000807497 0.00075095 0.000709838 0.000687381 
4.63 0.0011159 0.00120708 0.00129359 0.00137461 0.00144914 0.00151599 0.00157373 0.00162064 0.00165461 0.00167314 
4.63 2.34267e-05 9.25293e-07 5.60902e-15 5.60902e-15 5.60902e-15 5.60902e-15 5.60902e-15 5.60902e-15 5.60902e-15 5.60902e-15 
4.63 9.93112e-11 9.27334e-11 8.80044e-11 8.44928e-11 8.1834e-11 7.98076e-11 7.82769e-11 7.71593e-11 7.64112e-11 7.60232e-11 
4.64 0.000527268 0.000610809 0.000689766 0.000763439 0.000830991 0.000891408 0.000943463 0.000985663 0.00101619 0.00103281 
4.64 0.000946154 0.000936803 0.000927245 0.000917692 0.000908396 0.000899654 0.000891805 0.000885235 0.000880373 0.000877689 
4.64 0.000925178 0.000912528 0.00089986 0.00088741 0.000875465 0.000864356 0.000854472 0.000846253 0.000840201 0.00083687 
4.64 1.07587e-05 1.24553e-05 1.40587e-05 1.55548e-05 1.69266e-05 1.81535e-05 1.92105e-05 2.00675e-05 2.06873e-05 2.10248e-05 
4.64 0.00134541 0.00124054 0.00114004 0.00104506 0.000956937 0.000877298 0.000808077 0.000751564 0.000710479 0.000688036 
4.64 0.00111603 0.00120723 0.00129376 0.0013748 0.00144935 0.00151622 0.00157398 0.00162091 0.00165489 0.00167342 
4.64 2.34267e-05 9.25293e-07 5.60902e-15 5.60902e-15 5.60902e-15 5.60902e-15 5.60902e-15 5.60902e-15 5.60902e-15 5.60902e-15 
4.64 9.92757e-11 9.27009e-11 8.79737e-11 8.44629e-11 8.18047e-11 7.97786e-11 7.82483e-11 7.71311e-11 7.63829e-11 7.59953e-11 
4.65 0.000527512 0.000611096 0.000690096 0.000763813 0.000831406 0.000891863 0.000943954 0.000986184 0.00101673 0.00103336 
4.65 0.000946436 0.000937134 0.000927626 0.000918123 0.000908876 0.00090018 0.000892372 0.000885836 0.000881 0.00087833 
4.65 0.000925447 0.000912844 0.000900224 0.000887822 0.000875923 0.000864858 0.000855013 0.000846827 0.000840799 0.000837482 
4.65 1.07637e-05 1.24611e-05 1.40654e-05 1.55624e-05 1.69351e-05 1.81628e-05 1.92205e-05 2.00781e-05 2.06983e-05 2.10361e-05 
4.65 0.0013457 0.00124088 0.00114043 0.0010455 0.000957425 0.000877833 0.000808653 0.000752176 0.000711116 0.000688688 
4.65 0.00111615 0.00120738 0.00129393 0.00137499 0.00144956 0.00151645 0.00157423 0.00162117 0.00165517 0.0016737 
4.65 2.34267e-05 9.25293e-07 5.60902e-15 5.60902e-15 5.60902e-15 5.60902e-15 5.60902e-15 5.60902e-15 5.60902e-15 5.60902e-15 
4.65 9.92411e-11 9.26689e-11 8.7943e-11 8.44332e-11 8.17755e-11 7.975e-11 7.822e-11 7.71031e-11 7.63547e-11 7.5967e-11 
4.66 0.000527755 0.000611381 0.000690424 0.000764184 0.000831819 0.000892316 0.000944442 0.000986702 0.00101727 0.00103391 
4.66 0.000946717 0.000937463 0.000928005 0.000918552 0.000909354 0.000900703 0.000892936 0.000886434 0.000881623 0.000878967 
4.66 0.000925715 0.000913158 0.000900586 0.000888232 0.000876379 0.000865357 0.000855551 0.000847398 0.000841394 0.00083809 
4.66 1.07686e-05 1.24669e-05 1.40721e-05 1.557e-05 1.69435e-05 1.8172e-05 1.92305e-05 2.00886e-05 2.07093e-05 2.10473e-05 
4.66 0.00134599 0.00124121 0.00114082 0.00104594 0.000957911 0.000878365 0.000809226 0.000752784 0.00071175 0.000689336 
4.66 0.00111627 0.00120753 0.0012941 0.00137518 0.00144977 0.00151668 0.00157448 0.00162143 0.00165545 0.00167398 
4.66 2.34267e-05 9.25293e-07 5.60902e-15 5.60902e-15 5.60902e-15 5.60902e-15 5.60902e-15 5.60902e-15 5.60902e-15 5.60902e-15 
4.66 9.92062e-11 9.2637e-11 8.79127e-11 8.44038e-11 8.17468e-11 7.97216e-11 7.81919e-11 7.7075e-11 7.63272e-11 7.59394e-11 
4.67 0.000527997 0.000611665 0.000690751 0.000764553 0.00083223 0.000892766 0.000944928 0.000987217 0.00101781 0.00103446 
4.67 0.000946996 0.000937791 0.000928382 0.000918979 0.000909829 0.000901223 0.000893497 0.000887029 0.000882243 0.000879601 
4.67 0.000925982 0.000913471 0.000900946 0.000888639 0.000876832 0.000865854 0.000856086 0.000847966 0.000841986 0.000838695 
4.67 1.07735e-05 1.24727e-05 1.40787e-05 1.55775e-05 1.69519e-05 1.81812e-05 1.92404e-05 2.00991e-05 2.07202e-05 2.10585e-05 
4.67 0.00134627 0.00124155 0.0011412 0.00104637 0.000958394 0.000878894 0.000809797 0.000753389 0.000712381 0.000689981 
4.67 0.0011164 0.00120767 0.00129427 0.00137537 0.00144998 0.00151691 0.00157473 0.00162169 0.00165572 0.00167426 
4.67 2.34267e-05 9.25293e-07 5.60902e-15 5.60902e-15 5.60902e-15 5.60902e-15 5.60902e-15 5.60902e-15 5.60902e-15 5.60902e-15 
4.67 9.91715e-11 9.26054e-11 8.78826e-11 8.43746e-11 8.17182e-11 7.96934e-11 7.8164e-11 7.70471e-11 7.62996e-11 7.59119e-11 
4.68 0.000528238 0.000611947 0.000691076 0.000764921 0.000832639 0.000893214 0.000945411 0.00098773 0.00101834 0.00103501 
4.68 0.000947274 0.000938117 0.000928757 0.000919404 0.000910301 0.00090174 0.000894055 0.000887621 0.00088286 0.000880232 
4.68 0.000926247 0.000913782 0.000901304 0.000889044 0.000877283 0.000866348 0.000856619 0.000848531 0.000842575 0.000839297 
4.68 1.07784e-05 1.24784e-05 1.40853e-05 1.5585e-05 1.69602e-05 1.81903e-05 1.92502e-05 2.01095e-05 2.07311e-05 2.10696e-05 
4.68 0.00134655 0.00124188 0.00114158 0.0010468 0.000958874 0.00087942 0.000810364 0.000753991 0.000713008 0.000690622 
4.68 0.00111652 0.00120782 0.00129444 0.00137556 0.00145019 0.00151714 0.00157498 0.00162195 0.00165599 0.00167454 
4.68 2.34267e-05 9.25293e-07 5.60902e-15 5.60902e-15 5.60902e-15 5.60902e-15 5.60902e-15 5.60902e-15 5.60902e-15 5.60902e-15 
4.68 9.91376e-11 9.25735e-11 8.78527e-11 8.43456e-11 8.16898e-11 7.96655e-11 7.81364e-11 7.70194e-11 7.62718e-11 7.58843e-11 
4.69 0.000528476 0.000612228 0.000691399 0.000765287 0.000833046 0.00089366 0.000945892 0.00098824 0.00101887 0.00103555 
4.69 0.00094755 0.000938441 0.000929131 0.000919826 0.000910771 0.000902255 0.00089461 0.00088821 0.000883474 0.000880859 
4.69 0.000926511 0.000914092 0.00090166 0.000889447 0.000877732 0.000866839 0.000857149 0.000849093 0.000843161 0.000839896 
4.69 1.07833e-05 1.24841e-05 1.40919e-05 1.55924e-05 1.69685e-05 1.81994e-05 1.926e-05 2.01199e-05 2.07419e-05 2.10807e-05 
4.69 0.00134683 0.00124221 0.00114196 0.00104723 0.000959352 0.000879944 0.000810929 0.00075459 0.000713632 0.00069126 
4.69 0.00111664 0.00120796 0.00129461 0.00137575 0.0014504 0.00151737 0.00157522 0.00162221 0.00165626 0.00167482 
4.69 2.34267e-05 9.25293e-07 5.60902e-15 5.60902e-15 5.60902e-15 5.60902e-15 5.60902e-15 5.60902e-15 5.60902e-15 5.60902e-15 
4.69 9.91035e-11 9.25424e-11 8.78231e-11 8.43169e-11 8.16617e-11 7.96378e-11 7.8109e-11 7.6992e-11 7.62447e-11 7.58569e-11 
4.70 0.000528714 0.000612507 0.000691721 0.000765651 0.000833451 0.000894103 0.00094637 0.000988746 0.0010194 0.00103609 
4.70 0.000947825 0.000938763 0.000929502 0.000920246 0.000911239 0.000902767 0.000895162 0.000888796 0.000884084 0.000881483 
4.70 0.000926773 0.0009144 0.000902015 0.000889848 0.000878178 0.000867328 0.000857676 0.000849652 0.000843744 0.000840492 
4.70 1.07881e-05 1.24898e-05 1.40984e-05 1.55998e-05 1.69767e-05 1.82084e-05 1.92697e-05 2.01302e-05 2.07527e-05 2.10917e-05 
4.70 0.00134711 0.00124254 0.00114234 0.00104766 0.000959827 0.000880465 0.000811491 0.000755185 0.000714253 0.000691895 
4.70 0.00111676 0.0012081 0.00129477 0.00137594 0.00145061 0.0015176 0.00157546 0.00162247 0.00165653 0.0016751 
4.70 2.34267e-05 9.25293e-07 5.60902e-15 5.60902e-15 5.60902e-15 5.60902e-15 5.60902e-15 5.60902e-15 5.60902e-15 5.60902e-15 
4.70 9.90695e-11 9.25109e-11 8.77936e-11 8.42884e-11 8.16338e-11 7.96102e-11 7.80814e-11 7.69648e-11 7.62176e-11 7.58301e-11 
4.71 0.000528951 0.000612785 0.00069204 0.000766012 0.000833854 0.000894544 0.000946845 0.00098925 0.00101993 0.00103663 
4.71 0.000948098 0.000939084 0.000929871 0.000920664 0.000911704 0.000903277 0.000895711 0.000889378 0.000884691 0.000882104 
4.71 0.000927034 0.000914706 0.000902368 0.000890247 0.000878622 0.000867814 0.0008582 0.000850208 0.000844324 0.000841085 
4.71 1.07929e-05 1.24954e-05 1.41049e-05 1.56072e-05 1.69849e-05 1.82174e-05 1.92794e-05 2.01405e-05 2.07634e-05 2.11026e-05 
4.71 0.00134739 0.00124286 0.00114272 0.00104808 0.0009603 0.000880983 0.000812049 0.000755778 0.000714871 0.000692526 
4.71 0.00111688 0.00120824 0.00129493 0.00137612 0.00145082 0.00151783 0.0015757 0.00162273 0.0016568 0.00167537 
4.71 2.34267e-05 9.25293e-07 5.60902e-15 5.60902e-15 5.60902e-15 5.60902e-15 5.60902e-15 5.60902e-15 5.60902e-15 5.60902e-15 
4.71 9.90358e-11 9.24797e-11 8.7764e-11 8.42601e-11 8.16061e-11 7.95829e-11 7.80541e-11 7.69378e-11 7.61906e-11 7.58034e-11 
4.72 0.000529187 0.000613061 0.000692358 0.000766372 0.000834255 0.000894983 0.000947318 0.000989752 0.00102045 0.00103717 
4.72 0.00094837 0.000939403 0.000930239 0.00092108 0.000912167 0.000903784 0.000896257 0.000889958 0.000885295 0.000882722 
4.72 0.000927294 0.000915011 0.000902719 0.000890644 0.000879064 0.000868298 0.000858722 0.000850762 0.000844901 0.000841675 
4.72 1.07977e-05 1.2501e-05 1.41114e-05 1.56145e-05 1.69931e-05 1.82263e-05 1.9289e-05 2.01507e-05 2.0774e-05 2.11135e-05 
4.72 0.00134767 0.00124319 0.00114309 0.0010485 0.00096077 0.000881498 0.000812605 0.000756367 0.000715485 0.000693154 
4.72 0.001117 0.00120838 0.00129509 0.0013763 0.00145102 0.00151805 0.00157595 0.00162299 0.00165707 0.00167564 
4.72 2.34267e-05 9.25293e-07 5.60902e-15 5.60902e-15 5.60902e-15 5.60902e-15 5.60902e-15 5.60902e-15 5.60902e-15 5.60902e-15 
4.72 9.90022e-11 9.24486e-11 8.77344e-11 8.42316e-11 8.15786e-11 7.95559e-11 7.80274e-11 7.69111e-11 7.61637e-11 7.57763e-11 
4.73 0.00052942 0.000613336 0.000692674 0.00076673 0.000834653 0.000895419 0.000947789 0.000990251 0.00102097 0.0010377 
4.73 0.00094864 0.000939721 0.000930605 0.000921493 0.000912627 0.000904288 0.000896801 0.000890534 0.000885896 0.000883336 
4.73 0.000927552 0.000915314 0.000903068 0.000891039 0.000879503 0.000868779 0.000859241 0.000851313 0.000845475 0.000842262 
4.73 1.08025e-05 1.25066e-05 1.41178e-05 1.56218e-05 1.70012e-05 1.82352e-05 1.92986e-05 2.01609e-05 2.07846e-05 2.11243e-05 
4.73 0.00134795 0.00124351 0.00114346 0.00104892 0.000961238 0.000882011 0.000813158 0.000756953 0.000716096 0.000693779 
4.73 0.00111712 0.00120852 0.00129525 0.00137648 0.00145122 0.00151827 0.00157619 0.00162325 0.00165734 0.00167591 
4.73 2.34267e-05 9.25293e-07 5.60902e-15 5.60902e-15 5.60902e-15 5.60902e-15 5.60902e-15 5.60902e-15 5.60902e-15 5.60902e-15 
4.73 9.89691e-11 9.24179e-11 8.77052e-11 8.42032e-11 8.15509e-11 7.95286e-11 7.80005e-11 7.68845e-11 7.61373e-11 7.57494e-11 
4.74 0.000529653 0.000613609 0.000692989 0.000767086 0.000835049 0.000895853 0.000948257 0.000990748 0.00102149 0.00103823 
4.74 0.000948909 0.000940037 0.000930969 0.000921904 0.000913085 0.000904789 0.000897342 0.000891107 0.000886494 0.000883947 
4.74 0.000927809 0.000915616 0.000903415 0.000891432 0.00087994 0.000869258 0.000859757 0.000851861 0.000846046 0.000842845 
4.74 1.08072e-05 1.25122e-05 1.41242e-05 1.5629e-05 1.70093e-05 1.8244e-05 1.93081e-05 2.0171e-05 2.07951e-05 2.11351e-05 
4.74 0.00134822 0.00124383 0.00114383 0.00104934 0.000961703 0.000882521 0.000813708 0.000757536 0.000716704 0.000694401 
4.74 0.00111724 0.00120866 0.00129541 0.00137666 0.00145142 0.00151849 0.00157643 0.0016235 0.0016576 0.00167618 
4.74 2.34267e-05 9.25293e-07 5.60902e-15 5.60902e-15 5.60902e-15 5.60902e-15 5.60902e-15 5.60902e-15 5.60902e-15 5.60902e-15 
4.74 9.89361e-11 9.23873e-11 8.76761e-11 8.41751e-11 8.15233e-11 7.95016e-11 7.79738e-11 7.68582e-11 7.6111e-11 7.57231e-11 
4.75 0.000529885 0.000613881 0.000693302 0.00076744 0.000835443 0.000896285 0.000948723 0.000991242 0.001022 0.00103876 
4.75 0.000949177 0.000940351 0.000931331 0.000922313 0.00091354 0.000905288 0.00089788 0.000891678 0.000887089 0.000884555 
4.75 0.000928065 0.000915916 0.00090376 0.000891823 0.000880375 0.000869734 0.000860271 0.000852406 0.000846614 0.000843425 
4.75 1.08119e-05 1.25177e-05 1.41306e-05 1.56362e-05 1.70173e-05 1.82528e-05 1.93176e-05 2.0181e-05 2.08056e-05 2.11458e-05 
4.75 0.00134849 0.00124415 0.0011442 0.00104976 0.000962166 0.000883028 0.000814255 0.000758116 0.000717309 0.000695019 
4.75 0.00111736 0.0012088 0.00129557 0.00137684 0.00145162 0.00151871 0.00157667 0.00162375 0.00165786 0.00167645 
4.75 2.34267e-05 9.25293e-07 5.60902e-15 5.60902e-15 5.60902e-15 5.60902e-15 5.60902e-15 5.60902e-15 5.60902e-15 5.60902e-15 
4.75 9.89034e-11 9.23571e-11 8.76473e-11 8.41472e-11 8.1496e-11 7.94747e-11 7.79473e-11 7.68316e-11 7.60844e-11 7.56967e-11 
4.76 0.000530116 0.000614152 0.000693614 0.000767792 0.000835835 0.000896715 0.000949186 0.000991733 0.00102251 0.00103928 
4.76 0.000949443 0.000940664 0.00093169 0.00092272 0.000913993 0.000905784 0.000898415 0.000892246 0.000887681 0.00088516 
4.76 0.000928319 0.000916214 0.000904104 0.000892212 0.000880807 0.000870208 0.000860782 0.000852948 0.000847179 0.000844003 
4.76 1.08166e-05 1.25232e-05 1.41369e-05 1.56434e-05 1.70253e-05 1.82615e-05 1.9327e-05 2.0191e-05 2.0816e-05 2.11564e-05 
4.76 0.00134876 0.00124447 0.00114457 0.00105017 0.000962627 0.000883533 0.000814799 0.000758693 0.00071791 0.000695634 
4.76 0.00111748 0.00120894 0.00129573 0.00137702 0.00145182 0.00151893 0.00157691 0.001624 0.00165812 0.00167672 
4.76 2.34267e-05 9.25293e-07 5.60902e-15 5.60902e-15 5.60902e-15 5.60902e-15 5.60902e-15 5.60902e-15 5.60902e-15 5.60902e-15 
4.76 9.88709e-11 9.2327e-11 8.76187e-11 8.41195e-11 8.1469e-11 7.94481e-11 7.7921e-11 7.68054e-11 7.60584e-11 7.56705e-11 
4.77 0.000530345 0.00061442 0.000693923 0.000768143 0.000836225 0.000897142 0.000949647 0.000992222 0.00102302 0.0010398 
4.77 0.000949708 0.000940975 0.000932048 0.000923125 0.000914443 0.000906278 0.000898947 0.000892811 0.000888269 0.000885762 
4.77 0.000928572 0.000916511 0.000904446 0.000892598 0.000881237 0.000870679 0.00086129 0.000853487 0.000847741 0.000844577 
4.77 1.08213e-05 1.25287e-05 1.41432e-05 1.56505e-05 1.70332e-05 1.82702e-05 1.93364e-05 2.02009e-05 2.08264e-05 2.1167e-05 
4.77 0.00134903 0.00124479 0.00114493 0.00105058 0.000963085 0.000884035 0.00081534 0.000759267 0.000718508 0.000696246 
4.77 0.0011176 0.00120908 0.00129589 0.0013772 0.00145202 0.00151915 0.00157714 0.00162425 0.00165838 0.00167699 
4.77 2.34267e-05 9.25293e-07 5.60902e-15 5.60902e-15 5.60902e-15 5.60902e-15 5.60902e-15 5.60902e-15 5.60902e-15 5.60902e-15 
4.77 9.88387e-11 9.22973e-11 8.75904e-11 8.40921e-11 8.14422e-11 7.94217e-11 7.78949e-11 7.67794e-11 7.60326e-11 7.56449e-11 
4.78 0.000530573 0.000614688 0.000694231 0.000768491 0.000836613 0.000897567 0.000950105 0.000992707 0.00102353 0.00104032 
4.78 0.000949972 0.000941284 0.000932404 0.000923528 0.000914891 0.000906769 0.000899476 0.000893372 0.000888854 0.000886361 
4.78 0.000928824 0.000916806 0.000904786 0.000892983 0.000881665 0.000871148 0.000861795 0.000854023 0.0008483 0.000845149 
4.78 1.08259e-05 1.25341e-05 1.41495e-05 1.56576e-05 1.70411e-05 1.82789e-05 1.93457e-05 2.02108e-05 2.08367e-05 2.11775e-05 
4.78 0.0013493 0.0012451 0.00114529 0.00105099 0.000963541 0.000884534 0.000815878 0.000759838 0.000719103 0.000696854 
4.78 0.00111772 0.00120922 0.00129605 0.00137738 0.00145222 0.00151937 0.00157737 0.0016245 0.00165864 0.00167725 
4.78 2.34267e-05 9.25293e-07 5.60902e-15 5.60902e-15 5.60902e-15 5.60902e-15 5.60902e-15 5.60902e-15 5.60902e-15 5.60902e-15 
4.78 9.88068e-11 9.22677e-11 8.75623e-11 8.40649e-11 8.14156e-11 7.93955e-11 7.78687e-11 7.67535e-11 7.60068e-11 7.56194e-11 
4.79 0.0005308 0.000614954 0.000694538 0.000768838 0.000836999 0.00089799 0.000950561 0.000993191 0.00102403 0.00104083 
4.79 0.000950234 0.000941592 0.000932758 0.000923929 0.000915337 0.000907257 0.000900003 0.000893931 0.000889437 0.000886956 
4.79 0.000929074 0.0009171 0.000905124 0.000893365 0.000882091 0.000871614 0.000862298 0.000854556 0.000848856 0.000845718 
4.79 1.08305e-05 1.25395e-05 1.41557e-05 1.56647e-05 1.70489e-05 1.82875e-05 1.9355e-05 2.02206e-05 2.08469e-05 2.1188e-05 
4.79 0.00134957 0.00124541 0.00114565 0.0010514 0.000963994 0.000885031 0.000816413 0.000760406 0.000719695 0.000697459 
4.79 0.00111784 0.00120936 0.00129621 0.00137756 0.00145242 0.00151959 0.0015776 0.00162475 0.0016589 0.00167751 
4.79 2.34267e-05 9.25293e-07 5.60902e-15 5.60902e-15 5.60902e-15 5.60902e-15 5.60902e-15 5.60902e-15 5.60902e-15 5.60902e-15 
4.79 9.87751e-11 9.22383e-11 8.75344e-11 8.40379e-11 8.13892e-11 7.93695e-11 7.78428e-11 7.67278e-11 7.5981e-11 7.55935e-11 
4.80 0.000531026 0.000615219 0.000694843 0.000769183 0.000837383 0.000898411 0.000951014 0.000993672 0.00102453 0.00104134 
4.80 0.000950495 0.000941898 0.00093311 0.000924328 0.000915781 0.000907743 0.000900527 0.000894487 0.000890016 0.000887548 
4.80 0.000929323 0.000917392 0.00090546 0.000893746 0.000882514 0.000872078 0.000862798 0.000855087 0.000849409 0.000846283 
4.80 1.08351e-05 1.25449e-05 1.41619e-05 1.56717e-05 1.70567e-05 1.8296e-05 1.93642e-05 2.02304e-05 2.08571e-05 2.11984e-05 
4.80 0.00134983 0.00124572 0.00114601 0.00105181 0.000964445 0.000885525 0.000816946 0.000760971 0.000720284 0.000698061 
4.80 0.00111796 0.0012095 0.00129637 0.00137774 0.00145262 0.0015198 0.00157784 0.001625 0.00165916 0.00167777 
4.80 2.34267e-05 9.25293e-07 5.60902e-15 5.60902e-15 5.60902e-15 5.60902e-15 5.60902e-15 5.60902e-15 5.60902e-15 5.60902e-15 
4.80 9.87436e-11 9.22093e-11 8.75067e-11 8.40111e-11 8.1363e-11 7.93437e-11 7.78174e-11 7.67025e-11 7.59559e-11 7.55683e-11 
4.81 0.000531251 0.000615483 0.000695146 0.000769526 0.000837765 0.000898829 0.000951465 0.00099415 0.00102503 0.00104185 
4.81 0.000950754 0.000942202 0.000933461 0.000924724 0.000916222 0.000908226 0.000901048 0.00089504 0.000890592 0.000888137 
4.81 0.000929571 0.000917683 0.000905794 0.000894124 0.000882935 0.00087254 0.000863296 0.000855615 0.000849959 0.000846846 
4.81 1.08397e-05 1.25503e-05 1.41681e-05 1.56787e-05 1.70645e-05 1.83045e-05 1.93734e-05 2.02401e-05 2.08672e-05 2.12088e-05 
4.81 0.00135009 0.00124603 0.00114637 0.00105221 0.000964894 0.000886016 0.000817476 0.000761533 0.00072087 0.00069866 
4.81 0.00111807 0.00120963 0.00129653 0.00137792 0.00145282 0.00152001 0.00157807 0.00162524 0.00165941 0.00167803 
4.81 2.34267e-05 9.25293e-07 5.60902e-15 5.60902e-15 5.60902e-15 5.60902e-15 5.60902e-15 5.60902e-15 5.60902e-15 5.60902e-15 
4.81 9.87123e-11 9.21804e-11 8.74792e-11 8.39846e-11 8.1337e-11 7.93178e-11 7.77918e-11 7.66773e-11 7.59309e-11 7.55432e-11 
4.82 0.000531474 0.000615745 0.000695448 0.000769868 0.000838145 0.000899245 0.000951914 0.000994626 0.00102553 0.00104236 
4.82 0.000951012 0.000942505 0.00093381 0.000925118 0.000916661 0.000908707 0.000901566 0.00089559 0.000891165 0.000888723 
4.82 0.000929817 0.000917972 0.000906127 0.0008945 0.000883354 0.000872999 0.000863791 0.00085614 0.000850506 0.000847405 
4.82 1.08443e-05 1.25556e-05 1.41743e-05 1.56856e-05 1.70722e-05 1.8313e-05 1.93825e-05 2.02498e-05 2.08773e-05 2.12191e-05 
4.82 0.00135035 0.00124634 0.00114672 0.00105261 0.000965341 0.000886505 0.000818003 0.000762092 0.000721453 0.000699256 
4.82 0.00111819 0.00120977 0.00129668 0.0013781 0.00145301 0.00152023 0.0015783 0.00162548 0.00165966 0.00167829 
4.82 2.34267e-05 9.25293e-07 5.60902e-15 5.60902e-15 5.60902e-15 5.60902e-15 5.60902e-15 5.60902e-15 5.60902e-15 5.60902e-15 
4.82 9.86807e-11 9.21516e-11 8.7452e-11 8.39583e-11 8.13112e-11 7.92921e-11 7.77664e-11 7.66519e-11 7.59055e-11 7.5518e-11 
4.83 0.000531695 0.000616006 0.000695748 0.000770207 0.000838523 0.000899659 0.00095236 0.0009951 0.00102602 0.00104286 
4.83 0.000951269 0.000942806 0.000934157 0.00092551 0.000917098 0.000909185 0.000902082 0.000896137 0.000891735 0.000889306 
4.83 0.000930062 0.00091826 0.000906458 0.000894875 0.000883771 0.000873456 0.000864283 0.000856662 0.00085105 0.000847962 
4.83 1.08488e-05 1.25609e-05 1.41804e-05 1.56925e-05 1.70799e-05 1.83214e-05 1.93916e-05 2.02594e-05 2.08874e-05 2.12294e-05 
4.83 0.00135061 0.00124665 0.00114707 0.00105301 0.000965785 0.000886991 0.000818527 0.000762648 0.000722033 0.000699849 
4.83 0.0011183 0.0012099 0.00129684 0.00137827 0.0014532 0.00152044 0.00157853 0.00162572 0.00165991 0.00167855 
4.83 2.34267e-05 9.25293e-07 5.60902e-15 5.60902e-15 5.60902e-15 5.60902e-15 5.60902e-15 5.60902e-15 5.60902e-15 5.60902e-15 
4.83 9.86499e-11 9.21226e-11 8.74244e-11 8.3932e-11 8.12853e-11 7.92669e-11 7.77412e-11 7.66266e-11 7.58801e-11 7.54929e-11 
4.84 0.000531916 0.000616265 0.000696047 0.000770545 0.000838899 0.000900071 0.000952804 0.000995571 0.00102651 0.00104336 
4.84 0.000951524 0.000943106 0.000934502 0.000925901 0.000917532 0.000909661 0.000902595 0.000896681 0.000892302 0.000889886 
4.84 0.000930306 0.000918546 0.000906787 0.000895248 0.000884186 0.00087391 0.000864773 0.000857181 0.000851592 0.000848516 
4.84 1.08533e-05 1.25662e-05 1.41865e-05 1.56994e-05 1.70875e-05 1.83298e-05 1.94006e-05 2.0269e-05 2.08974e-05 2.12396e-05 
4.84 0.00135087 0.00124695 0.00114742 0.00105341 0.000966227 0.000887475 0.000819049 0.000763202 0.00072261 0.000700439 
4.84 0.00111841 0.00121003 0.00129699 0.00137844 0.00145339 0.00152065 0.00157876 0.00162596 0.00166016 0.00167881 
4.84 2.34267e-05 9.25293e-07 5.60902e-15 5.60902e-15 5.60902e-15 5.60902e-15 5.60902e-15 5.60902e-15 5.60902e-15 5.60902e-15 
4.84 9.86186e-11 9.20937e-11 8.73974e-11 8.39056e-11 8.12594e-11 7.92415e-11 7.77162e-11 7.66017e-11 7.58555e-11 7.54685e-11 
4.85 0.000532136 0.000616523 0.000696344 0.000770881 0.000839273 0.000900481 0.000953246 0.000996039 0.001027 0.00104386 
4.85 0.000951778 0.000943404 0.000934845 0.000926289 0.000917964 0.000910134 0.000903105 0.000897222 0.000892867 0.000890463 
4.85 0.000930548 0.00091883 0.000907115 0.000895618 0.000884599 0.000874362 0.00086526 0.000857698 0.000852131 0.000849067 
4.85 1.08578e-05 1.25715e-05 1.41925e-05 1.57062e-05 1.70951e-05 1.83381e-05 1.94096e-05 2.02786e-05 2.09073e-05 2.12498e-05 
4.85 0.00135113 0.00124725 0.00114777 0.0010538 0.000966667 0.000887956 0.000819568 0.000763753 0.000723184 0.000701026 
4.85 0.00111852 0.00121016 0.00129714 0.00137861 0.00145358 0.00152086 0.00157898 0.0016262 0.00166041 0.00167906 
4.85 2.34267e-05 9.25293e-07 5.60902e-15 5.60902e-15 5.60902e-15 5.60902e-15 5.60902e-15 5.60902e-15 5.60902e-15 5.60902e-15 
4.85 9.85876e-11 9.2065e-11 8.73702e-11 8.38793e-11 8.12338e-11 7.92163e-11 7.76914e-11 7.65769e-11 7.58308e-11 7.54441e-11 
4.86 0.000532355 0.00061678 0.00069664 0.000771215 0.000839645 0.000900889 0.000953685 0.000996505 0.00102749 0.00104436 
4.86 0.000952031 0.0009437 0.000935186 0.000926675 0.000918394 0.000910605 0.000903613 0.00089776 0.000893428 0.000891037 
4.86 0.000930789 0.000919113 0.000907441 0.000895987 0.000885009 0.000874811 0.000865745 0.000858212 0.000852667 0.000849615 
4.86 1.08622e-05 1.25767e-05 1.41985e-05 1.5713e-05 1.71027e-05 1.83464e-05 1.94185e-05 2.02881e-05 2.09172e-05 2.12599e-05 
4.86 0.00135139 0.00124755 0.00114812 0.00105419 0.000967103 0.000888435 0.000820084 0.000764301 0.000723755 0.00070161 
4.86 0.00111863 0.00121029 0.00129729 0.00137878 0.00145377 0.00152107 0.00157921 0.00162644 0.00166066 0.00167931 
4.86 2.34267e-05 9.25293e-07 5.60902e-15 5.60902e-15 5.60902e-15 5.60902e-15 5.60902e-15 5.60902e-15 5.60902e-15 5.60902e-15 
4.86 9.85567e-11 9.20365e-11 8.73432e-11 8.38532e-11 8.12083e-11 7.91913e-11 7.76664e-11 7.65523e-11 7.58062e-11 7.54193e-11 
4.87 0.000532573 0.000617035 0.000696933 0.000771548 0.000840015 0.000901294 0.000954122 0.000996969 0.00102797 0.00104485 
4.87 0.000952282 0.000943995 0.000935525 0.000927059 0.000918821 0.000911073 0.000904118 0.000898296 0.000893986 0.000891608 
4.87 0.000931029 0.000919395 0.000907765 0.000896354 0.000885417 0.000875258 0.000866227 0.000858723 0.0008532 0.00085016 
4.87 1.08666e-05 1.25819e-05 1.42045e-05 1.57198e-05 1.71102e-05 1.83546e-05 1.94274e-05 2.02975e-05 2.0927e-05 2.127e-05 
4.87 0.00135164 0.00124785 0.00114846 0.00105458 0.000967537 0.000888911 0.000820598 0.000764846 0.000724323 0.00070219 
4.87 0.00111874 0.00121042 0.00129744 0.00137895 0.00145396 0.00152128 0.00157943 0.00162668 0.00166091 0.00167956 
4.87 2.34267e-05 9.25293e-07 5.60902e-15 5.60902e-15 5.60902e-15 5.60902e-15 5.60902e-15 5.60902e-15 5.60902e-15 5.60902e-15 
4.87 9.8526e-11 9.20082e-11 8.73164e-11 8.38274e-11 8.11831e-11 7.91665e-11 7.76421e-11 7.65279e-11 7.57816e-11 7.53946e-11 
4.88 0.000532789 0.000617289 0.000697226 0.000771879 0.000840383 0.000901697 0.000954557 0.00099743 0.00102845 0.00104534 
4.88 0.000952532 0.000944288 0.000935863 0.000927441 0.000919246 0.000911539 0.00090462 0.000898829 0.000894542 0.000892176 
4.88 0.000931268 0.000919675 0.000908088 0.000896719 0.000885823 0.000875703 0.000866707 0.000859232 0.00085373 0.000850702 
4.88 1.0871e-05 1.25871e-05 1.42105e-05 1.57265e-05 1.71177e-05 1.83628e-05 1.94362e-05 2.03069e-05 2.09368e-05 2.128e-05 
4.88 0.00135189 0.00124815 0.0011488 0.00105497 0.000967969 0.000889385 0.000821109 0.000765388 0.000724888 0.000702768 
4.88 0.00111885 0.00121055 0.00129759 0.00137912 0.00145415 0.00152148 0.00157965 0.00162692 0.00166116 0.00167981 
4.88 2.34267e-05 9.25293e-07 5.60902e-15 5.60902e-15 5.60902e-15 5.60902e-15 5.60902e-15 5.60902e-15 5.60902e-15 5.60902e-15 
4.88 9.84956e-11 9.19802e-11 8.72898e-11 8.38017e-11 8.11581e-11 7.9142e-11 7.76175e-11 7.65037e-11 7.57577e-11 7.53707e-11 
4.89 0.000533004 0.000617542 0.000697517 0.000772208 0.00084075 0.000902098 0.00095499 0.000997889 0.00102893 0.00104583 
4.89 0.000952781 0.00094458 0.000936199 0.000927821 0.000919669 0.000912002 0.00090512 0.000899359 0.000895095 0.000892741 
4.89 0.000931505 0.000919954 0.000908409 0.000897082 0.000886227 0.000876146 0.000867184 0.000859738 0.000854257 0.000851241 
4.89 1.08754e-05 1.25922e-05 1.42164e-05 1.57332e-05 1.71251e-05 1.8371e-05 1.9445e-05 2.03162e-05 2.09465e-05 2.12899e-05 
4.89 0.00135214 0.00124845 0.00114914 0.00105536 0.000968399 0.000889856 0.000821617 0.000765927 0.00072545 0.000703342 
4.89 0.00111896 0.00121068 0.00129774 0.00137929 0.00145434 0.00152169 0.00157987 0.00162715 0.0016614 0.00168006 
4.89 2.34267e-05 9.25293e-07 5.60902e-15 5.60902e-15 5.60902e-15 5.60902e-15 5.60902e-15 5.60902e-15 5.60902e-15 5.60902e-15 
4.89 9.84655e-11 9.19524e-11 8.72634e-11 8.37762e-11 8.11333e-11 7.91172e-11 7.75932e-11 7.64797e-11 7.57339e-11 7.53467e-11 
4.90 0.000533218 0.000617793 0.000697806 0.000772535 0.000841114 0.000902497 0.00095542 0.000998346 0.0010294 0.00104632 
4.90 0.000953028 0.00094487 0.000936533 0.000928199 0.00092009 0.000912463 0.000905617 0.000899886 0.000895645 0.000893303 
4.90 0.000931741 0.000920231 0.000908728 0.000897443 0.000886629 0.000876586 0.000867659 0.000860241 0.000854782 0.000851777 
4.90 1.08798e-05 1.25973e-05 1.42223e-05 1.57399e-05 1.71325e-05 1.83791e-05 1.94538e-05 2.03255e-05 2.09562e-05 2.12998e-05 
4.90 0.00135239 0.00124874 0.00114948 0.00105574 0.000968827 0.000890325 0.000822122 0.000766463 0.000726009 0.000703914 
4.90 0.00111907 0.00121081 0.00129789 0.00137946 0.00145453 0.00152189 0.00158009 0.00162738 0.00166164 0.00168031 
4.90 2.34267e-05 9.25293e-07 5.60902e-15 5.60902e-15 5.60902e-15 5.60902e-15 5.60902e-15 5.60902e-15 5.60902e-15 5.60902e-15 
4.90 9.84356e-11 9.19248e-11 8.72372e-11 8.3751e-11 8.11087e-11 7.9093e-11 7.75689e-11 7.64555e-11 7.57097e-11 7.53227e-11 
4.91 0.000533431 0.000618043 0.000698094 0.000772861 0.000841476 0.000902894 0.000955848 0.000998799 0.00102987 0.0010468 
4.91 0.000953274 0.000945159 0.000936865 0.000928575 0.000920509 0.000912922 0.000906111 0.00090041 0.000896192 0.000893862 
4.91 0.000931976 0.000920507 0.000909045 0.000897802 0.000887029 0.000877024 0.000868131 0.000860742 0.000855304 0.000852311 
4.91 1.08841e-05 1.26024e-05 1.42281e-05 1.57465e-05 1.71399e-05 1.83872e-05 1.94625e-05 2.03347e-05 2.09658e-05 2.13096e-05 
4.91 0.00135264 0.00124903 0.00114982 0.00105612 0.000969252 0.000890791 0.000822625 0.000766996 0.000726565 0.000704482 
4.91 0.00111918 0.00121094 0.00129804 0.00137963 0.00145472 0.00152209 0.00158031 0.00162761 0.00166188 0.00168056 
4.91 2.34267e-05 9.25293e-07 5.60902e-15 5.60902e-15 5.60902e-15 5.60902e-15 5.60902e-15 5.60902e-15 5.60902e-15 5.60902e-15 
4.91 9.8406e-11 9.18974e-11 8.72113e-11 8.3726e-11 8.10842e-11 7.90687e-11 7.75449e-11 7.64316e-11 7.56861e-11 7.52989e-11 
4.92 0.000533643 0.000618292 0.00069838 0.000773185 0.000841837 0.000903289 0.000956274 0.00099925 0.00103034 0.00104728 
4.92 0.000953519 0.000945446 0.000937196 0.000928949 0.000920925 0.000913378 0.000906603 0.000900932 0.000896736 0.000894418 
4.92 0.00093221 0.000920781 0.000909361 0.000898159 0.000887427 0.00087746 0.0008686 0.00086124 0.000855823 0.000852842 
4.92 1.08884e-05 1.26075e-05 1.42339e-05 1.57531e-05 1.71472e-05 1.83952e-05 1.94712e-05 2.03439e-05 2.09754e-05 2.13194e-05 
4.92 0.00135289 0.00124932 0.00115016 0.0010565 0.000969675 0.000891255 0.000823125 0.000767527 0.000727118 0.000705048 
4.92 0.00111929 0.00121107 0.00129819 0.0013798 0.0014549 0.00152229 0.00158053 0.00162784 0.00166212 0.00168081 
4.92 2.34267e-05 9.25293e-07 5.60902e-15 5.60902e-15 5.60902e-15 5.60902e-15 5.60902e-15 5.60902e-15 5.60902e-15 5.60902e-15 
4.92 9.83766e-11 9.18703e-11 8.71856e-11 8.37012e-11 8.10599e-11 7.90445e-11 7.75211e-11 7.64079e-11 7.56626e-11 7.52756e-11 
4.93 0.000533854 0.000618539 0.000698665 0.000773507 0.000842196 0.000903682 0.000956697 0.000999699 0.00103081 0.00104776 
4.93 0.000953762 0.000945732 0.000937525 0.000929321 0.000921339 0.000913832 0.000907092 0.000901451 0.000897277 0.000894971 
4.93 0.000932443 0.000921054 0.000909675 0.000898514 0.000887823 0.000877893 0.000869067 0.000861736 0.00085634 0.00085337 
4.93 1.08927e-05 1.26125e-05 1.42397e-05 1.57596e-05 1.71545e-05 1.84032e-05 1.94798e-05 2.0353e-05 2.09849e-05 2.13291e-05 
4.93 0.00135314 0.00124961 0.00115049 0.00105688 0.000970096 0.000891716 0.000823623 0.000768055 0.000727668 0.000705611 
4.93 0.0011194 0.0012112 0.00129833 0.00137996 0.00145508 0.00152249 0.00158075 0.00162807 0.00166236 0.00168105 
4.93 2.34267e-05 9.25293e-07 5.60902e-15 5.60902e-15 5.60902e-15 5.60902e-15 5.60902e-15 5.60902e-15 5.60902e-15 5.60902e-15 
4.93 9.83473e-11 9.18433e-11 8.71601e-11 8.36765e-11 8.10355e-11 7.90205e-11 7.74975e-11 7.63843e-11 7.56392e-11 7.52524e-11 
4.94 0.000534064 0.000618785 0.000698948 0.000773828 0.000842553 0.000904073 0.000957118 0.00100015 0.00103128 0.00104824 
4.94 0.000954004 0.000946016 0.000937852 0.000929691 0.000921751 0.000914283 0.000907579 0.000901967 0.000897815 0.000895521 
4.94 0.000932674 0.000921325 0.000909987 0.000898868 0.000888216 0.000878324 0.000869532 0.000862229 0.000856854 0.000853895 
4.94 1.0897e-05 1.26175e-05 1.42455e-05 1.57661e-05 1.71618e-05 1.84111e-05 1.94884e-05 2.03621e-05 2.09944e-05 2.13388e-05 
4.94 0.00135339 0.0012499 0.00115082 0.00105726 0.000970515 0.000892175 0.000824118 0.00076858 0.000728215 0.00070617 
4.94 0.00111951 0.00121133 0.00129847 0.00138012 0.00145526 0.00152269 0.00158096 0.0016283 0.0016626 0.00168129 
4.94 2.34267e-05 9.25293e-07 5.60902e-15 5.60902e-15 5.60902e-15 5.60902e-15 5.60902e-15 5.60902e-15 5.60902e-15 5.60902e-15 
4.94 9.83183e-11 9.18165e-11 8.71342e-11 8.36515e-11 8.10111e-11 7.89967e-11 7.7474e-11 7.63609e-11 7.56157e-11 7.52289e-11 
4.95 0.000534273 0.00061903 0.00069923 0.000774147 0.000842908 0.000904462 0.000957538 0.00100059 0.00103174 0.00104871 
4.95 0.000954245 0.000946299 0.000938178 0.00093006 0.000922161 0.000914732 0.000908063 0.000902481 0.00089835 0.000896069 
4.95 0.000932904 0.000921595 0.000910298 0.00089922 0.000888607 0.000878753 0.000869994 0.000862719 0.000857365 0.000854418 
4.95 1.09012e-05 1.26225e-05 1.42512e-05 1.57726e-05 1.7169e-05 1.8419e-05 1.94969e-05 2.03712e-05 2.10038e-05 2.13484e-05 
4.95 0.00135363 0.00125019 0.00115115 0.00105763 0.000970932 0.000892632 0.00082461 0.000769102 0.000728759 0.000706727 
4.95 0.00111962 0.00121145 0.00129862 0.00138028 0.00145544 0.00152289 0.00158117 0.00162853 0.00166284 0.00168153 
4.95 2.34267e-05 9.25293e-07 5.60902e-15 5.60902e-15 5.60902e-15 5.60902e-15 5.60902e-15 5.60902e-15 5.60902e-15 5.60902e-15 
4.95 9.82895e-11 9.179e-11 8.7109e-11 8.36267e-11 8.09869e-11 7.8973e-11 7.74504e-11 7.63374e-11 7.55923e-11 7.52053e-11 
4.96 0.000534481 0.000619274 0.000699511 0.000774464 0.000843261 0.000904849 0.000957955 0.00100103 0.0010322 0.00104918 
4.96 0.000954485 0.00094658 0.000938502 0.000930427 0.000922569 0.000915179 0.000908545 0.000902992 0.000898882 0.000896614 
4.96 0.000933133 0.000921864 0.000910607 0.00089957 0.000888996 0.000879179 0.000870454 0.000863207 0.000857873 0.000854938 
4.96 1.09054e-05 1.26275e-05 1.42569e-05 1.57791e-05 1.71762e-05 1.84269e-05 1.95054e-05 2.03802e-05 2.10132e-05 2.1358e-05 
4.96 0.00135387 0.00125048 0.00115148 0.001058 0.000971346 0.000893086 0.0008251 0.000769621 0.000729301 0.000707281 
4.96 0.00111973 0.00121158 0.00129876 0.00138044 0.00145562 0.00152309 0.00158138 0.00162876 0.00166307 0.00168177 
4.96 2.34267e-05 9.25293e-07 5.60902e-15 5.60902e-15 5.60902e-15 5.60902e-15 5.60902e-15 5.60902e-15 5.60902e-15 5.60902e-15 
4.96 9.82607e-11 9.1763e-11 8.70834e-11 8.36021e-11 8.0963e-11 7.89494e-11 7.7427e-11 7.63147e-11 7.55696e-11 7.51825e-11 
4.97 0.000534687 0.000619516 0.000699789 0.00077478 0.000843612 0.000905234 0.000958369 0.00100147 0.00103266 0.00104965 
4.97 0.000954723 0.00094686 0.000938824 0.000930791 0.000922975 0.000915623 0.000909024 0.0009035 0.000899412 0.000897156 
4.97 0.000933361 0.000922131 0.000910915 0.000899918 0.000889383 0.000879603 0.000870911 0.000863692 0.000858379 0.000855455 
4.97 1.09096e-05 1.26324e-05 1.42626e-05 1.57855e-05 1.71833e-05 1.84347e-05 1.95138e-05 2.03891e-05 2.10225e-05 2.13675e-05 
4.97 0.00135411 0.00125076 0.00115181 0.00105837 0.000971758 0.000893537 0.000825587 0.000770138 0.00072984 0.000707832 
4.97 0.00111984 0.0012117 0.0012989 0.0013806 0.0014558 0.00152329 0.00158159 0.00162898 0.00166331 0.00168201 
4.97 2.34267e-05 9.25293e-07 5.60902e-15 5.60902e-15 5.60902e-15 5.60902e-15 5.60902e-15 5.60902e-15 5.60902e-15 5.60902e-15 
4.97 9.82325e-11 9.17368e-11 8.70582e-11 8.35777e-11 8.09392e-11 7.89261e-11 7.74038e-11 7.62919e-11 7.55466e-11 7.51597e-11 
4.98 0.000534892 0.000619757 0.000700067 0.000775093 0.000843961 0.000905616 0.000958781 0.00100191 0.00103312 0.00105012 
4.98 0.00095496 0.000947138 0.000939144 0.000931154 0.000923378 0.000916065 0.000909501 0.000904006 0.000899939 0.000897695 
4.98 0.000933587 0.000922397 0.000911221 0.000900264 0.000889769 0.000880025 0.000871366 0.000864175 0.000858882 0.000855969 
4.98 1.09138e-05 1.26373e-05 1.42682e-05 1.57919e-05 1.71904e-05 1.84425e-05 1.95222e-05 2.0398e-05 2.10318e-05 2.1377e-05 
4.98 0.00135435 0.00125104 0.00115214 0.00105874 0.000972168 0.000893986 0.000826071 0.000770652 0.000730376 0.00070838 
4.98 0.00111994 0.00121182 0.00129904 0.00138076 0.00145598 0.00152348 0.0015818 0.0016292 0.00166354 0.00168225 
4.98 2.34267e-05 9.25293e-07 5.60902e-15 5.60902e-15 5.60902e-15 5.60902e-15 5.60902e-15 5.60902e-15 5.60902e-15 5.60902e-15 
4.98 9.82043e-11 9.17103e-11 8.7033e-11 8.35536e-11 8.09157e-11 7.8903e-11 7.73808e-11 7.62689e-11 7.55239e-11 7.51369e-11 
4.99 0.000535096 0.000619997 0.000700343 0.000775405 0.000844309 0.000905997 0.000959192 0.00100235 0.00103357 0.00105058 
4.99 0.000955196 0.000947415 0.000939463 0.000931515 0.000923779 0.000916505 0.000909975 0.000904509 0.000900463 0.000898231 
4.99 0.000933812 0.000922661 0.000911525 0.000900608 0.000890152 0.000880445 0.000871819 0.000864655 0.000859382 0.000856481 
4.99 1.0918e-05 1.26422e-05 1.42738e-05 1.57982e-05 1.71975e-05 1.84502e-05 1.95305e-05 2.04069e-05 2.1041e-05 2.13864e-05 
4.99 0.00135459 0.00125132 0.00115246 0.00105911 0.000972576 0.000894433 0.000826553 0.000771163 0.000730909 0.000708925 
4.99 0.00112004 0.00121194 0.00129918 0.00138092 0.00145616 0.00152367 0.00158201 0.00162942 0.00166377 0.00168249 
4.99 2.34267e-05 9.25293e-07 5.60902e-15 5.60902e-15 5.60902e-15 5.60902e-15 5.60902e-15 5.60902e-15 5.60902e-15 5.60902e-15 
4.99 9.81756e-11 9.16839e-11 8.7008e-11 8.35295e-11 8.08923e-11 7.88798e-11 7.73579e-11 7.62459e-11 7.55009e-11 7.51141e-11 
5.00 0.000535299 0.000620235 0.000700618 0.000775716 0.000844654 0.000906376 0.000959601 0.00100278 0.00103402 0.00105104 
5.00 0.000955431 0.000947691 0.00093978 0.000931874 0.000924179 0.000916942 0.000910447 0.000905009 0.000900985 0.000898764 
5.00 0.000934036 0.000922924 0.000911828 0.00090095 0.000890533 0.000880863 0.000872269 0.000865133 0.00085988 0.00085699 
5.00 1.09221e-05 1.2647e-05 1.42794e-05 1.58045e-05 1.72045e-05 1.84579e-05 1.95388e-05 2.04157e-05 2.10502e-05 2.13958e-05 
5.00 0.00135483 0.0012516 0.00115278 0.00105947 0.000972982 0.000894878 0.000827032 0.000771672 0.000731439 0.000709467 
5.00 0.00112014 0.00121206 0.00129932 0.00138108 0.00145634 0.00152387 0.00158222 0.00162964 0.001664 0.00168273 
5.00 2.34267e-05 9.25293e-07 5.60902e-15 5.60902e-15 5.60902e-15 5.60902e-15 5.60902e-15 5.60902e-15 5.60902e-15 5.60902e-15 
5.00 9.81471e-11 9.16576e-11 8.69832e-11 8.35057e-11 8.08691e-11 7.88567e-11 7.7335e-11 7.6223e-11 7.54785e-11 7.5092e-11 
