0.01 4.12492e-06 4.17267e-06 4.18475e-06 4.18781e-06 4.18858e-06 4.18875e-06 4.18869e-06 4.18824e-06 4.18624e-06 4.17752e-06 
0.01 2.9878e-05 7.56065e-06 1.91323e-06 4.84145e-07 1.22513e-07 3.10022e-08 7.84547e-09 1.98672e-09 5.08888e-10 1.55494e-10 
0.01 3.93945e-05 1.73004e-05 1.17094e-05 1.02946e-05 9.93661e-06 9.84602e-06 9.82309e-06 9.81729e-06 9.81583e-06 9.81548e-06 
0.01 9.23385e-08 9.23385e-08 9.23385e-08 9.23385e-08 9.23385e-08 9.23385e-08 9.23385e-08 9.23385e-08 9.23385e-08 9.23385e-08 
0.01 6.47258e-05 2.03144e-05 9.07603e-06 6.23215e-06 5.51251e-06 5.3304e-06 5.28432e-06 5.27266e-06 5.26972e-06 5.26901e-06 
0.01 0.000991436 0.00100171 0.00100431 0.00100497 0.00100513 0.00100518 0.00100519 0.00100519 0.00100519 0.00100519 
0.01 4.02721e-06 5.60902e-15 5.60902e-15 5.60902e-15 5.60902e-15 5.60902e-15 5.60902e-15 5.60902e-15 5.60902e-15 5.60902e-15 
0.01 1.12732e-08 1.12597e-08 1.12564e-08 1.12555e-08 1.12553e-08 1.12553e-08 1.12556e-08 1.12568e-08 1.12622e-08 1.12857e-08 
0.02 8.47912e-06 8.65636e-06 8.70859e-06 8.72367e-06 8.72794e-06 8.72907e-06 8.72915e-06 8.7284e-06 8.72597e-06 8.72064e-06 
0.02 5.35748e-05 1.81742e-05 5.76734e-06 1.75508e-06 5.1894e-07 1.50251e-07 4.2815e-08 1.20595e-08 3.41037e-09 1.15004e-09 
0.02 6.26752e-05 2.76245e-05 1.53406e-05 1.13682e-05 1.01444e-05 9.7794e-06 9.67303e-06 9.64259e-06 9.63402e-06 9.63179e-06 
0.02 1.82796e-07 1.84201e-07 1.84557e-07 1.84646e-07 1.84669e-07 1.84675e-07 1.84676e-07 1.84677e-07 1.84677e-07 1.84677e-07 
0.02 0.000107292 3.67398e-05 1.20235e-05 4.03231e-06 1.57068e-06 8.36556e-07 6.2265e-07 5.61418e-07 5.44199e-07 5.39695e-07 
0.02 0.000985123 0.00100152 0.00100726 0.00100912 0.00100969 0.00100986 0.00100991 0.00100992 0.00100992 0.00100993 
0.02 6.06521e-06 5.60902e-15 5.60902e-15 5.60902e-15 5.60902e-15 5.60902e-15 5.60902e-15 5.60902e-15 5.60902e-15 5.60902e-15 
0.02 5.44929e-09 5.42658e-09 5.42494e-09 5.42553e-09 5.42593e-09 5.42616e-09 5.42638e-09 5.42692e-09 5.42845e-09 5.43177e-09 
0.03 1.27381e-05 1.30936e-05 1.32157e-05 1.32559e-05 1.32686e-05 1.32725e-05 1.32733e-05 1.32726e-05 1.32704e-05 1.32669e-05 
0.03 7.32636e-05 2.98121e-05 1.111e-05 3.89432e-06 1.30519e-06 4.2275e-07 1.33318e-07 4.12007e-08 1.27247e-08 4.68673e-09 
0.03 8.19924e-05 3.89646e-05 2.04462e-05 1.33017e-05 1.07382e-05 9.86452e-06 9.57796e-06 9.48676e-06 9.45857e-06 9.45061e-06 
0.03 2.70739e-07 2.75178e-07 2.76488e-07 2.76866e-07 2.76973e-07 2.77004e-07 2.77012e-07 2.77015e-07 2.77015e-07 2.77015e-07 
0.03 0.000141995 5.52537e-05 1.79513e-05 3.5664e-06 7.59099e-15 7.59099e-15 7.59099e-15 7.59099e-15 7.59099e-15 7.59099e-15 
0.03 0.000980539 0.00100081 0.00100951 0.00101286 0.00101405 0.00101446 0.0010146 0.00101464 0.00101465 0.00101466 
0.03 7.58749e-06 5.60902e-15 5.60902e-15 5.60902e-15 7.59102e-16 7.59102e-16 7.59102e-16 7.59102e-16 7.59102e-16 7.59102e-16 
0.03 3.61043e-09 3.58505e-09 3.58278e-09 3.58376e-09 3.58455e-09 3.58496e-09 3.58521e-09 3.58556e-09 3.58621e-09 3.58715e-09 
0.04 1.69144e-05 1.74786e-05 1.76973e-05 1.77776e-05 1.78058e-05 1.78151e-05 1.78178e-05 1.78177e-05 1.78159e-05 1.78136e-05 
0.04 9.02024e-05 4.15695e-05 1.74669e-05 6.84625e-06 2.54339e-06 9.05733e-07 3.1177e-07 1.04542e-07 3.49434e-08 1.39318e-08 
0.04 9.85906e-05 5.04253e-05 2.65569e-05 1.60402e-05 1.17796e-05 1.01581e-05 9.56997e-06 9.3648e-06 9.29589e-06 9.27509e-06 
0.04 3.56668e-07 3.6509e-07 3.67973e-07 3.68919e-07 3.6922e-07 3.69313e-07 3.69342e-07 3.69351e-07 3.69353e-07 3.69353e-07 
0.04 0.000171324 7.40806e-05 2.60081e-05 5.09842e-06 7.59099e-15 7.59099e-15 7.59099e-15 7.59099e-15 7.59099e-15 7.59099e-15 
0.04 0.000977127 0.000999994 0.00101126 0.00101621 0.00101821 0.00101897 0.00101925 0.00101935 0.00101938 0.00101939 
0.04 8.72456e-06 5.60902e-15 5.60902e-15 5.60902e-15 7.59102e-16 7.59102e-16 7.59102e-16 7.59102e-16 7.59102e-16 7.59102e-16 
0.04 2.70953e-09 2.68344e-09 2.68014e-09 2.68109e-09 2.68212e-09 2.68271e-09 2.68303e-09 2.68331e-09 2.68365e-09 2.68402e-09 
0.05 2.10184e-05 2.1811e-05 2.2149e-05 2.22847e-05 2.23366e-05 2.23554e-05 2.23616e-05 2.23628e-05 2.23619e-05 2.23603e-05 
0.05 0.000105156 5.30558e-05 2.44614e-05 1.04938e-05 4.24833e-06 1.64066e-06 6.09538e-07 2.19722e-07 7.88758e-08 3.37758e-08 
0.05 0.000113227 6.16198e-05 3.33e-05 1.94679e-05 1.32833e-05 1.07012e-05 9.68015e-06 9.29417e-06 9.15471e-06 9.11006e-06 
0.05 4.40923e-07 4.53886e-07 4.58895e-07 4.60727e-07 4.61369e-07 4.61586e-07 4.61659e-07 4.61682e-07 4.61689e-07 4.61691e-07 
0.05 0.000196799 9.24672e-05 3.54971e-05 8.38072e-06 7.59099e-15 7.59099e-15 7.59099e-15 7.59099e-15 7.59099e-15 7.59099e-15 
0.05 0.000974548 0.000999241 0.00101269 0.00101923 0.00102215 0.00102337 0.00102384 0.00102402 0.00102409 0.00102411 
0.05 9.57389e-06 5.60902e-15 5.60902e-15 5.60902e-15 7.59102e-16 7.59102e-16 7.59102e-16 7.59102e-16 7.59102e-16 7.59102e-16 
0.05 2.17473e-09 2.14879e-09 2.14448e-09 2.14519e-09 2.14634e-09 2.14708e-09 2.14748e-09 2.14775e-09 2.14798e-09 2.14817e-09 
0.06 2.50577e-05 2.60924e-05 2.65682e-05 2.67742e-05 2.68588e-05 2.6892e-05 2.6904e-05 2.69076e-05 2.69077e-05 2.6907e-05 
0.06 0.000118613 6.41167e-05 3.18232e-05 1.47047e-05 6.40162e-06 2.65148e-06 1.05337e-06 4.0503e-07 1.55125e-07 7.08549e-08 
0.06 0.000126384 7.23953e-05 4.04081e-05 2.34539e-05 1.52312e-05 1.15175e-05 9.93499e-06 9.29299e-06 9.04554e-06 8.9621e-06 
0.06 5.23732e-07 5.41583e-07 5.49177e-07 5.52217e-07 5.53377e-07 5.53801e-07 5.53953e-07 5.54005e-07 5.54022e-07 5.54027e-07 
0.06 0.000219392 0.000110114 4.58542e-05 1.28893e-05 7.59099e-15 7.59099e-15 7.59099e-15 7.59099e-15 7.59099e-15 7.59099e-15 
0.06 0.000972587 0.000998629 0.00101392 0.00102197 0.00102587 0.00102762 0.00102837 0.00102867 0.00102878 0.00102882 
0.06 1.02083e-05 5.60902e-15 5.60902e-15 5.60902e-15 7.59102e-16 7.59102e-16 7.59102e-16 7.59102e-16 7.59102e-16 7.59102e-16 
0.06 1.82049e-09 1.79511e-09 1.78994e-09 1.79029e-09 1.79145e-09 1.7923e-09 1.79279e-09 1.79309e-09 1.79328e-09 1.7934e-09 
0.07 2.90385e-05 3.03245e-05 3.09537e-05 3.12437e-05 3.13705e-05 3.14234e-05 3.14442e-05 3.14515e-05 3.14533e-05 3.14533e-05 
0.07 0.0001309 7.47062e-05 3.93673e-05 1.93546e-05 8.96536e-06 3.94656e-06 1.66357e-06 6.77801e-07 2.75379e-07 1.33348e-07 
0.07 0.000138385 8.27061e-05 4.7698e-05 2.78753e-05 1.75858e-05 1.26154e-05 1.03546e-05 9.37843e-06 8.97994e-06 8.8393e-06 
0.07 6.05257e-07 6.2822e-07 6.38774e-07 6.43331e-07 6.45199e-07 6.45933e-07 6.46211e-07 6.46314e-07 6.46349e-07 6.46361e-07 
0.07 0.00023975 0.000126922 5.66606e-05 1.82168e-05 1.07575e-06 7.59099e-15 7.59099e-15 7.59099e-15 7.59099e-15 7.59099e-15 
0.07 0.000971101 0.000998182 0.00101503 0.00102449 0.00102939 0.00103175 0.00103281 0.00103327 0.00103346 0.00103352 
0.07 1.06822e-05 5.60902e-15 5.60902e-15 5.60902e-15 5.60902e-15 7.59102e-16 7.59102e-16 7.59102e-16 7.59102e-16 7.59102e-16 
0.07 1.56852e-09 1.54389e-09 1.53803e-09 1.53797e-09 1.53907e-09 1.54e-09 1.54057e-09 1.5409e-09 1.54109e-09 1.54118e-09 
0.08 3.29654e-05 3.45096e-05 3.53049e-05 3.56915e-05 3.58699e-05 3.59484e-05 3.59812e-05 3.5994e-05 3.59982e-05 3.59993e-05 
0.08 0.000142244 8.48269e-05 4.69704e-05 2.43362e-05 1.18925e-05 5.52211e-06 2.45359e-06 1.05329e-06 4.51669e-07 2.30613e-07 
0.08 0.000149455 9.25547e-05 5.50477e-05 3.2626e-05 2.03006e-05 1.39913e-05 1.09523e-05 9.56561e-06 8.96984e-06 8.75094e-06 
0.08 6.85619e-07 7.13847e-07 7.27663e-07 7.34021e-07 7.36796e-07 7.37954e-07 7.3842e-07 7.38601e-07 7.38667e-07 7.3869e-07 
0.08 0.000258323 0.000142888 6.76532e-05 2.42048e-05 3.20969e-06 7.59099e-15 7.59099e-15 7.59099e-15 7.59099e-15 7.59099e-15 
0.08 0.000969992 0.000997902 0.00101607 0.00102684 0.00103273 0.00103573 0.00103718 0.00103783 0.00103811 0.00103821 
0.08 1.10361e-05 5.60902e-15 5.60902e-15 5.60902e-15 5.60902e-15 7.59102e-16 7.59102e-16 7.59102e-16 7.59102e-16 7.59102e-16 
0.08 1.3801e-09 1.35627e-09 1.34986e-09 1.34939e-09 1.35038e-09 1.35135e-09 1.352e-09 1.35237e-09 1.35257e-09 1.35266e-09 
0.09 3.68426e-05 3.86497e-05 3.96215e-05 4.0116e-05 4.03553e-05 4.04658e-05 4.05144e-05 4.05346e-05 4.05423e-05 4.05447e-05 
0.09 0.000152809 9.4502e-05 5.4552e-05 2.95611e-05 1.51335e-05 7.3658e-06 3.43052e-06 1.54403e-06 6.95724e-07 3.7273e-07 
0.09 0.000159756 0.000101964 6.23775e-05 3.76185e-05 2.33268e-05 1.56329e-05 1.17353e-05 9.86695e-06 9.02686e-06 8.707e-06 
0.09 7.64913e-07 7.98512e-07 8.15837e-07 8.24252e-07 8.28131e-07 8.29839e-07 8.30562e-07 8.30857e-07 8.30971e-07 8.31011e-07 
0.09 0.000275433 0.000158052 7.86696e-05 3.07186e-05 6.08528e-06 7.59099e-15 7.59099e-15 7.59099e-15 7.59099e-15 7.59099e-15 
0.09 0.000969186 0.000997777 0.00101709 0.00102905 0.00103591 0.00103959 0.00104145 0.00104233 0.00104273 0.00104287 
0.09 1.13005e-05 5.60902e-15 5.60902e-15 5.60902e-15 5.60902e-15 7.59102e-16 7.59102e-16 7.59102e-16 7.59102e-16 7.59102e-16 
0.09 1.23384e-09 1.21084e-09 1.204e-09 1.20315e-09 1.20399e-09 1.20497e-09 1.20567e-09 1.20609e-09 1.20632e-09 1.20642e-09 
0.10 4.0673e-05 4.27467e-05 4.39039e-05 4.45165e-05 4.48254e-05 4.49742e-05 4.50428e-05 4.50728e-05 4.50851e-05 4.50893e-05 
0.10 0.000162718 0.000103762 6.20602e-05 3.49587e-05 1.86409e-05 9.4599e-06 4.59604e-06 2.1596e-06 1.01846e-06 5.70036e-07 
0.10 0.000169409 0.000110964 6.9636e-05 4.27829e-05 2.66172e-05 1.75227e-05 1.27051e-05 1.0292e-05 9.16182e-06 8.71772e-06 
0.10 8.43217e-07 8.82261e-07 9.03296e-07 9.13999e-07 9.19172e-07 9.2156e-07 9.2262e-07 9.23072e-07 9.23256e-07 9.23321e-07 
0.10 0.000291319 0.000172469 8.96029e-05 3.76119e-05 9.48345e-06 7.59099e-15 7.59099e-15 7.59099e-15 7.59099e-15 7.59099e-15 
0.10 0.000968634 0.000997799 0.00101811 0.00103116 0.00103896 0.00104332 0.00104562 0.00104677 0.00104731 0.00104752 
0.10 1.1498e-05 5.60902e-15 5.60902e-15 5.60902e-15 5.60902e-15 7.59102e-16 7.59102e-16 7.59102e-16 7.59102e-16 7.59102e-16 
0.10 1.117e-09 1.09481e-09 1.08765e-09 1.08643e-09 1.08711e-09 1.08806e-09 1.08881e-09 1.08927e-09 1.08954e-09 1.08965e-09 
0.11 4.44597e-05 4.68024e-05 4.81524e-05 4.88922e-05 4.92791e-05 4.94727e-05 4.95655e-05 4.96079e-05 4.96262e-05 4.9633e-05 
0.11 0.000172065 0.000112639 6.94622e-05 4.04731e-05 2.2371e-05 1.17838e-05 5.94761e-06 2.90674e-06 1.42962e-06 8.32686e-07 
0.11 0.000178508 0.000119586 7.67907e-05 4.80639e-05 3.01287e-05 1.96404e-05 1.38593e-05 1.08474e-05 9.38438e-06 8.79317e-06 
0.11 9.20594e-07 9.65136e-07 9.90048e-07 1.00324e-06 1.00989e-06 1.01309e-06 1.01458e-06 1.01523e-06 1.01551e-06 1.01562e-06 
0.11 0.000306165 0.000186197 0.00010038 4.47532e-05 1.32449e-05 7.59099e-15 7.59099e-15 7.59099e-15 7.59099e-15 7.59099e-15 
0.11 0.000968292 0.000997953 0.00101914 0.00103319 0.00104188 0.00104694 0.00104971 0.00105115 0.00105185 0.00105213 
0.11 1.16455e-05 5.60902e-15 5.60902e-15 5.60902e-15 5.60902e-15 7.59102e-16 7.59102e-16 7.59102e-16 7.59102e-16 7.59102e-16 
0.11 1.0215e-09 1.0001e-09 9.92694e-10 9.9115e-10 9.91646e-10 9.92556e-10 9.93325e-10 9.93831e-10 9.94124e-10 9.94255e-10 
0.12 4.8205e-05 5.08185e-05 5.23675e-05 5.32427e-05 5.37155e-05 5.39602e-05 5.40817e-05 5.41395e-05 5.41654e-05 5.41752e-05 
0.12 0.000180924 0.000121163 7.67383e-05 4.60608e-05 2.62848e-05 1.43157e-05 7.47954e-06 3.78955e-06 1.93757e-06 1.17029e-06 
0.12 0.000187125 0.000127862 8.3822e-05 5.34185e-05 3.38228e-05 2.19645e-05 1.51923e-05 1.15372e-05 9.70284e-06 8.94288e-06 
0.12 9.97099e-07 1.04718e-06 1.0761e-06 1.09197e-06 1.10027e-06 1.10442e-06 1.10641e-06 1.10733e-06 1.10773e-06 1.10789e-06 
0.12 0.000320112 0.000199291 0.000110951 5.20329e-05 1.72503e-05 8.31181e-07 7.59099e-15 7.59099e-15 7.59099e-15 7.59099e-15 
0.12 0.000968131 0.000998228 0.00102019 0.00103516 0.00104471 0.00105045 0.00105371 0.00105546 0.00105634 0.0010567 
0.12 1.17557e-05 5.60902e-15 5.60902e-15 5.60902e-15 5.60902e-15 5.60902e-15 7.59102e-16 7.59102e-16 7.59102e-16 7.59102e-16 
0.12 9.41982e-10 9.21313e-10 9.13735e-10 9.11898e-10 9.12214e-10 9.13065e-10 9.1384e-10 9.14383e-10 9.14706e-10 9.14853e-10 
0.13 5.19108e-05 5.47966e-05 5.65498e-05 5.75678e-05 5.81338e-05 5.84358e-05 5.85906e-05 5.86667e-05 5.8702e-05 5.87157e-05 
0.13 0.000189354 0.000129364 8.3877e-05 5.16881e-05 3.03485e-05 1.7034e-05 9.18395e-06 4.80988e-06 2.54922e-06 1.59163e-06 
0.13 0.00019532 0.000135818 9.07188e-05 5.88133e-05 3.7666e-05 2.44736e-05 1.66964e-05 1.23633e-05 1.0124e-05 9.17555e-06 
0.13 1.07278e-06 1.12842e-06 1.16147e-06 1.18018e-06 1.19028e-06 1.19551e-06 1.19811e-06 1.19935e-06 1.19991e-06 1.20013e-06 
0.13 0.000333272 0.000211801 0.000121287 5.93903e-05 2.15256e-05 2.39109e-06 7.59099e-15 7.59099e-15 7.59099e-15 7.59099e-15 
0.13 0.000968126 0.000998611 0.00102127 0.00103708 0.00104745 0.00105386 0.00105762 0.0010597 0.00106078 0.00106123 
0.13 1.1838e-05 5.60902e-15 5.60902e-15 5.60902e-15 5.60902e-15 5.60902e-15 7.59102e-16 7.59102e-16 7.59102e-16 7.59102e-16 
0.13 8.7473e-10 8.54757e-10 8.47053e-10 8.44954e-10 8.4509e-10 8.45872e-10 8.46646e-10 8.47213e-10 8.47563e-10 8.47726e-10 
0.14 5.55793e-05 5.87381e-05 6.07e-05 6.18672e-05 6.25334e-05 6.28987e-05 6.30914e-05 6.31889e-05 6.32355e-05 6.32541e-05 
0.14 0.000197403 0.000137267 9.08728e-05 5.73289e-05 3.45328e-05 1.9918e-05 1.10516e-05 5.96771e-06 3.27e-06 2.10446e-06 
0.14 0.000203139 0.000143481 9.74754e-05 6.42226e-05 4.16294e-05 2.71472e-05 1.83624e-05 1.33258e-05 1.06534e-05 9.49886e-06 
0.14 1.14768e-06 1.20889e-06 1.24617e-06 1.26786e-06 1.27992e-06 1.28635e-06 1.28966e-06 1.29128e-06 1.29204e-06 1.29234e-06 
0.14 0.000345737 0.000223774 0.000131376 6.67877e-05 2.60627e-05 4.43634e-06 7.59099e-15 7.59099e-15 7.59099e-15 7.59099e-15 
0.14 0.000968256 0.000999092 0.00102239 0.00103897 0.00105011 0.00105718 0.00106145 0.00106388 0.00106516 0.00106572 
0.14 1.18995e-05 5.60902e-15 5.60902e-15 5.60902e-15 5.60902e-15 5.60902e-15 7.59102e-16 7.59102e-16 7.59102e-16 7.59102e-16 
0.14 8.17104e-10 7.97785e-10 7.89997e-10 7.87666e-10 7.8763e-10 7.88331e-10 7.89093e-10 7.89679e-10 7.90053e-10 7.9023e-10 
0.15 5.92117e-05 6.26442e-05 6.48187e-05 6.6141e-05 6.69137e-05 6.73482e-05 6.75834e-05 6.77056e-05 6.77655e-05 6.77899e-05 
0.15 0.000205112 0.000144894 9.77237e-05 6.29633e-05 3.8813e-05 2.29482e-05 1.30725e-05 7.26152e-06 4.10393e-06 2.71541e-06 
0.15 0.000210622 0.000150873 0.00010409 6.96266e-05 4.56885e-05 2.99661e-05 2.01805e-05 1.44231e-05 1.12949e-05 9.91941e-06 
0.15 1.22183e-06 1.28862e-06 1.33022e-06 1.35501e-06 1.36917e-06 1.37693e-06 1.38103e-06 1.38311e-06 1.3841e-06 1.3845e-06 
0.15 0.000357581 0.000235252 0.000141214 7.41941e-05 3.08169e-05 6.81565e-06 7.59099e-15 7.59099e-15 7.59099e-15 7.59099e-15 
0.15 0.000968505 0.000999663 0.00102354 0.00104084 0.00105271 0.00106042 0.0010652 0.00106799 0.0010695 0.00107016 
0.15 1.19454e-05 5.60902e-15 5.60902e-15 5.60902e-15 5.60902e-15 5.60902e-15 7.59102e-16 7.59102e-16 7.59102e-16 7.59102e-16 
0.15 7.67174e-10 7.48467e-10 7.40633e-10 7.38094e-10 7.3789e-10 7.38505e-10 7.39248e-10 7.39846e-10 7.40239e-10 7.40429e-10 
0.16 6.28099e-05 6.65161e-05 6.89066e-05 7.03893e-05 7.12745e-05 7.17836e-05 7.20659e-05 7.22162e-05 7.22914e-05 7.23227e-05 
0.16 0.000212513 0.000152267 0.00010443 6.8576e-05 4.3168e-05 2.61069e-05 1.52364e-05 8.6886e-06 5.05374e-06 3.4299e-06 
0.16 0.000217803 0.000158014 0.000110563 7.50101e-05 4.98225e-05 3.29128e-05 2.21405e-05 1.56526e-05 1.20513e-05 1.04426e-05 
0.16 1.29526e-06 1.36765e-06 1.41363e-06 1.44164e-06 1.45802e-06 1.46723e-06 1.47222e-06 1.47482e-06 1.47609e-06 1.47661e-06 
0.16 0.000368868 0.000246274 0.000150802 8.15814e-05 3.57353e-05 9.42863e-06 7.59099e-15 7.59099e-15 7.59099e-15 7.59099e-15 
0.16 0.000968859 0.00100032 0.00102472 0.00104269 0.00105525 0.00106359 0.00106887 0.00107203 0.00107377 0.00107455 
0.16 1.19797e-05 5.60902e-15 5.60902e-15 5.60902e-15 5.60902e-15 5.60902e-15 7.59102e-16 7.59102e-16 7.59102e-16 7.59102e-16 
0.16 7.2349e-10 7.05359e-10 6.975e-10 6.94781e-10 6.94419e-10 6.94944e-10 6.95658e-10 6.96261e-10 6.96668e-10 6.96869e-10 
0.17 6.6375e-05 7.03551e-05 7.29643e-05 7.46121e-05 7.56153e-05 7.62045e-05 7.65383e-05 7.672e-05 7.68128e-05 7.6852e-05 
0.17 0.000219635 0.000159405 0.000110995 7.41553e-05 4.75802e-05 2.93779e-05 1.75331e-05 1.02454e-05 6.12097e-06 4.25217e-06 
0.17 0.000224709 0.000164924 0.000116896 8.03616e-05 5.40138e-05 3.59713e-05 2.42323e-05 1.70108e-05 1.29241e-05 1.10726e-05 
0.17 1.368e-06 1.44599e-06 1.49641e-06 1.52774e-06 1.54647e-06 1.55724e-06 1.56322e-06 1.5664e-06 1.568e-06 1.56866e-06 
0.17 0.00037965 0.000256873 0.000160144 8.89242e-05 4.07677e-05 1.22049e-05 7.59099e-15 7.59099e-15 7.59099e-15 7.59099e-15 
0.17 0.000969307 0.00100104 0.00102594 0.00104453 0.00105774 0.00106669 0.00107247 0.001076 0.00107799 0.00107889 
0.17 1.20053e-05 5.60902e-15 5.60902e-15 5.60902e-15 5.60902e-15 5.60902e-15 7.59102e-16 7.59102e-16 7.59102e-16 7.59102e-16 
0.17 6.84947e-10 6.67356e-10 6.59492e-10 6.56614e-10 6.56101e-10 6.56537e-10 6.57214e-10 6.57816e-10 6.58233e-10 6.58446e-10 
0.18 6.99082e-05 7.41621e-05 7.69924e-05 7.88097e-05 7.9936e-05 8.06103e-05 8.1e-05 8.12164e-05 8.13291e-05 8.13774e-05 
0.18 0.000226503 0.000166323 0.000117421 7.96925e-05 5.20346e-05 3.27468e-05 1.99526e-05 1.19277e-05 7.30614e-06 5.18533e-06 
0.18 0.000231364 0.000171618 0.000123094 8.56724e-05 5.82478e-05 3.91272e-05 2.64462e-05 1.84935e-05 1.39139e-05 1.18125e-05 
0.18 1.44008e-06 1.52366e-06 1.57858e-06 1.61332e-06 1.6345e-06 1.64695e-06 1.654e-06 1.65784e-06 1.65981e-06 1.66064e-06 
0.18 0.000389973 0.00026708 0.000169243 9.62001e-05 4.58704e-05 1.50928e-05 2.85421e-07 7.59099e-15 7.59099e-15 7.59099e-15 
0.18 0.000969838 0.00100183 0.00102719 0.00104636 0.0010602 0.00106973 0.001076 0.00107991 0.00108215 0.00108317 
0.18 1.20244e-05 5.60902e-15 5.60902e-15 5.60902e-15 5.60902e-15 5.60902e-15 5.60902e-15 7.59102e-16 7.59102e-16 7.59102e-16 
0.18 6.50685e-10 6.33598e-10 6.2575e-10 6.22733e-10 6.2208e-10 6.22423e-10 6.23059e-10 6.23653e-10 6.24079e-10 6.24299e-10 
0.19 7.34108e-05 7.79381e-05 8.09917e-05 8.29822e-05 8.42364e-05 8.50005e-05 8.54504e-05 8.57049e-05 8.58398e-05 8.58983e-05 
0.19 0.000233137 0.000173037 0.000123712 8.51811e-05 5.65188e-05 3.62007e-05 2.24855e-05 1.37309e-05 8.60886e-06 6.23141e-06 
0.19 0.000237789 0.000178111 0.000129159 9.09361e-05 6.25121e-05 4.23679e-05 2.87728e-05 2.00962e-05 1.50203e-05 1.26644e-05 
0.19 1.51153e-06 1.60068e-06 1.66014e-06 1.69839e-06 1.72212e-06 1.73634e-06 1.74456e-06 1.74913e-06 1.75151e-06 1.75253e-06 
0.19 0.000399876 0.000276922 0.000178106 0.000103392 5.10158e-05 1.80935e-05 1.20894e-06 7.59099e-15 7.59099e-15 7.59099e-15 
0.19 0.000970443 0.00100269 0.00102847 0.00104819 0.00106262 0.00107272 0.00107947 0.00108375 0.00108624 0.00108739 
0.19 1.20387e-05 5.60902e-15 5.60902e-15 5.60902e-15 5.60902e-15 5.60902e-15 5.60902e-15 7.59102e-16 7.59102e-16 7.59102e-16 
0.19 6.20027e-10 6.03414e-10 5.95593e-10 5.92453e-10 5.91669e-10 5.91925e-10 5.92513e-10 5.93096e-10 5.93525e-10 5.93749e-10 
0.20 7.68836e-05 8.1684e-05 8.49626e-05 8.71298e-05 8.85164e-05 8.9375e-05 8.98891e-05 9.01851e-05 9.03443e-05 9.04141e-05 
0.20 0.000239556 0.00017956 0.000129872 9.06162e-05 6.10224e-05 3.97281e-05 2.51228e-05 1.56501e-05 1.0028e-05 7.39147e-06 
0.20 0.000244002 0.000184416 0.000135096 9.61479e-05 6.67964e-05 4.5682e-05 3.12032e-05 2.1814e-05 1.62421e-05 1.36293e-05 
0.20 1.58236e-06 1.67708e-06 1.74112e-06 1.78294e-06 1.80932e-06 1.82541e-06 1.83489e-06 1.84025e-06 1.8431e-06 1.84433e-06 
0.20 0.000409392 0.000286423 0.000186738 0.000110491 5.61965e-05 2.12524e-05 2.5395e-06 7.59099e-15 7.59099e-15 7.59099e-15 
0.20 0.000971117 0.0010036 0.00102978 0.00105002 0.00106501 0.00107566 0.00108288 0.00108753 0.00109028 0.00109157 
0.20 1.20494e-05 5.60902e-15 5.60902e-15 5.60902e-15 5.60902e-15 5.60902e-15 5.60902e-15 7.59102e-16 7.59102e-16 7.59102e-16 
0.20 5.92431e-10 5.76267e-10 5.68481e-10 5.65235e-10 5.64327e-10 5.64495e-10 5.65034e-10 5.65599e-10 5.66029e-10 5.66257e-10 
0.21 8.03277e-05 8.54006e-05 8.89057e-05 9.12529e-05 9.27758e-05 9.37333e-05 9.43157e-05 9.46562e-05 9.48421e-05 9.49245e-05 
0.21 0.000245776 0.000185904 0.000135906 9.59944e-05 6.55367e-05 4.33188e-05 2.78561e-05 1.76801e-05 1.15617e-05 8.66571e-06 
0.21 0.00025002 0.000190545 0.000140909 0.000101304 7.10921e-05 4.90595e-05 3.37291e-05 2.36419e-05 1.75776e-05 1.47075e-05 
0.21 1.6526e-06 1.75288e-06 1.82153e-06 1.86698e-06 1.89611e-06 1.91416e-06 1.92497e-06 1.9312e-06 1.93456e-06 1.93603e-06 
0.21 0.000418551 0.000295605 0.000195147 0.000117493 6.14062e-05 2.45635e-05 4.14267e-06 7.59099e-15 7.59099e-15 7.59099e-15 
0.21 0.000971853 0.00100456 0.00103112 0.00105184 0.00106738 0.00107855 0.00108624 0.00109125 0.00109426 0.00109568 
0.21 1.20574e-05 5.60902e-15 5.60902e-15 5.60902e-15 5.60902e-15 5.60902e-15 5.60902e-15 7.59102e-16 7.59102e-16 7.59102e-16 
0.21 5.6746e-10 5.51716e-10 5.43974e-10 5.40636e-10 5.39613e-10 5.39692e-10 5.40182e-10 5.40725e-10 5.41151e-10 5.41382e-10 
0.22 8.37439e-05 8.90887e-05 9.28217e-05 9.53516e-05 9.70148e-05 9.80751e-05 9.87296e-05 9.91178e-05 9.93326e-05 9.94287e-05 
0.22 0.000251811 0.000192081 0.000141819 0.000101313 7.00544e-05 4.6964e-05 3.06775e-05 1.98159e-05 1.32077e-05 1.00535e-05 
0.22 0.000255855 0.00019651 0.000146603 0.000106403 7.5392e-05 5.24915e-05 3.63428e-05 2.55749e-05 1.90246e-05 1.58984e-05 
0.22 1.72226e-06 1.82809e-06 1.90137e-06 1.95053e-06 1.98247e-06 2.00257e-06 2.01481e-06 2.02196e-06 2.02588e-06 2.02761e-06 
0.22 0.000427379 0.000304487 0.000203341 0.000124395 6.66358e-05 2.80033e-05 5.93518e-06 7.59099e-15 7.59099e-15 7.59099e-15 
0.22 0.000972643 0.00100557 0.00103248 0.00105367 0.00106972 0.0010814 0.00108954 0.00109492 0.00109818 0.00109973 
0.22 1.20634e-05 5.60902e-15 5.60902e-15 5.60902e-15 5.60902e-15 5.60902e-15 5.60902e-15 7.59102e-16 7.59102e-16 7.59102e-16 
0.22 5.44754e-10 5.29407e-10 5.21715e-10 5.18294e-10 5.17169e-10 5.17163e-10 5.17602e-10 5.18119e-10 5.18538e-10 5.18768e-10 
0.23 8.7133e-05 9.2749e-05 9.67111e-05 9.94263e-05 0.000101233 0.0001024 0.000103131 0.00010357 0.000103815 0.000103926 
0.23 0.000257674 0.0001981 0.000147615 0.000106571 7.45696e-05 5.06558e-05 3.35799e-05 2.20523e-05 1.49632e-05 1.15537e-05 
0.23 0.000261521 0.000202319 0.000152183 0.000111443 7.96904e-05 5.59703e-05 3.90371e-05 2.7608e-05 2.05803e-05 1.72007e-05 
0.23 1.79136e-06 1.90272e-06 1.98066e-06 2.03358e-06 2.06841e-06 2.09065e-06 2.10438e-06 2.11253e-06 2.11705e-06 2.11907e-06 
0.23 0.000435899 0.000313089 0.00021133 0.000131195 7.18738e-05 3.15442e-05 7.8622e-06 7.59099e-15 7.59099e-15 7.59099e-15 
0.23 0.000973484 0.00100662 0.00103387 0.0010555 0.00107204 0.00108421 0.00109279 0.00109853 0.00110204 0.00110372 
0.23 1.20678e-05 5.60902e-15 5.60902e-15 5.60902e-15 5.60902e-15 5.60902e-15 5.60902e-15 7.59102e-16 7.59102e-16 7.59102e-16 
0.23 5.24018e-10 5.09046e-10 5.01407e-10 4.97917e-10 4.96693e-10 4.96606e-10 4.96992e-10 4.97484e-10 4.97892e-10 4.98119e-10 
0.24 9.04958e-05 9.63823e-05 0.000100574 0.000103477 0.000105431 0.000106709 0.000107518 0.000108011 0.00010829 0.000108417 
0.24 0.000263376 0.00020397 0.000153298 0.000111768 7.90774e-05 5.43872e-05 3.65565e-05 2.43843e-05 1.6825e-05 1.31644e-05 
0.24 0.000267029 0.000207983 0.000157652 0.000116423 8.39823e-05 5.94891e-05 4.18055e-05 2.97361e-05 2.22416e-05 1.86127e-05 
0.24 1.85992e-06 1.97679e-06 2.05942e-06 2.11614e-06 2.15394e-06 2.17838e-06 2.19369e-06 2.20289e-06 2.20806e-06 2.21039e-06 
0.24 0.000444131 0.000321426 0.000219121 0.000137891 7.7108e-05 3.51601e-05 9.88556e-06 7.59099e-15 7.59099e-15 7.59099e-15 
0.24 0.000974371 0.00100771 0.00103529 0.00105733 0.00107434 0.00108698 0.00109599 0.00110208 0.00110584 0.00110765 
0.24 1.20711e-05 5.60902e-15 5.60902e-15 5.60902e-15 5.60902e-15 5.60902e-15 5.60902e-15 7.59102e-16 7.59102e-16 7.59102e-16 
0.24 5.05005e-10 4.90387e-10 4.82807e-10 4.79256e-10 4.7794e-10 4.77774e-10 4.78108e-10 4.78572e-10 4.78966e-10 4.79188e-10 
0.25 9.3833e-05 9.99893e-05 0.000104412 0.000107505 0.000109609 0.000111 0.000111892 0.000112441 0.000112756 0.000112901 
0.25 0.000268928 0.0002097 0.000158873 0.000116903 8.35737e-05 5.81523e-05 3.96012e-05 2.6807e-05 1.87899e-05 1.48833e-05 
0.25 0.000272389 0.000213509 0.000163015 0.000121343 8.82637e-05 6.30419e-05 4.46419e-05 3.19543e-05 2.40053e-05 2.01322e-05 
0.25 1.92795e-06 2.05032e-06 2.13765e-06 2.19822e-06 2.23904e-06 2.26577e-06 2.28272e-06 2.29304e-06 2.2989e-06 2.30156e-06 
0.25 0.000452094 0.000329514 0.000226722 0.000144483 8.23262e-05 3.88279e-05 1.19774e-05 7.59099e-15 7.59099e-15 7.59099e-15 
0.25 0.0009753 0.00100884 0.00103673 0.00105917 0.00107663 0.00108972 0.00109915 0.00110558 0.00110959 0.00111153 
0.25 1.20736e-05 5.60902e-15 5.60902e-15 5.60902e-15 5.60902e-15 5.60902e-15 5.60902e-15 7.59102e-16 7.59102e-16 7.59102e-16 
0.25 4.87509e-10 4.73226e-10 4.65708e-10 4.62101e-10 4.60702e-10 4.60461e-10 4.6074e-10 4.61174e-10 4.61551e-10 4.61768e-10 
0.26 9.71453e-05 0.00010357 0.000108225 0.000111509 0.000113765 0.000115274 0.000116252 0.000116861 0.000117213 0.000117376 
0.26 0.000274338 0.000215297 0.000164345 0.000121977 8.80552e-05 6.19456e-05 4.27084e-05 2.93154e-05 2.08542e-05 1.67078e-05 
0.26 0.00027761 0.000218904 0.000168277 0.000126202 9.25313e-05 6.66235e-05 4.75406e-05 3.42579e-05 2.58678e-05 2.17565e-05 
0.26 1.99547e-06 2.12332e-06 2.21536e-06 2.27982e-06 2.32373e-06 2.35281e-06 2.37147e-06 2.38297e-06 2.38956e-06 2.39258e-06 
0.26 0.000459805 0.000337366 0.000234141 0.000150968 8.75173e-05 4.25277e-05 1.41168e-05 4.16343e-08 7.59099e-15 7.59099e-15 
0.26 0.000976268 0.00101 0.00103819 0.00106101 0.0010789 0.00109243 0.00110226 0.00110903 0.00111328 0.00111535 
0.26 1.20755e-05 5.60902e-15 5.60902e-15 5.60902e-15 5.60902e-15 5.60902e-15 5.60902e-15 5.60902e-15 7.59102e-16 7.59102e-16 
0.26 4.71354e-10 4.5739e-10 4.49935e-10 4.46284e-10 4.44807e-10 4.44492e-10 4.44717e-10 4.45117e-10 4.4548e-10 4.45691e-10 
0.27 0.000100433 0.000107126 0.000112012 0.00011549 0.000117902 0.00011953 0.000120598 0.000121269 0.000121661 0.000121842 
0.27 0.000279615 0.000220769 0.000169717 0.000126989 9.25193e-05 6.57626e-05 4.58728e-05 3.1905e-05 2.30143e-05 1.86348e-05 
0.27 0.0002827 0.000224176 0.000173441 0.000131002 9.67822e-05 7.02291e-05 5.04966e-05 3.66423e-05 2.78254e-05 2.34827e-05 
0.27 2.06248e-06 2.1958e-06 2.29256e-06 2.36095e-06 2.408e-06 2.43949e-06 2.45993e-06 2.47266e-06 2.48003e-06 2.48343e-06 
0.27 0.00046728 0.000344995 0.000241383 0.000157345 9.26713e-05 4.62441e-05 1.62933e-05 6.16739e-07 7.59099e-15 7.59099e-15 
0.27 0.000977272 0.00101119 0.00103967 0.00106286 0.00108116 0.00109511 0.00110533 0.00111243 0.00111692 0.00111911 
0.27 1.20769e-05 5.60902e-15 5.60902e-15 5.60902e-15 5.60902e-15 5.60902e-15 5.60902e-15 5.60902e-15 7.59102e-16 7.59102e-16 
0.27 4.56392e-10 4.42729e-10 4.35341e-10 4.3165e-10 4.30099e-10 4.29714e-10 4.29886e-10 4.30252e-10 4.30597e-10 4.30801e-10 
0.28 0.000103698 0.000110658 0.000115776 0.000119448 0.000122019 0.00012377 0.000124929 0.000125665 0.000126098 0.0001263 
0.28 0.000284766 0.000226121 0.000174993 0.000131941 9.69636e-05 6.95991e-05 4.90896e-05 3.45712e-05 2.52663e-05 2.06611e-05 
0.28 0.000287667 0.000229331 0.00017851 0.000135743 0.000101014 7.38548e-05 5.3505e-05 3.91031e-05 2.98745e-05 2.53075e-05 
0.28 2.12901e-06 2.26778e-06 2.36926e-06 2.44161e-06 2.49186e-06 2.52582e-06 2.5481e-06 2.56212e-06 2.5703e-06 2.5741e-06 
0.28 0.000474531 0.000352413 0.000248456 0.000163613 9.77836e-05 4.99806e-05 1.85668e-05 1.52345e-06 7.59099e-15 7.59099e-15 
0.28 0.00097831 0.00101242 0.00104117 0.00106471 0.00108341 0.00109776 0.00110836 0.00111578 0.0011205 0.00112282 
0.28 1.20779e-05 5.60902e-15 5.60902e-15 5.60902e-15 5.60902e-15 5.60902e-15 5.60902e-15 5.60902e-15 7.59102e-16 7.59102e-16 
0.28 4.42494e-10 4.2912e-10 4.21796e-10 4.18073e-10 4.16453e-10 4.16e-10 4.16122e-10 4.16452e-10 4.16779e-10 4.16972e-10 
0.29 0.000106938 0.000114165 0.000119516 0.000123385 0.000126115 0.000127992 0.000129245 0.000130049 0.000130524 0.000130748 
0.29 0.000289799 0.00023136 0.000180177 0.000136833 0.000101386 7.34516e-05 5.23544e-05 3.73096e-05 2.76064e-05 2.27833e-05 
0.29 0.000292517 0.000234375 0.00018349 0.000140426 0.000105226 7.74968e-05 5.65616e-05 4.16359e-05 3.20112e-05 2.72276e-05 
0.29 2.19506e-06 2.33926e-06 2.44547e-06 2.52181e-06 2.5753e-06 2.6118e-06 2.63597e-06 2.65133e-06 2.66036e-06 2.66459e-06 
0.29 0.000481571 0.00035963 0.000255365 0.000169774 0.000102853 5.37407e-05 2.09459e-05 2.64776e-06 7.59099e-15 7.59099e-15 
0.29 0.000979378 0.00101367 0.00104269 0.00106657 0.00108564 0.00110039 0.00111136 0.00111909 0.00112403 0.00112648 
0.29 1.20787e-05 5.60902e-15 5.60902e-15 5.60902e-15 5.60902e-15 5.60902e-15 5.60902e-15 5.60902e-15 7.59102e-16 7.59102e-16 
0.29 4.29552e-10 4.16451e-10 4.09192e-10 4.05439e-10 4.03758e-10 4.0324e-10 4.0331e-10 4.03606e-10 4.03912e-10 4.04097e-10 
0.30 0.000110157 0.000117648 0.000123232 0.000127299 0.000130191 0.000132197 0.000133547 0.000134419 0.00013494 0.000135187 
0.30 0.000294719 0.000236492 0.000185272 0.000141667 0.000105786 7.73167e-05 5.56631e-05 4.01161e-05 3.00308e-05 2.49978e-05 
0.30 0.000297257 0.000239313 0.000188383 0.000145052 0.000109416 8.11522e-05 5.96622e-05 4.42366e-05 3.42318e-05 2.92395e-05 
0.30 2.26065e-06 2.41025e-06 2.5212e-06 2.60156e-06 2.65833e-06 2.69742e-06 2.72354e-06 2.74028e-06 2.75021e-06 2.75488e-06 
0.30 0.000488412 0.000366656 0.000262116 0.000175829 0.000107878 5.75239e-05 2.34205e-05 3.92147e-06 7.59099e-15 7.59099e-15 
0.30 0.000980473 0.00101494 0.00104422 0.00106843 0.00108787 0.001103 0.00111432 0.00112235 0.00112752 0.00113008 
0.30 1.20793e-05 5.60902e-15 5.60902e-15 5.60902e-15 5.60902e-15 5.60902e-15 5.60902e-15 5.60902e-15 7.59102e-16 7.59102e-16 
0.30 4.17469e-10 4.04628e-10 3.97436e-10 3.9366e-10 3.91919e-10 3.91339e-10 3.9136e-10 3.91622e-10 3.91905e-10 3.92081e-10 
0.31 0.000113353 0.000121109 0.000126926 0.000131191 0.000134247 0.000136383 0.000137833 0.000138778 0.000139345 0.000139614 
0.31 0.000299533 0.000241521 0.000190282 0.000146443 0.000110162 8.11917e-05 5.9012e-05 4.29867e-05 3.25355e-05 2.7301e-05 
0.31 0.000301893 0.000244151 0.000193192 0.000149622 0.000113583 8.48181e-05 6.28032e-05 4.69012e-05 3.65323e-05 3.13396e-05 
0.31 2.32578e-06 2.48077e-06 2.59646e-06 2.68086e-06 2.74096e-06 2.78268e-06 2.8108e-06 2.82898e-06 2.83984e-06 2.84497e-06 
0.31 0.000495063 0.000373499 0.000268716 0.000181781 0.000112859 6.13263e-05 2.59746e-05 5.30131e-06 7.59099e-15 7.59099e-15 
0.31 0.000981593 0.00101624 0.00104577 0.00107029 0.00109009 0.00110558 0.00111725 0.00112557 0.00113095 0.00113363 
0.31 1.20797e-05 5.60902e-15 5.60902e-15 5.60902e-15 5.60902e-15 5.60902e-15 5.60902e-15 5.60902e-15 7.59102e-16 7.59102e-16 
0.31 4.06162e-10 3.93568e-10 3.86443e-10 3.82647e-10 3.80853e-10 3.80215e-10 3.80185e-10 3.80412e-10 3.80674e-10 3.80839e-10 
0.32 0.000116527 0.000124547 0.000130596 0.000135061 0.000138283 0.000140552 0.000142104 0.000143122 0.000143738 0.000144032 
0.32 0.000304246 0.000246453 0.00019521 0.000151163 0.000114513 8.50741e-05 6.23976e-05 4.59176e-05 3.51168e-05 2.96892e-05 
0.32 0.000306429 0.000248893 0.000197921 0.000154138 0.000117726 8.8492e-05 6.59812e-05 4.9626e-05 3.89091e-05 3.35243e-05 
0.32 2.39047e-06 2.55082e-06 2.67126e-06 2.75972e-06 2.82318e-06 2.86758e-06 2.89775e-06 2.91741e-06 2.92923e-06 2.93485e-06 
0.32 0.000501535 0.000380169 0.000275169 0.000187632 0.000117795 6.51421e-05 2.85919e-05 6.75822e-06 7.59099e-15 7.59099e-15 
0.32 0.000982737 0.00101756 0.00104733 0.00107215 0.0010923 0.00110814 0.00112014 0.00112875 0.00113434 0.00113713 
0.32 1.208e-05 5.60902e-15 5.60902e-15 5.60902e-15 5.60902e-15 5.60902e-15 5.60902e-15 5.60902e-15 7.59102e-16 7.59102e-16 
0.32 3.95558e-10 3.83201e-10 3.76143e-10 3.72329e-10 3.70486e-10 3.69791e-10 3.69714e-10 3.69905e-10 3.70143e-10 3.70299e-10 
0.33 0.000119681 0.000127963 0.000134245 0.000138911 0.0001423 0.000144704 0.00014636 0.000147454 0.000148119 0.000148438 
0.33 0.000308863 0.000251292 0.00020006 0.000155829 0.000118838 8.89617e-05 6.58167e-05 4.89051e-05 3.77709e-05 3.21586e-05 
0.33 0.000310871 0.000253544 0.000202574 0.0001586 0.000121845 9.21718e-05 6.9193e-05 5.24074e-05 4.13585e-05 3.57898e-05 
0.33 2.45472e-06 2.62042e-06 2.7456e-06 2.83814e-06 2.90499e-06 2.95212e-06 2.98439e-06 3.00557e-06 3.01839e-06 3.02451e-06 
0.33 0.000507836 0.000386673 0.000281482 0.000193384 0.000122684 6.89645e-05 3.12574e-05 8.2717e-06 7.59099e-15 7.59099e-15 
0.33 0.000983904 0.0010189 0.00104891 0.00107403 0.0010945 0.00111068 0.001123 0.00113189 0.00113768 0.00114058 
0.33 1.20802e-05 5.60902e-15 5.60902e-15 5.60902e-15 5.60902e-15 5.60902e-15 5.60902e-15 5.60902e-15 7.59102e-16 7.59102e-16 
0.33 3.85592e-10 3.73462e-10 3.6647e-10 3.62643e-10 3.60752e-10 3.60005e-10 3.59881e-10 3.60037e-10 3.60254e-10 3.60398e-10 
0.34 0.000122814 0.000131356 0.000137872 0.000142739 0.000146297 0.000148837 0.0001506 0.000151772 0.000152489 0.000152833 
0.34 0.000313389 0.000256042 0.000204834 0.000160441 0.000123137 9.28526e-05 6.92663e-05 5.19456e-05 4.04941e-05 3.47056e-05 
0.34 0.000315224 0.000258108 0.000207153 0.00016301 0.000125938 9.58556e-05 7.24356e-05 5.52419e-05 4.38768e-05 3.81326e-05 
0.34 2.51854e-06 2.68957e-06 2.81949e-06 2.91613e-06 2.9864e-06 3.0363e-06 3.07071e-06 3.09346e-06 3.1073e-06 3.11394e-06 
0.34 0.000513974 0.000393019 0.00028766 0.00019904 0.000127524 7.27865e-05 3.3958e-05 9.82663e-06 7.59099e-15 7.59099e-15 
0.34 0.000985092 0.00102026 0.0010505 0.0010759 0.00109669 0.0011132 0.00112583 0.00113499 0.00114098 0.00114399 
0.34 1.20804e-05 5.60902e-15 5.60902e-15 5.60902e-15 5.60902e-15 5.60902e-15 5.60902e-15 5.60902e-15 7.59102e-16 7.59102e-16 
0.34 3.76209e-10 3.64299e-10 3.5737e-10 3.53532e-10 3.51598e-10 3.50801e-10 3.5063e-10 3.50752e-10 3.50946e-10 3.51078e-10 
0.35 0.000125926 0.000134729 0.000141477 0.000146547 0.000150275 0.000152954 0.000154824 0.000156076 0.000156845 0.000157217 
0.35 0.000317828 0.000260707 0.000209535 0.000165 0.00012741 9.67449e-05 7.27437e-05 5.50359e-05 4.32829e-05 3.73264e-05 
0.35 0.000319491 0.000262589 0.00021166 0.000167369 0.000130007 9.95415e-05 7.57063e-05 5.81262e-05 4.64605e-05 4.0549e-05 
0.35 2.58194e-06 2.75828e-06 2.89294e-06 2.99369e-06 3.06742e-06 3.12012e-06 3.15671e-06 3.18106e-06 3.19596e-06 3.20313e-06 
0.35 0.000519957 0.000399213 0.000293708 0.000204601 0.000132314 7.66013e-05 3.66825e-05 1.14115e-05 7.59099e-15 7.59099e-15 
0.35 0.000986298 0.00102163 0.0010521 0.00107777 0.00109887 0.0011157 0.00112864 0.00113805 0.00114424 0.00114735 
0.35 1.20805e-05 5.60902e-15 5.60902e-15 5.60902e-15 5.60902e-15 5.60902e-15 5.60902e-15 5.60902e-15 7.59102e-16 7.59102e-16 
0.35 3.6736e-10 3.55658e-10 3.48794e-10 3.44946e-10 3.42973e-10 3.42127e-10 3.41912e-10 3.42e-10 3.42172e-10 3.42293e-10 
0.36 0.000129019 0.000138081 0.000145061 0.000150333 0.000154233 0.000157052 0.000159033 0.000160366 0.000161189 0.000161588 
0.36 0.000322183 0.00026529 0.000214166 0.000169509 0.000131657 0.000100637 7.62463e-05 5.81727e-05 4.61336e-05 4.00175e-05 
0.36 0.000323677 0.00026699 0.000216099 0.000171678 0.00013405 0.000103228 7.90027e-05 6.10571e-05 4.9106e-05 4.30354e-05 
0.36 2.64494e-06 2.82655e-06 2.96596e-06 3.07082e-06 3.14804e-06 3.20358e-06 3.24239e-06 3.26838e-06 3.28436e-06 3.29208e-06 
0.36 0.000525793 0.000405262 0.00029963 0.000210069 0.000137051 8.04028e-05 3.94213e-05 1.30171e-05 7.59099e-15 7.59099e-15 
0.36 0.000987522 0.00102302 0.0010537 0.00107965 0.00110104 0.00111818 0.00113141 0.00114108 0.00114745 0.00115067 
0.36 1.20806e-05 5.60902e-15 5.60902e-15 5.60902e-15 5.60902e-15 5.60902e-15 5.60902e-15 5.60902e-15 7.59102e-16 7.59102e-16 
0.36 3.59e-10 3.47496e-10 3.40696e-10 3.36842e-10 3.34831e-10 3.3394e-10 3.33684e-10 3.33737e-10 3.33887e-10 3.33996e-10 
0.37 0.000132091 0.000141411 0.000148624 0.0001541 0.000158172 0.000161133 0.000163225 0.000164641 0.00016552 0.000165946 
0.37 0.000326459 0.000269796 0.00021873 0.000173968 0.000135877 0.000104528 7.97716e-05 6.13529e-05 4.90429e-05 4.27753e-05 
0.37 0.000327785 0.000271315 0.000220472 0.000175939 0.000138067 0.000106914 8.23222e-05 6.40316e-05 5.18101e-05 4.55883e-05 
0.37 2.70753e-06 2.8944e-06 3.03854e-06 3.14754e-06 3.22826e-06 3.28668e-06 3.32774e-06 3.3554e-06 3.3725e-06 3.38079e-06 
0.37 0.000531487 0.000411173 0.000305431 0.000215446 0.000141734 8.41853e-05 4.21663e-05 1.46363e-05 2.29621e-07 7.59099e-15 
0.37 0.000988761 0.00102442 0.00105532 0.00108153 0.00110321 0.00112064 0.00113416 0.00114407 0.00115062 0.00115394 
0.37 1.20807e-05 5.60902e-15 5.60902e-15 5.60902e-15 5.60902e-15 5.60902e-15 5.60902e-15 5.60902e-15 5.60902e-15 7.59102e-16 
0.37 3.5109e-10 3.39778e-10 3.3304e-10 3.29181e-10 3.27134e-10 3.262e-10 3.25903e-10 3.25924e-10 3.2605e-10 3.26149e-10 
0.38 0.000135145 0.000144722 0.000152167 0.000157846 0.000162092 0.000165196 0.000167402 0.000168901 0.000169837 0.000170292 
0.38 0.00033066 0.000274227 0.000223229 0.000178379 0.000140071 0.000108416 8.33176e-05 6.45737e-05 5.20075e-05 4.55963e-05 
0.38 0.000331819 0.000275567 0.000224782 0.000180153 0.000142059 0.000110598 8.56627e-05 6.70469e-05 5.45694e-05 4.82043e-05 
0.38 2.76973e-06 2.96184e-06 3.1107e-06 3.22385e-06 3.3081e-06 3.36941e-06 3.41277e-06 3.44213e-06 3.46037e-06 3.46924e-06 
0.38 0.000537046 0.00041695 0.000311115 0.000220733 0.000146361 8.79456e-05 4.49182e-05 1.62958e-05 7.8837e-07 7.59099e-15 
0.38 0.000990014 0.00102583 0.00105695 0.0010834 0.00110537 0.00112309 0.00113688 0.00114703 0.00115376 0.00115717 
0.38 1.20808e-05 5.60902e-15 5.60902e-15 5.60902e-15 5.60902e-15 5.60902e-15 5.60902e-15 5.60902e-15 5.60902e-15 7.59102e-16 
0.38 3.43592e-10 3.32463e-10 3.25786e-10 3.21927e-10 3.19849e-10 3.1887e-10 3.18534e-10 3.18523e-10 3.18627e-10 3.18714e-10 
0.39 0.000138179 0.000148013 0.000155689 0.000161572 0.000165993 0.000169242 0.000171561 0.000173147 0.00017414 0.000174625 
0.39 0.000334788 0.000278587 0.000227665 0.000182743 0.000144238 0.000112301 8.6882e-05 6.78323e-05 5.50242e-05 4.8477e-05 
0.39 0.000335782 0.000279749 0.00022903 0.000184322 0.000146026 0.000114279 8.90222e-05 7.01002e-05 5.73809e-05 5.088e-05 
0.39 2.83154e-06 3.02887e-06 3.18245e-06 3.29975e-06 3.38754e-06 3.45179e-06 3.49747e-06 3.52857e-06 3.54797e-06 3.55743e-06 
0.39 0.000542476 0.000422599 0.000316685 0.000225932 0.000150931 9.16834e-05 4.76837e-05 1.80261e-05 1.55685e-06 7.59099e-15 
0.39 0.00099128 0.00102726 0.00105858 0.00108528 0.00110752 0.00112552 0.00113958 0.00114996 0.00115686 0.00116036 
0.39 1.20808e-05 5.60902e-15 5.60902e-15 5.60902e-15 5.60902e-15 5.60902e-15 5.60902e-15 5.60902e-15 5.60902e-15 7.59102e-16 
0.39 3.36477e-10 3.25523e-10 3.18909e-10 3.15047e-10 3.1294e-10 3.11923e-10 3.11547e-10 3.11505e-10 3.11588e-10 3.11663e-10 
0.40 0.000141194 0.000151283 0.000159191 0.000165279 0.000169875 0.000173269 0.000175705 0.000177378 0.00017843 0.000178945 
0.40 0.000338847 0.000282878 0.000232041 0.000187061 0.000148379 0.000116181 9.04631e-05 7.11261e-05 5.80899e-05 5.14143e-05 
0.40 0.000339678 0.000283864 0.00023322 0.000188446 0.000149967 0.000117956 9.23988e-05 7.31889e-05 6.02414e-05 5.36122e-05 
0.40 2.89297e-06 3.09549e-06 3.25378e-06 3.37524e-06 3.4666e-06 3.5338e-06 3.58184e-06 3.6147e-06 3.63529e-06 3.64535e-06 
0.40 0.000547781 0.000428125 0.000322145 0.000231045 0.000155445 9.53994e-05 5.04675e-05 1.98299e-05 2.46624e-06 7.59099e-15 
0.40 0.000992559 0.0010287 0.00106022 0.00108716 0.00110966 0.00112794 0.00114225 0.00115285 0.00115992 0.00116351 
0.40 1.20808e-05 5.60902e-15 5.60902e-15 5.60902e-15 5.60902e-15 5.60902e-15 5.60902e-15 5.60902e-15 5.60902e-15 7.59102e-16 
0.40 3.29716e-10 3.18932e-10 3.12376e-10 3.08515e-10 3.0638e-10 3.05326e-10 3.04914e-10 3.04841e-10 3.04901e-10 3.04965e-10 
0.41 0.000144192 0.000154535 0.000162673 0.000168965 0.000173738 0.000177279 0.000179833 0.000181594 0.000182706 0.000183252 
0.41 0.000342839 0.000287104 0.000236359 0.000191335 0.000152494 0.000120055 9.4059e-05 7.44525e-05 6.12016e-05 5.44049e-05 
0.41 0.000343508 0.000287915 0.000237353 0.000192527 0.000153883 0.000121628 9.57907e-05 7.63105e-05 6.31481e-05 5.63977e-05 
0.41 2.95402e-06 3.16172e-06 3.32471e-06 3.45033e-06 3.54527e-06 3.61546e-06 3.66588e-06 3.70053e-06 3.72232e-06 3.733e-06 
0.41 0.000552968 0.000433532 0.000327498 0.000236073 0.000159904 9.90947e-05 5.32705e-05 2.16997e-05 3.47459e-06 7.59099e-15 
0.41 0.00099385 0.00103015 0.00106186 0.00108904 0.00111179 0.00113034 0.0011449 0.00115571 0.00116294 0.00116662 
0.41 1.20808e-05 5.60902e-15 5.60902e-15 5.60902e-15 5.60902e-15 5.60902e-15 5.60902e-15 5.60902e-15 5.60902e-15 7.59102e-16 
0.41 3.23281e-10 3.12661e-10 3.06164e-10 3.02305e-10 3.00144e-10 2.99054e-10 2.98606e-10 2.98502e-10 2.98542e-10 2.98595e-10 
0.42 0.000147171 0.000157767 0.000166136 0.000172633 0.000177583 0.000181272 0.000183944 0.000185795 0.000186968 0.000187545 
0.42 0.000346768 0.000291266 0.000240621 0.000195566 0.000156583 0.000123923 9.76679e-05 7.78092e-05 6.43565e-05 5.74457e-05 
0.42 0.000347276 0.000291904 0.000241431 0.000196566 0.000157775 0.000125295 9.91961e-05 7.94627e-05 6.6098e-05 5.92334e-05 
0.42 3.0147e-06 3.22755e-06 3.39524e-06 3.52503e-06 3.62357e-06 3.69676e-06 3.74958e-06 3.78605e-06 3.80907e-06 3.82038e-06 
0.42 0.00055804 0.000438825 0.000332748 0.000241019 0.000164309 0.00010277 5.60912e-05 2.36253e-05 4.55481e-06 7.59099e-15 
0.42 0.000995151 0.0010316 0.00106351 0.00109092 0.00111393 0.00113272 0.00114753 0.00115855 0.00116593 0.00116969 
0.42 1.20808e-05 5.60902e-15 5.60902e-15 5.60902e-15 5.60902e-15 5.60902e-15 5.60902e-15 5.60902e-15 5.60902e-15 7.59102e-16 
0.42 3.17152e-10 3.06689e-10 3.00247e-10 2.96393e-10 2.94209e-10 2.93085e-10 2.92601e-10 2.92468e-10 2.92486e-10 2.92528e-10 
0.43 0.000150133 0.00016098 0.00016958 0.000176282 0.000181408 0.000185246 0.000188039 0.000189981 0.000191215 0.000191824 
0.43 0.000350636 0.000295368 0.000244829 0.000199755 0.000160646 0.000127784 0.000101288 8.11939e-05 6.75518e-05 6.05337e-05 
0.43 0.000350984 0.000295834 0.000245456 0.000200565 0.000161642 0.000128956 0.000102614 8.26432e-05 6.90885e-05 6.21164e-05 
0.43 3.07502e-06 3.293e-06 3.46538e-06 3.59933e-06 3.70149e-06 3.7777e-06 3.83295e-06 3.87126e-06 3.89553e-06 3.90747e-06 
0.43 0.000563002 0.000444008 0.000337899 0.000245885 0.000168661 0.000106424 5.89266e-05 2.55963e-05 5.68853e-06 7.59099e-15 
0.43 0.00099646 0.00103307 0.00106517 0.0010928 0.00111605 0.00113509 0.00115013 0.00116135 0.00116889 0.00117273 
0.43 1.20808e-05 5.60902e-15 5.60902e-15 5.60902e-15 5.60902e-15 5.60902e-15 5.60902e-15 5.60902e-15 5.60902e-15 7.59102e-16 
0.43 3.11304e-10 3.00993e-10 2.94607e-10 2.90758e-10 2.88553e-10 2.87396e-10 2.8688e-10 2.86718e-10 2.86714e-10 2.86744e-10 
0.44 0.000153077 0.000164175 0.000173005 0.000179911 0.000185216 0.000189204 0.000192117 0.000194151 0.000195448 0.000196089 
0.44 0.000354445 0.000299412 0.000248984 0.000203903 0.000164684 0.000131637 0.000104919 8.46043e-05 7.07848e-05 6.3666e-05 
0.44 0.000354635 0.000299707 0.00024943 0.000204524 0.000165485 0.000132609 0.000106042 8.58499e-05 7.2117e-05 6.50439e-05 
0.44 3.13498e-06 3.35807e-06 3.53512e-06 3.67325e-06 3.77903e-06 3.85828e-06 3.91599e-06 3.95616e-06 3.98169e-06 3.99428e-06 
0.44 0.000567858 0.000449084 0.000342953 0.000250673 0.000172961 0.000110057 6.17726e-05 2.76033e-05 6.8626e-06 7.59099e-15 
0.44 0.00099778 0.00103454 0.00106683 0.00109467 0.00111816 0.00113744 0.00115271 0.00116414 0.00117181 0.00117574 
0.44 1.20808e-05 5.60902e-15 5.60902e-15 5.60902e-15 5.60902e-15 5.60902e-15 5.60902e-15 5.60902e-15 5.60902e-15 7.59102e-16 
0.44 3.0572e-10 2.95556e-10 2.89226e-10 2.85382e-10 2.83156e-10 2.81968e-10 2.81419e-10 2.81231e-10 2.81208e-10 2.81227e-10 
0.45 0.000156004 0.000167352 0.00017641 0.000183522 0.000189005 0.000193143 0.000196179 0.000198306 0.000199666 0.00020034 
0.45 0.000358198 0.000303399 0.000253089 0.000208011 0.000168697 0.000135482 0.000108558 8.80386e-05 7.40531e-05 6.68398e-05 
0.45 0.000358231 0.000303525 0.000253355 0.000208444 0.000169303 0.000136255 0.000109479 8.90807e-05 7.5181e-05 6.80131e-05 
0.45 3.19459e-06 3.42277e-06 3.60448e-06 3.74678e-06 3.85619e-06 3.9385e-06 3.99869e-06 4.04074e-06 4.06755e-06 4.0808e-06 
0.45 0.000572612 0.000454058 0.000347914 0.000255385 0.00017721 0.000113667 6.46251e-05 2.9638e-05 8.06727e-06 7.59099e-15 
0.45 0.000999106 0.00103602 0.00106849 0.00109655 0.00112026 0.00113978 0.00115527 0.00116689 0.0011747 0.00117871 
0.45 1.20808e-05 5.60902e-15 5.60902e-15 5.60902e-15 5.60902e-15 5.60902e-15 5.60902e-15 5.60902e-15 5.60902e-15 7.59102e-16 
0.45 3.00383e-10 2.9036e-10 2.84085e-10 2.80245e-10 2.78e-10 2.76784e-10 2.76205e-10 2.7599e-10 2.75946e-10 2.75956e-10 
0.46 0.000158914 0.000170511 0.000179798 0.000187114 0.000192776 0.000197066 0.000200224 0.000202445 0.000203869 0.000204575 
0.46 0.000361897 0.000307332 0.000257145 0.000212081 0.000172685 0.000139318 0.000112204 9.14946e-05 7.73542e-05 7.00525e-05 
0.46 0.000361774 0.00030729 0.000257233 0.000212327 0.000173097 0.000139893 0.000112924 9.23337e-05 7.82781e-05 7.10214e-05 
0.46 3.25385e-06 3.4871e-06 3.67346e-06 3.81994e-06 3.93298e-06 4.01837e-06 4.08105e-06 4.125e-06 4.15311e-06 4.16703e-06 
0.46 0.000577267 0.000458934 0.000352784 0.000260023 0.000181408 0.000117254 6.74798e-05 3.16934e-05 9.29504e-06 7.59099e-15 
0.46 0.00100044 0.0010375 0.00107016 0.00109842 0.00112236 0.0011421 0.00115781 0.00116961 0.00117756 0.00118165 
0.46 1.20808e-05 5.60902e-15 5.60902e-15 5.60902e-15 5.60902e-15 5.60902e-15 5.60902e-15 5.60902e-15 5.60902e-15 7.59102e-16 
0.46 2.95276e-10 2.85389e-10 2.79167e-10 2.75335e-10 2.73072e-10 2.71828e-10 2.71219e-10 2.70978e-10 2.70915e-10 2.70916e-10 
0.47 0.000161808 0.000173652 0.000183166 0.000190688 0.000196529 0.000200971 0.000204253 0.000206568 0.000208057 0.000208796 
0.47 0.000365543 0.000311214 0.000261154 0.000216113 0.000176648 0.000143144 0.000115856 9.49705e-05 8.06858e-05 7.33016e-05 
0.47 0.000365267 0.000311005 0.000261065 0.000216173 0.000176868 0.000143522 0.000116376 9.5607e-05 8.1406e-05 7.40662e-05 
0.47 3.31277e-06 3.55106e-06 3.74207e-06 3.89272e-06 4.0094e-06 4.09788e-06 4.16308e-06 4.20894e-06 4.23836e-06 4.25296e-06 
0.47 0.000581828 0.000463714 0.000357566 0.000264589 0.000185555 0.000120815 7.03329e-05 3.37634e-05 1.054e-05 7.59099e-15 
0.47 0.00100178 0.00103899 0.00107183 0.00110029 0.00112445 0.00114441 0.00116033 0.00117231 0.00118039 0.00118455 
0.47 1.20808e-05 5.60902e-15 5.60902e-15 5.60902e-15 5.60902e-15 5.60902e-15 5.60902e-15 5.60902e-15 5.60902e-15 7.59102e-16 
0.47 2.90384e-10 2.80629e-10 2.7446e-10 2.70635e-10 2.68356e-10 2.67085e-10 2.66448e-10 2.66181e-10 2.661e-10 2.66091e-10 
0.48 0.000164684 0.000176775 0.000186517 0.000194244 0.000200264 0.000204859 0.000208265 0.000210676 0.00021223 0.000213003 
0.48 0.00036914 0.000315045 0.000265118 0.000220109 0.000180587 0.000146961 0.000119513 9.84645e-05 8.40456e-05 7.65845e-05 
0.48 0.000368711 0.000314671 0.000264853 0.000219984 0.000180616 0.000147142 0.000119833 9.88989e-05 8.45624e-05 7.71451e-05 
0.48 3.37136e-06 3.61467e-06 3.81031e-06 3.96512e-06 4.08546e-06 4.17704e-06 4.24476e-06 4.29256e-06 4.3233e-06 4.33859e-06 
0.48 0.000586297 0.000468402 0.000362264 0.000269084 0.000189652 0.000124349 7.31807e-05 3.58427e-05 1.17974e-05 3.19126e-07 
0.48 0.00100313 0.00104049 0.0010735 0.00110216 0.00112653 0.00114671 0.00116283 0.00117498 0.0011832 0.00118742 
0.48 1.20808e-05 5.60902e-15 5.60902e-15 5.60902e-15 5.60902e-15 5.60902e-15 5.60902e-15 5.60902e-15 5.60902e-15 5.60902e-15 
0.48 2.85695e-10 2.76067e-10 2.6995e-10 2.66132e-10 2.63839e-10 2.62542e-10 2.61878e-10 2.61587e-10 2.61489e-10 2.61469e-10 
0.49 0.000167545 0.000179881 0.00018985 0.000197781 0.000203982 0.000208729 0.000212261 0.000214767 0.000216386 0.000217194 
0.49 0.000372688 0.000318828 0.000269038 0.000224069 0.000184502 0.000150767 0.000123174 0.000101975 8.74316e-05 7.98989e-05 
0.49 0.000372107 0.000318289 0.000268598 0.00022376 0.000184341 0.000150753 0.000123295 0.000102208 8.77453e-05 8.02558e-05 
0.49 3.42961e-06 3.67792e-06 3.87818e-06 4.03715e-06 4.16115e-06 4.25585e-06 4.32611e-06 4.37586e-06 4.40793e-06 4.42391e-06 
0.49 0.000590678 0.000473 0.000366879 0.00027351 0.0001937 0.000127856 7.60227e-05 3.79395e-05 1.3118e-05 9.4428e-07 
0.49 0.00100448 0.00104199 0.00107517 0.00110403 0.0011286 0.00114899 0.00116531 0.00117763 0.00118597 0.00119026 
0.49 1.20808e-05 5.60902e-15 5.60902e-15 5.60902e-15 5.60902e-15 5.60902e-15 5.60902e-15 5.60902e-15 5.60902e-15 5.60902e-15 
0.49 2.81196e-10 2.71692e-10 2.65624e-10 2.61816e-10 2.59508e-10 2.58187e-10 2.57497e-10 2.57182e-10 2.57066e-10 2.57037e-10 
0.50 0.00017039 0.00018297 0.000193165 0.0002013 0.000207681 0.000212582 0.00021624 0.000218843 0.000220528 0.00022137 
0.50 0.00037619 0.000322564 0.000272915 0.000227994 0.000188394 0.000154563 0.000126838 0.0001055 9.08417e-05 8.32425e-05 
0.50 0.000375458 0.000321862 0.000272301 0.000227503 0.000188043 0.000154354 0.00012676 0.000105532 9.09528e-05 8.33961e-05 
0.50 3.48754e-06 3.74082e-06 3.94569e-06 4.10882e-06 4.23648e-06 4.3343e-06 4.40712e-06 4.45883e-06 4.49225e-06 4.50893e-06 
0.50 0.000594974 0.000477512 0.000371414 0.00027787 0.000197699 0.000131335 7.88614e-05 4.00653e-05 1.45324e-05 1.81059e-06 
0.50 0.00100584 0.00104349 0.00107684 0.00110589 0.00113067 0.00115127 0.00116777 0.00118025 0.00118872 0.00119307 
0.50 1.20808e-05 5.60902e-15 5.60902e-15 5.60902e-15 5.60902e-15 5.60902e-15 5.60902e-15 5.60902e-15 5.60902e-15 5.60902e-15 
0.50 2.76874e-10 2.67491e-10 2.61472e-10 2.57673e-10 2.55352e-10 2.54009e-10 2.53293e-10 2.52955e-10 2.52822e-10 2.52784e-10 
0.51 0.000173219 0.000186043 0.000196463 0.000204802 0.000211363 0.000216418 0.000220201 0.000222902 0.000224654 0.00022553 
0.51 0.000379647 0.000326255 0.000276751 0.000231885 0.000192262 0.000158348 0.000130504 0.000109039 9.42739e-05 8.66132e-05 
0.51 0.000378766 0.000325391 0.000275964 0.000231213 0.000191723 0.000157945 0.000130228 0.00010887 9.41828e-05 8.65638e-05 
0.51 3.54514e-06 3.80338e-06 4.01284e-06 4.18013e-06 4.31145e-06 4.4124e-06 4.48779e-06 4.54148e-06 4.57626e-06 4.59364e-06 
0.51 0.000599187 0.000481941 0.000375871 0.000282164 0.000201649 0.000134788 8.17003e-05 4.22295e-05 1.60503e-05 2.87598e-06 
0.51 0.0010072 0.001045 0.00107852 0.00110775 0.00113273 0.00115353 0.00117021 0.00118285 0.00119144 0.00119586 
0.51 1.20808e-05 5.60902e-15 5.60902e-15 5.60902e-15 5.60902e-15 5.60902e-15 5.60902e-15 5.60902e-15 5.60902e-15 5.60902e-15 
0.51 2.72721e-10 2.63453e-10 2.57483e-10 2.53693e-10 2.51361e-10 2.49997e-10 2.49256e-10 2.48896e-10 2.48747e-10 2.48699e-10 
0.52 0.000176032 0.000189098 0.000199743 0.000208286 0.000215027 0.000220237 0.000224147 0.000226945 0.000228765 0.000229676 
0.52 0.000383061 0.000329902 0.000280547 0.000235744 0.000196108 0.000162121 0.00013417 0.000112589 9.77265e-05 9.00089e-05 
0.52 0.000382031 0.000328878 0.000279588 0.000234891 0.000195381 0.000161525 0.000133697 0.00011222 9.74336e-05 8.97569e-05 
0.52 3.60242e-06 3.8656e-06 4.07963e-06 4.25107e-06 4.38606e-06 4.49015e-06 4.56812e-06 4.6238e-06 4.65995e-06 4.67804e-06 
0.52 0.000603321 0.000486289 0.000380252 0.000286394 0.000205553 0.000138216 8.4543e-05 4.4438e-05 1.76719e-05 4.11132e-06 
0.52 0.00100856 0.00104651 0.00108019 0.00110961 0.00113478 0.00115577 0.00117264 0.00118543 0.00119414 0.00119862 
0.52 1.20808e-05 5.60902e-15 5.60902e-15 5.60902e-15 5.60902e-15 5.60902e-15 5.60902e-15 5.60902e-15 5.60902e-15 5.60902e-15 
0.52 2.68726e-10 2.59571e-10 2.53648e-10 2.49867e-10 2.47525e-10 2.4614e-10 2.45376e-10 2.44995e-10 2.4483e-10 2.44774e-10 
0.53 0.00017883 0.000192137 0.000203006 0.000211753 0.000218674 0.000224038 0.000228075 0.000230972 0.000232859 0.000233806 
0.53 0.000386433 0.000333508 0.000284304 0.000239571 0.000199931 0.000165883 0.000137836 0.00011615 0.000101198 9.34277e-05 
0.53 0.000385256 0.000332324 0.000283174 0.000238538 0.000199017 0.000165095 0.000137167 0.000115582 0.000100703 9.29734e-05 
0.53 3.65939e-06 3.92748e-06 4.14607e-06 4.32166e-06 4.46032e-06 4.56756e-06 4.64811e-06 4.70579e-06 4.74332e-06 4.76212e-06 
0.53 0.000607378 0.000490559 0.000384561 0.000290562 0.000209412 0.000141621 8.73927e-05 4.6694e-05 1.93935e-05 5.49525e-06 
0.53 0.00100993 0.00104802 0.00108187 0.00111146 0.00113682 0.001158 0.00117505 0.00118799 0.00119681 0.00120135 
0.53 1.20808e-05 5.60902e-15 5.60902e-15 5.60902e-15 5.60902e-15 5.60902e-15 5.60902e-15 5.60902e-15 5.60902e-15 5.60902e-15 
0.53 2.6488e-10 2.55834e-10 2.49957e-10 2.46188e-10 2.43835e-10 2.4243e-10 2.41645e-10 2.41243e-10 2.41064e-10 2.40999e-10 
0.54 0.000181613 0.00019516 0.000206252 0.000215202 0.000222304 0.000227822 0.000231987 0.000234982 0.000236938 0.000237921 
0.54 0.000389765 0.000337073 0.000288023 0.000243366 0.000203731 0.000169633 0.000141501 0.00011972 0.000104686 9.68677e-05 
0.54 0.000388442 0.00033573 0.000286724 0.000242155 0.000202631 0.000168654 0.000140636 0.000118953 0.00010399 9.62114e-05 
0.54 3.71605e-06 3.98902e-06 4.21217e-06 4.39189e-06 4.53422e-06 4.64461e-06 4.72776e-06 4.78745e-06 4.82636e-06 4.84588e-06 
0.54 0.00061136 0.000494753 0.000388798 0.00029467 0.000213227 0.000145006 9.02518e-05 4.89986e-05 2.12098e-05 7.01131e-06 
0.54 0.0010113 0.00104953 0.00108354 0.00111331 0.00113886 0.00116022 0.00117744 0.00119053 0.00119946 0.00120406 
0.54 1.20808e-05 5.60902e-15 5.60902e-15 5.60902e-15 5.60902e-15 5.60902e-15 5.60902e-15 5.60902e-15 5.60902e-15 5.60902e-15 
0.54 2.61176e-10 2.52235e-10 2.46405e-10 2.42645e-10 2.40283e-10 2.3886e-10 2.38054e-10 2.37632e-10 2.37437e-10 2.37364e-10 
0.55 0.00018438 0.000198166 0.000209481 0.000218633 0.000225915 0.00023159 0.000235883 0.000238977 0.000241001 0.000242019 
0.55 0.000393059 0.000340598 0.000291706 0.000247131 0.000207509 0.000173371 0.000145165 0.000123298 0.000108189 0.000100327 
0.55 0.00039159 0.000339098 0.000290239 0.000245742 0.000206225 0.000172201 0.000144105 0.000122332 0.000107293 9.94692e-05 
0.55 3.7724e-06 4.05024e-06 4.27792e-06 4.46177e-06 4.60777e-06 4.72132e-06 4.80707e-06 4.86878e-06 4.90908e-06 4.92933e-06 
0.55 0.00061527 0.000498874 0.000392967 0.00029872 0.000217001 0.000148372 9.31221e-05 5.13517e-05 2.31151e-05 8.64628e-06 
0.55 0.00101267 0.00105104 0.00108521 0.00111516 0.00114089 0.00116243 0.00117981 0.00119305 0.00120208 0.00120674 
0.55 1.20808e-05 5.60902e-15 5.60902e-15 5.60902e-15 5.60902e-15 5.60902e-15 5.60902e-15 5.60902e-15 5.60902e-15 5.60902e-15 
0.55 2.57605e-10 2.48766e-10 2.4298e-10 2.39232e-10 2.36863e-10 2.35422e-10 2.34595e-10 2.34155e-10 2.33945e-10 2.33865e-10 
0.56 0.000187133 0.000201157 0.000212693 0.000222048 0.00022951 0.00023534 0.000239761 0.000242956 0.000245048 0.000246102 
0.56 0.000396315 0.000344086 0.000295353 0.000250866 0.000211266 0.000177097 0.000148826 0.000126883 0.000111706 0.000103804 
0.56 0.000394701 0.000342429 0.000293719 0.0002493 0.000209797 0.000175737 0.000147572 0.000125719 0.00011061 0.000102745 
0.56 3.82844e-06 4.11113e-06 4.34333e-06 4.53131e-06 4.68097e-06 4.79768e-06 4.88605e-06 4.94978e-06 4.99148e-06 5.01246e-06 
0.56 0.00061911 0.000502923 0.000397069 0.000302714 0.000220735 0.000151721 9.60047e-05 5.37521e-05 2.51035e-05 1.03893e-05 
0.56 0.00101404 0.00105256 0.00108688 0.001117 0.00114291 0.00116463 0.00118218 0.00119555 0.00120468 0.0012094 
0.56 1.20808e-05 5.60902e-15 5.60902e-15 5.60902e-15 5.60902e-15 5.60902e-15 5.60902e-15 5.60902e-15 5.60902e-15 5.60902e-15 
0.56 2.54159e-10 2.4542e-10 2.39679e-10 2.35943e-10 2.33566e-10 2.32109e-10 2.31262e-10 2.30803e-10 2.30579e-10 2.30491e-10 
0.57 0.00018987 0.000204132 0.000215889 0.000225446 0.000233088 0.000239073 0.000243623 0.000246917 0.000249079 0.000250169 
0.57 0.000399535 0.000347537 0.000298966 0.000254571 0.000215001 0.00018081 0.000152485 0.000130473 0.000115235 0.000107297 
0.57 0.000397777 0.000345724 0.000297166 0.00025283 0.000213349 0.000179261 0.000151036 0.000129112 0.00011394 0.000106037 
0.57 3.88418e-06 4.1717e-06 4.4084e-06 4.6005e-06 4.75383e-06 4.8737e-06 4.96468e-06 5.03045e-06 5.07355e-06 5.09526e-06 
0.57 0.000622883 0.000506904 0.000401107 0.000306653 0.000224431 0.000155054 9.89002e-05 5.61982e-05 2.71695e-05 1.22309e-05 
0.57 0.00101541 0.00105407 0.00108855 0.00111884 0.00114492 0.00116681 0.00118452 0.00119803 0.00120726 0.00121203 
0.57 1.20808e-05 5.60902e-15 5.60902e-15 5.60902e-15 5.60902e-15 5.60902e-15 5.60902e-15 5.60902e-15 5.60902e-15 5.60902e-15 
0.57 2.50834e-10 2.42192e-10 2.36493e-10 2.32768e-10 2.30386e-10 2.28913e-10 2.28047e-10 2.27571e-10 2.27333e-10 2.27237e-10 
0.58 0.000192594 0.000207091 0.000219069 0.000228828 0.000236649 0.00024279 0.000247469 0.000250863 0.000253094 0.00025422 
0.58 0.000402719 0.000350952 0.000302546 0.000258248 0.000218714 0.000184511 0.00015614 0.000134068 0.000118775 0.000110804 
0.58 0.000400819 0.000348985 0.00030058 0.000256333 0.000216881 0.000182773 0.000154498 0.00013251 0.000117281 0.000109345 
0.58 3.93963e-06 4.23195e-06 4.47314e-06 4.66935e-06 4.82634e-06 4.94937e-06 5.04298e-06 5.11078e-06 5.1553e-06 5.17774e-06 
0.58 0.00062659 0.000510818 0.000405083 0.00031054 0.000228091 0.000158373 0.000101809 5.8688e-05 2.93077e-05 1.41632e-05 
0.58 0.00101678 0.00105558 0.00109022 0.00112067 0.00114692 0.00116898 0.00118685 0.00120049 0.00120982 0.00121464 
0.58 1.20808e-05 5.60902e-15 5.60902e-15 5.60902e-15 5.60902e-15 5.60902e-15 5.60902e-15 5.60902e-15 5.60902e-15 5.60902e-15 
0.58 2.47621e-10 2.39073e-10 2.33418e-10 2.29705e-10 2.27316e-10 2.25828e-10 2.24944e-10 2.24451e-10 2.24201e-10 2.24097e-10 
0.59 0.000195302 0.000210035 0.000222233 0.000232192 0.000240194 0.000246489 0.000251298 0.000254793 0.000257093 0.000258255 
0.59 0.000405869 0.000354333 0.000306093 0.000261898 0.000222407 0.000188199 0.00015979 0.000137666 0.000122325 0.000114324 
0.59 0.000403828 0.000352212 0.000303963 0.000259809 0.000220392 0.000186274 0.000157956 0.000135912 0.000120633 0.000112666 
0.59 3.99478e-06 4.29188e-06 4.53755e-06 4.73786e-06 4.89851e-06 5.0247e-06 5.12094e-06 5.19078e-06 5.23672e-06 5.2599e-06 
0.59 0.000630234 0.000514668 0.000408998 0.000314377 0.000231716 0.000161679 0.00010473 6.12193e-05 3.15133e-05 1.6179e-05 
0.59 0.00101816 0.00105709 0.00109189 0.0011225 0.00114892 0.00117114 0.00118916 0.00120293 0.00121235 0.00121723 
0.59 1.20808e-05 5.60902e-15 5.60902e-15 5.60902e-15 5.60902e-15 5.60902e-15 5.60902e-15 5.60902e-15 5.60902e-15 5.60902e-15 
0.59 2.44516e-10 2.3606e-10 2.30446e-10 2.26745e-10 2.24351e-10 2.22849e-10 2.21948e-10 2.21439e-10 2.21176e-10 2.21066e-10 
0.60 0.000197997 0.000212963 0.00022538 0.00023554 0.000243721 0.000250172 0.00025511 0.000258705 0.000261076 0.000262275 
0.60 0.000408987 0.00035768 0.000309609 0.00026552 0.000226079 0.000191874 0.000163435 0.000141267 0.000125883 0.000117856 
0.60 0.000406804 0.000355406 0.000307316 0.000263259 0.000223884 0.000189762 0.00016141 0.000139318 0.000123993 0.000115999 
0.60 4.04964e-06 4.3515e-06 4.60163e-06 4.80603e-06 4.97033e-06 5.09969e-06 5.19856e-06 5.27045e-06 5.31781e-06 5.34173e-06 
0.60 0.000633816 0.000518455 0.000412855 0.000318166 0.000235308 0.000164972 0.000107664 6.37897e-05 3.37817e-05 1.8272e-05 
0.60 0.00101953 0.00105861 0.00109355 0.00112432 0.00115091 0.00117329 0.00119146 0.00120535 0.00121487 0.00121979 
0.60 1.20808e-05 5.60902e-15 5.60902e-15 5.60902e-15 5.60902e-15 5.60902e-15 5.60902e-15 5.60902e-15 5.60902e-15 5.60902e-15 
0.60 2.41515e-10 2.33148e-10 2.27575e-10 2.23886e-10 2.21487e-10 2.19971e-10 2.19054e-10 2.18529e-10 2.18254e-10 2.18137e-10 
0.61 0.000200677 0.000215876 0.000228511 0.000238872 0.000247232 0.000253839 0.000258906 0.000262602 0.000265043 0.000266278 
0.61 0.000412073 0.000360994 0.000313094 0.000269116 0.000229731 0.000195536 0.000167075 0.000144869 0.000129448 0.000121398 
0.61 0.00040975 0.000358569 0.000310639 0.000266684 0.000227356 0.000193238 0.000164859 0.000142726 0.000127361 0.000119343 
0.61 4.10421e-06 4.41082e-06 4.66539e-06 4.87386e-06 5.04181e-06 5.17434e-06 5.27584e-06 5.34979e-06 5.39857e-06 5.42323e-06 
0.61 0.000637339 0.000522182 0.000416656 0.000321908 0.000238868 0.000168254 0.00011061 6.63969e-05 3.61085e-05 2.04364e-05 
0.61 0.00102091 0.00106012 0.00109521 0.00112614 0.00115289 0.00117543 0.00119374 0.00120776 0.00121736 0.00122233 
0.61 1.20808e-05 5.60902e-15 5.60902e-15 5.60902e-15 5.60902e-15 5.60902e-15 5.60902e-15 5.60902e-15 5.60902e-15 5.60902e-15 
0.61 2.38609e-10 2.30331e-10 2.24798e-10 2.2112e-10 2.18717e-10 2.17189e-10 2.16256e-10 2.15716e-10 2.15429e-10 2.15306e-10 
0.62 0.000203344 0.000218774 0.000231627 0.000242188 0.000250727 0.000257489 0.000262685 0.000266482 0.000268993 0.000270265 
0.62 0.000415128 0.000364277 0.000316549 0.000272686 0.000233362 0.000199184 0.000170709 0.000148472 0.000133019 0.000124949 
0.62 0.000412666 0.000361701 0.000313933 0.000270083 0.000230809 0.000196701 0.000168303 0.000146135 0.000130736 0.000122696 
0.62 4.1585e-06 4.46983e-06 4.72883e-06 4.94136e-06 5.11296e-06 5.24865e-06 5.35279e-06 5.42879e-06 5.479e-06 5.50441e-06 
0.62 0.000640805 0.000525851 0.000420403 0.000325605 0.000242398 0.000171525 0.000113568 6.90388e-05 3.84897e-05 2.26671e-05 
0.62 0.00102228 0.00106163 0.00109687 0.00112796 0.00115486 0.00117756 0.00119601 0.00121015 0.00121984 0.00122485 
0.62 1.20808e-05 5.60902e-15 5.60902e-15 5.60902e-15 5.60902e-15 5.60902e-15 5.60902e-15 5.60902e-15 5.60902e-15 5.60902e-15 
0.62 2.35798e-10 2.27604e-10 2.22109e-10 2.18444e-10 2.16038e-10 2.14498e-10 2.13549e-10 2.12995e-10 2.12696e-10 2.12567e-10 
0.63 0.000205996 0.000221658 0.000234727 0.000245487 0.000254204 0.000261122 0.000266448 0.000270346 0.000272927 0.000274235 
0.63 0.000418153 0.000367529 0.000319975 0.000276231 0.000236973 0.000202819 0.000174337 0.000152075 0.000136595 0.000128508 
0.63 0.000415552 0.000364804 0.000317198 0.000273458 0.000234243 0.000200152 0.000171741 0.000149545 0.000134116 0.000126057 
0.63 4.21251e-06 4.52853e-06 4.79195e-06 5.00853e-06 5.18377e-06 5.32263e-06 5.4294e-06 5.50746e-06 5.5591e-06 5.58526e-06 
0.63 0.000644215 0.000529464 0.000424097 0.000329259 0.000245899 0.000174785 0.000116537 7.17132e-05 4.09217e-05 2.49593e-05 
0.63 0.00102365 0.00106314 0.00109853 0.00112977 0.00115683 0.00117967 0.00119826 0.00121252 0.00122229 0.00122735 
0.63 1.20808e-05 5.60902e-15 5.60902e-15 5.60902e-15 5.60902e-15 5.60902e-15 5.60902e-15 5.60902e-15 5.60902e-15 5.60902e-15 
0.63 2.33074e-10 2.24962e-10 2.19507e-10 2.15855e-10 2.13444e-10 2.11894e-10 2.10931e-10 2.10363e-10 2.10053e-10 2.09917e-10 
0.64 0.000208635 0.000224526 0.000237812 0.00024877 0.000257666 0.000264739 0.000270194 0.000274194 0.000276845 0.00027819 
0.64 0.000421148 0.000370752 0.000323373 0.000279751 0.000240565 0.000206441 0.000177957 0.000155677 0.000140175 0.000132073 
0.64 0.00041841 0.000367877 0.000320436 0.000276809 0.000237658 0.00020359 0.000175173 0.000152955 0.000137501 0.000129425 
0.64 4.26624e-06 4.58694e-06 4.85475e-06 5.07538e-06 5.25425e-06 5.39627e-06 5.50567e-06 5.58579e-06 5.63887e-06 5.66578e-06 
0.64 0.000647572 0.000533022 0.000427741 0.000332871 0.000249372 0.000178035 0.000119515 7.44179e-05 4.34009e-05 2.73086e-05 
0.64 0.00102502 0.00106465 0.00110018 0.00113157 0.00115878 0.00118178 0.0012005 0.00121487 0.00122473 0.00122983 
0.64 1.20808e-05 5.60902e-15 5.60902e-15 5.60902e-15 5.60902e-15 5.60902e-15 5.60902e-15 5.60902e-15 5.60902e-15 5.60902e-15 
0.64 2.30434e-10 2.22403e-10 2.16986e-10 2.13346e-10 2.10934e-10 2.09371e-10 2.08394e-10 2.07813e-10 2.07492e-10 2.0735e-10 
0.65 0.000211261 0.00022738 0.00024088 0.000252037 0.000261111 0.000268339 0.000273924 0.000278024 0.000280747 0.000282129 
0.65 0.000424115 0.000373946 0.000326743 0.000283246 0.000244137 0.000210049 0.00018157 0.000159278 0.000143758 0.000135643 
0.65 0.000421241 0.000370923 0.000323648 0.000280136 0.000241054 0.000207015 0.000178598 0.000156364 0.000140889 0.0001328 
0.65 4.31969e-06 4.64505e-06 4.91723e-06 5.1419e-06 5.32439e-06 5.46957e-06 5.58161e-06 5.66379e-06 5.71831e-06 5.74597e-06 
0.65 0.000650877 0.000536528 0.000431336 0.000336443 0.000252818 0.000181274 0.000122503 7.71507e-05 4.59241e-05 2.9711e-05 
0.65 0.00102639 0.00106616 0.00110183 0.00113337 0.00116073 0.00118387 0.00120273 0.00121721 0.00122715 0.0012323 
0.65 1.20808e-05 5.60902e-15 5.60902e-15 5.60902e-15 5.60902e-15 5.60902e-15 5.60902e-15 5.60902e-15 5.60902e-15 5.60902e-15 
0.65 2.27874e-10 2.19922e-10 2.14542e-10 2.10915e-10 2.085e-10 2.06928e-10 2.05938e-10 2.05344e-10 2.05013e-10 2.04865e-10 
0.66 0.000213872 0.00023022 0.000243934 0.000255289 0.00026454 0.000271923 0.000277637 0.000281839 0.000284632 0.000286051 
0.66 0.000427055 0.000377111 0.000330086 0.000286717 0.00024769 0.000213643 0.000185176 0.000162876 0.000147343 0.000139218 
0.66 0.000424045 0.000373941 0.000326834 0.000283441 0.000244432 0.000210428 0.000182016 0.000159771 0.00014428 0.00013618 
0.66 4.37287e-06 4.70286e-06 4.97941e-06 5.2081e-06 5.39421e-06 5.54254e-06 5.65721e-06 5.74146e-06 5.79741e-06 5.82582e-06 
0.66 0.000654132 0.000539983 0.000434885 0.000339976 0.000256238 0.000184504 0.000125498 7.99098e-05 4.84882e-05 3.21628e-05 
0.66 0.00102776 0.00106766 0.00110348 0.00113516 0.00116267 0.00118595 0.00120494 0.00121953 0.00122955 0.00123475 
0.66 1.20808e-05 5.60902e-15 5.60902e-15 5.60902e-15 5.60902e-15 5.60902e-15 5.60902e-15 5.60902e-15 5.60902e-15 5.60902e-15 
0.66 2.25392e-10 2.17516e-10 2.12173e-10 2.08558e-10 2.06141e-10 2.0456e-10 2.03558e-10 2.02951e-10 2.0261e-10 2.02457e-10 
0.67 0.000216471 0.000233045 0.000246973 0.000258524 0.000267953 0.000275491 0.000281334 0.000285638 0.000288501 0.000289957 
0.67 0.000429969 0.000380249 0.000333403 0.000290165 0.000251224 0.000217223 0.000188773 0.000166472 0.000150929 0.000142796 
0.67 0.000426824 0.000376933 0.000329994 0.000286723 0.000247792 0.000213827 0.000185427 0.000163176 0.000147673 0.000139563 
0.67 4.42577e-06 4.76038e-06 5.04128e-06 5.27398e-06 5.4637e-06 5.61518e-06 5.73248e-06 5.8188e-06 5.87618e-06 5.90534e-06 
0.67 0.000657338 0.000543389 0.000438388 0.000343472 0.000259633 0.000187724 0.000128501 8.2693e-05 5.10902e-05 3.46606e-05 
0.67 0.00102913 0.00106916 0.00110512 0.00113695 0.0011646 0.00118802 0.00120714 0.00122183 0.00123193 0.00123717 
0.67 1.20808e-05 5.60902e-15 5.60902e-15 5.60902e-15 5.60902e-15 5.60902e-15 5.60902e-15 5.60902e-15 5.60902e-15 5.60902e-15 
0.67 2.22983e-10 2.15181e-10 2.09875e-10 2.06272e-10 2.03854e-10 2.02264e-10 2.01249e-10 2.0063e-10 2.00281e-10 2.00123e-10 
0.68 0.000219057 0.000235856 0.000249997 0.000261744 0.00027135 0.000279042 0.000285015 0.000289419 0.000292354 0.000293847 
0.68 0.000432856 0.000383361 0.000336694 0.00029359 0.000254739 0.00022079 0.000192362 0.000170064 0.000154515 0.000146377 
0.68 0.000429577 0.000379899 0.000333129 0.000289983 0.000251133 0.000217214 0.00018883 0.000166578 0.000151067 0.00014295 
0.68 4.47841e-06 4.81761e-06 5.10284e-06 5.33954e-06 5.53286e-06 5.68748e-06 5.80742e-06 5.8958e-06 5.95462e-06 5.98453e-06 
0.68 0.000660498 0.000546747 0.000441847 0.000346932 0.000263003 0.000190934 0.000131511 8.54987e-05 5.37276e-05 3.7201e-05 
0.68 0.0010305 0.00107066 0.00110676 0.00113873 0.00116652 0.00119008 0.00120932 0.00122412 0.0012343 0.00123958 
0.68 1.20808e-05 5.60902e-15 5.60902e-15 5.60902e-15 5.60902e-15 5.60902e-15 5.60902e-15 5.60902e-15 5.60902e-15 5.60902e-15 
0.68 2.20643e-10 2.12914e-10 2.07643e-10 2.04053e-10 2.01634e-10 2.00036e-10 1.9901e-10 1.98379e-10 1.98021e-10 1.97859e-10 
0.69 0.00022163 0.000238653 0.000253006 0.000264949 0.000274731 0.000282577 0.000288679 0.000293185 0.00029619 0.000297721 
0.69 0.000435718 0.000386446 0.000339961 0.000296993 0.000258235 0.000224343 0.000195942 0.000173652 0.000158101 0.000149959 
0.69 0.000432306 0.00038284 0.00033624 0.000293221 0.000254457 0.000220587 0.000192225 0.000169976 0.000154461 0.000146339 
0.69 4.53078e-06 4.87455e-06 5.16409e-06 5.40478e-06 5.60169e-06 5.75946e-06 5.88203e-06 5.97247e-06 6.03273e-06 6.06339e-06 
0.69 0.000663612 0.00055006 0.000445263 0.000350357 0.000266349 0.000194134 0.000134527 8.83251e-05 5.63977e-05 3.9781e-05 
0.69 0.00103187 0.00107216 0.00110839 0.0011405 0.00116844 0.00119213 0.00121149 0.0012264 0.00123665 0.00124198 
0.69 1.20808e-05 5.60902e-15 5.60902e-15 5.60902e-15 5.60902e-15 5.60902e-15 5.60902e-15 5.60902e-15 5.60902e-15 5.60902e-15 
0.69 2.18372e-10 2.10713e-10 2.05477e-10 2.01899e-10 1.99479e-10 1.97874e-10 1.96837e-10 1.96195e-10 1.95828e-10 1.95661e-10 
0.70 0.000224189 0.000241436 0.000256 0.000268138 0.000278096 0.000286095 0.000292326 0.000296935 0.00030001 0.000301577 
0.70 0.000438556 0.000389506 0.000343203 0.000300374 0.000261713 0.000227881 0.000199513 0.000177235 0.000161685 0.000153542 
0.70 0.000435011 0.000385756 0.000339328 0.000296438 0.000257763 0.000223947 0.000195612 0.000173371 0.000157854 0.000149729 
0.70 4.58288e-06 4.93121e-06 5.22504e-06 5.4697e-06 5.6702e-06 5.83111e-06 5.95631e-06 6.04881e-06 6.11051e-06 6.14192e-06 
0.70 0.000666683 0.000553329 0.000448639 0.000353748 0.000269672 0.000197325 0.000137547 9.11705e-05 5.90981e-05 4.23978e-05 
0.70 0.00103323 0.00107365 0.00111002 0.00114228 0.00117035 0.00119417 0.00121365 0.00122866 0.00123898 0.00124435 
0.70 1.20808e-05 5.60902e-15 5.60902e-15 5.60902e-15 5.60902e-15 5.60902e-15 5.60902e-15 5.60902e-15 5.60902e-15 5.60902e-15 
0.70 2.16165e-10 2.08575e-10 2.03372e-10 1.99808e-10 1.97388e-10 1.95774e-10 1.94727e-10 1.94075e-10 1.937e-10 1.93528e-10 
0.71 0.000226736 0.000244206 0.000258979 0.000271312 0.000281445 0.000289598 0.000295958 0.000300667 0.000303814 0.000305418 
0.71 0.00044137 0.000392542 0.000346421 0.000303733 0.000265173 0.000231406 0.000203074 0.000180812 0.000165268 0.000157125 
0.71 0.000437693 0.000388649 0.000342393 0.000299634 0.000261052 0.000227294 0.00019899 0.000176761 0.000161246 0.00015312 
0.71 4.63472e-06 4.98758e-06 5.2857e-06 5.53431e-06 5.73839e-06 5.90243e-06 6.03025e-06 6.12482e-06 6.18795e-06 6.22012e-06 
0.71 0.000669711 0.000556555 0.000451975 0.000357106 0.000272973 0.000200506 0.000140571 9.40333e-05 6.18266e-05 4.50488e-05 
0.71 0.00103459 0.00107514 0.00111165 0.00114404 0.00117225 0.0011962 0.0012158 0.0012309 0.0012413 0.0012467 
0.71 1.20808e-05 5.60902e-15 5.60902e-15 5.60902e-15 5.60902e-15 5.60902e-15 5.60902e-15 5.60902e-15 5.60902e-15 5.60902e-15 
0.71 2.14017e-10 2.06495e-10 2.01327e-10 1.97776e-10 1.95356e-10 1.93735e-10 1.92678e-10 1.92016e-10 1.91632e-10 1.91456e-10 
0.72 0.00022927 0.000246961 0.000261944 0.00027447 0.000284779 0.000293085 0.000299574 0.000304384 0.000307602 0.000309243 
0.72 0.000444161 0.000395554 0.000349616 0.00030707 0.000268614 0.000234917 0.000206625 0.000184384 0.000168848 0.000160707 
0.72 0.000440353 0.000391518 0.000345435 0.00030281 0.000264323 0.000230628 0.000202359 0.000180146 0.000164636 0.00015651 
0.72 4.6863e-06 5.04367e-06 5.34605e-06 5.59861e-06 5.80626e-06 5.97342e-06 6.10387e-06 6.20049e-06 6.26506e-06 6.29799e-06 
0.72 0.000672699 0.000559739 0.000455273 0.000360432 0.000276251 0.000203677 0.000143599 9.69119e-05 6.4581e-05 4.77314e-05 
0.72 0.00103595 0.00107663 0.00111327 0.0011458 0.00117414 0.00119822 0.00121794 0.00123313 0.0012436 0.00124904 
0.72 1.20808e-05 5.60902e-15 5.60902e-15 5.60902e-15 5.60902e-15 5.60902e-15 5.60902e-15 5.60902e-15 5.60902e-15 5.60902e-15 
0.72 2.1193e-10 2.04474e-10 1.99339e-10 1.958e-10 1.93381e-10 1.91753e-10 1.90687e-10 1.90015e-10 1.89624e-10 1.89442e-10 
0.73 0.000231791 0.000249703 0.000264894 0.000277614 0.000288097 0.000296557 0.000303174 0.000308085 0.000311373 0.000313051 
0.73 0.000446929 0.000398542 0.000352788 0.000310387 0.000272038 0.000238413 0.000210167 0.000187949 0.000172424 0.000164287 
0.73 0.000442991 0.000394365 0.000348455 0.000305965 0.000267577 0.000233948 0.000205718 0.000183525 0.000168023 0.0001599 
0.73 4.73763e-06 5.09948e-06 5.40611e-06 5.66261e-06 5.87381e-06 6.04409e-06 6.17715e-06 6.27583e-06 6.34184e-06 6.37553e-06 
0.73 0.000675647 0.000562884 0.000458533 0.000363728 0.000279508 0.000206838 0.000146629 9.98051e-05 6.73594e-05 5.04432e-05 
0.73 0.00103731 0.00107811 0.00111489 0.00114755 0.00117602 0.00120023 0.00122006 0.00123535 0.00124589 0.00125136 
0.73 1.20808e-05 5.60902e-15 5.60902e-15 5.60902e-15 5.60902e-15 5.60902e-15 5.60902e-15 5.60902e-15 5.60902e-15 5.60902e-15 
0.73 2.09899e-10 2.02507e-10 1.97405e-10 1.93879e-10 1.9146e-10 1.89827e-10 1.88751e-10 1.8807e-10 1.87671e-10 1.87485e-10 
0.74 0.0002343 0.000252431 0.00026783 0.000280742 0.000291399 0.000300012 0.000306758 0.00031177 0.000315128 0.000316843 
0.74 0.000449675 0.000401508 0.000355937 0.000313683 0.000275444 0.000241895 0.000213698 0.000191508 0.000175996 0.000167865 
0.74 0.000445607 0.00039719 0.000351453 0.000309101 0.000270814 0.000237255 0.000209068 0.000186898 0.000171407 0.000163288 
0.74 4.7887e-06 5.15502e-06 5.46588e-06 5.7263e-06 5.94104e-06 6.11443e-06 6.25011e-06 6.35084e-06 6.41829e-06 6.45273e-06 
0.74 0.000678557 0.00056599 0.000461758 0.000366993 0.000282744 0.000209988 0.000149661 0.000102711 7.01597e-05 5.31821e-05 
0.74 0.00103866 0.00107959 0.0011165 0.00114929 0.0011779 0.00120223 0.00122217 0.00123755 0.00124816 0.00125367 
0.74 1.20808e-05 5.60902e-15 5.60902e-15 5.60902e-15 5.60902e-15 5.60902e-15 5.60902e-15 5.60902e-15 5.60902e-15 5.60902e-15 
0.74 2.07923e-10 2.00594e-10 1.95524e-10 1.9201e-10 1.89592e-10 1.87953e-10 1.86869e-10 1.86179e-10 1.85773e-10 1.85583e-10 
0.75 0.000236796 0.000255146 0.000270752 0.000283856 0.000294686 0.000303451 0.000310325 0.000315438 0.000318866 0.000320619 
0.75 0.0004524 0.000404451 0.000359065 0.000316959 0.000278832 0.000245363 0.000217218 0.00019506 0.000179564 0.00017144 
0.75 0.000448203 0.000399993 0.00035443 0.000312217 0.000274035 0.000240548 0.000212408 0.000190265 0.000174787 0.000166673 
0.75 4.83951e-06 5.21029e-06 5.52536e-06 5.78968e-06 6.00796e-06 6.18445e-06 6.32274e-06 6.42553e-06 6.49441e-06 6.5296e-06 
0.75 0.00068143 0.000569058 0.000464948 0.00037023 0.000285959 0.000213129 0.000152695 0.000105629 7.29802e-05 5.59459e-05 
0.75 0.00104001 0.00108107 0.00111811 0.00115103 0.00117977 0.00120422 0.00122427 0.00123974 0.00125041 0.00125596 
0.75 1.20808e-05 5.60902e-15 5.60902e-15 5.60902e-15 5.60902e-15 5.60902e-15 5.60902e-15 5.60902e-15 5.60902e-15 5.60902e-15 
0.75 2.05998e-10 1.9873e-10 1.93692e-10 1.90191e-10 1.87774e-10 1.8613e-10 1.85038e-10 1.84339e-10 1.83927e-10 1.83733e-10 
0.76 0.00023928 0.000257848 0.000273659 0.000286954 0.000297958 0.000306875 0.000313876 0.00031909 0.000322589 0.000324378 
0.76 0.000455103 0.000407372 0.000362171 0.000320215 0.000282203 0.000248817 0.000220728 0.000198604 0.000183127 0.000175011 
0.76 0.000450778 0.000402775 0.000357387 0.000315314 0.000277239 0.000243828 0.000215738 0.000193625 0.000178163 0.000170056 
0.76 4.89007e-06 5.26528e-06 5.58455e-06 5.85276e-06 6.07457e-06 6.25415e-06 6.39505e-06 6.49989e-06 6.5702e-06 6.60614e-06 
0.76 0.000684268 0.00057209 0.000468104 0.000373438 0.000289154 0.000216259 0.000155729 0.000108558 7.58192e-05 5.87327e-05 
0.76 0.00104136 0.00108254 0.00111971 0.00115276 0.00118163 0.0012062 0.00122636 0.00124192 0.00125265 0.00125823 
0.76 1.20808e-05 5.60902e-15 5.60902e-15 5.60902e-15 5.60902e-15 5.60902e-15 5.60902e-15 5.60902e-15 5.60902e-15 5.60902e-15 
0.76 2.04123e-10 1.96917e-10 1.91909e-10 1.88421e-10 1.86006e-10 1.84357e-10 1.83256e-10 1.82549e-10 1.8213e-10 1.81932e-10 
0.77 0.000241752 0.000260536 0.000276553 0.000290038 0.000301215 0.000310283 0.000317412 0.000322726 0.000326295 0.000328121 
0.77 0.000457786 0.000410272 0.000365256 0.000323451 0.000285557 0.000252257 0.000224227 0.00020214 0.000186685 0.000178578 
0.77 0.000453334 0.000405536 0.000360324 0.000318393 0.000280427 0.000247095 0.000219058 0.000196978 0.000181534 0.000173435 
0.77 4.94039e-06 5.32001e-06 5.64345e-06 5.91554e-06 6.14086e-06 6.32354e-06 6.46703e-06 6.57392e-06 6.64566e-06 6.68235e-06 
0.77 0.000687071 0.000575088 0.000471228 0.000376619 0.00029233 0.000219379 0.000158762 0.000111496 7.86752e-05 6.15406e-05 
0.77 0.0010427 0.00108401 0.00112131 0.00115449 0.00118348 0.00120817 0.00122843 0.00124408 0.00125488 0.00126049 
0.77 1.20808e-05 5.60902e-15 5.60902e-15 5.60902e-15 5.60902e-15 5.60902e-15 5.60902e-15 5.60902e-15 5.60902e-15 5.60902e-15 
0.77 2.02297e-10 1.95149e-10 1.90172e-10 1.86696e-10 1.84283e-10 1.82629e-10 1.81522e-10 1.80807e-10 1.80381e-10 1.80179e-10 
0.78 0.000244212 0.000263211 0.000279432 0.000293107 0.000304455 0.000313675 0.000320932 0.000326346 0.000329985 0.000331848 
0.78 0.000460449 0.000413151 0.00036832 0.000326668 0.000288893 0.000255683 0.000227714 0.000205668 0.000190236 0.00018214 
0.78 0.00045587 0.000408277 0.000363241 0.000321453 0.000283598 0.000250348 0.000222367 0.000200323 0.0001849 0.00017681 
0.78 4.99046e-06 5.37447e-06 5.70206e-06 5.97802e-06 6.20685e-06 6.3926e-06 6.53869e-06 6.64762e-06 6.7208e-06 6.75823e-06 
0.78 0.000689841 0.000578051 0.00047432 0.000379773 0.000295486 0.000222489 0.000161795 0.000114442 8.15465e-05 6.43679e-05 
0.78 0.00104404 0.00108548 0.0011229 0.00115621 0.00118532 0.00121013 0.0012305 0.00124623 0.00125709 0.00126274 
0.78 1.20808e-05 5.60902e-15 5.60902e-15 5.60902e-15 5.60902e-15 5.60902e-15 5.60902e-15 5.60902e-15 5.60902e-15 5.60902e-15 
0.78 2.00517e-10 1.93427e-10 1.8848e-10 1.85017e-10 1.82605e-10 1.80947e-10 1.79833e-10 1.79111e-10 1.78678e-10 1.78473e-10 
0.79 0.000246659 0.000265873 0.000282298 0.000296162 0.000307681 0.000317052 0.000324435 0.000329949 0.000333659 0.000335559 
0.79 0.000463092 0.000416009 0.000371364 0.000329866 0.000292213 0.000259094 0.00023119 0.000209187 0.000193781 0.000185697 
0.79 0.000458387 0.000410999 0.000366138 0.000324495 0.000286753 0.000253588 0.000225666 0.00020366 0.00018826 0.00018018 
0.79 5.04028e-06 5.42866e-06 5.76039e-06 6.0402e-06 6.27253e-06 6.46135e-06 6.61002e-06 6.72099e-06 6.7956e-06 6.83379e-06 
0.79 0.000692579 0.000580982 0.000477381 0.000382901 0.000298623 0.000225588 0.000164826 0.000117395 8.44316e-05 6.72129e-05 
0.79 0.00104538 0.00108694 0.00112449 0.00115792 0.00118716 0.00121208 0.00123255 0.00124837 0.00125929 0.00126497 
0.79 1.20808e-05 5.60902e-15 5.60902e-15 5.60902e-15 5.60902e-15 5.60902e-15 5.60902e-15 5.60902e-15 5.60902e-15 5.60902e-15 
0.79 1.98782e-10 1.91748e-10 1.8683e-10 1.8338e-10 1.8097e-10 1.79309e-10 1.78188e-10 1.77458e-10 1.7702e-10 1.76812e-10 
0.80 0.000249094 0.000268522 0.000285149 0.000299201 0.000310892 0.000320413 0.000327923 0.000333537 0.000337317 0.000339254 
0.80 0.000465716 0.000418848 0.000374389 0.000333045 0.000295516 0.000262491 0.000234655 0.000212697 0.000197319 0.000189248 
0.80 0.000460886 0.000413701 0.000369016 0.000327519 0.000289892 0.000256814 0.000228954 0.000206989 0.000191613 0.000183545 
0.80 5.08986e-06 5.48258e-06 5.81844e-06 6.10209e-06 6.3379e-06 6.52978e-06 6.68103e-06 6.79404e-06 6.87008e-06 6.90901e-06 
0.80 0.000695285 0.000583881 0.000480413 0.000386004 0.000301741 0.000228677 0.000167856 0.000120354 8.73292e-05 7.00739e-05 
0.80 0.00104671 0.0010884 0.00112607 0.00115963 0.00118899 0.00121402 0.00123459 0.0012505 0.00126148 0.00126719 
0.80 1.20808e-05 5.60902e-15 5.60902e-15 5.60902e-15 5.60902e-15 5.60902e-15 5.60902e-15 5.60902e-15 5.60902e-15 5.60902e-15 
0.80 1.9709e-10 1.90111e-10 1.85222e-10 1.81784e-10 1.79377e-10 1.77712e-10 1.76584e-10 1.75848e-10 1.75404e-10 1.75193e-10 
0.81 0.000251518 0.000271158 0.000287987 0.000302227 0.000314088 0.000323759 0.000331395 0.000337109 0.000340959 0.000342933 
0.81 0.000468321 0.000421667 0.000377394 0.000336206 0.000298802 0.000265873 0.000238108 0.000216198 0.00020085 0.000192793 
0.81 0.000463367 0.000416385 0.000371875 0.000330525 0.000293016 0.000260026 0.000232231 0.00021031 0.00019496 0.000186905 
0.81 5.13919e-06 5.53624e-06 5.87621e-06 6.16368e-06 6.40296e-06 6.5979e-06 6.75172e-06 6.86677e-06 6.94423e-06 6.98391e-06 
0.81 0.000697961 0.000586749 0.000483415 0.000389083 0.000304841 0.000231755 0.000170883 0.000123319 9.0238e-05 7.29495e-05 
0.81 0.00104804 0.00108985 0.00112765 0.00116133 0.00119081 0.00121595 0.00123662 0.00125261 0.00126365 0.00126939 
0.81 1.20808e-05 5.60902e-15 5.60902e-15 5.60902e-15 5.60902e-15 5.60902e-15 5.60902e-15 5.60902e-15 5.60902e-15 5.60902e-15 
0.81 1.95438e-10 1.88514e-10 1.83654e-10 1.80228e-10 1.77824e-10 1.76155e-10 1.75021e-10 1.74279e-10 1.7383e-10 1.73615e-10 
0.82 0.00025393 0.000273782 0.000290811 0.000305238 0.000317269 0.00032709 0.000334852 0.000340666 0.000344585 0.000346595 
0.82 0.000470908 0.000424467 0.00038038 0.000339349 0.000302072 0.000269241 0.000241549 0.000219689 0.000204373 0.000196331 
0.82 0.00046583 0.00041905 0.000374716 0.000333514 0.000296124 0.000263225 0.000235497 0.000213622 0.0001983 0.000190259 
0.82 5.18828e-06 5.58964e-06 5.93371e-06 6.22498e-06 6.46772e-06 6.66571e-06 6.8221e-06 6.93917e-06 7.01805e-06 7.05848e-06 
0.82 0.000700608 0.000589588 0.00048639 0.000392137 0.000307923 0.000234822 0.000173907 0.000126288 9.31569e-05 7.58384e-05 
0.82 0.00104936 0.0010913 0.00112922 0.00116302 0.00119262 0.00121788 0.00123864 0.00125471 0.00126581 0.00127158 
0.82 1.20808e-05 5.60902e-15 5.60902e-15 5.60902e-15 5.60902e-15 5.60902e-15 5.60902e-15 5.60902e-15 5.60902e-15 5.60902e-15 
0.82 1.93826e-10 1.86956e-10 1.82124e-10 1.7871e-10 1.76309e-10 1.74637e-10 1.73497e-10 1.72749e-10 1.72294e-10 1.72077e-10 
0.83 0.00025633 0.000276393 0.000293622 0.000308235 0.000320436 0.000330405 0.000338293 0.000344206 0.000348195 0.000350241 
0.83 0.000473477 0.000427248 0.000383347 0.000342474 0.000305325 0.000272595 0.000244978 0.000223171 0.000207888 0.000199862 
0.83 0.000468275 0.000421697 0.000377539 0.000336485 0.000299216 0.000266411 0.000238752 0.000216925 0.000201633 0.000193606 
0.83 5.23713e-06 5.64279e-06 5.99093e-06 6.28599e-06 6.53218e-06 6.7332e-06 6.89216e-06 7.01125e-06 7.09155e-06 7.13272e-06 
0.83 0.000703227 0.000592398 0.000489337 0.000395168 0.000310987 0.000237878 0.000176927 0.00012926 9.60846e-05 7.87391e-05 
0.83 0.00105068 0.00109274 0.00113078 0.00116471 0.00119442 0.00121979 0.00124065 0.0012568 0.00126795 0.00127376 
0.83 1.20808e-05 5.60902e-15 5.60902e-15 5.60902e-15 5.60902e-15 5.60902e-15 5.60902e-15 5.60902e-15 5.60902e-15 5.60902e-15 
0.83 1.92252e-10 1.85435e-10 1.8063e-10 1.77229e-10 1.74831e-10 1.73157e-10 1.72011e-10 1.71257e-10 1.70797e-10 1.70577e-10 
0.84 0.000258719 0.000278991 0.00029642 0.000311218 0.000323587 0.000333705 0.000341719 0.000347731 0.000351789 0.000353871 
0.84 0.000476029 0.00043001 0.000386296 0.000345581 0.000308562 0.000275935 0.000248395 0.000226643 0.000211394 0.000203386 
0.84 0.000470704 0.000424326 0.000380344 0.00033944 0.000302292 0.000269583 0.000241995 0.000220218 0.000204958 0.000196946 
0.84 5.28575e-06 5.69568e-06 6.04787e-06 6.34672e-06 6.59633e-06 6.80039e-06 6.9619e-06 7.08301e-06 7.16472e-06 7.20663e-06 
0.84 0.000705818 0.000595179 0.000492258 0.000398176 0.000314034 0.000240923 0.000179943 0.000132235 9.902e-05 8.16504e-05 
0.84 0.001052 0.00109418 0.00113234 0.00116639 0.00119622 0.00122169 0.00124265 0.00125888 0.00127008 0.00127592 
0.84 1.20808e-05 5.60902e-15 5.60902e-15 5.60902e-15 5.60902e-15 5.60902e-15 5.60902e-15 5.60902e-15 5.60902e-15 5.60902e-15 
0.84 1.90716e-10 1.83949e-10 1.79172e-10 1.75784e-10 1.73388e-10 1.71712e-10 1.70561e-10 1.69801e-10 1.69336e-10 1.69114e-10 
0.85 0.000261095 0.000281577 0.000299203 0.000314187 0.000326724 0.00033699 0.000345128 0.00035124 0.000355367 0.000357486 
0.85 0.000478563 0.000432754 0.000389226 0.000348671 0.000311783 0.000279261 0.0002518 0.000230104 0.000214892 0.000206902 
0.85 0.000473116 0.000426938 0.000383132 0.000342378 0.000305353 0.000272742 0.000245227 0.000223502 0.000208275 0.000200279 
0.85 5.33413e-06 5.74831e-06 6.10454e-06 6.40715e-06 6.66019e-06 6.86726e-06 7.03132e-06 7.15444e-06 7.23757e-06 7.28022e-06 
0.85 0.000708382 0.000597933 0.000495153 0.000401162 0.000317063 0.000243957 0.000182955 0.000135211 0.000101962 8.45711e-05 
0.85 0.00105331 0.00109561 0.00113389 0.00116806 0.00119801 0.00122359 0.00124464 0.00126094 0.0012722 0.00127807 
0.85 1.20808e-05 5.60902e-15 5.60902e-15 5.60902e-15 5.60902e-15 5.60902e-15 5.60902e-15 5.60902e-15 5.60902e-15 5.60902e-15 
0.85 1.89216e-10 1.82499e-10 1.77749e-10 1.74373e-10 1.7198e-10 1.70301e-10 1.69146e-10 1.6838e-10 1.67911e-10 1.67686e-10 
0.86 0.00026346 0.000284149 0.000301974 0.000317142 0.000329846 0.00034026 0.000348523 0.000354733 0.000358929 0.000361084 
0.86 0.00048108 0.000435481 0.000392138 0.000351743 0.000314989 0.000282572 0.000255192 0.000233555 0.00021838 0.000210409 
0.86 0.000475512 0.000429532 0.000385903 0.000345299 0.000308399 0.000275887 0.000248447 0.000226776 0.000211584 0.000203605 
0.86 5.38228e-06 5.80069e-06 6.16094e-06 6.4673e-06 6.72375e-06 6.93383e-06 7.10043e-06 7.22556e-06 7.31009e-06 7.35348e-06 
0.86 0.000710921 0.000600661 0.000498023 0.000404126 0.000320076 0.00024698 0.000185962 0.000138189 0.00010491 8.75e-05 
0.86 0.00105462 0.00109704 0.00113544 0.00116973 0.00119979 0.00122548 0.00124662 0.00126299 0.00127431 0.00128021 
0.86 1.20808e-05 5.60902e-15 5.60902e-15 5.60902e-15 5.60902e-15 5.60902e-15 5.60902e-15 5.60902e-15 5.60902e-15 5.60902e-15 
0.86 1.8775e-10 1.81082e-10 1.76358e-10 1.72994e-10 1.70606e-10 1.68925e-10 1.67765e-10 1.66993e-10 1.6652e-10 1.66292e-10 
0.87 0.000265814 0.00028671 0.000304732 0.000320083 0.000332954 0.000343515 0.000351902 0.00035821 0.000362476 0.000364667 
0.87 0.000483581 0.00043819 0.000395033 0.000354798 0.000318178 0.000285869 0.000258572 0.000236995 0.000221859 0.000213908 
0.87 0.000477892 0.00043211 0.000388657 0.000348204 0.00031143 0.000279018 0.000251656 0.00023004 0.000214884 0.000206923 
0.87 5.4302e-06 5.85282e-06 6.21708e-06 6.52717e-06 6.78701e-06 7.00009e-06 7.16922e-06 7.29635e-06 7.38229e-06 7.42642e-06 
0.87 0.000713435 0.000603363 0.000500869 0.000407068 0.000323072 0.000249992 0.000188964 0.000141167 0.000107862 9.04362e-05 
0.87 0.00105592 0.00109846 0.00113698 0.00117139 0.00120156 0.00122736 0.00124859 0.00126503 0.00127641 0.00128233 
0.87 1.20808e-05 5.60902e-15 5.60902e-15 5.60902e-15 5.60902e-15 5.60902e-15 5.60902e-15 5.60902e-15 5.60902e-15 5.60902e-15 
0.87 1.86318e-10 1.79698e-10 1.74999e-10 1.71648e-10 1.69263e-10 1.67581e-10 1.66417e-10 1.6564e-10 1.65162e-10 1.64932e-10 
0.88 0.000268157 0.000289259 0.000307476 0.00032301 0.000336047 0.000346755 0.000355266 0.000361672 0.000366006 0.000368234 
0.88 0.000486065 0.000440882 0.000397911 0.000357837 0.000321352 0.000289152 0.000261939 0.000240424 0.000225329 0.000217398 
0.88 0.000480256 0.000434671 0.000391394 0.000351093 0.000314446 0.000282136 0.000254853 0.000233294 0.000218175 0.000210233 
0.88 5.47789e-06 5.9047e-06 6.27295e-06 6.58675e-06 6.84998e-06 7.06605e-06 7.2377e-06 7.36683e-06 7.45417e-06 7.49903e-06 
0.88 0.000715924 0.000606041 0.000503691 0.00040999 0.000326051 0.000252993 0.000191961 0.000144144 0.000110818 9.33784e-05 
0.88 0.00105722 0.00109988 0.00113852 0.00117304 0.00120333 0.00122922 0.00125055 0.00126706 0.00127849 0.00128444 
0.88 1.20808e-05 5.60902e-15 5.60902e-15 5.60902e-15 5.60902e-15 5.60902e-15 5.60902e-15 5.60902e-15 5.60902e-15 5.60902e-15 
0.88 1.84917e-10 1.78344e-10 1.73671e-10 1.70333e-10 1.67951e-10 1.66268e-10 1.651e-10 1.64318e-10 1.63836e-10 1.63603e-10 
0.89 0.000270488 0.000291796 0.000310208 0.000325923 0.000339126 0.00034998 0.000358615 0.000365118 0.000369521 0.000371784 
0.89 0.000488533 0.000443557 0.000400772 0.000360859 0.00032451 0.000292421 0.000265294 0.000243842 0.000228788 0.000220878 
0.89 0.000482605 0.000437216 0.000394115 0.000353966 0.000317447 0.000285241 0.000258038 0.000236537 0.000221457 0.000213534 
0.89 5.52535e-06 5.95633e-06 6.32855e-06 6.64606e-06 6.91266e-06 7.1317e-06 7.30587e-06 7.43699e-06 7.52572e-06 7.57132e-06 
0.89 0.00071839 0.000608694 0.00050649 0.000412891 0.000329014 0.000255983 0.000194951 0.000147121 0.000113777 9.63258e-05 
0.89 0.00105852 0.00110129 0.00114005 0.00117469 0.00120508 0.00123108 0.00125249 0.00126908 0.00128056 0.00128654 
0.89 1.20808e-05 5.60902e-15 5.60902e-15 5.60902e-15 5.60902e-15 5.60902e-15 5.60902e-15 5.60902e-15 5.60902e-15 5.60902e-15 
0.89 1.83548e-10 1.77021e-10 1.72374e-10 1.69047e-10 1.6667e-10 1.64984e-10 1.63813e-10 1.63026e-10 1.62541e-10 1.62305e-10 
0.90 0.000272808 0.000294319 0.000312926 0.000328822 0.000342191 0.00035319 0.000361948 0.000368549 0.00037302 0.000375319 
0.90 0.000490986 0.000446216 0.000403616 0.000363865 0.000327652 0.000295675 0.000268636 0.000247248 0.000232237 0.000224349 
0.90 0.000484938 0.000439746 0.000396819 0.000356824 0.000320433 0.000288332 0.000261211 0.00023977 0.000224729 0.000216827 
0.90 5.57258e-06 6.00771e-06 6.38389e-06 6.70508e-06 6.97504e-06 7.19705e-06 7.37373e-06 7.50683e-06 7.59696e-06 7.64329e-06 
0.90 0.000720833 0.000611324 0.000509266 0.000415772 0.00033196 0.000258961 0.000197935 0.000150096 0.000116739 9.92774e-05 
0.90 0.00105981 0.0011027 0.00114158 0.00117633 0.00120684 0.00123293 0.00125443 0.00127109 0.00128262 0.00128863 
0.90 1.20808e-05 5.60902e-15 5.60902e-15 5.60902e-15 5.60902e-15 5.60902e-15 5.60902e-15 5.60902e-15 5.60902e-15 5.60902e-15 
0.90 1.82209e-10 1.75727e-10 1.71105e-10 1.67791e-10 1.65417e-10 1.6373e-10 1.62554e-10 1.61764e-10 1.61275e-10 1.61037e-10 
0.91 0.000275117 0.000296831 0.000315631 0.000331708 0.00034524 0.000356385 0.000365266 0.000371964 0.000376504 0.000378838 
0.91 0.000493423 0.000448858 0.000406443 0.000366854 0.000330779 0.000298915 0.000271965 0.000250643 0.000235676 0.00022781 
0.91 0.000487257 0.00044226 0.000399508 0.000359666 0.000323405 0.00029141 0.000264371 0.000242992 0.000227992 0.00022011 
0.91 5.61958e-06 6.05885e-06 6.43896e-06 6.76383e-06 7.03714e-06 7.2621e-06 7.44128e-06 7.57636e-06 7.66788e-06 7.71494e-06 
0.91 0.000723253 0.000613931 0.00051202 0.000418634 0.00033489 0.000261928 0.000200913 0.000153069 0.000119702 0.000102233 
0.91 0.0010611 0.0011041 0.0011431 0.00117797 0.00120858 0.00123477 0.00125636 0.00127309 0.00128467 0.00129071 
0.91 1.20808e-05 5.60902e-15 5.60902e-15 5.60902e-15 5.60902e-15 5.60902e-15 5.60902e-15 5.60902e-15 5.60902e-15 5.60902e-15 
0.91 1.80899e-10 1.74462e-10 1.69865e-10 1.66562e-10 1.64192e-10 1.62505e-10 1.61326e-10 1.60531e-10 1.60038e-10 1.59799e-10 
0.92 0.000277415 0.000299332 0.000318324 0.00033458 0.000348276 0.000359566 0.000368569 0.000375364 0.000379971 0.000382342 
0.92 0.000495845 0.000451484 0.000409254 0.000369827 0.000333891 0.000302141 0.000275281 0.000254026 0.000239104 0.000231261 
0.92 0.000489561 0.000444758 0.000402181 0.000362492 0.000326362 0.000294474 0.00026752 0.000246203 0.000231245 0.000223384 
0.92 5.66636e-06 6.10974e-06 6.49377e-06 6.8223e-06 7.09894e-06 7.32685e-06 7.50852e-06 7.64558e-06 7.73848e-06 7.78627e-06 
0.92 0.000725652 0.000616515 0.000514753 0.000421476 0.000337805 0.000264883 0.000203884 0.000156039 0.000122665 0.000105191 
0.92 0.00106238 0.00110551 0.00114462 0.0011796 0.00121031 0.0012366 0.00125828 0.00127508 0.00128671 0.00129277 
0.92 1.20808e-05 5.60902e-15 5.60902e-15 5.60902e-15 5.60902e-15 5.60902e-15 5.60902e-15 5.60902e-15 5.60902e-15 5.60902e-15 
0.92 1.79618e-10 1.73225e-10 1.68652e-10 1.65361e-10 1.62995e-10 1.61306e-10 1.60124e-10 1.59325e-10 1.58829e-10 1.58588e-10 
0.93 0.000279702 0.00030182 0.000321004 0.000337439 0.000351298 0.000362732 0.000371857 0.000378749 0.000383423 0.00038583 
0.93 0.000498252 0.000454095 0.000412049 0.000372784 0.000336988 0.000305353 0.000278584 0.000257398 0.000242522 0.000234702 
0.93 0.000491851 0.000447241 0.000404839 0.000365303 0.000329305 0.000297525 0.000270656 0.000249403 0.000234488 0.000226649 
0.93 5.71291e-06 6.16039e-06 6.54832e-06 6.8805e-06 7.16046e-06 7.3913e-06 7.57546e-06 7.71448e-06 7.80876e-06 7.85728e-06 
0.93 0.000728029 0.000619078 0.000517465 0.000424299 0.000340704 0.000267826 0.000206847 0.000159006 0.000125629 0.00010815 
0.93 0.00106366 0.0011069 0.00114613 0.00118122 0.00121204 0.00123842 0.00126019 0.00127706 0.00128874 0.00129482 
0.93 1.20808e-05 5.60902e-15 5.60902e-15 5.60902e-15 5.60902e-15 5.60902e-15 5.60902e-15 5.60902e-15 5.60902e-15 5.60902e-15 
0.93 1.78364e-10 1.72013e-10 1.67465e-10 1.64186e-10 1.61823e-10 1.60134e-10 1.58949e-10 1.58147e-10 1.57647e-10 1.57404e-10 
0.94 0.000281978 0.000304297 0.000323671 0.000340285 0.000354306 0.000365883 0.00037513 0.000382117 0.00038686 0.000389302 
0.94 0.000500644 0.00045669 0.000414828 0.000375726 0.000340069 0.000308551 0.000281875 0.000260758 0.000245928 0.000238132 
0.94 0.000494127 0.000449709 0.000407482 0.0003681 0.000332233 0.000300563 0.00027378 0.000252592 0.00023772 0.000229904 
0.94 5.75924e-06 6.2108e-06 6.60261e-06 6.93842e-06 7.22169e-06 7.45546e-06 7.64209e-06 7.78307e-06 7.87873e-06 7.92797e-06 
0.94 0.000730386 0.000621619 0.000520156 0.000427104 0.000343588 0.000270758 0.000209803 0.00016197 0.000128592 0.00011111 
0.94 0.00106493 0.00110829 0.00114763 0.00118283 0.00121376 0.00124024 0.00126209 0.00127903 0.00129075 0.00129686 
0.94 1.20808e-05 5.60902e-15 5.60902e-15 5.60902e-15 5.60902e-15 5.60902e-15 5.60902e-15 5.60902e-15 5.60902e-15 5.60902e-15 
0.94 1.77136e-10 1.70827e-10 1.66302e-10 1.63035e-10 1.60677e-10 1.58987e-10 1.578e-10 1.56994e-10 1.56491e-10 1.56245e-10 
0.95 0.000284243 0.000306761 0.000326326 0.000343116 0.0003573 0.00036902 0.000378388 0.000385471 0.000390281 0.000392759 
0.95 0.000503022 0.00045927 0.000417591 0.000378652 0.000343136 0.000311735 0.000285152 0.000264106 0.000249323 0.000241552 
0.95 0.000496389 0.000452163 0.00041011 0.000370882 0.000335147 0.000303587 0.000276892 0.00025577 0.000240942 0.000233149 
0.95 5.80535e-06 6.26097e-06 6.65665e-06 6.99607e-06 7.28264e-06 7.51932e-06 7.70842e-06 7.85135e-06 7.94838e-06 7.99834e-06 
0.95 0.000732723 0.00062414 0.000522827 0.000429891 0.000346457 0.000273678 0.000212751 0.00016493 0.000131553 0.000114071 
0.95 0.0010662 0.00110967 0.00114913 0.00118444 0.00121547 0.00124205 0.00126398 0.00128099 0.00129276 0.00129889 
0.95 1.20808e-05 5.60902e-15 5.60902e-15 5.60902e-15 5.60902e-15 5.60902e-15 5.60902e-15 5.60902e-15 5.60902e-15 5.60902e-15 
0.95 1.75933e-10 1.69666e-10 1.65164e-10 1.61909e-10 1.59555e-10 1.57866e-10 1.56676e-10 1.55866e-10 1.5536e-10 1.55113e-10 
0.96 0.000286498 0.000309214 0.000328967 0.000345935 0.00036028 0.000372143 0.000381631 0.00038881 0.000393687 0.0003962 
0.96 0.000505386 0.000461834 0.000420339 0.000381563 0.000346188 0.000314905 0.000288417 0.000267441 0.000252707 0.000244961 
0.96 0.000498637 0.000454602 0.000412723 0.000373649 0.000338047 0.000306598 0.000279992 0.000258937 0.000244154 0.000236383 
0.96 5.85124e-06 6.3109e-06 6.71043e-06 7.05345e-06 7.3433e-06 7.58289e-06 7.77444e-06 7.91932e-06 8.01772e-06 8.0684e-06 
0.96 0.000735041 0.00062664 0.000525479 0.00043266 0.00034931 0.000276587 0.000215691 0.000167885 0.000134513 0.000117031 
0.96 0.00106746 0.00111105 0.00115062 0.00118604 0.00121717 0.00124385 0.00126586 0.00128293 0.00129475 0.00130091 
0.96 1.20808e-05 5.60902e-15 5.60902e-15 5.60902e-15 5.60902e-15 5.60902e-15 5.60902e-15 5.60902e-15 5.60902e-15 5.60902e-15 
0.96 1.74756e-10 1.68529e-10 1.64051e-10 1.60807e-10 1.58457e-10 1.56768e-10 1.55575e-10 1.54763e-10 1.54254e-10 1.54004e-10 
0.97 0.000288742 0.000311655 0.000331597 0.000348741 0.000363246 0.000375251 0.00038486 0.000392134 0.000397078 0.000399626 
0.97 0.000507736 0.000464384 0.000423071 0.000384459 0.000349225 0.00031806 0.000291668 0.000270765 0.00025608 0.000248358 
0.97 0.000500872 0.000457027 0.000415321 0.000376402 0.000340933 0.000309596 0.000283079 0.000262092 0.000247355 0.000239607 
0.97 5.89691e-06 6.3606e-06 6.76396e-06 7.11056e-06 7.40368e-06 7.64616e-06 7.84016e-06 7.98698e-06 8.08674e-06 8.13814e-06 
0.97 0.00073734 0.000629121 0.000528112 0.000435412 0.000352149 0.000279484 0.000218623 0.000170835 0.00013747 0.000119991 
0.97 0.00106872 0.00111242 0.0011521 0.00118763 0.00121887 0.00124564 0.00126773 0.00128487 0.00129673 0.00130292 
0.97 1.20808e-05 5.60902e-15 5.60902e-15 5.60902e-15 5.60902e-15 5.60902e-15 5.60902e-15 5.60902e-15 5.60902e-15 5.60902e-15 
0.97 1.73602e-10 1.67415e-10 1.6296e-10 1.59727e-10 1.57382e-10 1.55693e-10 1.54498e-10 1.53682e-10 1.53171e-10 1.5292e-10 
0.98 0.000290975 0.000314085 0.000334214 0.000351533 0.000366199 0.000378345 0.000388073 0.000395442 0.000400452 0.000403035 
0.98 0.000510072 0.000466919 0.000425789 0.00038734 0.000352247 0.000321202 0.000294906 0.000274076 0.000259441 0.000251744 
0.98 0.000503094 0.000459438 0.000417905 0.00037914 0.000343805 0.00031258 0.000286154 0.000265235 0.000250545 0.000242821 
0.98 5.94236e-06 6.41006e-06 6.81724e-06 7.1674e-06 7.46378e-06 7.70914e-06 7.90558e-06 8.05433e-06 8.15545e-06 8.20757e-06 
0.98 0.00073962 0.000631583 0.000530726 0.000438146 0.000354973 0.000282369 0.000221547 0.000173779 0.000140425 0.000122949 
0.98 0.00106997 0.00111379 0.00115358 0.00118922 0.00122056 0.00124742 0.00126959 0.00128679 0.00129871 0.00130492 
0.98 1.20808e-05 5.60902e-15 5.60902e-15 5.60902e-15 5.60902e-15 5.60902e-15 5.60902e-15 5.60902e-15 5.60902e-15 5.60902e-15 
0.98 1.72471e-10 1.66324e-10 1.61891e-10 1.5867e-10 1.5633e-10 1.54641e-10 1.53444e-10 1.52625e-10 1.52111e-10 1.51859e-10 
0.99 0.000293198 0.000316503 0.000336819 0.000354313 0.000369137 0.000381424 0.000391272 0.000398736 0.000403812 0.00040643 
0.99 0.000512394 0.00046944 0.000428492 0.000390206 0.000355255 0.00032433 0.000298131 0.000277375 0.00026279 0.000255119 
0.99 0.000505303 0.000461835 0.000420475 0.000381864 0.000346664 0.000315551 0.000289217 0.000268367 0.000253724 0.000246024 
0.99 5.9876e-06 6.45928e-06 6.87026e-06 7.22398e-06 7.5236e-06 7.77183e-06 7.9707e-06 8.12138e-06 8.22385e-06 8.27668e-06 
0.99 0.000741882 0.000634026 0.000533322 0.000440864 0.000357782 0.000285243 0.000224462 0.000176718 0.000143376 0.000125905 
0.99 0.00107122 0.00111515 0.00115505 0.0011908 0.00122224 0.00124919 0.00127144 0.00128871 0.00130067 0.00130691 
0.99 1.20808e-05 5.60902e-15 5.60902e-15 5.60902e-15 5.60902e-15 5.60902e-15 5.60902e-15 5.60902e-15 5.60902e-15 5.60902e-15 
0.99 1.71363e-10 1.65255e-10 1.60844e-10 1.57635e-10 1.55299e-10 1.5361e-10 1.52411e-10 1.5159e-10 1.51073e-10 1.5082e-10 
1.00 0.000295409 0.00031891 0.000339412 0.000357079 0.000372062 0.000384489 0.000394456 0.000402014 0.000407157 0.00040981 
1.00 0.000514703 0.000471946 0.00043118 0.000393057 0.000358249 0.000327444 0.000301343 0.000280661 0.000266127 0.000258483 
1.00 0.000507499 0.000464218 0.00042303 0.000384574 0.000349508 0.000318509 0.000292267 0.000271487 0.000256891 0.000249216 
1.00 6.03262e-06 6.50827e-06 6.92304e-06 7.28029e-06 7.58314e-06 7.83423e-06 8.03553e-06 8.18812e-06 8.29194e-06 8.34548e-06 
1.00 0.000744126 0.000636451 0.0005359 0.000443565 0.000360577 0.000288105 0.000227368 0.000179651 0.000146323 0.000128858 
1.00 0.00107246 0.00111651 0.00115652 0.00119237 0.00122391 0.00125095 0.00127328 0.00129062 0.00130262 0.00130889 
1.00 1.20808e-05 5.60902e-15 5.60902e-15 5.60902e-15 5.60902e-15 5.60902e-15 5.60902e-15 5.60902e-15 5.60902e-15 5.60902e-15 
1.00 1.70278e-10 1.64208e-10 1.59818e-10 1.5662e-10 1.54289e-10 1.52601e-10 1.514e-10 1.50576e-10 1.50057e-10 1.49803e-10 
1.01 0.000297611 0.000321306 0.000341993 0.000359833 0.000374974 0.00038754 0.000397626 0.000405278 0.000410487 0.000413174 
1.01 0.000516999 0.000474439 0.000433853 0.000395893 0.000361228 0.000330544 0.000304541 0.000283935 0.000269452 0.000261835 
1.01 0.000509682 0.000466588 0.000425572 0.00038727 0.000352339 0.000321454 0.000295304 0.000274595 0.000260047 0.000252397 
1.01 6.07743e-06 6.55703e-06 6.97556e-06 7.33634e-06 7.64241e-06 7.89634e-06 8.10006e-06 8.25456e-06 8.35972e-06 8.41397e-06 
1.01 0.000746353 0.000638858 0.00053846 0.000446249 0.000363357 0.000290955 0.000230265 0.000182578 0.000149266 0.000131808 
1.01 0.0010737 0.00111786 0.00115798 0.00119394 0.00122557 0.00125271 0.00127511 0.00129251 0.00130456 0.00131085 
1.01 1.20808e-05 5.60902e-15 5.60902e-15 5.60902e-15 5.60902e-15 5.60902e-15 5.60902e-15 5.60902e-15 5.60902e-15 5.60902e-15 
1.01 1.69213e-10 1.63181e-10 1.58812e-10 1.55625e-10 1.53299e-10 1.51611e-10 1.50409e-10 1.49583e-10 1.49062e-10 1.48806e-10 
1.02 0.000299802 0.00032369 0.000344561 0.000362573 0.000377871 0.000390577 0.000400781 0.000408526 0.000413801 0.000416522 
1.02 0.000519282 0.000476917 0.000436512 0.000398715 0.000364193 0.00033363 0.000307726 0.000287196 0.000272765 0.000265175 
1.02 0.000511853 0.000468945 0.0004281 0.000389952 0.000355156 0.000324386 0.000298329 0.000277691 0.000263192 0.000255567 
1.02 6.12203e-06 6.60556e-06 7.02784e-06 7.39213e-06 7.7014e-06 7.95817e-06 8.16429e-06 8.3207e-06 8.4272e-06 8.48215e-06 
1.02 0.000748564 0.000641248 0.000541003 0.000448917 0.000366123 0.000293793 0.000233153 0.000185498 0.000152204 0.000134755 
1.02 0.00107494 0.0011192 0.00115943 0.0011955 0.00122723 0.00125445 0.00127693 0.0012944 0.00130649 0.0013128 
1.02 1.20808e-05 5.60902e-15 5.60902e-15 5.60902e-15 5.60902e-15 5.60902e-15 5.60902e-15 5.60902e-15 5.60902e-15 5.60902e-15 
1.02 1.6817e-10 1.62174e-10 1.57827e-10 1.54651e-10 1.52329e-10 1.50643e-10 1.49438e-10 1.4861e-10 1.48087e-10 1.4783e-10 
1.03 0.000301983 0.000326063 0.000347117 0.000365301 0.000380756 0.0003936 0.000403922 0.00041176 0.0004171 0.000419856 
1.03 0.000521552 0.000479382 0.000439157 0.000401523 0.000367143 0.000336702 0.000310898 0.000290444 0.000276066 0.000268503 
1.03 0.000514011 0.000471289 0.000430614 0.00039262 0.00035796 0.000327305 0.000301342 0.000280775 0.000266326 0.000258726 
1.03 6.16642e-06 6.65386e-06 7.07987e-06 7.44766e-06 7.76012e-06 8.01971e-06 8.22823e-06 8.38654e-06 8.49437e-06 8.55002e-06 
1.03 0.000750758 0.00064362 0.000543529 0.00045157 0.000368875 0.000296619 0.000236032 0.000188411 0.000155137 0.000137697 
1.03 0.00107617 0.00112054 0.00116088 0.00119705 0.00122888 0.00125619 0.00127875 0.00129627 0.00130841 0.00131475 
1.03 1.20808e-05 5.60902e-15 5.60902e-15 5.60902e-15 5.60902e-15 5.60902e-15 5.60902e-15 5.60902e-15 5.60902e-15 5.60902e-15 
1.03 1.67147e-10 1.61186e-10 1.5686e-10 1.53696e-10 1.51378e-10 1.49692e-10 1.48487e-10 1.47657e-10 1.47131e-10 1.46873e-10 
1.04 0.000304154 0.000328425 0.000349661 0.000368016 0.000383626 0.00039661 0.000407048 0.000414979 0.000420385 0.000423175 
1.04 0.000523809 0.000481833 0.000441788 0.000404316 0.00037008 0.000339761 0.000314057 0.00029368 0.000279355 0.000271819 
1.04 0.000516157 0.000473619 0.000433115 0.000395275 0.00036075 0.00033021 0.000304342 0.000283848 0.000269448 0.000261874 
1.04 6.2106e-06 6.70193e-06 7.13166e-06 7.50292e-06 7.81856e-06 8.08097e-06 8.29187e-06 8.45207e-06 8.56123e-06 8.61758e-06 
1.04 0.000752936 0.000645976 0.000546038 0.000454207 0.000371613 0.000299434 0.000238901 0.000191316 0.000158065 0.000140635 
1.04 0.00107739 0.00112188 0.00116232 0.00119859 0.00123052 0.00125792 0.00128056 0.00129814 0.00131032 0.00131668 
1.04 1.20808e-05 5.60902e-15 5.60902e-15 5.60902e-15 5.60902e-15 5.60902e-15 5.60902e-15 5.60902e-15 5.60902e-15 5.60902e-15 
1.04 1.66143e-10 1.60217e-10 1.55912e-10 1.52758e-10 1.50446e-10 1.48761e-10 1.47554e-10 1.46722e-10 1.46195e-10 1.45936e-10 
1.05 0.000306314 0.000330776 0.000352194 0.000370718 0.000386484 0.000399605 0.00041016 0.000418184 0.000423654 0.000426479 
1.05 0.000526054 0.000484271 0.000444405 0.000407095 0.000373002 0.000342806 0.000317203 0.000296903 0.000282631 0.000275123 
1.05 0.000518291 0.000475937 0.000435603 0.000397916 0.000363527 0.000333103 0.000307329 0.000286908 0.000272558 0.00026501 
1.05 6.25457e-06 6.74978e-06 7.18321e-06 7.55793e-06 7.87673e-06 8.14195e-06 8.35522e-06 8.5173e-06 8.62779e-06 8.68484e-06 
1.05 0.000755098 0.000648315 0.000548531 0.000456828 0.000374337 0.000302237 0.000241761 0.000194214 0.000160986 0.000143568 
1.05 0.00107861 0.00112321 0.00116376 0.00120013 0.00123215 0.00125964 0.00128235 0.0013 0.00131222 0.0013186 
1.05 1.20808e-05 5.60902e-15 5.60902e-15 5.60902e-15 5.60902e-15 5.60902e-15 5.60902e-15 5.60902e-15 5.60902e-15 5.60902e-15 
1.05 1.65158e-10 1.59267e-10 1.54982e-10 1.51839e-10 1.49532e-10 1.47848e-10 1.46641e-10 1.45806e-10 1.45277e-10 1.45016e-10 
1.06 0.000308463 0.000333115 0.000354714 0.000373408 0.000389329 0.000402587 0.000413258 0.000421373 0.000426909 0.000429768 
1.06 0.000528286 0.000486696 0.000447008 0.00040986 0.000375911 0.000345837 0.000320335 0.000300113 0.000285895 0.000278414 
1.06 0.000520414 0.000478242 0.000438077 0.000400544 0.000366291 0.000335982 0.000310304 0.000289956 0.000275657 0.000268135 
1.06 6.29833e-06 6.7974e-06 7.23451e-06 7.61268e-06 7.93464e-06 8.20264e-06 8.41828e-06 8.58224e-06 8.69405e-06 8.75179e-06 
1.06 0.000757245 0.000650638 0.000551008 0.000459434 0.000377048 0.000305028 0.000244611 0.000197104 0.000163902 0.000146495 
1.06 0.00107983 0.00112453 0.00116519 0.00120166 0.00123378 0.00126135 0.00128414 0.00130185 0.00131411 0.00132051 
1.06 1.20808e-05 5.60902e-15 5.60902e-15 5.60902e-15 5.60902e-15 5.60902e-15 5.60902e-15 5.60902e-15 5.60902e-15 5.60902e-15 
1.06 1.64191e-10 1.58335e-10 1.5407e-10 1.50938e-10 1.48635e-10 1.46953e-10 1.45744e-10 1.44908e-10 1.44377e-10 1.44115e-10 
1.07 0.000310603 0.000335444 0.000357223 0.000376085 0.00039216 0.000405555 0.000416342 0.000424549 0.000430149 0.000433042 
1.07 0.000530506 0.000489108 0.000449598 0.000412612 0.000378805 0.000348855 0.000323454 0.00030331 0.000289146 0.000281693 
1.07 0.000522525 0.000480535 0.000440539 0.000403159 0.000369041 0.000338849 0.000313266 0.000292992 0.000278744 0.000271248 
1.07 6.34189e-06 6.8448e-06 7.28558e-06 7.66718e-06 7.99227e-06 8.26305e-06 8.48105e-06 8.64688e-06 8.76e-06 8.81844e-06 
1.07 0.000759377 0.000652946 0.000553469 0.000462026 0.000379745 0.000307807 0.000247451 0.000199987 0.000166811 0.000149417 
1.07 0.00108104 0.00112585 0.00116661 0.00120319 0.0012354 0.00126306 0.00128592 0.00130369 0.00131599 0.00132242 
1.07 1.20808e-05 5.60902e-15 5.60902e-15 5.60902e-15 5.60902e-15 5.60902e-15 5.60902e-15 5.60902e-15 5.60902e-15 5.60902e-15 
1.07 1.63243e-10 1.5742e-10 1.53175e-10 1.50053e-10 1.47756e-10 1.46074e-10 1.44865e-10 1.44028e-10 1.43494e-10 1.43231e-10 
1.08 0.000312733 0.000337762 0.00035972 0.00037875 0.000394978 0.000408509 0.000419411 0.00042771 0.000433374 0.000436301 
1.08 0.000532714 0.000491507 0.000452174 0.00041535 0.000381686 0.000351859 0.00032656 0.000306495 0.000292385 0.00028496 
1.08 0.000524624 0.000482815 0.000442988 0.000405761 0.000371778 0.000341703 0.000316216 0.000296016 0.000281819 0.00027435 
1.08 6.38524e-06 6.89198e-06 7.3364e-06 7.72142e-06 8.04964e-06 8.32319e-06 8.54353e-06 8.71123e-06 8.82566e-06 8.88478e-06 
1.08 0.000761494 0.000655238 0.000555915 0.000464603 0.000382429 0.000310574 0.000250281 0.000202861 0.000169713 0.000152333 
1.08 0.00108224 0.00112716 0.00116803 0.00120471 0.00123701 0.00126476 0.00128769 0.00130552 0.00131787 0.00132431 
1.08 1.20808e-05 5.60902e-15 5.60902e-15 5.60902e-15 5.60902e-15 5.60902e-15 5.60902e-15 5.60902e-15 5.60902e-15 5.60902e-15 
1.08 1.62312e-10 1.56522e-10 1.52296e-10 1.49186e-10 1.46893e-10 1.45213e-10 1.44003e-10 1.43164e-10 1.42629e-10 1.42366e-10 
1.09 0.000314853 0.000340068 0.000362205 0.000381402 0.000397783 0.000411449 0.000422466 0.000430856 0.000436585 0.000439545 
1.09 0.00053491 0.000493893 0.000454737 0.000418074 0.000384553 0.00035485 0.000329652 0.000309667 0.000295611 0.000288214 
1.09 0.000526712 0.000485083 0.000445424 0.00040835 0.000374503 0.000344544 0.000319153 0.000299028 0.000284882 0.00027744 
1.09 6.42839e-06 6.93893e-06 7.38699e-06 7.77541e-06 8.10674e-06 8.38305e-06 8.60573e-06 8.77528e-06 8.89101e-06 8.95082e-06 
1.09 0.000763597 0.000657515 0.000558346 0.000467165 0.000385099 0.00031333 0.000253101 0.000205727 0.000172608 0.000155242 
1.09 0.00108344 0.00112847 0.00116944 0.00120622 0.00123862 0.00126645 0.00128945 0.00130734 0.00131973 0.0013262 
1.09 1.20808e-05 5.60902e-15 5.60902e-15 5.60902e-15 5.60902e-15 5.60902e-15 5.60902e-15 5.60902e-15 5.60902e-15 5.60902e-15 
1.09 1.61397e-10 1.55641e-10 1.51434e-10 1.48335e-10 1.46046e-10 1.44368e-10 1.43157e-10 1.42317e-10 1.41781e-10 1.41516e-10 
1.10 0.000316963 0.000342364 0.000364679 0.000384042 0.000400575 0.000414376 0.000425507 0.000433988 0.00043978 0.000442774 
1.10 0.000537095 0.000496266 0.000457287 0.000420784 0.000387407 0.000357827 0.000332732 0.000312825 0.000298824 0.000291456 
1.10 0.000528789 0.000487339 0.000447847 0.000410926 0.000377214 0.000347372 0.000322078 0.000302028 0.000287933 0.000280518 
1.10 6.47134e-06 6.98566e-06 7.43734e-06 7.82915e-06 8.16358e-06 8.44263e-06 8.66764e-06 8.83904e-06 8.95607e-06 9.01656e-06 
1.10 0.000765686 0.000659777 0.000560762 0.000469713 0.000387756 0.000316074 0.000255911 0.000208584 0.000175495 0.000158145 
1.10 0.00108463 0.00112977 0.00117085 0.00120772 0.00124022 0.00126813 0.00129121 0.00130915 0.00132159 0.00132808 
1.10 1.20808e-05 5.60902e-15 5.60902e-15 5.60902e-15 5.60902e-15 5.60902e-15 5.60902e-15 5.60902e-15 5.60902e-15 5.60902e-15 
1.10 1.605e-10 1.54776e-10 1.50588e-10 1.47499e-10 1.45216e-10 1.43539e-10 1.42327e-10 1.41485e-10 1.40948e-10 1.40683e-10 
1.11 0.000319063 0.000344649 0.000367141 0.00038667 0.000403355 0.000417289 0.000428534 0.000437106 0.000442961 0.000445989 
1.11 0.000539268 0.000498627 0.000459823 0.000423481 0.000390247 0.000360791 0.000335798 0.000315971 0.000302025 0.000294685 
1.11 0.000530854 0.000489583 0.000450258 0.000413489 0.000379913 0.000350188 0.00032499 0.000305015 0.000290972 0.000283584 
1.11 6.51408e-06 7.03218e-06 7.48746e-06 7.88264e-06 8.22015e-06 8.50194e-06 8.72927e-06 8.9025e-06 9.02083e-06 9.082e-06 
1.11 0.000767761 0.000662025 0.000563163 0.000472246 0.0003904 0.000318806 0.00025871 0.000211432 0.000178375 0.000161041 
1.11 0.00108583 0.00113107 0.00117225 0.00120922 0.00124181 0.0012698 0.00129295 0.00131095 0.00132343 0.00132995 
1.11 1.20808e-05 5.60902e-15 5.60902e-15 5.60902e-15 5.60902e-15 5.60902e-15 5.60902e-15 5.60902e-15 5.60902e-15 5.60902e-15 
1.11 1.59619e-10 1.53926e-10 1.49757e-10 1.46678e-10 1.444e-10 1.42725e-10 1.41513e-10 1.4067e-10 1.40132e-10 1.39865e-10 
1.12 0.000321153 0.000346924 0.000369592 0.000389285 0.000406121 0.000420189 0.000431548 0.000440209 0.000446128 0.000449189 
1.12 0.000541429 0.000500975 0.000462347 0.000426165 0.000393074 0.000363741 0.000338851 0.000319103 0.000305213 0.000297902 
1.12 0.000532908 0.000491816 0.000452657 0.00041604 0.000382599 0.000352991 0.00032789 0.00030799 0.000293999 0.000286638 
1.12 6.55662e-06 7.07848e-06 7.53734e-06 7.93588e-06 8.27646e-06 8.56097e-06 8.79061e-06 8.96568e-06 9.08529e-06 9.14714e-06 
1.12 0.000769822 0.000664258 0.00056555 0.000474766 0.00039303 0.000321526 0.000261499 0.000214271 0.000181247 0.00016393 
1.12 0.00108701 0.00113236 0.00117364 0.00121071 0.00124339 0.00127147 0.00129469 0.00131274 0.00132527 0.0013318 
1.12 1.20808e-05 5.60902e-15 5.60902e-15 5.60902e-15 5.60902e-15 5.60902e-15 5.60902e-15 5.60902e-15 5.60902e-15 5.60902e-15 
1.12 1.58753e-10 1.53091e-10 1.48941e-10 1.45872e-10 1.436e-10 1.41925e-10 1.40714e-10 1.39869e-10 1.3933e-10 1.39063e-10 
1.13 0.000323234 0.000349188 0.00037203 0.000391889 0.000408874 0.000423076 0.000434547 0.000443298 0.00044928 0.000452374 
1.13 0.000543579 0.000503311 0.000464858 0.000428836 0.000395887 0.000366678 0.00034189 0.000322223 0.000308388 0.000301106 
1.13 0.000534952 0.000494037 0.000455043 0.000418578 0.000385272 0.000355781 0.000330777 0.000310953 0.000297014 0.00028968 
1.13 6.59896e-06 7.12456e-06 7.58699e-06 7.98887e-06 8.33251e-06 8.61973e-06 8.85167e-06 9.02856e-06 9.14946e-06 9.21198e-06 
1.13 0.00077187 0.000666477 0.000567922 0.000477272 0.000395648 0.000324234 0.000264278 0.000217101 0.000184111 0.000166811 
1.13 0.00108819 0.00113364 0.00117503 0.0012122 0.00124497 0.00127313 0.00129642 0.00131453 0.00132709 0.00133365 
1.13 1.20808e-05 5.60902e-15 5.60902e-15 5.60902e-15 5.60902e-15 5.60902e-15 5.60902e-15 5.60902e-15 5.60902e-15 5.60902e-15 
1.13 1.57902e-10 1.52271e-10 1.48139e-10 1.45081e-10 1.42813e-10 1.41141e-10 1.39929e-10 1.39083e-10 1.38543e-10 1.38275e-10 
1.14 0.000325304 0.000351441 0.000374458 0.000394479 0.000411615 0.000425949 0.000437533 0.000446373 0.000452418 0.000455545 
1.14 0.000545717 0.000505635 0.000467356 0.000431493 0.000398687 0.000369602 0.000344917 0.000325329 0.00031155 0.000304297 
1.14 0.000536985 0.000496246 0.000457417 0.000421103 0.000387933 0.000358558 0.000333652 0.000313903 0.000300017 0.00029271 
1.14 6.64111e-06 7.17042e-06 7.63641e-06 8.04161e-06 8.3883e-06 8.67822e-06 8.91245e-06 9.09116e-06 9.21334e-06 9.27653e-06 
1.14 0.000773905 0.000668683 0.000570281 0.000479764 0.000398253 0.000326931 0.000267046 0.000219922 0.000186967 0.000169684 
1.14 0.00108936 0.00113492 0.00117641 0.00121368 0.00124654 0.00127478 0.00129814 0.00131631 0.00132891 0.00133549 
1.14 1.20808e-05 5.60902e-15 5.60902e-15 5.60902e-15 5.60902e-15 5.60902e-15 5.60902e-15 5.60902e-15 5.60902e-15 5.60902e-15 
1.14 1.57067e-10 1.51465e-10 1.47352e-10 1.44304e-10 1.42041e-10 1.40371e-10 1.39159e-10 1.38312e-10 1.3777e-10 1.37502e-10 
1.15 0.000327365 0.000353684 0.000376874 0.000397059 0.000414343 0.000428809 0.000440505 0.000449434 0.000455541 0.000458701 
1.15 0.000547844 0.000507947 0.000469841 0.000434137 0.000401474 0.000372512 0.00034793 0.000328423 0.000314699 0.000307475 
1.15 0.000539007 0.000498444 0.000459779 0.000423616 0.000390581 0.000361323 0.000336514 0.000316841 0.000303007 0.000295728 
1.15 6.68306e-06 7.21607e-06 7.68559e-06 8.09411e-06 8.44383e-06 8.73644e-06 8.97295e-06 9.15347e-06 9.27692e-06 9.34079e-06 
1.15 0.000775927 0.000670875 0.000572626 0.000482242 0.000400845 0.000329616 0.000269804 0.000222734 0.000189814 0.000172549 
1.15 0.00109053 0.0011362 0.00117779 0.00121515 0.0012481 0.00127642 0.00129985 0.00131808 0.00133072 0.00133732 
1.15 1.20808e-05 5.60902e-15 5.60902e-15 5.60902e-15 5.60902e-15 5.60902e-15 5.60902e-15 5.60902e-15 5.60902e-15 5.60902e-15 
1.15 1.56245e-10 1.50674e-10 1.46578e-10 1.43541e-10 1.41283e-10 1.39614e-10 1.38402e-10 1.37555e-10 1.37012e-10 1.36743e-10 
1.16 0.000329416 0.000355916 0.000379279 0.000399626 0.000417058 0.000431656 0.000443463 0.000452481 0.00045865 0.000461843 
1.16 0.00054996 0.000510247 0.000472314 0.000436769 0.000404248 0.000375409 0.00035093 0.000331503 0.000317835 0.000310641 
1.16 0.000541019 0.00050063 0.000462129 0.000426117 0.000393216 0.000364076 0.000339364 0.000319767 0.000305985 0.000298734 
1.16 6.72481e-06 7.26151e-06 7.73455e-06 8.14637e-06 8.4991e-06 8.79439e-06 9.03317e-06 9.21549e-06 9.34021e-06 9.40475e-06 
1.16 0.000777936 0.000673053 0.000574957 0.000484707 0.000403424 0.000332289 0.000272551 0.000225536 0.000192653 0.000175406 
1.16 0.0010917 0.00113747 0.00117916 0.00121662 0.00124965 0.00127805 0.00130155 0.00131984 0.00133252 0.00133914 
1.16 1.20808e-05 5.60902e-15 5.60902e-15 5.60902e-15 5.60902e-15 5.60902e-15 5.60902e-15 5.60902e-15 5.60902e-15 5.60902e-15 
1.16 1.55438e-10 1.49897e-10 1.45819e-10 1.42791e-10 1.40538e-10 1.38871e-10 1.37659e-10 1.36811e-10 1.36267e-10 1.35998e-10 
1.17 0.000331458 0.000358138 0.000381673 0.000402181 0.000419761 0.00043449 0.000446408 0.000455514 0.000461745 0.000464971 
1.17 0.000552065 0.000512536 0.000474774 0.000439388 0.000407009 0.000378293 0.000353917 0.000334571 0.000320958 0.000313794 
1.17 0.00054302 0.000502805 0.000464468 0.000428605 0.000395839 0.000366816 0.000342201 0.00032268 0.000308951 0.000301728 
1.17 6.76637e-06 7.30673e-06 7.78328e-06 8.19838e-06 8.55412e-06 8.85207e-06 9.09311e-06 9.27723e-06 9.40321e-06 9.46842e-06 
1.17 0.000779933 0.000675218 0.000577275 0.000487159 0.000405991 0.00033495 0.000275288 0.000228328 0.000195483 0.000178255 
1.17 0.00109286 0.00113873 0.00118052 0.00121808 0.0012512 0.00127968 0.00130325 0.00132159 0.00133431 0.00134095 
1.17 1.20808e-05 5.60902e-15 5.60902e-15 5.60902e-15 5.60902e-15 5.60902e-15 5.60902e-15 5.60902e-15 5.60902e-15 5.60902e-15 
1.17 1.54645e-10 1.49132e-10 1.45072e-10 1.42054e-10 1.39806e-10 1.38141e-10 1.36929e-10 1.3608e-10 1.35536e-10 1.35265e-10 
1.18 0.00033349 0.000360349 0.000384056 0.000404724 0.000422451 0.00043731 0.000449339 0.000458533 0.000464826 0.000468083 
1.18 0.00055416 0.000514813 0.000477222 0.000441994 0.000409756 0.000381164 0.000356891 0.000337625 0.000324069 0.000316934 
1.18 0.000545011 0.000504969 0.000466795 0.000431081 0.00039845 0.000369543 0.000345026 0.000325581 0.000311905 0.000304709 
1.18 6.80773e-06 7.35174e-06 7.83178e-06 8.25015e-06 8.60888e-06 8.90948e-06 9.15278e-06 9.33868e-06 9.46593e-06 9.53179e-06 
1.18 0.000781917 0.000677371 0.000579579 0.000489598 0.000408545 0.0003376 0.000278014 0.000231111 0.000198304 0.000181095 
1.18 0.00109401 0.00113999 0.00118188 0.00121953 0.00125274 0.0012813 0.00130494 0.00132333 0.00133609 0.00134275 
1.18 1.20808e-05 5.60902e-15 5.60902e-15 5.60902e-15 5.60902e-15 5.60902e-15 5.60902e-15 5.60902e-15 5.60902e-15 5.60902e-15 
1.18 1.53865e-10 1.4838e-10 1.44337e-10 1.4133e-10 1.39086e-10 1.37424e-10 1.36212e-10 1.35362e-10 1.34817e-10 1.34546e-10 
1.19 0.000335513 0.00036255 0.000386428 0.000407256 0.000425129 0.000440118 0.000452257 0.000461538 0.000467893 0.000471182 
1.19 0.000556244 0.000517078 0.000479658 0.000444587 0.000412491 0.000384022 0.000359852 0.000340667 0.000327167 0.000320061 
1.19 0.000546991 0.000507122 0.00046911 0.000433546 0.000401048 0.000372258 0.000347838 0.00032847 0.000314847 0.000307678 
1.19 6.8489e-06 7.39654e-06 7.88005e-06 8.30168e-06 8.66339e-06 8.96663e-06 9.21217e-06 9.39986e-06 9.52835e-06 9.59488e-06 
1.19 0.000783889 0.00067951 0.000581871 0.000492024 0.000411087 0.000340238 0.000280729 0.000233884 0.000201115 0.000183927 
1.19 0.00109516 0.00114124 0.00118323 0.00122097 0.00125427 0.00128291 0.00130662 0.00132506 0.00133786 0.00134454 
1.19 1.20808e-05 5.60902e-15 5.60902e-15 5.60902e-15 5.60902e-15 5.60902e-15 5.60902e-15 5.60902e-15 5.60902e-15 5.60902e-15 
1.19 1.53098e-10 1.47642e-10 1.43616e-10 1.40618e-10 1.3838e-10 1.36719e-10 1.35508e-10 1.34657e-10 1.34111e-10 1.3384e-10 
1.20 0.000337526 0.000364741 0.000388789 0.000409776 0.000427795 0.000442912 0.000455161 0.000464529 0.000470945 0.000474267 
1.20 0.000558317 0.000519332 0.000482082 0.000447168 0.000415213 0.000386867 0.0003628 0.000343695 0.000330252 0.000323175 
1.20 0.000548961 0.000509264 0.000471413 0.000435998 0.000403634 0.000374961 0.000350638 0.000331346 0.000317776 0.000310635 
1.20 6.88987e-06 7.44114e-06 7.9281e-06 8.35297e-06 8.71764e-06 9.02352e-06 9.27129e-06 9.46075e-06 9.59049e-06 9.65768e-06 
1.20 0.00078585 0.000681637 0.000584149 0.000494438 0.000413616 0.000342865 0.000283433 0.000236647 0.000203917 0.00018675 
1.20 0.00109631 0.00114249 0.00118458 0.00122241 0.0012558 0.00128452 0.00130829 0.00132679 0.00133962 0.00134632 
1.20 1.20808e-05 5.60902e-15 5.60902e-15 5.60902e-15 5.60902e-15 5.60902e-15 5.60902e-15 5.60902e-15 5.60902e-15 5.60902e-15 
1.20 1.52344e-10 1.46915e-10 1.42906e-10 1.39917e-10 1.37684e-10 1.36026e-10 1.34815e-10 1.33964e-10 1.33417e-10 1.33145e-10 
1.21 0.00033953 0.000366922 0.000391139 0.000412284 0.000430447 0.000445694 0.000458052 0.000467507 0.000473984 0.000477338 
1.21 0.00056038 0.000521574 0.000484494 0.000449736 0.000417922 0.000389699 0.000365735 0.000346711 0.000333323 0.000326276 
1.21 0.000550921 0.000511395 0.000473705 0.000438438 0.000406208 0.000377651 0.000353426 0.00033421 0.000320693 0.00031358 
1.21 6.93065e-06 7.48552e-06 7.97593e-06 8.40402e-06 8.77164e-06 9.08014e-06 9.33014e-06 9.52136e-06 9.65235e-06 9.72019e-06 
1.21 0.000787799 0.000683752 0.000586415 0.000496838 0.000416133 0.00034548 0.000286126 0.0002394 0.00020671 0.000189563 
1.21 0.00109745 0.00114373 0.00118592 0.00122384 0.00125732 0.00128612 0.00130995 0.00132851 0.00134138 0.00134809 
1.21 1.20808e-05 5.60902e-15 5.60902e-15 5.60902e-15 5.60902e-15 5.60902e-15 5.60902e-15 5.60902e-15 5.60902e-15 5.60902e-15 
1.21 1.51603e-10 1.46201e-10 1.42208e-10 1.39229e-10 1.37002e-10 1.35345e-10 1.34135e-10 1.33283e-10 1.32736e-10 1.32463e-10 
1.22 0.000341524 0.000369093 0.000393477 0.00041478 0.000433088 0.000448463 0.00046093 0.00047047 0.000477008 0.000480395 
1.22 0.000562432 0.000523805 0.000486894 0.000452292 0.000420618 0.000392518 0.000368657 0.000349713 0.000336382 0.000329364 
1.22 0.000552872 0.000513515 0.000475986 0.000440867 0.00040877 0.000380329 0.000356202 0.000337062 0.000323598 0.000316513 
1.22 6.97124e-06 7.5297e-06 8.02353e-06 8.45483e-06 8.82539e-06 9.1365e-06 9.38871e-06 9.5817e-06 9.71392e-06 9.78241e-06 
1.22 0.000789736 0.000685854 0.000588669 0.000499226 0.000418638 0.000348083 0.000288809 0.000242142 0.000209494 0.000192367 
1.22 0.00109859 0.00114497 0.00118725 0.00122527 0.00125883 0.00128771 0.00131161 0.00133022 0.00134312 0.00134986 
1.22 1.20808e-05 5.60902e-15 5.60902e-15 5.60902e-15 5.60902e-15 5.60902e-15 5.60902e-15 5.60902e-15 5.60902e-15 5.60902e-15 
1.22 1.50873e-10 1.45498e-10 1.41522e-10 1.38552e-10 1.3633e-10 1.34676e-10 1.33466e-10 1.32614e-10 1.32066e-10 1.31792e-10 
1.23 0.000343509 0.000371253 0.000395805 0.000417265 0.000435717 0.000451219 0.000463794 0.00047342 0.000480019 0.000483437 
1.23 0.000564474 0.000526025 0.000489282 0.000454835 0.000423302 0.000395324 0.000371566 0.000352703 0.000339428 0.000332439 
1.23 0.000554812 0.000515625 0.000478255 0.000443284 0.00041132 0.000382995 0.000358965 0.000339901 0.000326491 0.000319434 
1.23 7.01165e-06 7.57367e-06 8.07091e-06 8.50541e-06 8.8789e-06 9.1926e-06 9.44702e-06 9.64175e-06 9.77521e-06 9.84435e-06 
1.23 0.000791662 0.000687945 0.00059091 0.000501602 0.000421131 0.000350675 0.000291481 0.000244875 0.000212268 0.000195162 
1.23 0.00109972 0.0011462 0.00118858 0.00122669 0.00126034 0.00128929 0.00131326 0.00133192 0.00134487 0.00135162 
1.23 1.20808e-05 5.60902e-15 5.60902e-15 5.60902e-15 5.60902e-15 5.60902e-15 5.60902e-15 5.60902e-15 5.60902e-15 5.60902e-15 
1.23 1.50156e-10 1.44808e-10 1.40847e-10 1.37887e-10 1.3567e-10 1.34018e-10 1.32808e-10 1.31957e-10 1.31408e-10 1.31134e-10 
1.24 0.000345485 0.000373403 0.000398122 0.000419738 0.000438333 0.000453962 0.000466644 0.000476357 0.000483016 0.000486466 
1.24 0.000566505 0.000528234 0.000491658 0.000457366 0.000425973 0.000398118 0.000374462 0.00035568 0.000342461 0.000335501 
1.24 0.000556743 0.000517724 0.000480513 0.000445689 0.000413858 0.000385649 0.000361716 0.000342728 0.000329372 0.000322342 
1.24 7.05187e-06 7.61744e-06 8.11807e-06 8.55575e-06 8.93216e-06 9.24844e-06 9.50506e-06 9.70153e-06 9.83622e-06 9.906e-06 
1.24 0.000793577 0.000690023 0.000593139 0.000503966 0.000423612 0.000353255 0.000294142 0.000247597 0.000215032 0.000197948 
1.24 0.00110084 0.00114743 0.0011899 0.00122811 0.00126184 0.00129086 0.0013149 0.00133361 0.0013466 0.00135337 
1.24 1.20808e-05 5.60902e-15 5.60902e-15 5.60902e-15 5.60902e-15 5.60902e-15 5.60902e-15 5.60902e-15 5.60902e-15 5.60902e-15 
1.24 1.4945e-10 1.44128e-10 1.40183e-10 1.37232e-10 1.3502e-10 1.33371e-10 1.32162e-10 1.3131e-10 1.3076e-10 1.30486e-10 
1.25 0.000347452 0.000375543 0.000400428 0.0004222 0.000440937 0.000456692 0.000469482 0.00047928 0.000485999 0.000489481 
1.25 0.000568526 0.000530432 0.000494023 0.000459885 0.000428632 0.000400899 0.000377345 0.000358644 0.000345481 0.00033855 
1.25 0.000558664 0.000519813 0.00048276 0.000448083 0.000416384 0.000388291 0.000364455 0.000345543 0.00033224 0.000325238 
1.25 7.0919e-06 7.661e-06 8.16501e-06 8.60586e-06 8.98517e-06 9.30402e-06 9.56283e-06 9.76104e-06 9.89695e-06 9.96737e-06 
1.25 0.000795481 0.00069209 0.000595356 0.000506317 0.000426081 0.000355824 0.000296792 0.000250309 0.000217786 0.000200724 
1.25 0.00110196 0.00114865 0.00119122 0.00122952 0.00126333 0.00129243 0.00131653 0.00133529 0.00134832 0.00135511 
1.25 1.20808e-05 5.60902e-15 5.60902e-15 5.60902e-15 5.60902e-15 5.60902e-15 5.60902e-15 5.60902e-15 5.60902e-15 5.60902e-15 
1.25 1.48755e-10 1.43459e-10 1.3953e-10 1.36589e-10 1.34382e-10 1.32734e-10 1.31526e-10 1.30674e-10 1.30124e-10 1.29849e-10 
1.26 0.000349409 0.000377674 0.000402724 0.00042465 0.000443529 0.00045941 0.000472307 0.00048219 0.000488968 0.000492482 
1.26 0.000570537 0.000532619 0.000496376 0.000462392 0.000431278 0.000403667 0.000380215 0.000361594 0.000348488 0.000341586 
1.26 0.000560575 0.000521891 0.000484997 0.000450465 0.000418898 0.000390921 0.000367181 0.000348346 0.000335096 0.000328122 
1.26 7.13174e-06 7.70436e-06 8.21173e-06 8.65574e-06 9.03793e-06 9.35935e-06 9.62033e-06 9.82027e-06 9.9574e-06 1.00285e-05 
1.26 0.000797374 0.000694145 0.00059756 0.000508656 0.000428539 0.000358382 0.000299431 0.000253011 0.00022053 0.00020349 
1.26 0.00110308 0.00114986 0.00119253 0.00123092 0.00126482 0.00129399 0.00131815 0.00133697 0.00135003 0.00135684 
1.26 1.20808e-05 5.60902e-15 5.60902e-15 5.60902e-15 5.60902e-15 5.60902e-15 5.60902e-15 5.60902e-15 5.60902e-15 5.60902e-15 
1.26 1.48071e-10 1.428e-10 1.38887e-10 1.35956e-10 1.33753e-10 1.32108e-10 1.30901e-10 1.30048e-10 1.29498e-10 1.29223e-10 
1.27 0.000351357 0.000379794 0.000405008 0.000427089 0.000446109 0.000462115 0.000475119 0.000485086 0.000491924 0.000495469 
1.27 0.000572538 0.000534795 0.000498718 0.000464887 0.000433912 0.000406422 0.000383073 0.000364532 0.000351481 0.00034461 
1.27 0.000562477 0.000523959 0.000487222 0.000452836 0.0004214 0.000393538 0.000369896 0.000351137 0.00033794 0.000330994 
1.27 7.1714e-06 7.74752e-06 8.25824e-06 8.70538e-06 9.09045e-06 9.41442e-06 9.67757e-06 9.87923e-06 1.00176e-05 1.00893e-05 
1.27 0.000799256 0.000696189 0.000599753 0.000510984 0.000430985 0.000360928 0.000302059 0.000255702 0.000223264 0.000206246 
1.27 0.00110419 0.00115107 0.00119384 0.00123231 0.0012663 0.00129554 0.00131977 0.00133864 0.00135173 0.00135856 
1.27 1.20808e-05 5.60902e-15 5.60902e-15 5.60902e-15 5.60902e-15 5.60902e-15 5.60902e-15 5.60902e-15 5.60902e-15 5.60902e-15 
1.27 1.47399e-10 1.42152e-10 1.38255e-10 1.35333e-10 1.33136e-10 1.31493e-10 1.30285e-10 1.29433e-10 1.28882e-10 1.28607e-10 
1.28 0.000353296 0.000381904 0.000407282 0.000429517 0.000448677 0.000464808 0.000477918 0.000487969 0.000494866 0.000498442 
1.28 0.000574529 0.00053696 0.000501048 0.00046737 0.000436533 0.000409165 0.000385918 0.000367457 0.000354462 0.00034762 
1.28 0.000564369 0.000526017 0.000489436 0.000455195 0.000423891 0.000396144 0.000372598 0.000353915 0.000340771 0.000333853 
1.28 7.21087e-06 7.79048e-06 8.30453e-06 8.7548e-06 9.14272e-06 9.46924e-06 9.73454e-06 9.93792e-06 1.00775e-05 1.01498e-05 
1.28 0.000801128 0.000698222 0.000601934 0.0005133 0.000433419 0.000363463 0.000304676 0.000258382 0.000225988 0.000208993 
1.28 0.0011053 0.00115228 0.00119514 0.0012337 0.00126777 0.00129709 0.00132138 0.0013403 0.00135343 0.00136028 
1.28 1.20808e-05 5.60902e-15 5.60902e-15 5.60902e-15 5.60902e-15 5.60902e-15 5.60902e-15 5.60902e-15 5.60902e-15 5.60902e-15 
1.28 1.46737e-10 1.41515e-10 1.37633e-10 1.34719e-10 1.32527e-10 1.30887e-10 1.2968e-10 1.28828e-10 1.28276e-10 1.28001e-10 
1.29 0.000355226 0.000384005 0.000409546 0.000431933 0.000451234 0.000467489 0.000480704 0.000490839 0.000497795 0.000501402 
1.29 0.00057651 0.000539115 0.000503367 0.000469841 0.000439142 0.000411895 0.00038875 0.000370369 0.00035743 0.000350618 
1.29 0.000566252 0.000528065 0.00049164 0.000457543 0.00042637 0.000398738 0.000375288 0.000356681 0.00034359 0.0003367 
1.29 7.25016e-06 7.83324e-06 8.3506e-06 8.80398e-06 9.19476e-06 9.5238e-06 9.79125e-06 9.99634e-06 1.01371e-05 1.02101e-05 
1.29 0.000802989 0.000700243 0.000604104 0.000515604 0.000435841 0.000365986 0.000307282 0.000261052 0.000228702 0.00021173 
1.29 0.0011064 0.00115348 0.00119643 0.00123508 0.00126923 0.00129863 0.00132298 0.00134195 0.00135512 0.00136199 
1.29 1.20808e-05 5.60902e-15 5.60902e-15 5.60902e-15 5.60902e-15 5.60902e-15 5.60902e-15 5.60902e-15 5.60902e-15 5.60902e-15 
1.29 1.46086e-10 1.40888e-10 1.37021e-10 1.34116e-10 1.31929e-10 1.30291e-10 1.29085e-10 1.28232e-10 1.27681e-10 1.27405e-10 
1.30 0.000357148 0.000386096 0.000411799 0.000434338 0.000453778 0.000470157 0.000483477 0.000493696 0.00050071 0.000504348 
1.30 0.000578482 0.000541259 0.000505675 0.000472301 0.000441739 0.000414613 0.000391569 0.000373268 0.000360385 0.000353602 
1.30 0.000568126 0.000530103 0.000493833 0.00045988 0.000428837 0.00040132 0.000377966 0.000359435 0.000346397 0.000339535 
1.30 7.28926e-06 7.8758e-06 8.39646e-06 8.85294e-06 9.24655e-06 9.57811e-06 9.8477e-06 1.00545e-05 1.01964e-05 1.02701e-05 
1.30 0.00080484 0.000702253 0.000606262 0.000517896 0.000438252 0.000368498 0.000309877 0.000263711 0.000231406 0.000214456 
1.30 0.0011075 0.00115467 0.00119772 0.00123646 0.00127069 0.00130016 0.00132458 0.00134359 0.0013568 0.00136369 
1.30 1.20808e-05 5.60902e-15 5.60902e-15 5.60902e-15 5.60902e-15 5.60902e-15 5.60902e-15 5.60902e-15 5.60902e-15 5.60902e-15 
1.30 1.45444e-10 1.4027e-10 1.36417e-10 1.33521e-10 1.3134e-10 1.29704e-10 1.28499e-10 1.27647e-10 1.27095e-10 1.26819e-10 
1.31 0.00035906 0.000388177 0.000414042 0.000436732 0.000456311 0.000472813 0.000486237 0.000496539 0.000503612 0.000507281 
1.31 0.000580444 0.000543393 0.000507971 0.000474749 0.000444324 0.000417318 0.000394375 0.000376154 0.000363327 0.000356574 
1.31 0.00056999 0.000532131 0.000496015 0.000462206 0.000431293 0.00040389 0.000380632 0.000362177 0.000349192 0.000342357 
1.31 7.32818e-06 7.91816e-06 8.44211e-06 8.90167e-06 9.2981e-06 9.63217e-06 9.90389e-06 1.01124e-05 1.02555e-05 1.03298e-05 
1.31 0.000806681 0.000704253 0.000608409 0.000520177 0.000440651 0.000370999 0.000312461 0.00026636 0.000234099 0.000217172 
1.31 0.00110859 0.00115586 0.001199 0.00123783 0.00127214 0.00130168 0.00132617 0.00134523 0.00135847 0.00136538 
1.31 1.20808e-05 5.60902e-15 5.60902e-15 5.60902e-15 5.60902e-15 5.60902e-15 5.60902e-15 5.60902e-15 5.60902e-15 5.60902e-15 
1.31 1.44812e-10 1.39661e-10 1.35824e-10 1.32937e-10 1.3076e-10 1.29127e-10 1.27923e-10 1.2707e-10 1.26518e-10 1.26242e-10 
1.32 0.000360964 0.000390248 0.000416273 0.000439115 0.000458832 0.000475456 0.000488985 0.000499369 0.0005065 0.000510199 
1.32 0.000582396 0.000545516 0.000510257 0.000477185 0.000446897 0.000420011 0.000397169 0.000379028 0.000366257 0.000359533 
1.32 0.000571845 0.000534148 0.000498187 0.000464521 0.000433737 0.000406448 0.000383286 0.000364907 0.000351975 0.000345167 
1.32 7.36692e-06 7.96032e-06 8.48754e-06 8.95017e-06 9.34942e-06 9.68598e-06 9.95983e-06 1.017e-05 1.03143e-05 1.03892e-05 
1.32 0.000808512 0.000706242 0.000610545 0.000522446 0.000443039 0.000373488 0.000315035 0.000268998 0.000236782 0.000219878 
1.32 0.00110968 0.00115704 0.00120028 0.00123919 0.00127358 0.0013032 0.00132775 0.00134686 0.00136013 0.00136706 
1.32 1.20808e-05 5.60902e-15 5.60902e-15 5.60902e-15 5.60902e-15 5.60902e-15 5.60902e-15 5.60902e-15 5.60902e-15 5.60902e-15 
1.32 1.44189e-10 1.39062e-10 1.35239e-10 1.32361e-10 1.30189e-10 1.28558e-10 1.27356e-10 1.26503e-10 1.25951e-10 1.25675e-10 
1.33 0.000362858 0.00039231 0.000418495 0.000441487 0.000461341 0.000478087 0.00049172 0.000502186 0.000509375 0.000513105 
1.33 0.000584339 0.000547629 0.000512531 0.00047961 0.000449458 0.000422692 0.00039995 0.000381889 0.000369174 0.000362479 
1.33 0.000573691 0.000536156 0.000500348 0.000466825 0.00043617 0.000408994 0.000385929 0.000367624 0.000354745 0.000347965 
1.33 7.40548e-06 8.00228e-06 8.53276e-06 8.99845e-06 9.4005e-06 9.73954e-06 1.00155e-05 1.02273e-05 1.03728e-05 1.04483e-05 
1.33 0.000810333 0.00070822 0.00061267 0.000524704 0.000445415 0.000375967 0.000317597 0.000271626 0.000239454 0.000222574 
1.33 0.00111076 0.00115822 0.00120155 0.00124055 0.00127503 0.00130471 0.00132932 0.00134848 0.00136179 0.00136873 
1.33 1.20808e-05 5.60902e-15 5.60902e-15 5.60902e-15 5.60902e-15 5.60902e-15 5.60902e-15 5.60902e-15 5.60902e-15 5.60902e-15 
1.33 1.43577e-10 1.38472e-10 1.34664e-10 1.31794e-10 1.29627e-10 1.27999e-10 1.26798e-10 1.25945e-10 1.25392e-10 1.25116e-10 
1.34 0.000364744 0.000394362 0.000420707 0.000443848 0.000463839 0.000480706 0.000494442 0.00050499 0.000512237 0.000515997 
1.34 0.000586272 0.000549732 0.000514795 0.000482023 0.000452007 0.00042536 0.000402719 0.000384737 0.000372078 0.000365412 
1.34 0.000575528 0.000538154 0.000502499 0.000469118 0.000438592 0.000411529 0.000388559 0.00037033 0.000357503 0.000350751 
1.34 7.44386e-06 8.04405e-06 8.57777e-06 9.0465e-06 9.45134e-06 9.79285e-06 1.00709e-05 1.02844e-05 1.04311e-05 1.05072e-05 
1.34 0.000812144 0.000710188 0.000614784 0.000526951 0.00044778 0.000378434 0.000320149 0.000274243 0.000242116 0.00022526 
1.34 0.00111184 0.00115939 0.00120281 0.0012419 0.00127646 0.00130622 0.00133088 0.00135009 0.00136344 0.0013704 
1.34 1.20808e-05 5.60902e-15 5.60902e-15 5.60902e-15 5.60902e-15 5.60902e-15 5.60902e-15 5.60902e-15 5.60902e-15 5.60902e-15 
1.34 1.42973e-10 1.37891e-10 1.34097e-10 1.31236e-10 1.29074e-10 1.27449e-10 1.26248e-10 1.25395e-10 1.24843e-10 1.24566e-10 
1.35 0.000366621 0.000396405 0.000422908 0.000446198 0.000466325 0.000483313 0.000497152 0.000507781 0.000515086 0.000518876 
1.35 0.000588196 0.000551825 0.000517048 0.000484425 0.000454544 0.000428016 0.000405476 0.000387573 0.000374969 0.000368332 
1.35 0.000577356 0.000540142 0.00050464 0.0004714 0.000441002 0.000414052 0.000391178 0.000373023 0.000360249 0.000353525 
1.35 7.48206e-06 8.08563e-06 8.62258e-06 9.09433e-06 9.50194e-06 9.84592e-06 1.01261e-05 1.03412e-05 1.04891e-05 1.05658e-05 
1.35 0.000813946 0.000712145 0.000616887 0.000529187 0.000450134 0.00038089 0.00032269 0.000276849 0.000244768 0.000227935 
1.35 0.00111291 0.00116056 0.00120407 0.00124325 0.00127788 0.00130771 0.00133244 0.0013517 0.00136508 0.00137206 
1.35 1.20808e-05 5.60902e-15 5.60902e-15 5.60902e-15 5.60902e-15 5.60902e-15 5.60902e-15 5.60902e-15 5.60902e-15 5.60902e-15 
1.35 1.42378e-10 1.37318e-10 1.33538e-10 1.30686e-10 1.28529e-10 1.26907e-10 1.25707e-10 1.24854e-10 1.24302e-10 1.24025e-10 
1.36 0.000368489 0.000398438 0.000425099 0.000448537 0.0004688 0.000485908 0.000499849 0.00051056 0.000517922 0.000521742 
1.36 0.00059011 0.000553907 0.00051929 0.000486815 0.000457069 0.00043066 0.00040822 0.000390396 0.000377847 0.000371239 
1.36 0.000579175 0.000542121 0.00050677 0.000473671 0.000443401 0.000416564 0.000393784 0.000375705 0.000362983 0.000356287 
1.36 7.52009e-06 8.12701e-06 8.66718e-06 9.14194e-06 9.55231e-06 9.89874e-06 1.0181e-05 1.03978e-05 1.05468e-05 1.06241e-05 
1.36 0.000815738 0.000714092 0.000618979 0.000531412 0.000452477 0.000383335 0.00032522 0.000279444 0.000247409 0.0002306 
1.36 0.00111398 0.00116172 0.00120532 0.00124459 0.0012793 0.0013092 0.00133399 0.0013533 0.00136671 0.00137371 
1.36 1.20808e-05 5.60902e-15 5.60902e-15 5.60902e-15 5.60902e-15 5.60902e-15 5.60902e-15 5.60902e-15 5.60902e-15 5.60902e-15 
1.36 1.41792e-10 1.36754e-10 1.32988e-10 1.30145e-10 1.27993e-10 1.26372e-10 1.25174e-10 1.24322e-10 1.23769e-10 1.23492e-10 
1.37 0.000370349 0.000400462 0.00042728 0.000450865 0.000471263 0.000488491 0.000502534 0.000513326 0.000520744 0.000524594 
1.37 0.000592015 0.000555979 0.000521521 0.000489194 0.000459582 0.000433292 0.000410952 0.000393206 0.000380713 0.000374134 
1.37 0.000580985 0.00054409 0.00050889 0.000475931 0.000445789 0.000419064 0.000396379 0.000378375 0.000365705 0.000359037 
1.37 7.55794e-06 8.1682e-06 8.71157e-06 9.18933e-06 9.60245e-06 9.95132e-06 1.02356e-05 1.04541e-05 1.06043e-05 1.06822e-05 
1.37 0.00081752 0.000716029 0.00062106 0.000533625 0.000454809 0.000385769 0.000327738 0.000282029 0.000250039 0.000233254 
1.37 0.00111504 0.00116288 0.00120657 0.00124592 0.00128071 0.00131068 0.00133553 0.00135489 0.00136833 0.00137535 
1.37 1.20808e-05 5.60902e-15 5.60902e-15 5.60902e-15 5.60902e-15 5.60902e-15 5.60902e-15 5.60902e-15 5.60902e-15 5.60902e-15 
1.37 1.41215e-10 1.36199e-10 1.32446e-10 1.29612e-10 1.27464e-10 1.25846e-10 1.24649e-10 1.23797e-10 1.23245e-10 1.22968e-10 
1.38 0.000372199 0.000402476 0.000429451 0.000453183 0.000473715 0.000491062 0.000505206 0.000516079 0.000523554 0.000527434 
1.38 0.000593911 0.000558041 0.000523741 0.000491562 0.000462084 0.000435912 0.000413671 0.000396004 0.000383566 0.000377016 
1.38 0.000582787 0.00054605 0.000511 0.000478181 0.000448166 0.000421553 0.000398962 0.000381033 0.000368415 0.000361774 
1.38 7.59561e-06 8.2092e-06 8.75575e-06 9.2365e-06 9.65235e-06 1.00036e-05 1.029e-05 1.05101e-05 1.06615e-05 1.074e-05 
1.38 0.000819293 0.000717956 0.000623131 0.000535828 0.00045713 0.000388192 0.000330246 0.000284603 0.000252659 0.000235898 
1.38 0.0011161 0.00116403 0.00120781 0.00124725 0.00128212 0.00131216 0.00133706 0.00135647 0.00136995 0.00137698 
1.38 1.20808e-05 5.60902e-15 5.60902e-15 5.60902e-15 5.60902e-15 5.60902e-15 5.60902e-15 5.60902e-15 5.60902e-15 5.60902e-15 
1.38 1.40646e-10 1.35651e-10 1.31912e-10 1.29086e-10 1.26943e-10 1.25328e-10 1.24132e-10 1.23281e-10 1.22728e-10 1.22451e-10 
1.39 0.000374041 0.000404481 0.000431611 0.000455489 0.000476155 0.000493621 0.000507866 0.000518819 0.000526351 0.00053026 
1.39 0.000595798 0.000560094 0.000525951 0.000493918 0.000464574 0.000438519 0.000416378 0.00039879 0.000386406 0.000379885 
1.39 0.00058458 0.000548 0.0005131 0.00048042 0.000450532 0.00042403 0.000401534 0.000383679 0.000371113 0.000364499 
1.39 7.63311e-06 8.25001e-06 8.79973e-06 9.28345e-06 9.70202e-06 1.00557e-05 1.03441e-05 1.05659e-05 1.07184e-05 1.07975e-05 
1.39 0.000821057 0.000719873 0.000625191 0.00053802 0.00045944 0.000390604 0.000332743 0.000287166 0.000255268 0.000238531 
1.39 0.00111715 0.00116518 0.00120905 0.00124857 0.00128352 0.00131363 0.00133859 0.00135805 0.00137156 0.00137861 
1.39 1.20808e-05 5.60902e-15 5.60902e-15 5.60902e-15 5.60902e-15 5.60902e-15 5.60902e-15 5.60902e-15 5.60902e-15 5.60902e-15 
1.39 1.40085e-10 1.35112e-10 1.31386e-10 1.28569e-10 1.26431e-10 1.24818e-10 1.23623e-10 1.22772e-10 1.22219e-10 1.21942e-10 
1.40 0.000375875 0.000406477 0.000433762 0.000457785 0.000478584 0.000496169 0.000510514 0.000521546 0.000529134 0.000533073 
1.40 0.000597675 0.000562137 0.00052815 0.000496264 0.000467052 0.000441115 0.000419073 0.000401563 0.000389234 0.000382742 
1.40 0.000586364 0.000549941 0.00051519 0.000482649 0.000452886 0.000426496 0.000404094 0.000386313 0.000373799 0.000367213 
1.40 7.67043e-06 8.29063e-06 8.8435e-06 9.33018e-06 9.75146e-06 1.01076e-05 1.0398e-05 1.06214e-05 1.0775e-05 1.08548e-05 
1.40 0.000822811 0.00072178 0.000627241 0.000540201 0.000461739 0.000393005 0.000335229 0.000289718 0.000257866 0.000241153 
1.40 0.0011182 0.00116632 0.00121028 0.00124989 0.00128491 0.00131509 0.00134011 0.00135962 0.00137316 0.00138023 
1.40 1.20808e-05 5.60902e-15 5.60902e-15 5.60902e-15 5.60902e-15 5.60902e-15 5.60902e-15 5.60902e-15 5.60902e-15 5.60902e-15 
1.40 1.39532e-10 1.34581e-10 1.30868e-10 1.28059e-10 1.25926e-10 1.24316e-10 1.23121e-10 1.22271e-10 1.21718e-10 1.21441e-10 
1.41 0.0003777 0.000408464 0.000435903 0.00046007 0.000481002 0.000498704 0.000513149 0.000524261 0.000531905 0.000535874 
1.41 0.000599544 0.000564169 0.000530339 0.000498598 0.000469519 0.000443699 0.000421755 0.000404323 0.000392049 0.000385586 
1.41 0.00058814 0.000551873 0.00051727 0.000484867 0.00045523 0.000428951 0.000406642 0.000388935 0.000376474 0.000369914 
1.41 7.70758e-06 8.33106e-06 8.88707e-06 9.3767e-06 9.80068e-06 1.01592e-05 1.04517e-05 1.06767e-05 1.08314e-05 1.09118e-05 
1.41 0.000824556 0.000723677 0.000629281 0.000542372 0.000464027 0.000395395 0.000337704 0.00029226 0.000260454 0.000243765 
1.41 0.00111924 0.00116746 0.00121151 0.0012512 0.0012863 0.00131654 0.00134163 0.00136118 0.00137475 0.00138184 
1.41 1.20808e-05 5.60902e-15 5.60902e-15 5.60902e-15 5.60902e-15 5.60902e-15 5.60902e-15 5.60902e-15 5.60902e-15 5.60902e-15 
1.41 1.38988e-10 1.34056e-10 1.30357e-10 1.27556e-10 1.25428e-10 1.23821e-10 1.22627e-10 1.21778e-10 1.21225e-10 1.20947e-10 
1.42 0.000379517 0.000410441 0.000438033 0.000462345 0.000483409 0.000501228 0.000515773 0.000526964 0.000534663 0.000538661 
1.42 0.000601403 0.000566192 0.000532517 0.000500921 0.000471974 0.000446271 0.000424425 0.000407071 0.000394852 0.000388417 
1.42 0.000589907 0.000553795 0.00051934 0.000487074 0.000457563 0.000431394 0.000409179 0.000391545 0.000379136 0.000372604 
1.42 7.74456e-06 8.37131e-06 8.93044e-06 9.423e-06 9.84967e-06 1.02106e-05 1.05051e-05 1.07317e-05 1.08876e-05 1.09685e-05 
1.42 0.000826293 0.000725564 0.00063131 0.000544532 0.000466304 0.000397774 0.000340168 0.000294791 0.000263031 0.000246366 
1.42 0.00112028 0.00116859 0.00121273 0.0012525 0.00128768 0.00131799 0.00134314 0.00136273 0.00137634 0.00138344 
1.42 1.20808e-05 5.60902e-15 5.60902e-15 5.60902e-15 5.60902e-15 5.60902e-15 5.60902e-15 5.60902e-15 5.60902e-15 5.60902e-15 
1.42 1.38451e-10 1.3354e-10 1.29854e-10 1.27061e-10 1.24938e-10 1.23332e-10 1.22141e-10 1.21291e-10 1.20738e-10 1.20461e-10 
1.43 0.000381325 0.000412408 0.000440154 0.000464609 0.000485804 0.00050374 0.000518384 0.000529653 0.000537408 0.000541436 
1.43 0.000603254 0.000568205 0.000534685 0.000503233 0.000474418 0.000448831 0.000427083 0.000409807 0.000397642 0.000391236 
1.43 0.000591665 0.000555708 0.0005214 0.000489271 0.000459885 0.000433826 0.000411704 0.000394144 0.000381787 0.000375282 
1.43 7.78136e-06 8.41137e-06 8.97361e-06 9.46909e-06 9.89843e-06 1.02617e-05 1.05583e-05 1.07865e-05 1.09435e-05 1.1025e-05 
1.43 0.00082802 0.000727442 0.000633329 0.000546681 0.00046857 0.000400143 0.000342622 0.000297311 0.000265597 0.000248957 
1.43 0.00112131 0.00116972 0.00121394 0.0012538 0.00128905 0.00131943 0.00134464 0.00136428 0.00137792 0.00138504 
1.43 1.20808e-05 5.60902e-15 5.60902e-15 5.60902e-15 5.60902e-15 5.60902e-15 5.60902e-15 5.60902e-15 5.60902e-15 5.60902e-15 
1.43 1.37921e-10 1.33031e-10 1.29358e-10 1.26573e-10 1.24454e-10 1.22852e-10 1.21662e-10 1.20812e-10 1.20259e-10 1.19982e-10 
1.44 0.000383125 0.000414367 0.000442265 0.000466863 0.000488188 0.000506241 0.000520983 0.000532331 0.000540141 0.000544198 
1.44 0.000605095 0.000570209 0.000536843 0.000505535 0.00047685 0.000451379 0.000429729 0.00041253 0.00040042 0.000394042 
1.44 0.000593415 0.000557612 0.00052345 0.000491458 0.000462196 0.000436247 0.000414218 0.000396731 0.000384426 0.000377948 
1.44 7.818e-06 8.45124e-06 9.01658e-06 9.51496e-06 9.94696e-06 1.03126e-05 1.06112e-05 1.0841e-05 1.09991e-05 1.10812e-05 
1.44 0.000829739 0.00072931 0.000635338 0.00054882 0.000470826 0.000402501 0.000345065 0.00029982 0.000268153 0.000251537 
1.44 0.00112234 0.00117084 0.00121515 0.00125509 0.00129042 0.00132087 0.00134613 0.00136582 0.00137949 0.00138663 
1.44 1.20808e-05 5.60902e-15 5.60902e-15 5.60902e-15 5.60902e-15 5.60902e-15 5.60902e-15 5.60902e-15 5.60902e-15 5.60902e-15 
1.44 1.37399e-10 1.32529e-10 1.28869e-10 1.26091e-10 1.23977e-10 1.22378e-10 1.21189e-10 1.2034e-10 1.19788e-10 1.1951e-10 
1.45 0.000384917 0.000416317 0.000444366 0.000469106 0.000490561 0.000508729 0.00052357 0.000534996 0.000542861 0.000546947 
1.45 0.000606928 0.000572203 0.000538991 0.000507826 0.000479271 0.000453915 0.000432363 0.000415241 0.000403185 0.000396836 
1.45 0.000595157 0.000559507 0.00052549 0.000493635 0.000464496 0.000438657 0.00041672 0.000399307 0.000387053 0.000380602 
1.45 7.85446e-06 8.49093e-06 9.05935e-06 9.56062e-06 9.99527e-06 1.03633e-05 1.06639e-05 1.08952e-05 1.10545e-05 1.11372e-05 
1.45 0.000831449 0.000731169 0.000637337 0.000550949 0.000473071 0.000404848 0.000347497 0.000302319 0.000270698 0.000254106 
1.45 0.00112337 0.00117195 0.00121635 0.00125637 0.00129178 0.0013223 0.00134762 0.00136735 0.00138105 0.00138821 
1.45 1.20808e-05 5.60902e-15 5.60902e-15 5.60902e-15 5.60902e-15 5.60902e-15 5.60902e-15 5.60902e-15 5.60902e-15 5.60902e-15 
1.45 1.36885e-10 1.32034e-10 1.28386e-10 1.25617e-10 1.23508e-10 1.21911e-10 1.20723e-10 1.19875e-10 1.19322e-10 1.19045e-10 
1.46 0.0003867 0.000418258 0.000446458 0.000471339 0.000492924 0.000511207 0.000526145 0.000537649 0.000545569 0.000549683 
1.46 0.000608752 0.000574188 0.000541128 0.000510106 0.000481681 0.00045644 0.000434985 0.00041794 0.000405938 0.000399617 
1.46 0.00059689 0.000561393 0.000527521 0.000495801 0.000466786 0.000441056 0.000419211 0.000401871 0.000389668 0.000383244 
1.46 7.89076e-06 8.53043e-06 9.10192e-06 9.60607e-06 1.00434e-05 1.04137e-05 1.07163e-05 1.09492e-05 1.11096e-05 1.11929e-05 
1.46 0.00083315 0.000733019 0.000639327 0.000553067 0.000475306 0.000407184 0.000349918 0.000304807 0.000273232 0.000256665 
1.46 0.00112439 0.00117306 0.00121755 0.00125765 0.00129313 0.00132372 0.0013491 0.00136887 0.00138261 0.00138978 
1.46 1.20808e-05 5.60902e-15 5.60902e-15 5.60902e-15 5.60902e-15 5.60902e-15 5.60902e-15 5.60902e-15 5.60902e-15 5.60902e-15 
1.46 1.36377e-10 1.31546e-10 1.2791e-10 1.25149e-10 1.23045e-10 1.21451e-10 1.20265e-10 1.19417e-10 1.18864e-10 1.18586e-10 
1.47 0.000388475 0.00042019 0.000448539 0.000473561 0.000495275 0.000513672 0.000528708 0.00054029 0.000548264 0.000552407 
1.47 0.000610567 0.000576163 0.000543255 0.000512375 0.00048408 0.000458953 0.000437595 0.000420627 0.000408678 0.000402386 
1.47 0.000598615 0.000563269 0.000529542 0.000497957 0.000469065 0.000443444 0.000421691 0.000404423 0.000392271 0.000385874 
1.47 7.92689e-06 8.56975e-06 9.14429e-06 9.65131e-06 1.00912e-05 1.04639e-05 1.07685e-05 1.1003e-05 1.11645e-05 1.12483e-05 
1.47 0.000834842 0.000734859 0.000641306 0.000555175 0.00047753 0.000409509 0.000352329 0.000307284 0.000275756 0.000259213 
1.47 0.0011254 0.00117417 0.00121874 0.00125892 0.00129448 0.00132514 0.00135057 0.00137039 0.00138416 0.00139135 
1.47 1.20808e-05 5.60902e-15 5.60902e-15 5.60902e-15 5.60902e-15 5.60902e-15 5.60902e-15 5.60902e-15 5.60902e-15 5.60902e-15 
1.47 1.35877e-10 1.31064e-10 1.27442e-10 1.24688e-10 1.22588e-10 1.20997e-10 1.19812e-10 1.18964e-10 1.18412e-10 1.18134e-10 
1.48 0.000390242 0.000422113 0.000450611 0.000475773 0.000497616 0.000516127 0.00053126 0.000542918 0.000550947 0.000555118 
1.48 0.000612374 0.000578128 0.000545372 0.000514634 0.000486468 0.000461454 0.000440193 0.000423301 0.000411406 0.000405142 
1.48 0.000600332 0.000565137 0.000531554 0.000500103 0.000471334 0.000445821 0.000424159 0.000406964 0.000394863 0.000388492 
1.48 7.96285e-06 8.60889e-06 9.18646e-06 9.69633e-06 1.01389e-05 1.05139e-05 1.08204e-05 1.10565e-05 1.12191e-05 1.13035e-05 
1.48 0.000836526 0.00073669 0.000643276 0.000557273 0.000479744 0.000411824 0.000354729 0.00030975 0.000278269 0.00026175 
1.48 0.00112641 0.00117527 0.00121993 0.00126019 0.00129582 0.00132655 0.00135203 0.0013719 0.0013857 0.00139291 
1.48 1.20808e-05 5.60902e-15 5.60902e-15 5.60902e-15 5.60902e-15 5.60902e-15 5.60902e-15 5.60902e-15 5.60902e-15 5.60902e-15 
1.48 1.35383e-10 1.3059e-10 1.26979e-10 1.24233e-10 1.22138e-10 1.2055e-10 1.19366e-10 1.18519e-10 1.17967e-10 1.17689e-10 
1.49 0.000392001 0.000424027 0.000452674 0.000477975 0.000499946 0.000518571 0.0005338 0.000545535 0.000553617 0.000557817 
1.49 0.000614172 0.000580084 0.000547479 0.000516882 0.000488844 0.000463944 0.000442779 0.000425963 0.000414122 0.000407886 
1.49 0.00060204 0.000566996 0.000533556 0.000502239 0.000473592 0.000448187 0.000426616 0.000409493 0.000397443 0.000391099 
1.49 7.99864e-06 8.64784e-06 9.22844e-06 9.74116e-06 1.01863e-05 1.05636e-05 1.08721e-05 1.11098e-05 1.12734e-05 1.13584e-05 
1.49 0.000838202 0.000738512 0.000645236 0.000559361 0.000481947 0.000414129 0.000357118 0.000312206 0.000280771 0.000264276 
1.49 0.00112742 0.00117636 0.00122111 0.00126145 0.00129716 0.00132795 0.00135349 0.0013734 0.00138724 0.00139446 
1.49 1.20808e-05 5.60902e-15 5.60902e-15 5.60902e-15 5.60902e-15 5.60902e-15 5.60902e-15 5.60902e-15 5.60902e-15 5.60902e-15 
1.49 1.34896e-10 1.30121e-10 1.26523e-10 1.23784e-10 1.21694e-10 1.20108e-10 1.18926e-10 1.1808e-10 1.17528e-10 1.17251e-10 
1.50 0.000393751 0.000425932 0.000454727 0.000480167 0.000502265 0.000521002 0.000536328 0.000548139 0.000556275 0.000560503 
1.50 0.000615961 0.000582031 0.000549576 0.000519119 0.00049121 0.000466423 0.000445353 0.000428613 0.000416825 0.000410618 
1.50 0.000603741 0.000568846 0.000535549 0.000504365 0.000475839 0.000450542 0.000429062 0.000412011 0.000400011 0.000393694 
1.50 8.03427e-06 8.68661e-06 9.27023e-06 9.78577e-06 1.02335e-05 1.06131e-05 1.09236e-05 1.11628e-05 1.13275e-05 1.14131e-05 
1.50 0.000839869 0.000740325 0.000647187 0.000561439 0.00048414 0.000416423 0.000359496 0.000314651 0.000283262 0.000266792 
1.50 0.00112842 0.00117745 0.00122228 0.00126271 0.00129849 0.00132934 0.00135494 0.0013749 0.00138877 0.00139601 
1.50 1.20808e-05 5.60902e-15 5.60902e-15 5.60902e-15 5.60902e-15 5.60902e-15 5.60902e-15 5.60902e-15 5.60902e-15 5.60902e-15 
1.50 1.34415e-10 1.29659e-10 1.26073e-10 1.23342e-10 1.21257e-10 1.19673e-10 1.18492e-10 1.17647e-10 1.17095e-10 1.16818e-10 
1.51 0.000395493 0.000427828 0.000456771 0.000482349 0.000504573 0.000523423 0.000538844 0.000550731 0.000558921 0.000563177 
1.51 0.000617742 0.000583969 0.000551663 0.000521346 0.000493564 0.00046889 0.000447916 0.000431251 0.000419517 0.000413337 
1.51 0.000605433 0.000570687 0.000537532 0.000506481 0.000478076 0.000452886 0.000431497 0.000414517 0.000402568 0.000396277 
1.51 8.06973e-06 8.72521e-06 9.31182e-06 9.83018e-06 1.02805e-05 1.06624e-05 1.09748e-05 1.12155e-05 1.13814e-05 1.14675e-05 
1.51 0.000841528 0.000742129 0.000649128 0.000563507 0.000486323 0.000418706 0.000361864 0.000317085 0.000285743 0.000269297 
1.51 0.00112942 0.00117854 0.00122345 0.00126396 0.00129981 0.00133073 0.00135638 0.00137639 0.00139029 0.00139755 
1.51 1.20808e-05 5.60902e-15 5.60902e-15 5.60902e-15 5.60902e-15 5.60902e-15 5.60902e-15 5.60902e-15 5.60902e-15 5.60902e-15 
1.51 1.33941e-10 1.29203e-10 1.25629e-10 1.22906e-10 1.20825e-10 1.19244e-10 1.18065e-10 1.1722e-10 1.16669e-10 1.16392e-10 
1.52 0.000397227 0.000429715 0.000458804 0.000484521 0.000506871 0.000525833 0.000541349 0.000553311 0.000561554 0.000565839 
1.52 0.000619515 0.000585898 0.000553741 0.000523562 0.000495907 0.000471346 0.000450467 0.000433878 0.000422196 0.000416044 
1.52 0.000607117 0.00057252 0.000539506 0.000508587 0.000480303 0.000455219 0.00043392 0.000417012 0.000405113 0.000398849 
1.52 8.10503e-06 8.76363e-06 9.35322e-06 9.87438e-06 1.03273e-05 1.07114e-05 1.10258e-05 1.1268e-05 1.1435e-05 1.15217e-05 
1.52 0.000843178 0.000743924 0.000651059 0.000565565 0.000488496 0.000420979 0.000364221 0.000319509 0.000288213 0.000271791 
1.52 0.00113041 0.00117962 0.00122462 0.0012652 0.00130113 0.00133211 0.00135782 0.00137787 0.0013918 0.00139908 
1.52 1.20808e-05 5.60902e-15 5.60902e-15 5.60902e-15 5.60902e-15 5.60902e-15 5.60902e-15 5.60902e-15 5.60902e-15 5.60902e-15 
1.52 1.33474e-10 1.28754e-10 1.25191e-10 1.22475e-10 1.20399e-10 1.18821e-10 1.17643e-10 1.16799e-10 1.16248e-10 1.15971e-10 
1.53 0.000398953 0.000431594 0.000460829 0.000486682 0.000509157 0.000528231 0.000543842 0.00055588 0.000564176 0.000568488 
1.53 0.000621279 0.000587818 0.000555809 0.000525768 0.00049824 0.00047379 0.000453006 0.000436492 0.000424863 0.000418739 
1.53 0.000608793 0.000574344 0.000541471 0.000510683 0.000482519 0.000457541 0.000436332 0.000419496 0.000407647 0.000401409 
1.53 8.14016e-06 8.80187e-06 9.39443e-06 9.91838e-06 1.03738e-05 1.07602e-05 1.10765e-05 1.13203e-05 1.14883e-05 1.15756e-05 
1.53 0.00084482 0.00074571 0.000652981 0.000567613 0.000490658 0.000423242 0.000366568 0.000321922 0.000290672 0.000274275 
1.53 0.0011314 0.00118069 0.00122578 0.00126644 0.00130244 0.00133349 0.00135925 0.00137934 0.00139331 0.0014006 
1.53 1.20808e-05 5.60902e-15 5.60902e-15 5.60902e-15 5.60902e-15 5.60902e-15 5.60902e-15 5.60902e-15 5.60902e-15 5.60902e-15 
1.53 1.33013e-10 1.28311e-10 1.24759e-10 1.22051e-10 1.19979e-10 1.18403e-10 1.17227e-10 1.16384e-10 1.15833e-10 1.15556e-10 
1.54 0.000400671 0.000433464 0.000462844 0.000488833 0.000511434 0.000530618 0.000546323 0.000558436 0.000566784 0.000571125 
1.54 0.000623035 0.000589728 0.000557867 0.000527964 0.000500562 0.000476223 0.000455534 0.000439095 0.000427518 0.000421421 
1.54 0.000610462 0.000576159 0.000543426 0.000512769 0.000484725 0.000459853 0.000438734 0.000421968 0.000410169 0.000403957 
1.54 8.17513e-06 8.83993e-06 9.43545e-06 9.96217e-06 1.04201e-05 1.08088e-05 1.1127e-05 1.13723e-05 1.15414e-05 1.16293e-05 
1.54 0.000846454 0.000747487 0.000654894 0.000569652 0.00049281 0.000425494 0.000368904 0.000324324 0.000293121 0.000276748 
1.54 0.00113238 0.00118176 0.00122693 0.00126767 0.00130375 0.00133486 0.00136068 0.00138081 0.00139481 0.00140212 
1.54 1.20808e-05 5.60902e-15 5.60902e-15 5.60902e-15 5.60902e-15 5.60902e-15 5.60902e-15 5.60902e-15 5.60902e-15 5.60902e-15 
1.54 1.32558e-10 1.27872e-10 1.24333e-10 1.21632e-10 1.19565e-10 1.17992e-10 1.16817e-10 1.15974e-10 1.15424e-10 1.15147e-10 
1.55 0.000402381 0.000435325 0.00046485 0.000490975 0.000513699 0.000532994 0.000548793 0.000560981 0.000569382 0.00057375 
1.55 0.000624783 0.00059163 0.000559915 0.00053015 0.000502873 0.000478645 0.00045805 0.000441686 0.000430161 0.000424092 
1.55 0.000612122 0.000577966 0.000545372 0.000514846 0.000486921 0.000462154 0.000441124 0.000424429 0.00041268 0.000406494 
1.55 8.20994e-06 8.87781e-06 9.47627e-06 1.00057e-05 1.04662e-05 1.08572e-05 1.11773e-05 1.14241e-05 1.15943e-05 1.16827e-05 
1.55 0.00084808 0.000749255 0.000656798 0.000571681 0.000494952 0.000427736 0.00037123 0.000326716 0.000295559 0.00027921 
1.55 0.00113336 0.00118283 0.00122808 0.0012689 0.00130505 0.00133622 0.0013621 0.00138227 0.0013963 0.00140363 
1.55 1.20808e-05 5.60902e-15 5.60902e-15 5.60902e-15 5.60902e-15 5.60902e-15 5.60902e-15 5.60902e-15 5.60902e-15 5.60902e-15 
1.55 1.32108e-10 1.2744e-10 1.23912e-10 1.21218e-10 1.19156e-10 1.17586e-10 1.16412e-10 1.1557e-10 1.15021e-10 1.14744e-10 
1.56 0.000404084 0.000437178 0.000466847 0.000493107 0.000515955 0.00053536 0.000551252 0.000563514 0.000571967 0.000576363 
1.56 0.000626522 0.000593522 0.000561954 0.000532326 0.000505173 0.000481056 0.000460555 0.000444265 0.000432792 0.00042675 
1.56 0.000613775 0.000579764 0.000547309 0.000516913 0.000489106 0.000464444 0.000443504 0.000426879 0.000415179 0.00040902 
1.56 8.24458e-06 8.91551e-06 9.5169e-06 1.00491e-05 1.05121e-05 1.09053e-05 1.12273e-05 1.14757e-05 1.16469e-05 1.17359e-05 
1.56 0.000849698 0.000751015 0.000658692 0.0005737 0.000497085 0.000429967 0.000373545 0.000329097 0.000297987 0.000281662 
1.56 0.00113433 0.00118389 0.00122922 0.00127012 0.00130634 0.00133758 0.00136351 0.00138373 0.00139778 0.00140513 
1.56 1.20808e-05 5.60902e-15 5.60902e-15 5.60902e-15 5.60902e-15 5.60902e-15 5.60902e-15 5.60902e-15 5.60902e-15 5.60902e-15 
1.56 1.31665e-10 1.27015e-10 1.23497e-10 1.20811e-10 1.18753e-10 1.17185e-10 1.16013e-10 1.15172e-10 1.14622e-10 1.14346e-10 
1.57 0.000405778 0.000439022 0.000468833 0.000495228 0.000518199 0.000537714 0.000553699 0.000566035 0.00057454 0.000578963 
1.57 0.000628253 0.000595406 0.000563983 0.000534491 0.000507463 0.000483456 0.000463048 0.000446832 0.000435411 0.000429396 
1.57 0.00061542 0.000581554 0.000549237 0.00051897 0.000491281 0.000466724 0.000445872 0.000429318 0.000417667 0.000411534 
1.57 8.27906e-06 8.95304e-06 9.55734e-06 1.00923e-05 1.05578e-05 1.09532e-05 1.12771e-05 1.1527e-05 1.16993e-05 1.17888e-05 
1.57 0.000851308 0.000752766 0.000660577 0.00057571 0.000499207 0.000432189 0.00037585 0.000331468 0.000300404 0.000284103 
1.57 0.0011353 0.00118494 0.00123036 0.00127134 0.00130763 0.00133893 0.00136491 0.00138518 0.00139926 0.00140662 
1.57 1.20808e-05 5.60902e-15 5.60902e-15 5.60902e-15 5.60902e-15 5.60902e-15 5.60902e-15 5.60902e-15 5.60902e-15 5.60902e-15 
1.57 1.31227e-10 1.26594e-10 1.23087e-10 1.20408e-10 1.18355e-10 1.1679e-10 1.1562e-10 1.14779e-10 1.14229e-10 1.13953e-10 
1.58 0.000407465 0.000440857 0.000470811 0.00049734 0.000520434 0.000540057 0.000556135 0.000568545 0.000577102 0.000581552 
1.58 0.000629976 0.000597281 0.000566003 0.000536646 0.000509742 0.000485845 0.00046553 0.000449387 0.000438018 0.000432031 
1.58 0.000617057 0.000583335 0.000551156 0.000521018 0.000493446 0.000468993 0.00044823 0.000431746 0.000420144 0.000414037 
1.58 8.31339e-06 8.9904e-06 9.5976e-06 1.01353e-05 1.06033e-05 1.10009e-05 1.13267e-05 1.15781e-05 1.17514e-05 1.18415e-05 
1.58 0.00085291 0.000754509 0.000662453 0.00057771 0.00050132 0.0004344 0.000378145 0.000333828 0.00030281 0.000286533 
1.58 0.00113627 0.00118599 0.00123149 0.00127255 0.00130891 0.00134027 0.00136631 0.00138662 0.00140073 0.00140811 
1.58 1.20808e-05 5.60902e-15 5.60902e-15 5.60902e-15 5.60902e-15 5.60902e-15 5.60902e-15 5.60902e-15 5.60902e-15 5.60902e-15 
1.58 1.30795e-10 1.26178e-10 1.22683e-10 1.20011e-10 1.17963e-10 1.164e-10 1.15231e-10 1.14391e-10 1.13842e-10 1.13566e-10 
1.59 0.000409144 0.000442684 0.00047278 0.000499442 0.000522658 0.00054239 0.00055856 0.000571042 0.000579652 0.000584129 
1.59 0.000631691 0.000599147 0.000568013 0.000538791 0.00051201 0.000488223 0.000468 0.000451931 0.000440614 0.000434653 
1.59 0.000618686 0.000585108 0.000553066 0.000523056 0.000495601 0.000471252 0.000450577 0.000434163 0.00042261 0.000416528 
1.59 8.34756e-06 9.02758e-06 9.63768e-06 1.01781e-05 1.06486e-05 1.10484e-05 1.1376e-05 1.16289e-05 1.18033e-05 1.1894e-05 
1.59 0.000854505 0.000756243 0.00066432 0.0005797 0.000503422 0.000436601 0.000380429 0.000336178 0.000305206 0.000288953 
1.59 0.00113723 0.00118704 0.00123262 0.00127375 0.00131018 0.00134161 0.0013677 0.00138805 0.0014022 0.00140959 
1.59 1.20808e-05 5.60902e-15 5.60902e-15 5.60902e-15 5.60902e-15 5.60902e-15 5.60902e-15 5.60902e-15 5.60902e-15 5.60902e-15 
1.59 1.30368e-10 1.25768e-10 1.22284e-10 1.19619e-10 1.17575e-10 1.16015e-10 1.14848e-10 1.14009e-10 1.1346e-10 1.13184e-10 
1.60 0.000410815 0.000444503 0.00047474 0.000501534 0.000524872 0.000544712 0.000560974 0.000573529 0.000582189 0.000586694 
1.60 0.000633398 0.000601004 0.000570014 0.000540926 0.000514268 0.000490589 0.000470459 0.000454463 0.000443197 0.000437264 
1.60 0.000620308 0.000586873 0.000554967 0.000525084 0.000497747 0.000473501 0.000452913 0.000436568 0.000425064 0.000419008 
1.60 8.38157e-06 9.0646e-06 9.67757e-06 1.02207e-05 1.06937e-05 1.10957e-05 1.14251e-05 1.16795e-05 1.1855e-05 1.19462e-05 
1.60 0.000856092 0.000757969 0.000666178 0.000581681 0.000505515 0.000438792 0.000382703 0.000338518 0.000307591 0.000291362 
1.60 0.00113819 0.00118808 0.00123374 0.00127495 0.00131145 0.00134294 0.00136909 0.00138948 0.00140366 0.00141106 
1.60 1.20808e-05 5.60902e-15 5.60902e-15 5.60902e-15 5.60902e-15 5.60902e-15 5.60902e-15 5.60902e-15 5.60902e-15 5.60902e-15 
1.60 1.29947e-10 1.25364e-10 1.2189e-10 1.19232e-10 1.17192e-10 1.15635e-10 1.14469e-10 1.13631e-10 1.13083e-10 1.12807e-10 
1.61 0.000412478 0.000446313 0.000476691 0.000503617 0.000527076 0.000547023 0.000563376 0.000576004 0.000584715 0.000589247 
1.61 0.000635097 0.000602852 0.000572005 0.000543051 0.000516516 0.000492945 0.000472907 0.000456983 0.000445769 0.000439863 
1.61 0.000621922 0.000588629 0.000556859 0.000527103 0.000499882 0.000475739 0.000455238 0.000438963 0.000427507 0.000421477 
1.61 8.41542e-06 9.10144e-06 9.71728e-06 1.02631e-05 1.07385e-05 1.11427e-05 1.1474e-05 1.17299e-05 1.19064e-05 1.19982e-05 
1.61 0.000857671 0.000759687 0.000668027 0.000583653 0.000507598 0.000440973 0.000384967 0.000340847 0.000309966 0.000293761 
1.61 0.00113914 0.00118912 0.00123486 0.00127614 0.00131271 0.00134427 0.00137047 0.0013909 0.00140511 0.00141253 
1.61 1.20808e-05 5.60902e-15 5.60902e-15 5.60902e-15 5.60902e-15 5.60902e-15 5.60902e-15 5.60902e-15 5.60902e-15 5.60902e-15 
1.61 1.29532e-10 1.24964e-10 1.21501e-10 1.1885e-10 1.16814e-10 1.1526e-10 1.14096e-10 1.13259e-10 1.12711e-10 1.12434e-10 
1.62 0.000414133 0.000448115 0.000478633 0.00050569 0.000529269 0.000549324 0.000565767 0.000578468 0.00058723 0.000591788 
1.62 0.000636787 0.000604692 0.000573987 0.000545167 0.000518753 0.00049529 0.000475343 0.000459492 0.000448329 0.00044245 
1.62 0.000623528 0.000590377 0.000558742 0.000529113 0.000502007 0.000477967 0.000457553 0.000441346 0.000429939 0.000423934 
1.62 8.44911e-06 9.13811e-06 9.7568e-06 1.03053e-05 1.07831e-05 1.11895e-05 1.15227e-05 1.178e-05 1.19576e-05 1.20499e-05 
1.62 0.000859242 0.000761396 0.000669867 0.000585615 0.000509671 0.000443144 0.00038722 0.000343166 0.00031233 0.000296149 
1.62 0.00114009 0.00119015 0.00123597 0.00127733 0.00131397 0.00134559 0.00137184 0.00139232 0.00140655 0.00141399 
1.62 1.20808e-05 5.60902e-15 5.60902e-15 5.60902e-15 5.60902e-15 5.60902e-15 5.60902e-15 5.60902e-15 5.60902e-15 5.60902e-15 
1.62 1.29121e-10 1.2457e-10 1.21117e-10 1.18473e-10 1.16442e-10 1.14891e-10 1.13728e-10 1.12891e-10 1.12343e-10 1.12068e-10 
1.63 0.000415781 0.000449909 0.000480566 0.000507754 0.000531452 0.000551613 0.000568147 0.000580919 0.000589733 0.000594317 
1.63 0.00063847 0.000606523 0.00057596 0.000547272 0.00052098 0.000497624 0.000477768 0.00046199 0.000450877 0.000445025 
1.63 0.000625127 0.000592117 0.000560616 0.000531113 0.000504123 0.000480184 0.000459857 0.000443719 0.00043236 0.00042638 
1.63 8.48265e-06 9.17461e-06 9.79614e-06 1.03473e-05 1.08276e-05 1.12361e-05 1.15711e-05 1.18299e-05 1.20085e-05 1.21014e-05 
1.63 0.000860806 0.000763097 0.000671699 0.000587568 0.000511735 0.000445305 0.000389463 0.000345474 0.000314684 0.000298527 
1.63 0.00114103 0.00119118 0.00123708 0.00127851 0.00131522 0.0013469 0.00137321 0.00139373 0.00140799 0.00141544 
1.63 1.20808e-05 5.60902e-15 5.60902e-15 5.60902e-15 5.60902e-15 5.60902e-15 5.60902e-15 5.60902e-15 5.60902e-15 5.60902e-15 
1.63 1.28716e-10 1.2418e-10 1.20738e-10 1.18101e-10 1.16074e-10 1.14525e-10 1.13364e-10 1.12528e-10 1.11981e-10 1.11705e-10 
1.64 0.000417421 0.000451693 0.00048249 0.000509807 0.000533625 0.000553892 0.000570516 0.00058336 0.000592224 0.000596835 
1.64 0.000640145 0.000608346 0.000577923 0.000549368 0.000523196 0.000499947 0.000480182 0.000464476 0.000453414 0.000447588 
1.64 0.000626718 0.000593848 0.000562482 0.000533104 0.000506229 0.000482391 0.00046215 0.000446081 0.00043477 0.000428815 
1.64 8.51603e-06 9.21095e-06 9.8353e-06 1.03891e-05 1.08718e-05 1.12825e-05 1.16193e-05 1.18796e-05 1.20592e-05 1.21526e-05 
1.64 0.000862362 0.00076479 0.000673522 0.000589512 0.000513789 0.000447456 0.000391696 0.000347772 0.000317027 0.000300894 
1.64 0.00114197 0.0011922 0.00123818 0.00127969 0.00131647 0.00134821 0.00137457 0.00139513 0.00140942 0.00141689 
1.64 1.20808e-05 5.60902e-15 5.60902e-15 5.60902e-15 5.60902e-15 5.60902e-15 5.60902e-15 5.60902e-15 5.60902e-15 5.60902e-15 
1.64 1.28316e-10 1.23796e-10 1.20364e-10 1.17733e-10 1.15711e-10 1.14165e-10 1.13005e-10 1.1217e-10 1.11623e-10 1.11348e-10 
1.65 0.000419054 0.00045347 0.000484404 0.000511852 0.000535788 0.000556161 0.000572875 0.00058579 0.000594704 0.000599341 
1.65 0.000641812 0.00061016 0.000579878 0.000551454 0.000525402 0.00050226 0.000482585 0.000466951 0.000455939 0.00045014 
1.65 0.000628302 0.000595572 0.000564339 0.000535086 0.000508325 0.000484588 0.000464433 0.000448432 0.000437169 0.000431239 
1.65 8.54926e-06 9.24712e-06 9.87427e-06 1.04307e-05 1.09158e-05 1.13287e-05 1.16673e-05 1.1929e-05 1.21097e-05 1.22036e-05 
1.65 0.000863911 0.000766475 0.000675336 0.000591447 0.000515833 0.000449597 0.000393919 0.000350059 0.00031936 0.000303251 
1.65 0.0011429 0.00119322 0.00123928 0.00128086 0.00131771 0.00134951 0.00137592 0.00139652 0.00141084 0.00141833 
1.65 1.20808e-05 5.60902e-15 5.60902e-15 5.60902e-15 5.60902e-15 5.60902e-15 5.60902e-15 5.60902e-15 5.60902e-15 5.60902e-15 
1.65 1.27921e-10 1.23416e-10 1.19994e-10 1.1737e-10 1.15352e-10 1.13809e-10 1.12651e-10 1.11817e-10 1.1127e-10 1.10995e-10 
1.66 0.000420678 0.000455239 0.00048631 0.000513886 0.000537941 0.000558418 0.000575222 0.000588208 0.000597172 0.000601836 
1.66 0.000643471 0.000611966 0.000581823 0.00055353 0.000527598 0.000504562 0.000484977 0.000469414 0.000458453 0.00045268 
1.66 0.000629878 0.000597287 0.000566187 0.000537059 0.000510411 0.000486775 0.000466706 0.000450772 0.000439557 0.000433652 
1.66 8.58233e-06 9.28312e-06 9.91306e-06 1.04721e-05 1.09596e-05 1.13746e-05 1.17151e-05 1.19782e-05 1.21599e-05 1.22544e-05 
1.66 0.000865452 0.000768152 0.000677142 0.000593372 0.000517868 0.000451728 0.000396132 0.000352336 0.000321682 0.000305597 
1.66 0.00114383 0.00119423 0.00124037 0.00128203 0.00131894 0.00135081 0.00137727 0.00139791 0.00141226 0.00141976 
1.66 1.20808e-05 5.60902e-15 5.60902e-15 5.60902e-15 5.60902e-15 5.60902e-15 5.60902e-15 5.60902e-15 5.60902e-15 5.60902e-15 
1.66 1.2753e-10 1.23041e-10 1.1963e-10 1.17012e-10 1.14998e-10 1.13458e-10 1.12301e-10 1.11467e-10 1.10921e-10 1.10646e-10 
1.67 0.000422296 0.000456999 0.000488207 0.000515912 0.000540084 0.000560666 0.000577559 0.000590615 0.000599629 0.000604319 
1.67 0.000645122 0.000613763 0.000583759 0.000555596 0.000529784 0.000506853 0.000487358 0.000471866 0.000460955 0.000455209 
1.67 0.000631447 0.000598994 0.000568026 0.000539022 0.000512487 0.000488952 0.000468968 0.000453102 0.000441934 0.000436054 
1.67 8.61525e-06 9.31894e-06 9.95167e-06 1.05133e-05 1.10032e-05 1.14203e-05 1.17627e-05 1.20272e-05 1.22099e-05 1.23049e-05 
1.67 0.000866986 0.000769821 0.000678939 0.000595289 0.000519893 0.00045385 0.000398335 0.000354603 0.000323994 0.000307933 
1.67 0.00114476 0.00119524 0.00124146 0.00128319 0.00132017 0.0013521 0.00137861 0.00139929 0.00141367 0.00142118 
1.67 1.20808e-05 5.60902e-15 5.60902e-15 5.60902e-15 5.60902e-15 5.60902e-15 5.60902e-15 5.60902e-15 5.60902e-15 5.60902e-15 
1.67 1.27144e-10 1.2267e-10 1.19269e-10 1.16658e-10 1.14649e-10 1.13111e-10 1.11955e-10 1.11123e-10 1.10577e-10 1.10302e-10 
1.68 0.000423906 0.000458751 0.000490095 0.000517928 0.000542218 0.000562903 0.000579884 0.000593011 0.000602074 0.000606791 
1.68 0.000646766 0.000615551 0.000585686 0.000557653 0.000531959 0.000509134 0.000489728 0.000474307 0.000463446 0.000457726 
1.68 0.000633009 0.000600693 0.000569857 0.000540976 0.000514554 0.000491119 0.00047122 0.000455421 0.0004443 0.000438445 
1.68 8.64802e-06 9.3546e-06 9.9901e-06 1.05543e-05 1.10466e-05 1.14659e-05 1.181e-05 1.2076e-05 1.22597e-05 1.23552e-05 
1.68 0.000868513 0.000771482 0.000680727 0.000597196 0.000521909 0.000455962 0.000400528 0.00035686 0.000326296 0.000310258 
1.68 0.00114568 0.00119624 0.00124254 0.00128435 0.00132139 0.00135338 0.00137994 0.00140067 0.00141507 0.0014226 
1.68 1.20808e-05 5.60902e-15 5.60902e-15 5.60902e-15 5.60902e-15 5.60902e-15 5.60902e-15 5.60902e-15 5.60902e-15 5.60902e-15 
1.68 1.26764e-10 1.22304e-10 1.18913e-10 1.16309e-10 1.14303e-10 1.12768e-10 1.11614e-10 1.10783e-10 1.10237e-10 1.09962e-10 
1.69 0.000425509 0.000460495 0.000491975 0.000519935 0.000544341 0.00056513 0.000582199 0.000595396 0.000604508 0.00060925 
1.69 0.000648402 0.000617331 0.000587604 0.0005597 0.000534124 0.000511404 0.000492087 0.000476737 0.000465925 0.000460231 
1.69 0.000634563 0.000602385 0.000571679 0.000542921 0.000516611 0.000493276 0.000473461 0.000457729 0.000446656 0.000440826 
1.69 8.68063e-06 9.3901e-06 1.00283e-05 1.05951e-05 1.10898e-05 1.15112e-05 1.18571e-05 1.21246e-05 1.23092e-05 1.24053e-05 
1.69 0.000870032 0.000773135 0.000682507 0.000599095 0.000523916 0.000458064 0.000402711 0.000359107 0.000328587 0.000312573 
1.69 0.0011466 0.00119724 0.00124362 0.0012855 0.00132261 0.00135466 0.00138127 0.00140204 0.00141647 0.00142401 
1.69 1.20808e-05 5.60902e-15 5.60902e-15 5.60902e-15 5.60902e-15 5.60902e-15 5.60902e-15 5.60902e-15 5.60902e-15 5.60902e-15 
1.69 1.26387e-10 1.21943e-10 1.18562e-10 1.15964e-10 1.13962e-10 1.1243e-10 1.11277e-10 1.10447e-10 1.09902e-10 1.09627e-10 
1.70 0.000427103 0.000462231 0.000493846 0.000521933 0.000546455 0.000567347 0.000584503 0.00059777 0.000606931 0.000611699 
1.70 0.00065003 0.000619103 0.000589513 0.000561738 0.000536279 0.000513664 0.000494435 0.000479155 0.000468393 0.000462725 
1.70 0.00063611 0.000604068 0.000573493 0.000544857 0.000518659 0.000495423 0.000475692 0.000460027 0.000449001 0.000443196 
1.70 8.71309e-06 9.42542e-06 1.00664e-05 1.06358e-05 1.11328e-05 1.15563e-05 1.1904e-05 1.21729e-05 1.23585e-05 1.24551e-05 
1.70 0.000871544 0.00077478 0.000684279 0.000600985 0.000525913 0.000460157 0.000404884 0.000361343 0.000330868 0.000314878 
1.70 0.00114751 0.00119824 0.00124469 0.00128664 0.00132382 0.00135593 0.00138259 0.0014034 0.00141786 0.00142542 
1.70 1.20808e-05 5.60902e-15 5.60902e-15 5.60902e-15 5.60902e-15 5.60902e-15 5.60902e-15 5.60902e-15 5.60902e-15 5.60902e-15 
1.70 1.26016e-10 1.21586e-10 1.18214e-10 1.15623e-10 1.13626e-10 1.12096e-10 1.10945e-10 1.10115e-10 1.09571e-10 1.09296e-10 
1.71 0.000428691 0.000463959 0.000495708 0.000523921 0.000548559 0.000569553 0.000586797 0.000600133 0.000609343 0.000614137 
1.71 0.00065165 0.000620867 0.000591413 0.000563766 0.000538425 0.000515913 0.000496773 0.000481562 0.00047085 0.000465208 
1.71 0.00063765 0.000605744 0.000575298 0.000546784 0.000520697 0.00049756 0.000477913 0.000462314 0.000451335 0.000445555 
1.71 8.7454e-06 9.46058e-06 1.01043e-05 1.06763e-05 1.11756e-05 1.16012e-05 1.19507e-05 1.2221e-05 1.24076e-05 1.25047e-05 
1.71 0.000873049 0.000776417 0.000686042 0.000602866 0.000527901 0.00046224 0.000407047 0.00036357 0.000333139 0.000317172 
1.71 0.00114842 0.00119923 0.00124576 0.00128778 0.00132503 0.00135719 0.00138391 0.00140475 0.00141924 0.00142682 
1.71 1.20808e-05 5.60902e-15 5.60902e-15 5.60902e-15 5.60902e-15 5.60902e-15 5.60902e-15 5.60902e-15 5.60902e-15 5.60902e-15 
1.71 1.25648e-10 1.21233e-10 1.17871e-10 1.15286e-10 1.13293e-10 1.11765e-10 1.10616e-10 1.09788e-10 1.09244e-10 1.08969e-10 
1.72 0.000430271 0.000465679 0.000497562 0.000525899 0.000550653 0.000571749 0.00058908 0.000602485 0.000611744 0.000616562 
1.72 0.000653263 0.000622622 0.000593305 0.000565785 0.00054056 0.000518152 0.0004991 0.000483959 0.000473295 0.000467679 
1.72 0.000639182 0.000607412 0.000577095 0.000548702 0.000522726 0.000499687 0.000480123 0.000464591 0.000453658 0.000447903 
1.72 8.77756e-06 9.49559e-06 1.0142e-05 1.07166e-05 1.12183e-05 1.16459e-05 1.19972e-05 1.22689e-05 1.24565e-05 1.25541e-05 
1.72 0.000874546 0.000778046 0.000687797 0.000604738 0.00052988 0.000464313 0.0004092 0.000365786 0.0003354 0.000319456 
1.72 0.00114933 0.00120021 0.00124682 0.00128892 0.00132623 0.00135845 0.00138522 0.0014061 0.00142062 0.00142821 
1.72 1.20808e-05 5.60902e-15 5.60902e-15 5.60902e-15 5.60902e-15 5.60902e-15 5.60902e-15 5.60902e-15 5.60902e-15 5.60902e-15 
1.72 1.25286e-10 1.20885e-10 1.17532e-10 1.14953e-10 1.12964e-10 1.11439e-10 1.10292e-10 1.09464e-10 1.0892e-10 1.08646e-10 
1.73 0.000431844 0.000467391 0.000499407 0.000527869 0.000552737 0.000573935 0.000591353 0.000604826 0.000614133 0.000618977 
1.73 0.000654869 0.000624369 0.000595188 0.000567794 0.000542686 0.00052038 0.000501416 0.000486344 0.000475729 0.000470139 
1.73 0.000640707 0.000609072 0.000578884 0.000550611 0.000524746 0.000501804 0.000482323 0.000466857 0.000455971 0.00045024 
1.73 8.80957e-06 9.53043e-06 1.01796e-05 1.07567e-05 1.12607e-05 1.16904e-05 1.20435e-05 1.23165e-05 1.25051e-05 1.26033e-05 
1.73 0.000876036 0.000779667 0.000689543 0.000606601 0.00053185 0.000466377 0.000411343 0.000367992 0.000337651 0.00032173 
1.73 0.00115023 0.00120119 0.00124788 0.00129005 0.00132743 0.0013597 0.00138652 0.00140744 0.00142199 0.0014296 
1.73 1.20808e-05 5.60902e-15 5.60902e-15 5.60902e-15 5.60902e-15 5.60902e-15 5.60902e-15 5.60902e-15 5.60902e-15 5.60902e-15 
1.73 1.24927e-10 1.2054e-10 1.17197e-10 1.14625e-10 1.1264e-10 1.11117e-10 1.09971e-10 1.09144e-10 1.08601e-10 1.08327e-10 
1.74 0.00043341 0.000469095 0.000501243 0.00052983 0.000554812 0.000576111 0.000593614 0.000607156 0.000616511 0.000621381 
1.74 0.000656467 0.000626108 0.000597062 0.000569794 0.000544802 0.000522598 0.000503721 0.000488719 0.000478152 0.000472587 
1.74 0.000642225 0.000610724 0.000580664 0.000552511 0.000526756 0.000503912 0.000484513 0.000469113 0.000458273 0.000452566 
1.74 8.84144e-06 9.56512e-06 1.0217e-05 1.07966e-05 1.1303e-05 1.17347e-05 1.20895e-05 1.23639e-05 1.25535e-05 1.26522e-05 
1.74 0.000877519 0.000781281 0.000691281 0.000608455 0.000533811 0.000468431 0.000413476 0.000370189 0.000339891 0.000323994 
1.74 0.00115113 0.00120217 0.00124893 0.00129117 0.00132862 0.00136096 0.00138782 0.00140878 0.00142336 0.00143098 
1.74 1.20808e-05 5.60902e-15 5.60902e-15 5.60902e-15 5.60902e-15 5.60902e-15 5.60902e-15 5.60902e-15 5.60902e-15 5.60902e-15 
1.74 1.24573e-10 1.202e-10 1.16867e-10 1.143e-10 1.12319e-10 1.108e-10 1.09655e-10 1.08828e-10 1.08286e-10 1.08013e-10 
1.75 0.000434969 0.000470791 0.000503071 0.000531782 0.000556877 0.000578277 0.000595866 0.000609476 0.000618879 0.000623774 
1.75 0.000658057 0.000627839 0.000598927 0.000571785 0.000546908 0.000524806 0.000506016 0.000491082 0.000480564 0.000475024 
1.75 0.000643736 0.000612368 0.000582436 0.000554403 0.000528757 0.00050601 0.000486693 0.000471358 0.000460564 0.000454882 
1.75 8.87316e-06 9.59965e-06 1.02542e-05 1.08363e-05 1.1345e-05 1.17788e-05 1.21353e-05 1.24111e-05 1.26017e-05 1.27009e-05 
1.75 0.000878995 0.000782887 0.000693011 0.000610301 0.000535762 0.000470476 0.0004156 0.000372375 0.000342122 0.000326247 
1.75 0.00115202 0.00120314 0.00124998 0.00129229 0.0013298 0.0013622 0.00138911 0.00141011 0.00142472 0.00143235 
1.75 1.20808e-05 5.60902e-15 5.60902e-15 5.60902e-15 5.60902e-15 5.60902e-15 5.60902e-15 5.60902e-15 5.60902e-15 5.60902e-15 
1.75 1.24223e-10 1.19864e-10 1.16539e-10 1.13979e-10 1.12003e-10 1.10485e-10 1.09342e-10 1.08517e-10 1.07975e-10 1.07702e-10 
1.76 0.000436519 0.00047248 0.000504891 0.000533725 0.000558933 0.000580433 0.000598107 0.000611784 0.000621235 0.000626156 
1.76 0.00065964 0.000629562 0.000600783 0.000573767 0.000549004 0.000527004 0.0005083 0.000493435 0.000482965 0.00047745 
1.76 0.00064524 0.000614005 0.0005842 0.000556286 0.000530748 0.000508098 0.000488863 0.000473593 0.000462845 0.000457187 
1.76 8.90474e-06 9.63401e-06 1.02912e-05 1.08758e-05 1.13868e-05 1.18227e-05 1.21809e-05 1.24581e-05 1.26497e-05 1.27494e-05 
1.76 0.000880464 0.000784485 0.000694733 0.000612138 0.000537704 0.000472511 0.000417714 0.000374552 0.000344342 0.00032849 
1.76 0.00115291 0.00120411 0.00125102 0.0012934 0.00133098 0.00136343 0.0013904 0.00141144 0.00142607 0.00143372 
1.76 1.20808e-05 5.60902e-15 5.60902e-15 5.60902e-15 5.60902e-15 5.60902e-15 5.60902e-15 5.60902e-15 5.60902e-15 5.60902e-15 
1.76 1.23877e-10 1.19532e-10 1.16216e-10 1.13662e-10 1.11689e-10 1.10175e-10 1.09033e-10 1.08209e-10 1.07668e-10 1.07394e-10 
1.77 0.000438063 0.00047416 0.000506701 0.000535659 0.000560978 0.000582579 0.000600338 0.000614082 0.000623581 0.000628526 
1.77 0.000661216 0.000631277 0.000602631 0.000575739 0.00055109 0.000529192 0.000510573 0.000495777 0.000485355 0.000479865 
1.77 0.000646737 0.000615634 0.000585956 0.00055816 0.00053273 0.000510176 0.000491023 0.000475818 0.000465116 0.000459481 
1.77 8.93616e-06 9.66821e-06 1.03281e-05 1.09152e-05 1.14285e-05 1.18664e-05 1.22263e-05 1.25049e-05 1.26974e-05 1.27977e-05 
1.77 0.000881926 0.000786076 0.000696447 0.000613966 0.000539637 0.000474537 0.000419819 0.000376718 0.000346552 0.000330723 
1.77 0.0011538 0.00120507 0.00125206 0.00129451 0.00133215 0.00136467 0.00139168 0.00141276 0.00142742 0.00143508 
1.77 1.20808e-05 5.60902e-15 5.60902e-15 5.60902e-15 5.60902e-15 5.60902e-15 5.60902e-15 5.60902e-15 5.60902e-15 5.60902e-15 
1.77 1.23535e-10 1.19203e-10 1.15897e-10 1.13349e-10 1.1138e-10 1.09868e-10 1.08728e-10 1.07905e-10 1.07364e-10 1.07091e-10 
1.78 0.0004396 0.000475833 0.000508504 0.000537583 0.000563015 0.000584715 0.000602558 0.00061637 0.000625915 0.000630886 
1.78 0.000662784 0.000632984 0.00060447 0.000577702 0.000553167 0.00053137 0.000512836 0.000498108 0.000487734 0.000482269 
1.78 0.000648227 0.000617256 0.000587703 0.000560025 0.000534703 0.000512245 0.000493173 0.000478033 0.000467376 0.000461765 
1.78 8.96744e-06 9.70226e-06 1.03648e-05 1.09544e-05 1.147e-05 1.19099e-05 1.22715e-05 1.25515e-05 1.27449e-05 1.28457e-05 
1.78 0.000883381 0.000787659 0.000698152 0.000615786 0.000541561 0.000476553 0.000421914 0.000378875 0.000348752 0.000332946 
1.78 0.00115468 0.00120603 0.00125309 0.00129561 0.00133332 0.00136589 0.00139295 0.00141407 0.00142876 0.00143643 
1.78 1.20808e-05 5.60902e-15 5.60902e-15 5.60902e-15 5.60902e-15 5.60902e-15 5.60902e-15 5.60902e-15 5.60902e-15 5.60902e-15 
1.78 1.23198e-10 1.18879e-10 1.15582e-10 1.1304e-10 1.11075e-10 1.09565e-10 1.08427e-10 1.07605e-10 1.07064e-10 1.06791e-10 
1.79 0.00044113 0.000477498 0.000510299 0.000539499 0.000565042 0.000586841 0.000604768 0.000618647 0.000628239 0.000633235 
1.79 0.000664345 0.000634683 0.000606301 0.000579656 0.000555234 0.000533537 0.000515089 0.000500428 0.000490102 0.000484662 
1.79 0.00064971 0.00061887 0.000589442 0.000561881 0.000536667 0.000514304 0.000495314 0.000480237 0.000469626 0.000464039 
1.79 8.99858e-06 9.73615e-06 1.04013e-05 1.09934e-05 1.15113e-05 1.19532e-05 1.23165e-05 1.25978e-05 1.27922e-05 1.28935e-05 
1.79 0.000884829 0.000789235 0.000699849 0.000617597 0.000543476 0.00047856 0.000423999 0.000381022 0.000350942 0.000335159 
1.79 0.00115556 0.00120699 0.00125412 0.00129671 0.00133448 0.00136711 0.00139422 0.00141538 0.00143009 0.00143778 
1.79 1.20808e-05 5.60902e-15 5.60902e-15 5.60902e-15 5.60902e-15 5.60902e-15 5.60902e-15 5.60902e-15 5.60902e-15 5.60902e-15 
1.79 1.22864e-10 1.18558e-10 1.15269e-10 1.12733e-10 1.10772e-10 1.09265e-10 1.08129e-10 1.07307e-10 1.06767e-10 1.06495e-10 
1.80 0.000442653 0.000479155 0.000512084 0.000541406 0.00056706 0.000588957 0.000606968 0.000620913 0.000630553 0.000635573 
1.80 0.000665899 0.000636374 0.000608123 0.000581601 0.000557292 0.000535694 0.000517331 0.000502738 0.000492459 0.000487044 
1.80 0.000651186 0.000620476 0.000591173 0.000563729 0.000538622 0.000516354 0.000497444 0.000482431 0.000471865 0.000466302 
1.80 9.02957e-06 9.76988e-06 1.04377e-05 1.10322e-05 1.15524e-05 1.19963e-05 1.23613e-05 1.26439e-05 1.28393e-05 1.29411e-05 
1.80 0.000886271 0.000790803 0.000701539 0.0006194 0.000545383 0.000480558 0.000426074 0.000383159 0.000353123 0.000337362 
1.80 0.00115643 0.00120794 0.00125514 0.0012978 0.00133564 0.00136832 0.00139548 0.00141668 0.00143142 0.00143912 
1.80 1.20808e-05 5.60902e-15 5.60902e-15 5.60902e-15 5.60902e-15 5.60902e-15 5.60902e-15 5.60902e-15 5.60902e-15 5.60902e-15 
1.80 1.22534e-10 1.18241e-10 1.14961e-10 1.12431e-10 1.10474e-10 1.08969e-10 1.07835e-10 1.07014e-10 1.06474e-10 1.06202e-10 
1.81 0.000444169 0.000480805 0.000513862 0.000543304 0.000569068 0.000591064 0.000609158 0.000623169 0.000632855 0.0006379 
1.81 0.000667446 0.000638057 0.000609936 0.000583537 0.00055934 0.000537842 0.000519563 0.000505037 0.000494805 0.000489415 
1.81 0.000652656 0.000622075 0.000592896 0.000565568 0.000540568 0.000518394 0.000499565 0.000484615 0.000474094 0.000468555 
1.81 9.06042e-06 9.80346e-06 1.04739e-05 1.10708e-05 1.15933e-05 1.20392e-05 1.24059e-05 1.26898e-05 1.28862e-05 1.29885e-05 
1.81 0.000887706 0.000792364 0.000703221 0.000621195 0.00054728 0.000482547 0.00042814 0.000385286 0.000355293 0.000339555 
1.81 0.0011573 0.00120888 0.00125616 0.00129889 0.00133679 0.00136953 0.00139674 0.00141797 0.00143274 0.00144046 
1.81 1.20808e-05 5.60902e-15 5.60902e-15 5.60902e-15 5.60902e-15 5.60902e-15 5.60902e-15 5.60902e-15 5.60902e-15 5.60902e-15 
1.81 1.22207e-10 1.17928e-10 1.14656e-10 1.12132e-10 1.10179e-10 1.08677e-10 1.07544e-10 1.06724e-10 1.06185e-10 1.05913e-10 
1.82 0.000445678 0.000482447 0.000515632 0.000545193 0.000571067 0.00059316 0.000611337 0.000625415 0.000635147 0.000640216 
1.82 0.000668985 0.000639732 0.000611741 0.000585464 0.000561378 0.00053998 0.000521785 0.000507325 0.00049714 0.000491776 
1.82 0.000654119 0.000623667 0.000594611 0.000567399 0.000542505 0.000520425 0.000501676 0.00048679 0.000476313 0.000470797 
1.82 9.09113e-06 9.83689e-06 1.05099e-05 1.11093e-05 1.1634e-05 1.20818e-05 1.24503e-05 1.27355e-05 1.29329e-05 1.30356e-05 
1.82 0.000889134 0.000793918 0.000704895 0.000622981 0.000549169 0.000484526 0.000430197 0.000387404 0.000357454 0.000341738 
1.82 0.00115816 0.00120982 0.00125718 0.00129997 0.00133794 0.00137073 0.00139799 0.00141926 0.00143405 0.00144179 
1.82 1.20808e-05 5.60902e-15 5.60902e-15 5.60902e-15 5.60902e-15 5.60902e-15 5.60902e-15 5.60902e-15 5.60902e-15 5.60902e-15 
1.82 1.21885e-10 1.17617e-10 1.14355e-10 1.11837e-10 1.09887e-10 1.08388e-10 1.07256e-10 1.06437e-10 1.05899e-10 1.05627e-10 
1.83 0.00044718 0.000484082 0.000517394 0.000547074 0.000573057 0.000595247 0.000613507 0.00062765 0.000637428 0.000642522 
1.83 0.000670517 0.000641399 0.000613538 0.000587382 0.000563407 0.000542107 0.000523996 0.000509603 0.000499465 0.000494125 
1.83 0.000655575 0.000625251 0.000596318 0.000569221 0.000544433 0.000522446 0.000503777 0.000488954 0.000478522 0.000473029 
1.83 9.1217e-06 9.87016e-06 1.05457e-05 1.11476e-05 1.16745e-05 1.21243e-05 1.24944e-05 1.2781e-05 1.29793e-05 1.30825e-05 
1.83 0.000890555 0.000795465 0.000706561 0.000624759 0.000551049 0.000486497 0.000432244 0.000389512 0.000359605 0.000343912 
1.83 0.00115902 0.00121076 0.00125819 0.00130105 0.00133908 0.00137193 0.00139923 0.00142054 0.00143536 0.00144311 
1.83 1.20808e-05 5.60902e-15 5.60902e-15 5.60902e-15 5.60902e-15 5.60902e-15 5.60902e-15 5.60902e-15 5.60902e-15 5.60902e-15 
1.83 1.21565e-10 1.17311e-10 1.14058e-10 1.11545e-10 1.09599e-10 1.08102e-10 1.06972e-10 1.06154e-10 1.05616e-10 1.05345e-10 
1.84 0.000448675 0.000485709 0.000519147 0.000548946 0.000575038 0.000597324 0.000615667 0.000629875 0.000639699 0.000644817 
1.84 0.000672042 0.000643059 0.000615326 0.000589291 0.000565427 0.000544225 0.000526197 0.00051187 0.000501779 0.000496464 
1.84 0.000657024 0.000626828 0.000598017 0.000571035 0.000546352 0.000524458 0.000505868 0.000491108 0.00048072 0.000475251 
1.84 9.15212e-06 9.90327e-06 1.05814e-05 1.11857e-05 1.17148e-05 1.21666e-05 1.25384e-05 1.28263e-05 1.30255e-05 1.31292e-05 
1.84 0.00089197 0.000797004 0.000708219 0.000626528 0.00055292 0.000488458 0.000434282 0.00039161 0.000361746 0.000346076 
1.84 0.00115988 0.00121169 0.00125919 0.00130213 0.00134021 0.00137312 0.00140047 0.00142182 0.00143666 0.00144443 
1.84 1.20808e-05 5.60902e-15 5.60902e-15 5.60902e-15 5.60902e-15 5.60902e-15 5.60902e-15 5.60902e-15 5.60902e-15 5.60902e-15 
1.84 1.2125e-10 1.17008e-10 1.13763e-10 1.11256e-10 1.09315e-10 1.0782e-10 1.06691e-10 1.05874e-10 1.05337e-10 1.05065e-10 
1.85 0.000450163 0.000487328 0.000520892 0.000550809 0.00057701 0.000599392 0.000617816 0.000632089 0.00064196 0.000647101 
1.85 0.00067356 0.000644711 0.000617106 0.000591192 0.000567437 0.000546333 0.000528388 0.000514127 0.000504082 0.000498792 
1.85 0.000658466 0.000628398 0.000599708 0.000572841 0.000548262 0.000526461 0.00050795 0.000493252 0.000482908 0.000477463 
1.85 9.18241e-06 9.93623e-06 1.06169e-05 1.12236e-05 1.17549e-05 1.22087e-05 1.25821e-05 1.28714e-05 1.30715e-05 1.31757e-05 
1.85 0.000893378 0.000798536 0.000709869 0.000628289 0.000554783 0.00049041 0.00043631 0.000393699 0.000363877 0.00034823 
1.85 0.00116073 0.00121262 0.00126019 0.0013032 0.00134134 0.00137431 0.0014017 0.00142309 0.00143796 0.00144574 
1.85 1.20808e-05 5.60902e-15 5.60902e-15 5.60902e-15 5.60902e-15 5.60902e-15 5.60902e-15 5.60902e-15 5.60902e-15 5.60902e-15 
1.85 1.20938e-10 1.16709e-10 1.13472e-10 1.10971e-10 1.09033e-10 1.07541e-10 1.06413e-10 1.05597e-10 1.0506e-10 1.04789e-10 
1.86 0.000451644 0.00048894 0.000522629 0.000552664 0.000578972 0.00060145 0.000619956 0.000634293 0.000644209 0.000649375 
1.86 0.000675071 0.000646355 0.000618878 0.000593083 0.000569438 0.000548431 0.000530569 0.000516374 0.000506375 0.000501109 
1.86 0.000659901 0.00062996 0.000601392 0.000574638 0.000550163 0.000528455 0.000510022 0.000495387 0.000485086 0.000479664 
1.86 9.21255e-06 9.96903e-06 1.06523e-05 1.12613e-05 1.17948e-05 1.22506e-05 1.26257e-05 1.29163e-05 1.31173e-05 1.3222e-05 
1.86 0.000894779 0.000800061 0.000711512 0.000630042 0.000556637 0.000492354 0.000438329 0.000395778 0.000365999 0.000350374 
1.86 0.00116158 0.00121354 0.00126119 0.00130426 0.00134247 0.00137549 0.00140293 0.00142435 0.00143925 0.00144704 
1.86 1.20808e-05 5.60902e-15 5.60902e-15 5.60902e-15 5.60902e-15 5.60902e-15 5.60902e-15 5.60902e-15 5.60902e-15 5.60902e-15 
1.86 1.20629e-10 1.16413e-10 1.13184e-10 1.10689e-10 1.08754e-10 1.07265e-10 1.06139e-10 1.05324e-10 1.04788e-10 1.04517e-10 
1.87 0.000453118 0.000490545 0.000524358 0.00055451 0.000580925 0.000603499 0.000622085 0.000636487 0.000646449 0.000651638 
1.87 0.000676575 0.000647992 0.000620642 0.000594966 0.00057143 0.00055052 0.00053274 0.00051861 0.000508657 0.000503415 
1.87 0.00066133 0.000631515 0.000603068 0.000576427 0.000552055 0.000530439 0.000512084 0.000497512 0.000487255 0.000481855 
1.87 9.24255e-06 1.00017e-05 1.06875e-05 1.12989e-05 1.18346e-05 1.22923e-05 1.2669e-05 1.2961e-05 1.31629e-05 1.32681e-05 
1.87 0.000896174 0.000801579 0.000713147 0.000631787 0.000558482 0.000494288 0.000440339 0.000397848 0.000368111 0.000352508 
1.87 0.00116242 0.00121446 0.00126218 0.00130532 0.00134359 0.00137666 0.00140415 0.00142561 0.00144054 0.00144834 
1.87 1.20808e-05 5.60902e-15 5.60902e-15 5.60902e-15 5.60902e-15 5.60902e-15 5.60902e-15 5.60902e-15 5.60902e-15 5.60902e-15 
1.87 1.20324e-10 1.1612e-10 1.129e-10 1.1041e-10 1.08479e-10 1.06992e-10 1.05868e-10 1.05054e-10 1.04518e-10 1.04247e-10 
1.88 0.000454585 0.000492141 0.000526079 0.000556348 0.00058287 0.000605538 0.000624205 0.000638671 0.000648677 0.000653891 
1.88 0.000678072 0.000649621 0.000622397 0.00059684 0.000573413 0.000552599 0.000534901 0.000520836 0.000510929 0.000505711 
1.88 0.000662752 0.000633063 0.000604736 0.000578207 0.000553939 0.000532414 0.000514137 0.000499627 0.000489413 0.000484036 
1.88 9.27242e-06 1.00342e-05 1.07225e-05 1.13363e-05 1.18742e-05 1.23338e-05 1.27122e-05 1.30054e-05 1.32083e-05 1.3314e-05 
1.88 0.000897562 0.000803089 0.000714774 0.000633524 0.000560319 0.000496214 0.00044234 0.000399908 0.000370213 0.000354632 
1.88 0.00116326 0.00121538 0.00126317 0.00130637 0.00134471 0.00137783 0.00140537 0.00142686 0.00144182 0.00144963 
1.88 1.20808e-05 5.60902e-15 5.60902e-15 5.60902e-15 5.60902e-15 5.60902e-15 5.60902e-15 5.60902e-15 5.60902e-15 5.60902e-15 
1.88 1.20022e-10 1.1583e-10 1.12618e-10 1.10134e-10 1.08207e-10 1.06722e-10 1.056e-10 1.04786e-10 1.04251e-10 1.03981e-10 
1.89 0.000456045 0.000493731 0.000527792 0.000558176 0.000584805 0.000607568 0.000626315 0.000640845 0.000650896 0.000656133 
1.89 0.000679562 0.000651242 0.000624144 0.000598705 0.000575386 0.000554668 0.000537052 0.000523052 0.00051319 0.000507996 
1.89 0.000664168 0.000634604 0.000606396 0.000579979 0.000555814 0.00053438 0.000516181 0.000501732 0.000491562 0.000486207 
1.89 9.30215e-06 1.00665e-05 1.07574e-05 1.13735e-05 1.19136e-05 1.23751e-05 1.27551e-05 1.30497e-05 1.32535e-05 1.33596e-05 
1.89 0.000898943 0.000804593 0.000716394 0.000635253 0.000562147 0.00049813 0.000444331 0.000401959 0.000372306 0.000356747 
1.89 0.0011641 0.00121629 0.00126415 0.00130742 0.00134582 0.001379 0.00140658 0.00142811 0.00144309 0.00145092 
1.89 1.20808e-05 5.60902e-15 5.60902e-15 5.60902e-15 5.60902e-15 5.60902e-15 5.60902e-15 5.60902e-15 5.60902e-15 5.60902e-15 
1.89 1.19724e-10 1.15544e-10 1.1234e-10 1.09861e-10 1.07938e-10 1.06456e-10 1.05335e-10 1.04522e-10 1.03988e-10 1.03717e-10 
1.90 0.000457499 0.000495313 0.000529497 0.000559997 0.000586731 0.000609588 0.000628415 0.000643009 0.000653105 0.000658365 
1.90 0.000681045 0.000652856 0.000625883 0.000600562 0.00057735 0.000556728 0.000539193 0.000525257 0.000515441 0.000510271 
1.90 0.000665577 0.000636137 0.000608048 0.000581743 0.00055768 0.000536337 0.000518215 0.000503827 0.0004937 0.000488368 
1.90 9.33173e-06 1.00987e-05 1.07921e-05 1.14106e-05 1.19528e-05 1.24162e-05 1.27979e-05 1.30937e-05 1.32984e-05 1.3405e-05 
1.90 0.000900318 0.000806089 0.000718006 0.000636973 0.000563967 0.000500038 0.000446313 0.000404001 0.000374389 0.000358852 
1.90 0.00116493 0.0012172 0.00126513 0.00130847 0.00134692 0.00138016 0.00140778 0.00142935 0.00144436 0.0014522 
1.90 1.20808e-05 5.60902e-15 5.60902e-15 5.60902e-15 5.60902e-15 5.60902e-15 5.60902e-15 5.60902e-15 5.60902e-15 5.60902e-15 
1.90 1.19429e-10 1.15261e-10 1.12065e-10 1.09591e-10 1.07672e-10 1.06192e-10 1.05073e-10 1.04261e-10 1.03727e-10 1.03457e-10 
1.91 0.000458946 0.000496888 0.000531195 0.000561809 0.000588649 0.000611599 0.000630506 0.000645163 0.000655303 0.000660587 
1.91 0.000682521 0.000654462 0.000627614 0.00060241 0.000579305 0.000558778 0.000541324 0.000527452 0.000517682 0.000512535 
1.91 0.000666979 0.000637663 0.000609693 0.000583499 0.000559537 0.000538285 0.00052024 0.000505913 0.000495829 0.000490519 
1.91 9.36118e-06 1.01308e-05 1.08266e-05 1.14475e-05 1.19918e-05 1.24571e-05 1.28404e-05 1.31376e-05 1.33431e-05 1.34502e-05 
1.91 0.000901687 0.000807578 0.000719611 0.000638686 0.000565778 0.000501937 0.000448286 0.000406033 0.000376463 0.000360947 
1.91 0.00116576 0.0012181 0.0012661 0.00130951 0.00134802 0.00138131 0.00140898 0.00143059 0.00144562 0.00145347 
1.91 1.20808e-05 5.60902e-15 5.60902e-15 5.60902e-15 5.60902e-15 5.60902e-15 5.60902e-15 5.60902e-15 5.60902e-15 5.60902e-15 
1.91 1.19137e-10 1.14981e-10 1.11793e-10 1.09325e-10 1.07409e-10 1.05931e-10 1.04813e-10 1.04003e-10 1.03469e-10 1.03199e-10 
1.92 0.000460386 0.000498456 0.000532884 0.000563613 0.000590557 0.000613601 0.000632587 0.000647307 0.000657491 0.000662799 
1.92 0.00068399 0.000656061 0.000629337 0.000604249 0.000581251 0.000560819 0.000543445 0.000529637 0.000519912 0.000514789 
1.92 0.000668375 0.000639182 0.00061133 0.000585247 0.000561386 0.000540224 0.000522255 0.000507989 0.000497948 0.000492661 
1.92 9.3905e-06 1.01627e-05 1.0861e-05 1.14842e-05 1.20306e-05 1.24978e-05 1.28828e-05 1.31812e-05 1.33876e-05 1.34952e-05 
1.92 0.000903049 0.000809061 0.000721208 0.000640391 0.000567581 0.000503827 0.00045025 0.000408056 0.000378527 0.000363033 
1.92 0.00116659 0.001219 0.00126707 0.00131054 0.00134912 0.00138246 0.00141017 0.00143182 0.00144687 0.00145474 
1.92 1.20808e-05 5.60902e-15 5.60902e-15 5.60902e-15 5.60902e-15 5.60902e-15 5.60902e-15 5.60902e-15 5.60902e-15 5.60902e-15 
1.92 1.18849e-10 1.14704e-10 1.11524e-10 1.09061e-10 1.07149e-10 1.05673e-10 1.04557e-10 1.03748e-10 1.03214e-10 1.02945e-10 
1.93 0.00046182 0.000500016 0.000534566 0.000565408 0.000592457 0.000615594 0.000634658 0.000649441 0.000659669 0.000664999 
1.93 0.000685452 0.000657653 0.000631052 0.00060608 0.000583188 0.00056285 0.000545557 0.000531812 0.000522132 0.000517033 
1.93 0.000669764 0.000640694 0.000612959 0.000586986 0.000563227 0.000542154 0.000524261 0.000510055 0.000500057 0.000494793 
1.93 9.41968e-06 1.01945e-05 1.08952e-05 1.15207e-05 1.20693e-05 1.25384e-05 1.29249e-05 1.32246e-05 1.3432e-05 1.354e-05 
1.93 0.000904405 0.000810536 0.000722798 0.000642088 0.000569376 0.000505708 0.000452206 0.000410069 0.000380582 0.000365109 
1.93 0.00116741 0.00121989 0.00126803 0.00131157 0.00135021 0.0013836 0.00141136 0.00143304 0.00144812 0.001456 
1.93 1.20808e-05 5.60902e-15 5.60902e-15 5.60902e-15 5.60902e-15 5.60902e-15 5.60902e-15 5.60902e-15 5.60902e-15 5.60902e-15 
1.93 1.18564e-10 1.1443e-10 1.11258e-10 1.088e-10 1.06892e-10 1.05419e-10 1.04303e-10 1.03495e-10 1.02962e-10 1.02693e-10 
1.94 0.000463247 0.000501569 0.00053624 0.000567195 0.000594348 0.000617576 0.00063672 0.000651565 0.000661837 0.00066719 
1.94 0.000686907 0.000659237 0.000632759 0.000607903 0.000585116 0.000564872 0.000547659 0.000533977 0.000524342 0.000519266 
1.94 0.000671147 0.000642199 0.000614581 0.000588718 0.000565059 0.000544075 0.000526258 0.000512112 0.000502156 0.000496915 
1.94 9.44873e-06 1.02261e-05 1.09293e-05 1.15571e-05 1.21078e-05 1.25788e-05 1.29669e-05 1.32678e-05 1.34761e-05 1.35846e-05 
1.94 0.000905754 0.000812005 0.00072438 0.000643777 0.000571162 0.000507581 0.000454152 0.000412074 0.000382627 0.000367176 
1.94 0.00116823 0.00122078 0.00126899 0.00131259 0.00135129 0.00138474 0.00141254 0.00143426 0.00144936 0.00145726 
1.94 1.20808e-05 5.60902e-15 5.60902e-15 5.60902e-15 5.60902e-15 5.60902e-15 5.60902e-15 5.60902e-15 5.60902e-15 5.60902e-15 
1.94 1.18281e-10 1.14158e-10 1.10994e-10 1.08542e-10 1.06637e-10 1.05166e-10 1.04053e-10 1.03245e-10 1.02713e-10 1.02444e-10 
1.95 0.000464667 0.000503115 0.000537906 0.000568974 0.00059623 0.00061955 0.000638772 0.000653679 0.000663995 0.000669371 
1.95 0.000688356 0.000660814 0.000634459 0.000609717 0.000587035 0.000566885 0.000549751 0.000536133 0.000526541 0.000521489 
1.95 0.000672523 0.000643697 0.000616195 0.000590441 0.000566882 0.000545987 0.000528245 0.00051416 0.000504246 0.000499027 
1.95 9.47764e-06 1.02576e-05 1.09632e-05 1.15933e-05 1.21461e-05 1.2619e-05 1.30087e-05 1.33109e-05 1.352e-05 1.3629e-05 
1.95 0.000907097 0.000813467 0.000725955 0.000645458 0.00057294 0.000509445 0.000456089 0.000414069 0.000384663 0.000369234 
1.95 0.00116904 0.00122167 0.00126995 0.00131361 0.00135237 0.00138587 0.00141372 0.00143547 0.0014506 0.00145851 
1.95 1.20808e-05 5.60902e-15 5.60902e-15 5.60902e-15 5.60902e-15 5.60902e-15 5.60902e-15 5.60902e-15 5.60902e-15 5.60902e-15 
1.95 1.18002e-10 1.1389e-10 1.10733e-10 1.08286e-10 1.06385e-10 1.04917e-10 1.03805e-10 1.02998e-10 1.02467e-10 1.02198e-10 
1.96 0.000466081 0.000504654 0.000539564 0.000570745 0.000598104 0.000621515 0.000640815 0.000655783 0.000666143 0.000671542 
1.96 0.000689798 0.000662383 0.00063615 0.000611523 0.000588946 0.000568888 0.000551833 0.000538278 0.00052873 0.000523702 
1.96 0.000673893 0.000645188 0.000617802 0.000592157 0.000568697 0.00054789 0.000530224 0.000516198 0.000506326 0.000501129 
1.96 9.50642e-06 1.02889e-05 1.0997e-05 1.16294e-05 1.21842e-05 1.2659e-05 1.30503e-05 1.33537e-05 1.35637e-05 1.36732e-05 
1.96 0.000908434 0.000814922 0.000727523 0.000647131 0.00057471 0.000511301 0.000458017 0.000416055 0.00038669 0.000371282 
1.96 0.00116985 0.00122255 0.0012709 0.00131463 0.00135344 0.001387 0.00141489 0.00143668 0.00145183 0.00145976 
1.96 1.20808e-05 5.60902e-15 5.60902e-15 5.60902e-15 5.60902e-15 5.60902e-15 5.60902e-15 5.60902e-15 5.60902e-15 5.60902e-15 
1.96 1.17725e-10 1.13625e-10 1.10476e-10 1.08034e-10 1.06136e-10 1.0467e-10 1.0356e-10 1.02754e-10 1.02223e-10 1.01955e-10 
1.97 0.000467488 0.000506186 0.000541215 0.000572507 0.000599968 0.000623471 0.000642847 0.000657878 0.000668281 0.000673703 
1.97 0.000691233 0.000663945 0.000637834 0.00061332 0.000590848 0.000570882 0.000553906 0.000540413 0.00053091 0.000525904 
1.97 0.000675257 0.000646672 0.000619402 0.000593864 0.000570504 0.000549785 0.000532193 0.000518227 0.000508397 0.000503221 
1.97 9.53507e-06 1.03201e-05 1.10306e-05 1.16653e-05 1.22222e-05 1.26988e-05 1.30917e-05 1.33963e-05 1.36072e-05 1.37172e-05 
1.97 0.000909765 0.00081637 0.000729083 0.000648796 0.000576472 0.000513148 0.000459937 0.000418032 0.000388707 0.000373321 
1.97 0.00117066 0.00122343 0.00127185 0.00131564 0.00135451 0.00138812 0.00141606 0.00143788 0.00145306 0.001461 
1.97 1.20808e-05 5.60902e-15 5.60902e-15 5.60902e-15 5.60902e-15 5.60902e-15 5.60902e-15 5.60902e-15 5.60902e-15 5.60902e-15 
1.97 1.17452e-10 1.13362e-10 1.10221e-10 1.07784e-10 1.0589e-10 1.04426e-10 1.03317e-10 1.02513e-10 1.01982e-10 1.01714e-10 
1.98 0.000468889 0.00050771 0.000542858 0.000574261 0.000601824 0.000625418 0.000644871 0.000659963 0.000670409 0.000675854 
1.98 0.000692662 0.0006655 0.00063951 0.000615109 0.000592741 0.000572867 0.000555969 0.000542539 0.000533079 0.000528096 
1.98 0.000676614 0.00064815 0.000620994 0.000595564 0.000572302 0.000551671 0.000534153 0.000520246 0.000510458 0.000505304 
1.98 9.56359e-06 1.03511e-05 1.1064e-05 1.1701e-05 1.226e-05 1.27384e-05 1.31329e-05 1.34388e-05 1.36505e-05 1.3761e-05 
1.98 0.00091109 0.000817811 0.000730636 0.000650454 0.000578225 0.000514986 0.000461848 0.00042 0.000390715 0.00037535 
1.98 0.00117146 0.00122431 0.00127279 0.00131665 0.00135558 0.00138924 0.00141722 0.00143908 0.00145428 0.00146223 
1.98 1.20808e-05 5.60902e-15 5.60902e-15 5.60902e-15 5.60902e-15 5.60902e-15 5.60902e-15 5.60902e-15 5.60902e-15 5.60902e-15 
1.98 1.17181e-10 1.13103e-10 1.09969e-10 1.07537e-10 1.05646e-10 1.04185e-10 1.03078e-10 1.02274e-10 1.01744e-10 1.01476e-10 
1.99 0.000470283 0.000509228 0.000544493 0.000576007 0.000603672 0.000627356 0.000646886 0.000662038 0.000672527 0.000677995 
1.99 0.000694084 0.000667048 0.000641178 0.00061689 0.000594625 0.000574843 0.000558023 0.000544654 0.000535238 0.000530278 
1.99 0.000677965 0.00064962 0.000622579 0.000597256 0.000574092 0.000553548 0.000536104 0.000522256 0.000512509 0.000507377 
1.99 9.59197e-06 1.0382e-05 1.10973e-05 1.17365e-05 1.22976e-05 1.27778e-05 1.31739e-05 1.3481e-05 1.36937e-05 1.38046e-05 
1.99 0.000912408 0.000819246 0.000732182 0.000652104 0.000579971 0.000516816 0.00046375 0.000421959 0.000392714 0.00037737 
1.99 0.00117226 0.00122518 0.00127373 0.00131765 0.00135664 0.00139035 0.00141838 0.00144027 0.0014555 0.00146346 
1.99 1.20808e-05 5.60902e-15 5.60902e-15 5.60902e-15 5.60902e-15 5.60902e-15 5.60902e-15 5.60902e-15 5.60902e-15 5.60902e-15 
1.99 1.16914e-10 1.12846e-10 1.0972e-10 1.07293e-10 1.05406e-10 1.03947e-10 1.0284e-10 1.02038e-10 1.01508e-10 1.0124e-10 
2.00 0.000471671 0.000510738 0.000546121 0.000577745 0.000605511 0.000629285 0.000648891 0.000664104 0.000674636 0.000680126 
2.00 0.0006955 0.000668589 0.000642838 0.000618662 0.0005965 0.00057681 0.000560067 0.00054676 0.000537387 0.00053245 
2.00 0.00067931 0.000651084 0.000624156 0.00059894 0.000575874 0.000555416 0.000538046 0.000524257 0.000514551 0.000509441 
2.00 9.62022e-06 1.04127e-05 1.11304e-05 1.17719e-05 1.2335e-05 1.28171e-05 1.32147e-05 1.35231e-05 1.37366e-05 1.3848e-05 
2.00 0.00091372 0.000820674 0.00073372 0.000653746 0.000581708 0.000518638 0.000465643 0.000423909 0.000394704 0.000379381 
2.00 0.00117306 0.00122604 0.00127466 0.00131865 0.00135769 0.00139146 0.00141953 0.00144146 0.00145671 0.00146468 
2.00 1.20808e-05 5.60902e-15 5.60902e-15 5.60902e-15 5.60902e-15 5.60902e-15 5.60902e-15 5.60902e-15 5.60902e-15 5.60902e-15 
2.00 1.16649e-10 1.12592e-10 1.09473e-10 1.07051e-10 1.05167e-10 1.0371e-10 1.02606e-10 1.01804e-10 1.01275e-10 1.01008e-10 
2.01 0.000473053 0.000512242 0.000547741 0.000579475 0.000607342 0.000631205 0.000650887 0.00066616 0.000676735 0.000682247 
2.01 0.000696909 0.000670122 0.00064449 0.000620426 0.000598367 0.000578767 0.000562102 0.000548856 0.000539526 0.000534612 
2.01 0.000680649 0.000652541 0.000625726 0.000600616 0.000577647 0.000557276 0.000539979 0.000526248 0.000516583 0.000511495 
2.01 9.64833e-06 1.04433e-05 1.11634e-05 1.18071e-05 1.23723e-05 1.28562e-05 1.32553e-05 1.3565e-05 1.37793e-05 1.38912e-05 
2.01 0.000915026 0.000822095 0.000735251 0.000655381 0.000583437 0.000520451 0.000467527 0.00042585 0.000396685 0.000381383 
2.01 0.00117385 0.0012269 0.00127559 0.00131964 0.00135874 0.00139256 0.00142068 0.00144264 0.00145791 0.0014659 
2.01 1.20808e-05 5.60902e-15 5.60902e-15 5.60902e-15 5.60902e-15 5.60902e-15 5.60902e-15 5.60902e-15 5.60902e-15 5.60902e-15 
2.01 1.16387e-10 1.1234e-10 1.09228e-10 1.06812e-10 1.04931e-10 1.03477e-10 1.02374e-10 1.01573e-10 1.01045e-10 1.00777e-10 
2.02 0.000474427 0.000513738 0.000549354 0.000581197 0.000609164 0.000633116 0.000652874 0.000668207 0.000678824 0.000684359 
2.02 0.000698311 0.000671648 0.000646135 0.000622182 0.000600225 0.000580716 0.000564127 0.000550942 0.000541656 0.000536764 
2.02 0.000681982 0.000653991 0.000627289 0.000602284 0.000579412 0.000559127 0.000541903 0.00052823 0.000518606 0.00051354 
2.02 9.67631e-06 1.04738e-05 1.11962e-05 1.18421e-05 1.24094e-05 1.28951e-05 1.32957e-05 1.36066e-05 1.38219e-05 1.39341e-05 
2.02 0.000916326 0.000823509 0.000736776 0.000657008 0.000585158 0.000522256 0.000469403 0.000427782 0.000398656 0.000383375 
2.02 0.00117464 0.00122776 0.00127651 0.00132063 0.00135979 0.00139365 0.00142182 0.00144381 0.00145911 0.00146711 
2.02 1.20808e-05 5.60902e-15 5.60902e-15 5.60902e-15 5.60902e-15 5.60902e-15 5.60902e-15 5.60902e-15 5.60902e-15 5.60902e-15 
2.02 1.16127e-10 1.12091e-10 1.08987e-10 1.06575e-10 1.04698e-10 1.03246e-10 1.02144e-10 1.01344e-10 1.00816e-10 1.00549e-10 
2.03 0.000475796 0.000515228 0.000550959 0.000582911 0.000610978 0.000635018 0.000654851 0.000670244 0.000680903 0.00068646 
2.03 0.000699707 0.000673167 0.000647772 0.00062393 0.000602074 0.000582655 0.000566143 0.000553019 0.000543776 0.000538906 
2.03 0.000683308 0.000655435 0.000628844 0.000603945 0.000581169 0.00056097 0.000543819 0.000530203 0.00052062 0.000515575 
2.03 9.70417e-06 1.05041e-05 1.12289e-05 1.1877e-05 1.24463e-05 1.29338e-05 1.3336e-05 1.36481e-05 1.38642e-05 1.39769e-05 
2.03 0.00091762 0.000824917 0.000738293 0.000658627 0.000586872 0.000524052 0.00047127 0.000429705 0.000400619 0.000385358 
2.03 0.00117542 0.00122861 0.00127743 0.00132161 0.00136083 0.00139474 0.00142295 0.00144498 0.0014603 0.00146832 
2.03 1.20808e-05 5.60902e-15 5.60902e-15 5.60902e-15 5.60902e-15 5.60902e-15 5.60902e-15 5.60902e-15 5.60902e-15 5.60902e-15 
2.03 1.15871e-10 1.11845e-10 1.08747e-10 1.06341e-10 1.04467e-10 1.03017e-10 1.01917e-10 1.01118e-10 1.00591e-10 1.00324e-10 
2.04 0.000477158 0.00051671 0.000552557 0.000584617 0.000612783 0.000636911 0.000656819 0.000672272 0.000682973 0.000688552 
2.04 0.000701096 0.000674679 0.000649402 0.00062567 0.000603915 0.000584585 0.00056815 0.000555086 0.000545886 0.000541039 
2.04 0.000684628 0.000656872 0.000630392 0.000605598 0.000582918 0.000562804 0.000545725 0.000532167 0.000522625 0.000517601 
2.04 9.7319e-06 1.05343e-05 1.12614e-05 1.19117e-05 1.2483e-05 1.29723e-05 1.3376e-05 1.36894e-05 1.39063e-05 1.40195e-05 
2.04 0.000918908 0.000826319 0.000739803 0.000660239 0.000588577 0.00052584 0.000473128 0.000431619 0.000402572 0.000387332 
2.04 0.0011762 0.00122946 0.00127835 0.00132259 0.00136186 0.00139583 0.00142408 0.00144614 0.00146149 0.00146952 
2.04 1.20808e-05 5.60902e-15 5.60902e-15 5.60902e-15 5.60902e-15 5.60902e-15 5.60902e-15 5.60902e-15 5.60902e-15 5.60902e-15 
2.04 1.15616e-10 1.11601e-10 1.0851e-10 1.06109e-10 1.04238e-10 1.0279e-10 1.01692e-10 1.00894e-10 1.00367e-10 1.00101e-10 
2.05 0.000478514 0.000518186 0.000554148 0.000586316 0.00061458 0.000638796 0.000658778 0.00067429 0.000685033 0.000690634 
2.05 0.000702479 0.000676184 0.000651024 0.000627402 0.000605747 0.000586507 0.000570147 0.000557144 0.000547986 0.000543162 
2.05 0.000685942 0.000658302 0.000631933 0.000607243 0.000584659 0.00056463 0.000547623 0.000534122 0.00052462 0.000519617 
2.05 9.7595e-06 1.05643e-05 1.12938e-05 1.19463e-05 1.25196e-05 1.30107e-05 1.34159e-05 1.37305e-05 1.39483e-05 1.40619e-05 
2.05 0.00092019 0.000827714 0.000741306 0.000661844 0.000590274 0.00052762 0.000474978 0.000433524 0.000404516 0.000389297 
2.05 0.00117698 0.00123031 0.00127926 0.00132356 0.00136289 0.00139691 0.0014252 0.0014473 0.00146267 0.00147071 
2.05 1.20808e-05 5.60902e-15 5.60902e-15 5.60902e-15 5.60902e-15 5.60902e-15 5.60902e-15 5.60902e-15 5.60902e-15 5.60902e-15 
2.05 1.15365e-10 1.1136e-10 1.08276e-10 1.0588e-10 1.04012e-10 1.02567e-10 1.0147e-10 1.00673e-10 1.00146e-10 9.98803e-11 
2.06 0.000479864 0.000519655 0.000555731 0.000588006 0.000616369 0.000640672 0.000660728 0.000676299 0.000687084 0.000692707 
2.06 0.000703856 0.000677682 0.000652638 0.000629126 0.000607571 0.00058842 0.000572135 0.000559192 0.000550076 0.000545275 
2.06 0.00068725 0.000659725 0.000633467 0.000608881 0.000586392 0.000566447 0.000549512 0.000536068 0.000526606 0.000521624 
2.06 9.78697e-06 1.05942e-05 1.1326e-05 1.19807e-05 1.2556e-05 1.30489e-05 1.34556e-05 1.37714e-05 1.399e-05 1.41041e-05 
2.06 0.000921466 0.000829102 0.000742802 0.000663441 0.000591964 0.000529392 0.000476819 0.000435421 0.000406452 0.000391253 
2.06 0.00117775 0.00123115 0.00128017 0.00132453 0.00136392 0.00139798 0.00142632 0.00144845 0.00146385 0.0014719 
2.06 1.20808e-05 5.60902e-15 5.60902e-15 5.60902e-15 5.60902e-15 5.60902e-15 5.60902e-15 5.60902e-15 5.60902e-15 5.60902e-15 
2.06 1.15116e-10 1.11121e-10 1.08044e-10 1.05652e-10 1.03788e-10 1.02345e-10 1.0125e-10 1.00453e-10 9.99278e-11 9.96618e-11 
2.07 0.000481208 0.000521117 0.000557307 0.000589689 0.000618149 0.000642539 0.000662669 0.000678299 0.000689125 0.00069477 
2.07 0.000705226 0.000679174 0.000654245 0.000630841 0.000609386 0.000590324 0.000574114 0.000561231 0.000552157 0.000547378 
2.07 0.000688552 0.000661142 0.000634994 0.000610511 0.000588117 0.000568256 0.000551392 0.000538005 0.000528583 0.000523622 
2.07 9.81431e-06 1.0624e-05 1.13581e-05 1.20149e-05 1.25922e-05 1.30869e-05 1.34951e-05 1.38121e-05 1.40316e-05 1.41461e-05 
2.07 0.000922735 0.000830484 0.000744291 0.000665031 0.000593646 0.000531155 0.000478652 0.000437309 0.000408379 0.0003932 
2.07 0.00117852 0.00123199 0.00128107 0.00132549 0.00136494 0.00139905 0.00142743 0.0014496 0.00146502 0.00147308 
2.07 1.20808e-05 5.60902e-15 5.60902e-15 5.60902e-15 5.60902e-15 5.60902e-15 5.60902e-15 5.60902e-15 5.60902e-15 5.60902e-15 
2.07 1.1487e-10 1.10885e-10 1.07815e-10 1.05428e-10 1.03567e-10 1.02126e-10 1.01032e-10 1.00237e-10 9.97116e-11 9.94458e-11 
2.08 0.000482545 0.000522573 0.000558876 0.000591364 0.000619921 0.000644397 0.000664601 0.00068029 0.000691157 0.000696823 
2.08 0.00070659 0.000680658 0.000655845 0.000632549 0.000611193 0.000592219 0.000576084 0.00056326 0.000554228 0.000549471 
2.08 0.000689848 0.000662552 0.000636514 0.000612134 0.000589833 0.000570056 0.000553264 0.000539933 0.000530551 0.000525611 
2.08 9.84153e-06 1.06536e-05 1.139e-05 1.2049e-05 1.26283e-05 1.31247e-05 1.35344e-05 1.38526e-05 1.4073e-05 1.41879e-05 
2.08 0.000923999 0.00083186 0.000745773 0.000666613 0.00059532 0.00053291 0.000480476 0.000439188 0.000410297 0.000395138 
2.08 0.00117929 0.00123282 0.00128197 0.00132645 0.00136595 0.00140012 0.00142854 0.00145074 0.00146618 0.00147426 
2.08 1.20808e-05 5.60902e-15 5.60902e-15 5.60902e-15 5.60902e-15 5.60902e-15 5.60902e-15 5.60902e-15 5.60902e-15 5.60902e-15 
2.08 1.14626e-10 1.10651e-10 1.07588e-10 1.05205e-10 1.03348e-10 1.01909e-10 1.00816e-10 1.00022e-10 9.94975e-11 9.92318e-11 
2.09 0.000483876 0.000524022 0.000560437 0.000593031 0.000621684 0.000646247 0.000666524 0.000682271 0.000693179 0.000698867 
2.09 0.000707947 0.000682136 0.000657437 0.000634249 0.000612992 0.000594105 0.000578045 0.00056528 0.00055629 0.000551554 
2.09 0.000691138 0.000663956 0.000638027 0.000613749 0.000591542 0.000571848 0.000555127 0.000541852 0.00053251 0.000527591 
2.09 9.86862e-06 1.06831e-05 1.14218e-05 1.20829e-05 1.26642e-05 1.31623e-05 1.35736e-05 1.38929e-05 1.41142e-05 1.42295e-05 
2.09 0.000925257 0.000833229 0.000747249 0.000668188 0.000596986 0.000534657 0.000482292 0.000441058 0.000412206 0.000397067 
2.09 0.00118005 0.00123365 0.00128286 0.00132741 0.00136696 0.00140118 0.00142964 0.00145188 0.00146735 0.00147543 
2.09 1.20808e-05 5.60902e-15 5.60902e-15 5.60902e-15 5.60902e-15 5.60902e-15 5.60902e-15 5.60902e-15 5.60902e-15 5.60902e-15 
2.09 1.14385e-10 1.10419e-10 1.07363e-10 1.04985e-10 1.0313e-10 1.01694e-10 1.00603e-10 9.98097e-11 9.92859e-11 9.90205e-11 
2.10 0.000485201 0.000525464 0.000561991 0.00059469 0.00062344 0.000648088 0.000668439 0.000684243 0.000695192 0.000700902 
2.10 0.000709298 0.000683607 0.000659022 0.000635941 0.000614782 0.000595982 0.000579997 0.000567291 0.000558342 0.000553628 
2.10 0.000692422 0.000665353 0.000639533 0.000615356 0.000593243 0.000573632 0.000556981 0.000543762 0.000534459 0.000529561 
2.10 9.89559e-06 1.07124e-05 1.14534e-05 1.21167e-05 1.26999e-05 1.31998e-05 1.36125e-05 1.39331e-05 1.41551e-05 1.42709e-05 
2.10 0.000926509 0.000834592 0.000748718 0.000669756 0.000598644 0.000536396 0.000484099 0.00044292 0.000414106 0.000398988 
2.10 0.00118081 0.00123448 0.00128375 0.00132836 0.00136797 0.00140224 0.00143074 0.00145301 0.0014685 0.0014766 
2.10 1.20808e-05 5.60902e-15 5.60902e-15 5.60902e-15 5.60902e-15 5.60902e-15 5.60902e-15 5.60902e-15 5.60902e-15 5.60902e-15 
2.10 1.14145e-10 1.1019e-10 1.0714e-10 1.04767e-10 1.02916e-10 1.01481e-10 1.00392e-10 9.95997e-11 9.90763e-11 9.88111e-11 
2.11 0.00048652 0.000526899 0.000563538 0.000596342 0.000625188 0.000649921 0.000670344 0.000686206 0.000697196 0.000702926 
2.11 0.000710643 0.000685071 0.0006606 0.000637625 0.000616564 0.000597851 0.000581939 0.000569292 0.000560385 0.000555693 
2.11 0.0006937 0.000666744 0.000641032 0.000616956 0.000594936 0.000575407 0.000558827 0.000545664 0.0005364 0.000531522 
2.11 9.92242e-06 1.07416e-05 1.14849e-05 1.21503e-05 1.27355e-05 1.32371e-05 1.36513e-05 1.3973e-05 1.41959e-05 1.43121e-05 
2.11 0.000927755 0.000835948 0.00075018 0.000671316 0.000600295 0.000538127 0.000485898 0.000444773 0.000415997 0.0004009 
2.11 0.00118157 0.0012353 0.00128464 0.00132931 0.00136897 0.00140329 0.00143183 0.00145413 0.00146965 0.00147776 
2.11 1.20808e-05 5.60902e-15 5.60902e-15 5.60902e-15 5.60902e-15 5.60902e-15 5.60902e-15 5.60902e-15 5.60902e-15 5.60902e-15 
2.11 1.13909e-10 1.09963e-10 1.0692e-10 1.04551e-10 1.02703e-10 1.01271e-10 1.00183e-10 9.93917e-11 9.88688e-11 9.8604e-11 
2.12 0.000487833 0.000528328 0.000565078 0.000597986 0.000626928 0.000651746 0.000672241 0.00068816 0.00069919 0.000704942 
2.12 0.000711982 0.000686528 0.00066217 0.000639302 0.000618338 0.000599711 0.000583873 0.000571284 0.000562418 0.000557748 
2.12 0.000694972 0.000668128 0.000642524 0.000618549 0.000596621 0.000577175 0.000560664 0.000547557 0.000538332 0.000533474 
2.12 9.94913e-06 1.07707e-05 1.15162e-05 1.21838e-05 1.27709e-05 1.32742e-05 1.36899e-05 1.40128e-05 1.42365e-05 1.43531e-05 
2.12 0.000928996 0.000837298 0.000751635 0.000672869 0.000601938 0.00053985 0.000487689 0.000446618 0.00041788 0.000402803 
2.12 0.00118232 0.00123612 0.00128552 0.00133025 0.00136997 0.00140433 0.00143292 0.00145525 0.00147079 0.00147892 
2.12 1.20808e-05 5.60902e-15 5.60902e-15 5.60902e-15 5.60902e-15 5.60902e-15 5.60902e-15 5.60902e-15 5.60902e-15 5.60902e-15 
2.12 1.13675e-10 1.09738e-10 1.06702e-10 1.04338e-10 1.02493e-10 1.01063e-10 9.99762e-11 9.91856e-11 9.86635e-11 9.83989e-11 
2.13 0.00048914 0.00052975 0.000566611 0.000599622 0.000628659 0.000653562 0.000674129 0.000690105 0.000701175 0.000706948 
2.13 0.000713315 0.000687978 0.000663733 0.000640971 0.000620103 0.000601563 0.000585798 0.000573267 0.000564442 0.000559793 
2.13 0.000696238 0.000669506 0.000644009 0.000620135 0.000598298 0.000578934 0.000562493 0.000549441 0.000540254 0.000535418 
2.13 9.97572e-06 1.07996e-05 1.15474e-05 1.22171e-05 1.28061e-05 1.33112e-05 1.37283e-05 1.40524e-05 1.42769e-05 1.43939e-05 
2.13 0.000930231 0.000838642 0.000753083 0.000674415 0.000603574 0.000541565 0.000489472 0.000448454 0.000419754 0.000404697 
2.13 0.00118307 0.00123694 0.0012864 0.00133119 0.00137096 0.00140537 0.001434 0.00145637 0.00147193 0.00148007 
2.13 1.20808e-05 5.60902e-15 5.60902e-15 5.60902e-15 5.60902e-15 5.60902e-15 5.60902e-15 5.60902e-15 5.60902e-15 5.60902e-15 
2.13 1.13443e-10 1.09516e-10 1.06486e-10 1.04126e-10 1.02285e-10 1.00857e-10 9.97715e-11 9.89818e-11 9.84602e-11 9.81962e-11 
2.14 0.000490441 0.000531166 0.000568136 0.000601251 0.000630383 0.00065537 0.000676008 0.000692041 0.00070315 0.000708945 
2.14 0.000714641 0.000689422 0.000665289 0.000642632 0.000621861 0.000603406 0.000587714 0.000575241 0.000566456 0.000561829 
2.14 0.000697498 0.000670878 0.000645487 0.000621713 0.000599968 0.000580685 0.000564313 0.000551316 0.000542168 0.000537352 
2.14 1.00022e-05 1.08284e-05 1.15785e-05 1.22502e-05 1.28412e-05 1.3348e-05 1.37666e-05 1.40918e-05 1.43171e-05 1.44346e-05 
2.14 0.00093146 0.00083998 0.000754524 0.000675954 0.000605202 0.000543272 0.000491246 0.000450282 0.000421619 0.000406582 
2.14 0.00118382 0.00123775 0.00128728 0.00133212 0.00137195 0.00140641 0.00143508 0.00145748 0.00147306 0.00148121 
2.14 1.20808e-05 5.60902e-15 5.60902e-15 5.60902e-15 5.60902e-15 5.60902e-15 5.60902e-15 5.60902e-15 5.60902e-15 5.60902e-15 
2.14 1.13213e-10 1.09296e-10 1.06272e-10 1.03917e-10 1.02078e-10 1.00653e-10 9.95688e-11 9.87803e-11 9.82592e-11 9.79953e-11 
2.15 0.000491736 0.000532575 0.000569655 0.000602872 0.000632099 0.000657169 0.000677878 0.000693968 0.000705117 0.000710933 
2.15 0.000715961 0.000690859 0.000666837 0.000644285 0.00062361 0.000605241 0.000589621 0.000577206 0.000568461 0.000563856 
2.15 0.000698752 0.000672243 0.000646958 0.000623284 0.00060163 0.000582428 0.000566125 0.000553182 0.000544073 0.000539277 
2.15 1.00285e-05 1.08571e-05 1.16094e-05 1.22832e-05 1.28761e-05 1.33846e-05 1.38047e-05 1.4131e-05 1.43571e-05 1.44751e-05 
2.15 0.000932683 0.000841311 0.000755959 0.000677486 0.000606822 0.000544971 0.000493012 0.000452101 0.000423476 0.000408458 
2.15 0.00118456 0.00123856 0.00128815 0.00133305 0.00137293 0.00140744 0.00143615 0.00145858 0.00147419 0.00148235 
2.15 1.20808e-05 5.60902e-15 5.60902e-15 5.60902e-15 5.60902e-15 5.60902e-15 5.60902e-15 5.60902e-15 5.60902e-15 5.60902e-15 
2.15 1.12986e-10 1.09078e-10 1.06061e-10 1.0371e-10 1.01874e-10 1.00451e-10 9.93684e-11 9.85807e-11 9.806e-11 9.77963e-11 
2.16 0.000493024 0.000533978 0.000571166 0.000604486 0.000633806 0.00065896 0.00067974 0.000695886 0.000707075 0.000712912 
2.16 0.000717275 0.000692289 0.000668378 0.00064593 0.000625351 0.000607067 0.000591519 0.000579162 0.000570457 0.000565873 
2.16 0.0007 0.000673602 0.000648422 0.000624847 0.000603284 0.000584163 0.000567928 0.00055504 0.000545969 0.000541194 
2.16 1.00547e-05 1.08856e-05 1.16401e-05 1.23161e-05 1.29108e-05 1.34211e-05 1.38426e-05 1.417e-05 1.4397e-05 1.45154e-05 
2.16 0.000933901 0.000842636 0.000757387 0.00067901 0.000608435 0.000546663 0.00049477 0.000453912 0.000425324 0.000410326 
2.16 0.0011853 0.00123936 0.00128902 0.00133397 0.00137391 0.00140847 0.00143722 0.00145968 0.00147531 0.00148349 
2.16 1.20808e-05 5.60902e-15 5.60902e-15 5.60902e-15 5.60902e-15 5.60902e-15 5.60902e-15 5.60902e-15 5.60902e-15 5.60902e-15 
2.16 1.12761e-10 1.08862e-10 1.05851e-10 1.03505e-10 1.01672e-10 1.00251e-10 9.91698e-11 9.83829e-11 9.7863e-11 9.75995e-11 
2.17 0.000494307 0.000535373 0.000572671 0.000606092 0.000635506 0.000660743 0.000681593 0.000697795 0.000709024 0.000714881 
2.17 0.000718583 0.000693712 0.000669912 0.000647568 0.000627084 0.000608884 0.000593408 0.000581108 0.000572444 0.000567881 
2.17 0.000701243 0.000674954 0.00064988 0.000626403 0.000604931 0.00058589 0.000569723 0.000556889 0.000547857 0.000543102 
2.17 1.00808e-05 1.0914e-05 1.16707e-05 1.23488e-05 1.29454e-05 1.34574e-05 1.38803e-05 1.42089e-05 1.44367e-05 1.45555e-05 
2.17 0.000935113 0.000843955 0.000758808 0.000680527 0.00061004 0.000548346 0.00049652 0.000455715 0.000427164 0.000412185 
2.17 0.00118604 0.00124016 0.00128988 0.00133489 0.00137489 0.00140949 0.00143828 0.00146078 0.00147643 0.00148462 
2.17 1.20808e-05 5.60902e-15 5.60902e-15 5.60902e-15 5.60902e-15 5.60902e-15 5.60902e-15 5.60902e-15 5.60902e-15 5.60902e-15 
2.17 1.12539e-10 1.08648e-10 1.05644e-10 1.03302e-10 1.01472e-10 1.00053e-10 9.89734e-11 9.81873e-11 9.76679e-11 9.74049e-11 
2.18 0.000495583 0.000536763 0.000574168 0.000607691 0.000637198 0.000662517 0.000683438 0.000699696 0.000710964 0.000716842 
2.18 0.000719885 0.000695129 0.000671439 0.000649198 0.000628809 0.000610693 0.000595289 0.000583045 0.000574422 0.00056988 
2.18 0.00070248 0.0006763 0.000651331 0.000627952 0.00060657 0.000587609 0.00057151 0.00055873 0.000549736 0.000545001 
2.18 1.01068e-05 1.09423e-05 1.17012e-05 1.23813e-05 1.29799e-05 1.34935e-05 1.39178e-05 1.42476e-05 1.44762e-05 1.45954e-05 
2.18 0.000936319 0.000845268 0.000760223 0.000682037 0.000611638 0.000550022 0.000498262 0.000457509 0.000428995 0.000414036 
2.18 0.00118677 0.00124096 0.00129074 0.00133581 0.00137586 0.00141051 0.00143934 0.00146187 0.00147754 0.00148574 
2.18 1.20808e-05 5.60902e-15 5.60902e-15 5.60902e-15 5.60902e-15 5.60902e-15 5.60902e-15 5.60902e-15 5.60902e-15 5.60902e-15 
2.18 1.12318e-10 1.08436e-10 1.05438e-10 1.03101e-10 1.01274e-10 9.98569e-11 9.87788e-11 9.79939e-11 9.74749e-11 9.72122e-11 
2.19 0.000496854 0.000538146 0.000575659 0.000609283 0.000638882 0.000664283 0.000685274 0.000701587 0.000712895 0.000718793 
2.19 0.000721181 0.000696539 0.000672959 0.000650821 0.000630526 0.000612494 0.000597161 0.000584974 0.00057639 0.000571869 
2.19 0.000703711 0.00067764 0.000652775 0.000629494 0.000608201 0.00058932 0.000573289 0.000560562 0.000551606 0.000546891 
2.19 1.01327e-05 1.09705e-05 1.17315e-05 1.24137e-05 1.30142e-05 1.35294e-05 1.39552e-05 1.42861e-05 1.45155e-05 1.46351e-05 
2.19 0.00093752 0.000846575 0.000761631 0.000683541 0.000613229 0.00055169 0.000499996 0.000459295 0.000430818 0.000415878 
2.19 0.0011875 0.00124175 0.00129159 0.00133672 0.00137683 0.00141152 0.00144039 0.00146295 0.00147865 0.00148686 
2.19 1.20808e-05 5.60902e-15 5.60902e-15 5.60902e-15 5.60902e-15 5.60902e-15 5.60902e-15 5.60902e-15 5.60902e-15 5.60902e-15 
2.19 1.121e-10 1.08227e-10 1.05235e-10 1.02902e-10 1.01078e-10 9.96631e-11 9.85863e-11 9.78022e-11 9.72836e-11 9.70211e-11 
2.20 0.000498119 0.000539523 0.000577143 0.000610867 0.000640558 0.000666041 0.000687102 0.00070347 0.000714816 0.000720735 
2.20 0.000722471 0.000697943 0.000674472 0.000652436 0.000632235 0.000614286 0.000599024 0.000586894 0.000578349 0.000573849 
2.20 0.000704936 0.000678974 0.000654212 0.000631029 0.000609825 0.000591023 0.000575059 0.000562386 0.000553467 0.000548772 
2.20 1.01584e-05 1.09985e-05 1.17617e-05 1.24459e-05 1.30483e-05 1.35652e-05 1.39924e-05 1.43244e-05 1.45546e-05 1.46746e-05 
2.20 0.000938715 0.000847876 0.000763033 0.000685037 0.000614812 0.00055335 0.000501722 0.000461073 0.000432632 0.000417712 
2.20 0.00118822 0.00124254 0.00129244 0.00133763 0.00137779 0.00141253 0.00144144 0.00146403 0.00147975 0.00148797 
2.20 1.20808e-05 5.60902e-15 5.60902e-15 5.60902e-15 5.60902e-15 5.60902e-15 5.60902e-15 5.60902e-15 5.60902e-15 5.60902e-15 
2.20 1.11883e-10 1.08019e-10 1.05033e-10 1.02704e-10 1.00884e-10 9.94709e-11 9.83955e-11 9.76123e-11 9.70945e-11 9.68322e-11 
2.21 0.000499378 0.000540894 0.00057862 0.000612444 0.000642226 0.000667791 0.00068892 0.000705344 0.000716729 0.000722668 
2.21 0.000723755 0.00069934 0.000675978 0.000654044 0.000633936 0.00061607 0.000600879 0.000588805 0.000580299 0.00057582 
2.21 0.000706156 0.000680302 0.000655643 0.000632556 0.000611441 0.000592718 0.000576821 0.000564201 0.00055532 0.000550645 
2.21 1.0184e-05 1.10264e-05 1.17918e-05 1.2478e-05 1.30822e-05 1.36008e-05 1.40294e-05 1.43626e-05 1.45935e-05 1.4714e-05 
2.21 0.000939905 0.000849171 0.000764428 0.000686527 0.000616388 0.000555003 0.00050344 0.000462843 0.000434438 0.000419537 
2.21 0.00118894 0.00124333 0.00129329 0.00133854 0.00137874 0.00141353 0.00144248 0.0014651 0.00148085 0.00148908 
2.21 1.20808e-05 5.60902e-15 5.60902e-15 5.60902e-15 5.60902e-15 5.60902e-15 5.60902e-15 5.60902e-15 5.60902e-15 5.60902e-15 
2.21 1.11669e-10 1.07814e-10 1.04834e-10 1.02509e-10 1.00692e-10 9.92809e-11 9.82068e-11 9.74244e-11 9.6907e-11 9.66449e-11 
2.22 0.000500631 0.000542257 0.00058009 0.000614014 0.000643887 0.000669533 0.000690731 0.00070721 0.000718633 0.000724593 
2.22 0.000725033 0.000700731 0.000677477 0.000655644 0.000635629 0.000617846 0.000602725 0.000590707 0.000582241 0.000577782 
2.22 0.00070737 0.000681623 0.000657067 0.000634077 0.00061305 0.000594405 0.000578575 0.000566008 0.000557164 0.000552509 
2.22 1.02095e-05 1.10541e-05 1.18217e-05 1.25099e-05 1.3116e-05 1.36362e-05 1.40663e-05 1.44005e-05 1.46323e-05 1.47532e-05 
2.22 0.000941089 0.00085046 0.000765817 0.00068801 0.000617957 0.000556648 0.00050515 0.000464604 0.000436236 0.000421354 
2.22 0.00118966 0.00124411 0.00129413 0.00133944 0.00137969 0.00141453 0.00144352 0.00146617 0.00148194 0.00149018 
2.22 1.20808e-05 5.60902e-15 5.60902e-15 5.60902e-15 5.60902e-15 5.60902e-15 5.60902e-15 5.60902e-15 5.60902e-15 5.60902e-15 
2.22 1.11456e-10 1.0761e-10 1.04637e-10 1.02316e-10 1.00502e-10 9.90923e-11 9.80197e-11 9.72381e-11 9.67216e-11 9.64597e-11 
2.23 0.000501879 0.000543615 0.000581553 0.000615576 0.00064554 0.000671267 0.000692533 0.000709066 0.000720528 0.000726508 
2.23 0.000726305 0.000702116 0.000678969 0.000657237 0.000637315 0.000619614 0.000604563 0.0005926 0.000584173 0.000579735 
2.23 0.000708579 0.000682938 0.000658484 0.00063559 0.000614652 0.000596084 0.000580321 0.000567807 0.000559 0.000554364 
2.23 1.02349e-05 1.10817e-05 1.18515e-05 1.25417e-05 1.31496e-05 1.36715e-05 1.4103e-05 1.44383e-05 1.46709e-05 1.47922e-05 
2.23 0.000942268 0.000851742 0.000767199 0.000689486 0.000619518 0.000558286 0.000506852 0.000466357 0.000438026 0.000423162 
2.23 0.00119038 0.00124489 0.00129497 0.00134033 0.00138064 0.00141552 0.00144455 0.00146724 0.00148303 0.00149128 
2.23 1.20808e-05 5.60902e-15 5.60902e-15 5.60902e-15 5.60902e-15 5.60902e-15 5.60902e-15 5.60902e-15 5.60902e-15 5.60902e-15 
2.23 1.11246e-10 1.07409e-10 1.04441e-10 1.02125e-10 1.00313e-10 9.89059e-11 9.78346e-11 9.7054e-11 9.65378e-11 9.62762e-11 
2.24 0.00050312 0.000544966 0.000583009 0.00061713 0.000647185 0.000672992 0.000694327 0.000710914 0.000722415 0.000728415 
2.24 0.000727571 0.000703494 0.000680454 0.000658823 0.000638993 0.000621374 0.000606392 0.000594484 0.000586097 0.000581679 
2.24 0.000709782 0.000684247 0.000659895 0.000637096 0.000616246 0.000597756 0.000582059 0.000569597 0.000560827 0.000556211 
2.24 1.02602e-05 1.11092e-05 1.18811e-05 1.25734e-05 1.31831e-05 1.37066e-05 1.41395e-05 1.44759e-05 1.47093e-05 1.4831e-05 
2.24 0.000943441 0.000853019 0.000768575 0.000690955 0.000621072 0.000559916 0.000508546 0.000468103 0.000439807 0.000424962 
2.24 0.00119109 0.00124567 0.00129581 0.00134122 0.00138158 0.00141651 0.00144558 0.0014683 0.00148411 0.00149237 
2.24 1.20808e-05 5.60902e-15 5.60902e-15 5.60902e-15 5.60902e-15 5.60902e-15 5.60902e-15 5.60902e-15 5.60902e-15 5.60902e-15 
2.24 1.11039e-10 1.07209e-10 1.04247e-10 1.01935e-10 1.00126e-10 9.8721e-11 9.76512e-11 9.68717e-11 9.63562e-11 9.60946e-11 
2.25 0.000504356 0.000546311 0.000584459 0.000618678 0.000648823 0.00067471 0.000696113 0.000712754 0.000724293 0.000730313 
2.25 0.000728831 0.000704866 0.000681932 0.000660401 0.000640663 0.000623125 0.000608213 0.00059636 0.000588011 0.000583614 
2.25 0.000710979 0.000685551 0.000661299 0.000638596 0.000617832 0.00059942 0.000583788 0.000571379 0.000562646 0.000558049 
2.25 1.02853e-05 1.11366e-05 1.19106e-05 1.26049e-05 1.32164e-05 1.37416e-05 1.41758e-05 1.45134e-05 1.47475e-05 1.48696e-05 
2.25 0.000944609 0.00085429 0.000769945 0.000692417 0.000622619 0.000561538 0.000510232 0.00046984 0.00044158 0.000426754 
2.25 0.0011918 0.00124644 0.00129664 0.00134211 0.00138252 0.0014175 0.0014466 0.00146935 0.00148519 0.00149346 
2.25 1.20808e-05 5.60902e-15 5.60902e-15 5.60902e-15 5.60902e-15 5.60902e-15 5.60902e-15 5.60902e-15 5.60902e-15 5.60902e-15 
2.25 1.10832e-10 1.07012e-10 1.04056e-10 1.01747e-10 9.99414e-11 9.85382e-11 9.74698e-11 9.66911e-11 9.6176e-11 9.59146e-11 
2.26 0.000505586 0.00054765 0.000585902 0.000620219 0.000650453 0.00067642 0.000697891 0.000714586 0.000726162 0.000732202 
2.26 0.000730086 0.000706231 0.000683404 0.000661972 0.000642325 0.000624868 0.000610025 0.000598227 0.000589917 0.00058554 
2.26 0.000712171 0.000686848 0.000662697 0.000640088 0.000619411 0.000601076 0.00058551 0.000573153 0.000564457 0.000559879 
2.26 1.03103e-05 1.11639e-05 1.194e-05 1.26362e-05 1.32496e-05 1.37764e-05 1.4212e-05 1.45507e-05 1.47855e-05 1.4908e-05 
2.26 0.000945771 0.000855555 0.000771308 0.000693872 0.000624159 0.000563153 0.000511911 0.000471569 0.000443345 0.000428538 
2.26 0.00119251 0.00124721 0.00129747 0.00134299 0.00138346 0.00141848 0.00144762 0.0014704 0.00148626 0.00149455 
2.26 1.20808e-05 5.60902e-15 5.60902e-15 5.60902e-15 5.60902e-15 5.60902e-15 5.60902e-15 5.60902e-15 5.60902e-15 5.60902e-15 
2.26 1.10628e-10 1.06816e-10 1.03866e-10 1.01562e-10 9.97584e-11 9.83573e-11 9.72898e-11 9.65121e-11 9.59977e-11 9.57366e-11 
2.27 0.000506811 0.000548983 0.000587338 0.000621753 0.000652076 0.000678122 0.00069966 0.000716408 0.000728022 0.000734082 
2.27 0.000731335 0.00070759 0.000684868 0.000663536 0.000643979 0.000626603 0.000611829 0.000600085 0.000591814 0.000587457 
2.27 0.000713357 0.000688139 0.000664089 0.000641574 0.000620983 0.000602725 0.000587224 0.000574919 0.000566259 0.0005617 
2.27 1.03352e-05 1.1191e-05 1.19692e-05 1.26674e-05 1.32826e-05 1.3811e-05 1.4248e-05 1.45878e-05 1.48234e-05 1.49463e-05 
2.27 0.000946928 0.000856814 0.000772665 0.000695321 0.000625692 0.00056476 0.000513582 0.00047329 0.000445102 0.000430313 
2.27 0.00119321 0.00124797 0.00129829 0.00134387 0.00138439 0.00141945 0.00144864 0.00147145 0.00148733 0.00149563 
2.27 1.20808e-05 5.60902e-15 5.60902e-15 5.60902e-15 5.60902e-15 5.60902e-15 5.60902e-15 5.60902e-15 5.60902e-15 5.60902e-15 
2.27 1.10426e-10 1.06622e-10 1.03677e-10 1.01377e-10 9.95773e-11 9.8178e-11 9.71119e-11 9.6335e-11 9.58211e-11 9.55606e-11 
2.28 0.00050803 0.00055031 0.000588768 0.000623279 0.000653691 0.000679816 0.00070142 0.000718222 0.000729874 0.000735954 
2.28 0.000732578 0.000708943 0.000686326 0.000665092 0.000645626 0.00062833 0.000613624 0.000601935 0.000593702 0.000589365 
2.28 0.000714538 0.000689424 0.000665474 0.000643053 0.000622548 0.000604366 0.00058893 0.000576676 0.000568053 0.000563513 
2.28 1.036e-05 1.1218e-05 1.19983e-05 1.26985e-05 1.33155e-05 1.38455e-05 1.42838e-05 1.46247e-05 1.48611e-05 1.49844e-05 
2.28 0.000948079 0.000858067 0.000774015 0.000696763 0.000627218 0.00056636 0.000515245 0.000475004 0.00044685 0.00043208 
2.28 0.00119391 0.00124873 0.00129911 0.00134475 0.00138531 0.00142042 0.00144965 0.00147249 0.00148839 0.0014967 
2.28 1.20808e-05 5.60902e-15 5.60902e-15 5.60902e-15 5.60902e-15 5.60902e-15 5.60902e-15 5.60902e-15 5.60902e-15 5.60902e-15 
2.28 1.10225e-10 1.06429e-10 1.03491e-10 1.01195e-10 9.93976e-11 9.80001e-11 9.69358e-11 9.61598e-11 9.56465e-11 9.53861e-11 
2.29 0.000509243 0.000551631 0.000590191 0.000624799 0.000655299 0.000681502 0.000703173 0.000720028 0.000731717 0.000737817 
2.29 0.000733815 0.000710289 0.000687777 0.000666641 0.000647265 0.00063005 0.000615411 0.000603776 0.000595581 0.000591264 
2.29 0.000715713 0.000690703 0.000666853 0.000644525 0.000624105 0.000605999 0.000590628 0.000578425 0.000569838 0.000565317 
2.29 1.03847e-05 1.12449e-05 1.20273e-05 1.27294e-05 1.33482e-05 1.38798e-05 1.43195e-05 1.46614e-05 1.48986e-05 1.50223e-05 
2.29 0.000949225 0.000859314 0.000775359 0.000698198 0.000628736 0.000567953 0.0005169 0.000476709 0.00044859 0.000433839 
2.29 0.0011946 0.00124949 0.00129993 0.00134562 0.00138624 0.00142139 0.00145065 0.00147353 0.00148945 0.00149777 
2.29 1.20808e-05 5.60902e-15 5.60902e-15 5.60902e-15 5.60902e-15 5.60902e-15 5.60902e-15 5.60902e-15 5.60902e-15 5.60902e-15 
2.29 1.10027e-10 1.06239e-10 1.03306e-10 1.01014e-10 9.92199e-11 9.78242e-11 9.67612e-11 9.59861e-11 9.54732e-11 9.5213e-11 
2.30 0.000510451 0.000552945 0.000591607 0.000626311 0.000656899 0.00068318 0.000704918 0.000721826 0.000733552 0.000739671 
2.30 0.000735046 0.000711629 0.000689221 0.000668183 0.000648897 0.000631761 0.00061719 0.000605609 0.000597451 0.000593155 
2.30 0.000716883 0.000691977 0.000668225 0.00064599 0.000625655 0.000607625 0.000592318 0.000580166 0.000571615 0.000567113 
2.30 1.04093e-05 1.12716e-05 1.20561e-05 1.27602e-05 1.33808e-05 1.3914e-05 1.4355e-05 1.4698e-05 1.49359e-05 1.506e-05 
2.30 0.000950366 0.000860556 0.000776697 0.000699626 0.000630248 0.000569538 0.000518548 0.000478406 0.000450323 0.00043559 
2.30 0.00119529 0.00125024 0.00130074 0.00134649 0.00138716 0.00142235 0.00145165 0.00147456 0.0014905 0.00149883 
2.30 1.20808e-05 5.60902e-15 5.60902e-15 5.60902e-15 5.60902e-15 5.60902e-15 5.60902e-15 5.60902e-15 5.60902e-15 5.60902e-15 
2.30 1.0983e-10 1.06051e-10 1.03123e-10 1.00835e-10 9.90437e-11 9.765e-11 9.65882e-11 9.58142e-11 9.53018e-11 9.50419e-11 
2.31 0.000511653 0.000554253 0.000593017 0.000627816 0.000658492 0.000684851 0.000706655 0.000723615 0.000735378 0.000741517 
2.31 0.000736272 0.000712963 0.000690659 0.000669718 0.000650521 0.000633464 0.000618961 0.000607433 0.000599313 0.000595037 
2.31 0.000718048 0.000693244 0.000669591 0.000647448 0.000627198 0.000609243 0.000594 0.000581899 0.000573384 0.000568901 
2.31 1.04338e-05 1.12982e-05 1.20848e-05 1.27908e-05 1.34132e-05 1.3948e-05 1.43903e-05 1.47344e-05 1.49731e-05 1.50976e-05 
2.31 0.000951502 0.000861792 0.000778029 0.000701048 0.000631752 0.000571116 0.000520188 0.000480096 0.000452047 0.000437333 
2.31 0.00119598 0.00125099 0.00130155 0.00134735 0.00138807 0.00142331 0.00145265 0.00147558 0.00149155 0.00149989 
2.31 1.20808e-05 5.60902e-15 5.60902e-15 5.60902e-15 5.60902e-15 5.60902e-15 5.60902e-15 5.60902e-15 5.60902e-15 5.60902e-15 
2.31 1.09635e-10 1.05863e-10 1.02942e-10 1.00658e-10 9.88693e-11 9.74774e-11 9.64168e-11 9.56436e-11 9.51318e-11 9.48721e-11 
2.32 0.000512849 0.000555555 0.000594421 0.000629315 0.000660078 0.000686514 0.000708384 0.000725396 0.000737196 0.000743354 
2.32 0.000737492 0.000714291 0.00069209 0.000671246 0.000652138 0.00063516 0.000620723 0.000609249 0.000601167 0.00059691 
2.32 0.000719207 0.000694506 0.00067095 0.0006489 0.000628734 0.000610854 0.000595674 0.000583624 0.000575145 0.000570681 
2.32 1.04581e-05 1.13247e-05 1.21133e-05 1.28213e-05 1.34455e-05 1.39818e-05 1.44255e-05 1.47707e-05 1.50101e-05 1.5135e-05 
2.32 0.000952632 0.000863022 0.000779355 0.000702463 0.00063325 0.000572686 0.000521821 0.000481778 0.000453764 0.000439068 
2.32 0.00119667 0.00125174 0.00130235 0.00134821 0.00138898 0.00142427 0.00145364 0.0014766 0.00149259 0.00150094 
2.32 1.20808e-05 5.60902e-15 5.60902e-15 5.60902e-15 5.60902e-15 5.60902e-15 5.60902e-15 5.60902e-15 5.60902e-15 5.60902e-15 
2.32 1.09442e-10 1.05678e-10 1.02763e-10 1.00482e-10 9.86962e-11 9.73064e-11 9.62473e-11 9.54747e-11 9.49636e-11 9.47041e-11 
2.33 0.00051404 0.000556851 0.000595817 0.000630806 0.000661655 0.000688169 0.000710105 0.000727169 0.000739006 0.000745183 
2.33 0.000738706 0.000715613 0.000693514 0.000672767 0.000653747 0.000636848 0.000622477 0.000611056 0.000603012 0.000598774 
2.33 0.000720361 0.000695762 0.000672303 0.000650345 0.000630263 0.000612457 0.000597341 0.000585341 0.000576898 0.000572452 
2.33 1.04823e-05 1.13511e-05 1.21417e-05 1.28517e-05 1.34776e-05 1.40155e-05 1.44605e-05 1.48068e-05 1.50469e-05 1.51722e-05 
2.33 0.000953757 0.000864246 0.000780674 0.000703872 0.00063474 0.000574249 0.000523446 0.000483452 0.000455473 0.000440795 
2.33 0.00119735 0.00125248 0.00130315 0.00134907 0.00138988 0.00142522 0.00145463 0.00147762 0.00149362 0.00150199 
2.33 1.20808e-05 5.60902e-15 5.60902e-15 5.60902e-15 5.60902e-15 5.60902e-15 5.60902e-15 5.60902e-15 5.60902e-15 5.60902e-15 
2.33 1.09251e-10 1.05495e-10 1.02585e-10 1.00308e-10 9.85251e-11 9.71373e-11 9.60792e-11 9.53074e-11 9.47968e-11 9.45375e-11 
2.34 0.000515225 0.000558141 0.000597208 0.000632291 0.000663226 0.000689816 0.000711818 0.000728934 0.000740806 0.000747003 
2.34 0.000739915 0.000716928 0.000694932 0.000674281 0.000655349 0.000638528 0.000624223 0.000612855 0.000604848 0.00060063 
2.34 0.000721509 0.000697012 0.00067365 0.000651783 0.000631785 0.000614053 0.000599 0.000587051 0.000578642 0.000574215 
2.34 1.05064e-05 1.13773e-05 1.217e-05 1.28819e-05 1.35096e-05 1.4049e-05 1.44954e-05 1.48427e-05 1.50835e-05 1.52092e-05 
2.34 0.000954877 0.000865465 0.000781987 0.000705274 0.000636224 0.000575805 0.000525063 0.000485118 0.000457174 0.000442514 
2.34 0.00119803 0.00125322 0.00130395 0.00134992 0.00139078 0.00142616 0.00145561 0.00147863 0.00149465 0.00150303 
2.34 1.20808e-05 5.60902e-15 5.60902e-15 5.60902e-15 5.60902e-15 5.60902e-15 5.60902e-15 5.60902e-15 5.60902e-15 5.60902e-15 
2.34 1.09061e-10 1.05313e-10 1.02408e-10 1.00136e-10 9.83553e-11 9.69696e-11 9.59129e-11 9.51419e-11 9.46315e-11 9.43727e-11 
2.35 0.000516405 0.000559425 0.000598592 0.000633768 0.00066479 0.000691456 0.000713523 0.00073069 0.000742599 0.000748815 
2.35 0.000741118 0.000718238 0.000696343 0.000675788 0.000656943 0.0006402 0.000625962 0.000614646 0.000606676 0.000602477 
2.35 0.000722652 0.000698256 0.000674991 0.000653214 0.0006333 0.000615642 0.000600651 0.000588752 0.000580378 0.00057597 
2.35 1.05304e-05 1.14034e-05 1.21982e-05 1.2912e-05 1.35414e-05 1.40824e-05 1.45301e-05 1.48784e-05 1.512e-05 1.52461e-05 
2.35 0.000955991 0.000866678 0.000783295 0.00070667 0.000637701 0.000577354 0.000526673 0.000486777 0.000458867 0.000444225 
2.35 0.00119871 0.00125396 0.00130474 0.00135077 0.00139168 0.0014271 0.00145659 0.00147964 0.00149568 0.00150407 
2.35 1.20808e-05 5.60902e-15 5.60902e-15 5.60902e-15 5.60902e-15 5.60902e-15 5.60902e-15 5.60902e-15 5.60902e-15 5.60902e-15 
2.35 1.08874e-10 1.05133e-10 1.02234e-10 9.99654e-11 9.81871e-11 9.68032e-11 9.57478e-11 9.49777e-11 9.44678e-11 9.42092e-11 
2.36 0.00051758 0.000560704 0.00059997 0.000635239 0.000666346 0.000693088 0.000715219 0.000732438 0.000744384 0.000750618 
2.36 0.000742316 0.000719541 0.000697748 0.000677288 0.00065853 0.000641864 0.000627692 0.000616429 0.000608495 0.000604316 
2.36 0.00072379 0.000699494 0.000676326 0.000654639 0.000634807 0.000617223 0.000602295 0.000590446 0.000582107 0.000577717 
2.36 1.05543e-05 1.14294e-05 1.22262e-05 1.29419e-05 1.35731e-05 1.41156e-05 1.45646e-05 1.4914e-05 1.51563e-05 1.52828e-05 
2.36 0.0009571 0.000867886 0.000784596 0.000708059 0.000639171 0.000578896 0.000528276 0.000488428 0.000460552 0.000445928 
2.36 0.00119938 0.00125469 0.00130553 0.00135161 0.00139257 0.00142804 0.00145756 0.00148064 0.0014967 0.0015051 
2.36 1.20808e-05 5.60902e-15 5.60902e-15 5.60902e-15 5.60902e-15 5.60902e-15 5.60902e-15 5.60902e-15 5.60902e-15 5.60902e-15 
2.36 1.08688e-10 1.04955e-10 1.02061e-10 9.97964e-11 9.80208e-11 9.66386e-11 9.55846e-11 9.48154e-11 9.43059e-11 9.40476e-11 
2.37 0.000518748 0.000561976 0.00060134 0.000636703 0.000667895 0.000694713 0.000716908 0.000734178 0.00074616 0.000752413 
2.37 0.000743508 0.000720839 0.000699146 0.000678781 0.00066011 0.000643521 0.000629414 0.000618203 0.000610306 0.000606146 
2.37 0.000724923 0.000700727 0.000677654 0.000656057 0.000636308 0.000618797 0.000603931 0.000592132 0.000583827 0.000579456 
2.37 1.05781e-05 1.14553e-05 1.22541e-05 1.29717e-05 1.36046e-05 1.41487e-05 1.4599e-05 1.49494e-05 1.51925e-05 1.53193e-05 
2.37 0.000958205 0.000869088 0.000785891 0.000709442 0.000640634 0.00058043 0.000529871 0.000490072 0.000462229 0.000447623 
2.37 0.00120005 0.00125542 0.00130632 0.00135245 0.00139346 0.00142897 0.00145853 0.00148164 0.00149772 0.00150613 
2.37 1.20808e-05 5.60902e-15 5.60902e-15 5.60902e-15 5.60902e-15 5.60902e-15 5.60902e-15 5.60902e-15 5.60902e-15 5.60902e-15 
2.37 1.08503e-10 1.04778e-10 1.01889e-10 9.96285e-11 9.78557e-11 9.64757e-11 9.54227e-11 9.46542e-11 9.41453e-11 9.38871e-11 
2.38 0.000519912 0.000563242 0.000602705 0.00063816 0.000669437 0.00069633 0.000718589 0.00073591 0.000747928 0.0007542 
2.38 0.000744695 0.00072213 0.000700538 0.000680267 0.000661682 0.00064517 0.000631128 0.000619969 0.000612108 0.000607968 
2.38 0.00072605 0.000701954 0.000678976 0.000657469 0.000637802 0.000620364 0.00060556 0.00059381 0.00058554 0.000581187 
2.38 1.06018e-05 1.14811e-05 1.22819e-05 1.30013e-05 1.3636e-05 1.41816e-05 1.46332e-05 1.49846e-05 1.52285e-05 1.53557e-05 
2.38 0.000959304 0.000870284 0.000787181 0.000710819 0.00064209 0.000581958 0.000531459 0.000491708 0.000463898 0.00044931 
2.38 0.00120072 0.00125615 0.0013071 0.00135329 0.00139435 0.0014299 0.00145949 0.00148263 0.00149873 0.00150716 
2.38 1.20808e-05 5.60902e-15 5.60902e-15 5.60902e-15 5.60902e-15 5.60902e-15 5.60902e-15 5.60902e-15 5.60902e-15 5.60902e-15 
2.38 1.08321e-10 1.04603e-10 1.0172e-10 9.94626e-11 9.76924e-11 9.6314e-11 9.52624e-11 9.44949e-11 9.39864e-11 9.37285e-11 
2.39 0.00052107 0.000564503 0.000604064 0.000639611 0.000670972 0.00069794 0.000720263 0.000737634 0.000749688 0.000755979 
2.39 0.000745876 0.000723416 0.000701923 0.000681746 0.000663247 0.000646811 0.000632835 0.000621727 0.000613902 0.000609781 
2.39 0.000727172 0.000703175 0.000680292 0.000658874 0.000639289 0.000621923 0.000607181 0.00059548 0.000587245 0.00058291 
2.39 1.06254e-05 1.15068e-05 1.23095e-05 1.30308e-05 1.36672e-05 1.42144e-05 1.46673e-05 1.50197e-05 1.52643e-05 1.53919e-05 
2.39 0.000960398 0.000871475 0.000788464 0.000712189 0.00064354 0.000583478 0.000533039 0.000493336 0.00046556 0.00045099 
2.39 0.00120138 0.00125687 0.00130788 0.00135412 0.00139523 0.00143082 0.00146045 0.00148362 0.00149974 0.00150818 
2.39 1.20808e-05 5.60902e-15 5.60902e-15 5.60902e-15 5.60902e-15 5.60902e-15 5.60902e-15 5.60902e-15 5.60902e-15 5.60902e-15 
2.39 1.0814e-10 1.0443e-10 1.01551e-10 9.92982e-11 9.75307e-11 9.61541e-11 9.51034e-11 9.43367e-11 9.38288e-11 9.35714e-11 
2.40 0.000522223 0.000565758 0.000605416 0.000641055 0.0006725 0.000699542 0.000721928 0.00073935 0.000751439 0.000757749 
2.40 0.000747052 0.000724695 0.000703302 0.000683218 0.000664805 0.000648445 0.000634533 0.000623477 0.000615688 0.000611586 
2.40 0.000728289 0.00070439 0.000681602 0.000660273 0.000640769 0.000623475 0.000608795 0.000597142 0.000588942 0.000584625 
2.40 1.06489e-05 1.15323e-05 1.2337e-05 1.30602e-05 1.36983e-05 1.4247e-05 1.47012e-05 1.50546e-05 1.52999e-05 1.54279e-05 
2.40 0.000961487 0.00087266 0.000789741 0.000713553 0.000644983 0.000584991 0.000534612 0.000494956 0.000467214 0.000452662 
2.40 0.00120205 0.00125759 0.00130866 0.00135495 0.00139611 0.00143174 0.00146141 0.0014846 0.00150075 0.00150919 
2.40 1.20808e-05 5.60902e-15 5.60902e-15 5.60902e-15 5.60902e-15 5.60902e-15 5.60902e-15 5.60902e-15 5.60902e-15 5.60902e-15 
2.40 1.07961e-10 1.04258e-10 1.01385e-10 9.9135e-11 9.73702e-11 9.59953e-11 9.49461e-11 9.41803e-11 9.36728e-11 9.34156e-11 
2.41 0.000523371 0.000567007 0.000606762 0.000642492 0.000674021 0.000701137 0.000723586 0.000741058 0.000753183 0.000759511 
2.41 0.000748222 0.000725969 0.000704675 0.000684683 0.000666355 0.000650071 0.000636224 0.000625218 0.000617466 0.000613383 
2.41 0.000729401 0.0007056 0.000682906 0.000661665 0.000642242 0.00062502 0.000610401 0.000598797 0.000590631 0.000586332 
2.41 1.06722e-05 1.15577e-05 1.23644e-05 1.30895e-05 1.37292e-05 1.42794e-05 1.47349e-05 1.50894e-05 1.53354e-05 1.54638e-05 
2.41 0.000962571 0.00087384 0.000791013 0.00071491 0.000646419 0.000586497 0.000536178 0.000496569 0.000468861 0.000454326 
2.41 0.00120271 0.00125831 0.00130943 0.00135577 0.00139698 0.00143266 0.00146236 0.00148558 0.00150175 0.0015102 
2.41 1.20808e-05 5.60902e-15 5.60902e-15 5.60902e-15 5.60902e-15 5.60902e-15 5.60902e-15 5.60902e-15 5.60902e-15 5.60902e-15 
2.41 1.07783e-10 1.04087e-10 1.0122e-10 9.89736e-11 9.72114e-11 9.58383e-11 9.47903e-11 9.40251e-11 9.35184e-11 9.32612e-11 
2.42 0.000524513 0.00056825 0.000608102 0.000643923 0.000675535 0.000702725 0.000725236 0.000742759 0.000754918 0.000761265 
2.42 0.000749387 0.000727237 0.000706041 0.000686142 0.000667898 0.00065169 0.000637907 0.000626952 0.000619235 0.000615171 
2.42 0.000730507 0.000706804 0.000684204 0.000663051 0.000643708 0.000626558 0.000612 0.000600444 0.000592312 0.000588031 
2.42 1.06955e-05 1.1583e-05 1.23917e-05 1.31186e-05 1.376e-05 1.43117e-05 1.47685e-05 1.5124e-05 1.53707e-05 1.54995e-05 
2.42 0.00096365 0.000875014 0.000792279 0.000716261 0.000647849 0.000587997 0.000537736 0.000498175 0.0004705 0.000455982 
2.42 0.00120336 0.00125902 0.0013102 0.00135659 0.00139785 0.00143357 0.00146331 0.00148656 0.00150274 0.00151121 
2.42 1.20808e-05 5.60902e-15 5.60902e-15 5.60902e-15 5.60902e-15 5.60902e-15 5.60902e-15 5.60902e-15 5.60902e-15 5.60902e-15 
2.42 1.07607e-10 1.03919e-10 1.01056e-10 9.88133e-11 9.70537e-11 9.56827e-11 9.46359e-11 9.38715e-11 9.33653e-11 9.31083e-11 
2.43 0.00052565 0.000569488 0.000609436 0.000645346 0.000677041 0.000704305 0.000726879 0.000744451 0.000756645 0.000763011 
2.43 0.000750546 0.000728499 0.000707401 0.000687594 0.000669435 0.000653301 0.000639582 0.000628677 0.000620996 0.000616951 
2.43 0.000731608 0.000708003 0.000685496 0.00066443 0.000645167 0.000628089 0.000613591 0.000602083 0.000593985 0.000589722 
2.43 1.07186e-05 1.16082e-05 1.24189e-05 1.31476e-05 1.37907e-05 1.43439e-05 1.48019e-05 1.51584e-05 1.54059e-05 1.5535e-05 
2.43 0.000964724 0.000876183 0.000793538 0.000717606 0.000649272 0.000589489 0.000539288 0.000499773 0.000472131 0.000457631 
2.43 0.00120401 0.00125973 0.00131096 0.00135741 0.00139871 0.00143448 0.00146425 0.00148753 0.00150373 0.00151221 
2.43 1.20808e-05 5.60902e-15 5.60902e-15 5.60902e-15 5.60902e-15 5.60902e-15 5.60902e-15 5.60902e-15 5.60902e-15 5.60902e-15 
2.43 1.07432e-10 1.03751e-10 1.00894e-10 9.86547e-11 9.68977e-11 9.55284e-11 9.4483e-11 9.37194e-11 9.32134e-11 9.29569e-11 
2.44 0.000526782 0.000570719 0.000610763 0.000646763 0.000678541 0.000705878 0.000728514 0.000746136 0.000758365 0.000764749 
2.44 0.0007517 0.000729755 0.000708755 0.000689039 0.000670964 0.000654905 0.000641249 0.000630395 0.000622749 0.000618723 
2.44 0.000732704 0.000709196 0.000686782 0.000665803 0.00064662 0.000629613 0.000615175 0.000603715 0.000595651 0.000591405 
2.44 1.07416e-05 1.16333e-05 1.24459e-05 1.31764e-05 1.38212e-05 1.43759e-05 1.48352e-05 1.51927e-05 1.54409e-05 1.55704e-05 
2.44 0.000965793 0.000877346 0.000794792 0.000718945 0.000650688 0.000590975 0.000540832 0.000501364 0.000473755 0.000459272 
2.44 0.00120466 0.00126044 0.00131173 0.00135822 0.00139957 0.00143538 0.00146519 0.0014885 0.00150472 0.00151321 
2.44 1.20808e-05 5.60902e-15 5.60902e-15 5.60902e-15 5.60902e-15 5.60902e-15 5.60902e-15 5.60902e-15 5.60902e-15 5.60902e-15 
2.44 1.07259e-10 1.03585e-10 1.00733e-10 9.84976e-11 9.67429e-11 9.53756e-11 9.43312e-11 9.35685e-11 9.3063e-11 9.28067e-11 
2.45 0.000527908 0.000571945 0.000612084 0.000648174 0.000680034 0.000707444 0.000730142 0.000747813 0.000760077 0.000766479 
2.45 0.000752849 0.000731005 0.000710102 0.000690477 0.000672486 0.000656501 0.000642908 0.000632105 0.000624494 0.000620486 
2.45 0.000733795 0.000710384 0.000688062 0.00066717 0.000648066 0.000631129 0.000616752 0.000605339 0.000597309 0.000593081 
2.45 1.07645e-05 1.16582e-05 1.24728e-05 1.32051e-05 1.38516e-05 1.44078e-05 1.48683e-05 1.52268e-05 1.54757e-05 1.56056e-05 
2.45 0.000966857 0.000878504 0.00079604 0.000720277 0.000652098 0.000592454 0.000542369 0.000502948 0.000475371 0.000460906 
2.45 0.00120531 0.00126114 0.00131249 0.00135903 0.00140043 0.00143628 0.00146612 0.00148946 0.0015057 0.0015142 
2.45 1.20808e-05 5.60902e-15 5.60902e-15 5.60902e-15 5.60902e-15 5.60902e-15 5.60902e-15 5.60902e-15 5.60902e-15 5.60902e-15 
2.45 1.07088e-10 1.03421e-10 1.00574e-10 9.83417e-11 9.65895e-11 9.52239e-11 9.4181e-11 9.34192e-11 9.29142e-11 9.26582e-11 
2.46 0.000529029 0.000573165 0.000613399 0.000649578 0.000681519 0.000709002 0.000731762 0.000749482 0.00076178 0.000768201 
2.46 0.000753992 0.000732249 0.000711443 0.000691909 0.000674001 0.00065809 0.00064456 0.000633806 0.000626231 0.000622241 
2.46 0.000734882 0.000711566 0.000689336 0.00066853 0.000649505 0.000632639 0.000618321 0.000606956 0.000598959 0.000594749 
2.46 1.07873e-05 1.1683e-05 1.24995e-05 1.32337e-05 1.38818e-05 1.44395e-05 1.49013e-05 1.52608e-05 1.55104e-05 1.56406e-05 
2.46 0.000967916 0.000879657 0.000797282 0.000721603 0.000653501 0.000593926 0.000543899 0.000504524 0.00047698 0.000462532 
2.46 0.00120595 0.00126184 0.00131324 0.00135984 0.00140128 0.00143717 0.00146705 0.00149042 0.00150668 0.00151519 
2.46 1.20808e-05 5.60902e-15 5.60902e-15 5.60902e-15 5.60902e-15 5.60902e-15 5.60902e-15 5.60902e-15 5.60902e-15 5.60902e-15 
2.46 1.06918e-10 1.03258e-10 1.00416e-10 9.81873e-11 9.64378e-11 9.50738e-11 9.40319e-11 9.32709e-11 9.27665e-11 9.25106e-11 
2.47 0.000530145 0.00057438 0.000614708 0.000650976 0.000682998 0.000710553 0.000733375 0.000751143 0.000763476 0.000769915 
2.47 0.00075513 0.000733488 0.000712778 0.000693334 0.000675509 0.000659672 0.000646204 0.0006355 0.00062796 0.000623988 
2.47 0.000735963 0.000712743 0.000690604 0.000669884 0.000650938 0.000634141 0.000619883 0.000608565 0.000600601 0.000596409 
2.47 1.081e-05 1.17077e-05 1.25261e-05 1.32621e-05 1.39119e-05 1.44711e-05 1.49341e-05 1.52946e-05 1.55449e-05 1.56755e-05 
2.47 0.00096897 0.000880804 0.000798518 0.000722923 0.000654898 0.000595391 0.000545422 0.000506093 0.000478581 0.00046415 
2.47 0.00120659 0.00126254 0.00131399 0.00136064 0.00140213 0.00143806 0.00146798 0.00149137 0.00150765 0.00151617 
2.47 1.20808e-05 5.60902e-15 5.60902e-15 5.60902e-15 5.60902e-15 5.60902e-15 5.60902e-15 5.60902e-15 5.60902e-15 5.60902e-15 
2.47 1.06749e-10 1.03097e-10 1.00259e-10 9.80344e-11 9.62872e-11 9.49249e-11 9.38843e-11 9.31242e-11 9.26203e-11 9.23647e-11 
2.48 0.000531256 0.000575589 0.000616011 0.000652367 0.00068447 0.000712097 0.00073498 0.000752797 0.000765164 0.000771621 
2.48 0.000756263 0.000734721 0.000714107 0.000694753 0.00067701 0.000661246 0.000647841 0.000637186 0.000629681 0.000625727 
2.48 0.000737039 0.000713914 0.000691866 0.000671232 0.000652364 0.000635637 0.000621438 0.000610167 0.000602236 0.000598061 
2.48 1.08326e-05 1.17323e-05 1.25526e-05 1.32904e-05 1.39419e-05 1.45025e-05 1.49668e-05 1.53283e-05 1.55792e-05 1.57102e-05 
2.48 0.000970019 0.000881946 0.000799749 0.000724237 0.000656288 0.000596849 0.000546938 0.000507655 0.000480175 0.000465761 
2.48 0.00120723 0.00126323 0.00131474 0.00136144 0.00140297 0.00143895 0.0014689 0.00149232 0.00150862 0.00151715 
2.48 1.20808e-05 5.60902e-15 5.60902e-15 5.60902e-15 5.60902e-15 5.60902e-15 5.60902e-15 5.60902e-15 5.60902e-15 5.60902e-15 
2.48 1.06582e-10 1.02937e-10 1.00104e-10 9.78826e-11 9.6138e-11 9.47775e-11 9.37382e-11 9.29787e-11 9.24752e-11 9.22198e-11 
2.49 0.000532362 0.000576793 0.000617308 0.000653752 0.000685935 0.000713634 0.000736578 0.000754443 0.000766844 0.000773319 
2.49 0.00075739 0.000735948 0.000715429 0.000696165 0.000678504 0.000662813 0.00064947 0.000638864 0.000631394 0.000627459 
2.49 0.00073811 0.00071508 0.000693123 0.000672573 0.000653784 0.000637126 0.000622985 0.000611762 0.000603863 0.000599706 
2.49 1.08551e-05 1.17568e-05 1.2579e-05 1.33186e-05 1.39717e-05 1.45338e-05 1.49993e-05 1.53618e-05 1.56134e-05 1.57448e-05 
2.49 0.000971064 0.000883083 0.000800974 0.000725545 0.000657672 0.0005983 0.000548447 0.000509209 0.000481762 0.000467364 
2.49 0.00120786 0.00126392 0.00131548 0.00136223 0.00140381 0.00143983 0.00146982 0.00149326 0.00150959 0.00151812 
2.49 1.20808e-05 5.60902e-15 5.60902e-15 5.60902e-15 5.60902e-15 5.60902e-15 5.60902e-15 5.60902e-15 5.60902e-15 5.60902e-15 
2.49 1.06417e-10 1.02778e-10 9.99501e-11 9.77324e-11 9.599e-11 9.46314e-11 9.35932e-11 9.28346e-11 9.23316e-11 9.20765e-11 
2.50 0.000533463 0.00057799 0.000618599 0.00065513 0.000687394 0.000715164 0.000738168 0.000756082 0.000768516 0.000775009 
2.50 0.000758512 0.000737169 0.000716745 0.00069757 0.000679991 0.000664373 0.000651091 0.000640535 0.000633099 0.000629182 
2.50 0.000739176 0.00071624 0.000694374 0.000673908 0.000655197 0.000638608 0.000624526 0.000613349 0.000605483 0.000601343 
2.50 1.08775e-05 1.17812e-05 1.26053e-05 1.33466e-05 1.40014e-05 1.45649e-05 1.50317e-05 1.53951e-05 1.56474e-05 1.57792e-05 
2.50 0.000972104 0.000884215 0.000802193 0.000726847 0.00065905 0.000599745 0.000549949 0.000510756 0.000483341 0.00046896 
2.50 0.00120849 0.00126461 0.00131622 0.00136302 0.00140465 0.00144071 0.00147073 0.0014942 0.00151055 0.00151909 
2.50 1.20808e-05 5.60902e-15 5.60902e-15 5.60902e-15 5.60902e-15 5.60902e-15 5.60902e-15 5.60902e-15 5.60902e-15 5.60902e-15 
2.50 1.06253e-10 1.02621e-10 9.97974e-11 9.75831e-11 9.58433e-11 9.44865e-11 9.34496e-11 9.26916e-11 9.21894e-11 9.19342e-11 
2.51 0.000534558 0.000579183 0.000619884 0.000656502 0.000688846 0.000716687 0.000739751 0.000757713 0.000770181 0.000776691 
2.51 0.000759629 0.000738385 0.000718055 0.000698969 0.000681471 0.000665925 0.000652705 0.000642198 0.000634796 0.000630897 
2.51 0.000740238 0.000717395 0.000695619 0.000675237 0.000656603 0.000640083 0.000626059 0.000614929 0.000607096 0.000602972 
2.51 1.08998e-05 1.18055e-05 1.26315e-05 1.33745e-05 1.40309e-05 1.45959e-05 1.50639e-05 1.54283e-05 1.56813e-05 1.58134e-05 
2.51 0.000973139 0.000885341 0.000803407 0.000728143 0.000660421 0.000601183 0.000551444 0.000512296 0.000484913 0.000470549 
2.51 0.00120912 0.00126529 0.00131696 0.00136381 0.00140548 0.00144158 0.00147164 0.00149514 0.0015115 0.00152006 
2.51 1.20808e-05 5.60902e-15 5.60902e-15 5.60902e-15 5.60902e-15 5.60902e-15 5.60902e-15 5.60902e-15 5.60902e-15 5.60902e-15 
2.51 1.0609e-10 1.02465e-10 9.96463e-11 9.74354e-11 9.56982e-11 9.4343e-11 9.33072e-11 9.255e-11 9.20484e-11 9.17934e-11 
2.52 0.000535649 0.00058037 0.000621163 0.000657868 0.000690291 0.000718202 0.000741327 0.000759336 0.000771838 0.000778366 
2.52 0.000760741 0.000739595 0.000719359 0.000700361 0.000682945 0.00066747 0.000654311 0.000643853 0.000636485 0.000632605 
2.52 0.000741294 0.000718545 0.000696858 0.00067656 0.000658003 0.000641551 0.000627585 0.000616501 0.000608701 0.000604594 
2.52 1.0922e-05 1.18296e-05 1.26575e-05 1.34023e-05 1.40603e-05 1.46267e-05 1.50959e-05 1.54613e-05 1.5715e-05 1.58475e-05 
2.52 0.000974169 0.000886462 0.000804615 0.000729433 0.000661786 0.000602614 0.000552932 0.000513829 0.000486478 0.00047213 
2.52 0.00120975 0.00126597 0.00131769 0.00136459 0.00140631 0.00144245 0.00147254 0.00149607 0.00151245 0.00152102 
2.52 1.20808e-05 5.60902e-15 5.60902e-15 5.60902e-15 5.60902e-15 5.60902e-15 5.60902e-15 5.60902e-15 5.60902e-15 5.60902e-15 
2.52 1.05929e-10 1.0231e-10 9.94967e-11 9.72891e-11 9.5554e-11 9.42006e-11 9.31661e-11 9.24098e-11 9.19084e-11 9.1654e-11 
2.53 0.000536735 0.000581551 0.000622437 0.000659227 0.000691729 0.000719711 0.000742895 0.000760952 0.000773487 0.000780032 
2.53 0.000761848 0.000740799 0.000720657 0.000701747 0.000684411 0.000669008 0.00065591 0.0006455 0.000638167 0.000634304 
2.53 0.000742346 0.00071969 0.000698091 0.000677877 0.000659396 0.000643012 0.000629104 0.000618066 0.000610298 0.000606209 
2.53 1.09441e-05 1.18537e-05 1.26834e-05 1.343e-05 1.40896e-05 1.46574e-05 1.51278e-05 1.54942e-05 1.57486e-05 1.58814e-05 
2.53 0.000975194 0.000887578 0.000805818 0.000730717 0.000663144 0.000604039 0.000554413 0.000515355 0.000488035 0.000473704 
2.53 0.00121037 0.00126665 0.00131842 0.00136537 0.00140714 0.00144331 0.00147344 0.001497 0.0015134 0.00152198 
2.53 1.20808e-05 5.60902e-15 5.60902e-15 5.60902e-15 5.60902e-15 5.60902e-15 5.60902e-15 5.60902e-15 5.60902e-15 5.60902e-15 
2.53 1.05769e-10 1.02157e-10 9.9348e-11 9.71438e-11 9.54113e-11 9.40595e-11 9.3026e-11 9.22706e-11 9.17698e-11 9.15157e-11 
2.54 0.000537815 0.000582727 0.000623704 0.00066058 0.000693161 0.000721212 0.000744456 0.00076256 0.000775129 0.000781691 
2.54 0.000762949 0.000741998 0.000721949 0.000703127 0.000685871 0.000670539 0.000657502 0.00064714 0.000639841 0.000635996 
2.54 0.000743393 0.000720829 0.000699319 0.000679188 0.000660783 0.000644466 0.000630616 0.000619624 0.000611888 0.000607816 
2.54 1.09661e-05 1.18776e-05 1.27092e-05 1.34575e-05 1.41187e-05 1.46879e-05 1.51596e-05 1.55269e-05 1.5782e-05 1.59152e-05 
2.54 0.000976215 0.000888689 0.000807015 0.000731995 0.000664496 0.000605457 0.000555887 0.000516874 0.000489585 0.000475271 
2.54 0.00121099 0.00126732 0.00131915 0.00136615 0.00140796 0.00144417 0.00147433 0.00149792 0.00151434 0.00152293 
2.54 1.20808e-05 5.60902e-15 5.60902e-15 5.60902e-15 5.60902e-15 5.60902e-15 5.60902e-15 5.60902e-15 5.60902e-15 5.60902e-15 
2.54 1.05611e-10 1.02005e-10 9.92008e-11 9.7e-11 9.527e-11 9.39195e-11 9.28874e-11 9.21329e-11 9.16326e-11 9.13788e-11 
2.55 0.00053889 0.000583897 0.000624965 0.000661927 0.000694586 0.000722707 0.00074601 0.000764161 0.000776763 0.000783343 
2.55 0.000764046 0.000743191 0.000723235 0.0007045 0.000687324 0.000672063 0.000659086 0.000648772 0.000641507 0.00063768 
2.55 0.000744435 0.000721963 0.000700541 0.000680493 0.000662163 0.000645914 0.000632121 0.000621174 0.000613471 0.000609416 
2.55 1.0988e-05 1.19014e-05 1.27349e-05 1.34849e-05 1.41477e-05 1.47183e-05 1.51912e-05 1.55595e-05 1.58152e-05 1.59488e-05 
2.55 0.000977231 0.000889794 0.000808207 0.000733267 0.000665842 0.000606869 0.000557354 0.000518386 0.000491128 0.000476831 
2.55 0.00121161 0.00126799 0.00131987 0.00136692 0.00140878 0.00144503 0.00147522 0.00149884 0.00151528 0.00152388 
2.55 1.20808e-05 5.60902e-15 5.60902e-15 5.60902e-15 5.60902e-15 5.60902e-15 5.60902e-15 5.60902e-15 5.60902e-15 5.60902e-15 
2.55 1.05454e-10 1.01855e-10 9.9055e-11 9.68575e-11 9.51296e-11 9.37808e-11 9.27498e-11 9.19961e-11 9.14963e-11 9.12427e-11 
2.56 0.00053996 0.000585062 0.000626221 0.000663268 0.000696005 0.000724195 0.000747557 0.000765755 0.000778389 0.000784987 
2.56 0.000765137 0.000744379 0.000724516 0.000705867 0.00068877 0.00067358 0.000660663 0.000650397 0.000643165 0.000639356 
2.56 0.000745472 0.000723092 0.000701757 0.000681792 0.000663537 0.000647355 0.000633619 0.000622718 0.000615046 0.000611008 
2.56 1.10098e-05 1.19251e-05 1.27604e-05 1.35122e-05 1.41766e-05 1.47486e-05 1.52227e-05 1.55919e-05 1.58483e-05 1.59822e-05 
2.56 0.000978242 0.000890895 0.000809393 0.000734533 0.000667182 0.000608274 0.000558815 0.000519891 0.000492664 0.000478383 
2.56 0.00121222 0.00126866 0.00132059 0.00136769 0.00140959 0.00144588 0.00147611 0.00149975 0.00151621 0.00152482 
2.56 1.20808e-05 5.60902e-15 5.60902e-15 5.60902e-15 5.60902e-15 5.60902e-15 5.60902e-15 5.60902e-15 5.60902e-15 5.60902e-15 
2.56 1.05298e-10 1.01705e-10 9.89101e-11 9.6716e-11 9.49907e-11 9.36435e-11 9.26135e-11 9.18607e-11 9.13615e-11 9.11081e-11 
2.57 0.000541026 0.000586222 0.000627471 0.000664602 0.000697416 0.000725676 0.000749096 0.00076734 0.000780008 0.000786623 
2.57 0.000766223 0.000745562 0.00072579 0.000707228 0.00069021 0.00067509 0.000662233 0.000652014 0.000644816 0.000641024 
2.57 0.000746504 0.000724215 0.000702968 0.000683084 0.000664905 0.00064879 0.000635111 0.000624254 0.000616614 0.000612593 
2.57 1.10315e-05 1.19487e-05 1.27858e-05 1.35394e-05 1.42053e-05 1.47787e-05 1.5254e-05 1.56242e-05 1.58812e-05 1.60155e-05 
2.57 0.000979248 0.00089199 0.000810573 0.000735794 0.000668516 0.000609672 0.000560269 0.000521389 0.000494193 0.000479928 
2.57 0.00121283 0.00126933 0.00132131 0.00136845 0.0014104 0.00144673 0.00147699 0.00150066 0.00151714 0.00152576 
2.57 1.20808e-05 5.60902e-15 5.60902e-15 5.60902e-15 5.60902e-15 5.60902e-15 5.60902e-15 5.60902e-15 5.60902e-15 5.60902e-15 
2.57 1.05143e-10 1.01557e-10 9.87667e-11 9.65758e-11 9.48527e-11 9.35072e-11 9.24785e-11 9.17263e-11 9.12276e-11 9.09744e-11 
2.58 0.000542087 0.000587377 0.000628715 0.00066593 0.000698822 0.00072715 0.000750628 0.000768919 0.000781619 0.000788252 
2.58 0.000767305 0.000746739 0.000727059 0.000708582 0.000691643 0.000676593 0.000663795 0.000653624 0.000646459 0.000642685 
2.58 0.000747531 0.000725333 0.000704173 0.000684371 0.000666267 0.000650218 0.000636595 0.000625783 0.000618175 0.00061417 
2.58 1.10531e-05 1.19722e-05 1.28111e-05 1.35664e-05 1.42339e-05 1.48087e-05 1.52852e-05 1.56563e-05 1.5914e-05 1.60486e-05 
2.58 0.00098025 0.00089308 0.000811748 0.000737048 0.000669843 0.000611064 0.000561716 0.00052288 0.000495715 0.000481466 
2.58 0.00121344 0.00126999 0.00132202 0.00136921 0.0014112 0.00144758 0.00147787 0.00150156 0.00151806 0.00152669 
2.58 1.20808e-05 5.60902e-15 5.60902e-15 5.60902e-15 5.60902e-15 5.60902e-15 5.60902e-15 5.60902e-15 5.60902e-15 5.60902e-15 
2.58 1.0499e-10 1.01411e-10 9.86246e-11 9.64367e-11 9.4716e-11 9.33721e-11 9.23445e-11 9.15933e-11 9.1095e-11 9.08421e-11 
2.59 0.000543143 0.000588525 0.000629953 0.000667252 0.000700221 0.000728617 0.000752153 0.00077049 0.000783223 0.000789872 
2.59 0.000768381 0.000747911 0.000728322 0.00070993 0.000693069 0.000678089 0.00066535 0.000655226 0.000648094 0.000644338 
2.59 0.000748554 0.000726446 0.000705372 0.000685652 0.000667622 0.000651639 0.000638073 0.000627305 0.000619729 0.00061574 
2.59 1.10746e-05 1.19956e-05 1.28363e-05 1.35933e-05 1.42624e-05 1.48386e-05 1.53162e-05 1.56883e-05 1.59466e-05 1.60816e-05 
2.59 0.000981247 0.000894165 0.000812918 0.000738297 0.000671164 0.00061245 0.000563157 0.000524364 0.00049723 0.000482997 
2.59 0.00121405 0.00127065 0.00132273 0.00136997 0.001412 0.00144842 0.00147874 0.00150246 0.00151898 0.00152762 
2.59 1.20808e-05 5.60902e-15 5.60902e-15 5.60902e-15 5.60902e-15 5.60902e-15 5.60902e-15 5.60902e-15 5.60902e-15 5.60902e-15 
2.59 1.04839e-10 1.01265e-10 9.84834e-11 9.62988e-11 9.45802e-11 9.32384e-11 9.22119e-11 9.14611e-11 9.09634e-11 9.07107e-11 
2.60 0.000544193 0.000589669 0.000631186 0.000668568 0.000701613 0.000730077 0.000753671 0.000772054 0.000784819 0.000791486 
2.60 0.000769453 0.000749077 0.000729579 0.000711272 0.000694489 0.000679578 0.000666898 0.000656821 0.000649722 0.000645983 
2.60 0.000749572 0.000727554 0.000706566 0.000686927 0.000668971 0.000653054 0.000639544 0.00062882 0.000621275 0.000617303 
2.60 1.1096e-05 1.20189e-05 1.28614e-05 1.36201e-05 1.42907e-05 1.48683e-05 1.53471e-05 1.57201e-05 1.59791e-05 1.61144e-05 
2.60 0.000982239 0.000895246 0.000814082 0.00073954 0.000672479 0.000613829 0.000564591 0.000525841 0.000498738 0.000484521 
2.60 0.00121465 0.00127131 0.00132344 0.00137072 0.0014128 0.00144925 0.00147961 0.00150336 0.00151989 0.00152855 
2.60 1.20808e-05 5.60902e-15 5.60902e-15 5.60902e-15 5.60902e-15 5.60902e-15 5.60902e-15 5.60902e-15 5.60902e-15 5.60902e-15 
2.60 1.04688e-10 1.01121e-10 9.83437e-11 9.61622e-11 9.44458e-11 9.31056e-11 9.20801e-11 9.13302e-11 9.0833e-11 9.05806e-11 
2.61 0.000545239 0.000590807 0.000632412 0.000669878 0.000702999 0.000731531 0.000755182 0.000773611 0.000786408 0.000793092 
2.61 0.00077052 0.000750238 0.00073083 0.000712608 0.000695902 0.00068106 0.000668439 0.000658408 0.000651342 0.000647621 
2.61 0.000750585 0.000728657 0.000707755 0.000688196 0.000670314 0.000654462 0.000641008 0.000630328 0.000622814 0.000618859 
2.61 1.11173e-05 1.20421e-05 1.28864e-05 1.36468e-05 1.43189e-05 1.48979e-05 1.53778e-05 1.57518e-05 1.60114e-05 1.61471e-05 
2.61 0.000983227 0.000896321 0.000815241 0.000740777 0.000673788 0.000615202 0.000566018 0.000527311 0.000500239 0.000486038 
2.61 0.00121525 0.00127196 0.00132414 0.00137148 0.0014136 0.00145008 0.00148048 0.00150425 0.00152081 0.00152947 
2.61 1.20808e-05 5.60902e-15 5.60902e-15 5.60902e-15 5.60902e-15 5.60902e-15 5.60902e-15 5.60902e-15 5.60902e-15 5.60902e-15 
2.61 1.04539e-10 1.00978e-10 9.82054e-11 9.60271e-11 9.43128e-11 9.29738e-11 9.19497e-11 9.12007e-11 9.07041e-11 9.04519e-11 
2.62 0.00054628 0.00059194 0.000633633 0.000671182 0.000704379 0.000732977 0.000756686 0.000775161 0.00078799 0.00079469 
2.62 0.000771582 0.000751393 0.000732075 0.000713937 0.000697309 0.000682535 0.000669973 0.000659988 0.000652955 0.000649251 
2.62 0.000751594 0.000729755 0.000708938 0.000689459 0.00067165 0.000655864 0.000642465 0.00063183 0.000624346 0.000620407 
2.62 1.11385e-05 1.20652e-05 1.29113e-05 1.36733e-05 1.4347e-05 1.49273e-05 1.54084e-05 1.57833e-05 1.60436e-05 1.61796e-05 
2.62 0.00098421 0.000897391 0.000816394 0.000742008 0.000675091 0.000616569 0.000567438 0.000528775 0.000501732 0.000487548 
2.62 0.00121585 0.00127261 0.00132484 0.00137223 0.00141439 0.00145091 0.00148134 0.00150514 0.00152172 0.00153039 
2.62 1.20808e-05 5.60902e-15 5.60902e-15 5.60902e-15 5.60902e-15 5.60902e-15 5.60902e-15 5.60902e-15 5.60902e-15 5.60902e-15 
2.62 1.04391e-10 1.00836e-10 9.80678e-11 9.58927e-11 9.41809e-11 9.28434e-11 9.18204e-11 9.10721e-11 9.05759e-11 9.0324e-11 
2.63 0.000547316 0.000593068 0.000634849 0.00067248 0.000705751 0.000734417 0.000758184 0.000776703 0.000789565 0.000796281 
2.63 0.000772638 0.000752543 0.000733314 0.00071526 0.000698709 0.000684004 0.000671499 0.000661561 0.00065456 0.000650873 
2.63 0.000752598 0.000730848 0.000710116 0.000690716 0.00067298 0.000657259 0.000643915 0.000633324 0.000625871 0.000621948 
2.63 1.11596e-05 1.20881e-05 1.2936e-05 1.36997e-05 1.43749e-05 1.49566e-05 1.54389e-05 1.58147e-05 1.60757e-05 1.6212e-05 
2.63 0.000985189 0.000898456 0.000817542 0.000743234 0.000676388 0.000617929 0.000568852 0.000530232 0.000503219 0.000489051 
2.63 0.00121644 0.00127326 0.00132554 0.00137297 0.00141518 0.00145174 0.0014822 0.00150603 0.00152262 0.0015313 
2.63 1.20808e-05 5.60902e-15 5.60902e-15 5.60902e-15 5.60902e-15 5.60902e-15 5.60902e-15 5.60902e-15 5.60902e-15 5.60902e-15 
2.63 1.04245e-10 1.00696e-10 9.79315e-11 9.57597e-11 9.405e-11 9.2714e-11 9.16922e-11 9.09447e-11 9.04491e-11 9.01975e-11 
2.64 0.000548348 0.000594191 0.000636059 0.000673772 0.000707118 0.000735851 0.000759674 0.000778238 0.000791131 0.000797865 
2.64 0.00077369 0.000753688 0.000734548 0.000716577 0.000700103 0.000685466 0.000673019 0.000663126 0.000656158 0.000652488 
2.64 0.000753597 0.000731936 0.000711288 0.000691967 0.000674304 0.000658648 0.000645359 0.000634811 0.000627389 0.000623482 
2.64 1.11806e-05 1.2111e-05 1.29606e-05 1.3726e-05 1.44027e-05 1.49858e-05 1.54692e-05 1.58459e-05 1.61076e-05 1.62442e-05 
2.64 0.000986163 0.000899516 0.000818685 0.000744454 0.000677679 0.000619283 0.00057026 0.000531682 0.000504699 0.000490547 
2.64 0.00121703 0.0012739 0.00132624 0.00137371 0.00141596 0.00145256 0.00148306 0.00150691 0.00152352 0.00153221 
2.64 1.20808e-05 5.60902e-15 5.60902e-15 5.60902e-15 5.60902e-15 5.60902e-15 5.60902e-15 5.60902e-15 5.60902e-15 5.60902e-15 
2.64 1.04099e-10 1.00556e-10 9.77965e-11 9.56275e-11 9.39203e-11 9.2586e-11 9.15652e-11 9.08185e-11 9.03232e-11 9.00717e-11 
2.65 0.000549374 0.000595308 0.000637263 0.000675058 0.000708479 0.000737278 0.000761157 0.000779766 0.000792691 0.000799442 
2.65 0.000774737 0.000754827 0.000735776 0.000717888 0.00070149 0.000686921 0.000674531 0.000664684 0.000657749 0.000654095 
2.65 0.000754592 0.000733018 0.000712455 0.000693213 0.000675622 0.00066003 0.000646796 0.000636292 0.0006289 0.000625009 
2.65 1.12015e-05 1.21337e-05 1.29851e-05 1.37522e-05 1.44304e-05 1.50148e-05 1.54994e-05 1.5877e-05 1.61393e-05 1.62763e-05 
2.65 0.000987133 0.000900572 0.000819822 0.000745669 0.000678964 0.000620631 0.000571661 0.000533125 0.000506172 0.000492036 
2.65 0.00121762 0.00127454 0.00132693 0.00137445 0.00141674 0.00145338 0.00148391 0.00150779 0.00152441 0.00153311 
2.65 1.20808e-05 5.60902e-15 5.60902e-15 5.60902e-15 5.60902e-15 5.60902e-15 5.60902e-15 5.60902e-15 5.60902e-15 5.60902e-15 
2.65 1.03955e-10 1.00418e-10 9.76627e-11 9.54965e-11 9.37914e-11 9.24588e-11 9.14394e-11 9.06933e-11 9.01985e-11 8.99472e-11 
2.66 0.000550396 0.000596421 0.000638462 0.000676338 0.000709833 0.000738698 0.000762634 0.000781287 0.000794244 0.00080101 
2.66 0.000775779 0.000755961 0.000736998 0.000719193 0.000702871 0.000688369 0.000676037 0.000666235 0.000659332 0.000655695 
2.66 0.000755582 0.000734096 0.000713616 0.000694453 0.000676934 0.000661406 0.000648226 0.000637766 0.000630404 0.000626529 
2.66 1.12223e-05 1.21563e-05 1.30095e-05 1.37782e-05 1.4458e-05 1.50437e-05 1.55294e-05 1.5908e-05 1.61709e-05 1.63082e-05 
2.66 0.000988098 0.000901623 0.000820954 0.000746878 0.000680243 0.000621972 0.000573056 0.000534562 0.000507639 0.000493518 
2.66 0.00121821 0.00127518 0.00132762 0.00137518 0.00141752 0.0014542 0.00148476 0.00150866 0.0015253 0.00153401 
2.66 1.20808e-05 5.60902e-15 5.60902e-15 5.60902e-15 5.60902e-15 5.60902e-15 5.60902e-15 5.60902e-15 5.60902e-15 5.60902e-15 
2.66 1.03812e-10 1.00281e-10 9.75298e-11 9.53668e-11 9.36638e-11 9.23328e-11 9.13144e-11 9.05692e-11 9.00745e-11 8.98235e-11 
2.67 0.000551413 0.000597528 0.000639655 0.000677612 0.000711181 0.000740112 0.000764104 0.000782802 0.000795789 0.000802572 
2.67 0.000776816 0.00075709 0.000738214 0.000720492 0.000704245 0.00068981 0.000677535 0.000667779 0.000660908 0.000657288 
2.67 0.000756568 0.000735168 0.000714772 0.000695687 0.00067824 0.000662775 0.00064965 0.000639232 0.000631901 0.000628042 
2.67 1.1243e-05 1.21789e-05 1.30338e-05 1.38041e-05 1.44854e-05 1.50725e-05 1.55593e-05 1.59388e-05 1.62023e-05 1.634e-05 
2.67 0.000989059 0.000902669 0.000822081 0.000748081 0.000681516 0.000623307 0.000574444 0.000535992 0.000509099 0.000494993 
2.67 0.00121879 0.00127582 0.0013283 0.00137591 0.00141829 0.00145501 0.0014856 0.00150953 0.00152619 0.00153491 
2.67 1.20808e-05 5.60902e-15 5.60902e-15 5.60902e-15 5.60902e-15 5.60902e-15 5.60902e-15 5.60902e-15 5.60902e-15 5.60902e-15 
2.67 1.0367e-10 1.00145e-10 9.73982e-11 9.5238e-11 9.35374e-11 9.22081e-11 9.11906e-11 9.0446e-11 8.99518e-11 8.9701e-11 
2.68 0.000552426 0.000598629 0.000640843 0.00067888 0.000712523 0.000741519 0.000765567 0.000784309 0.000797327 0.000804127 
2.68 0.000777848 0.000758214 0.000739425 0.000721785 0.000705613 0.000691245 0.000679027 0.000669316 0.000662476 0.000658873 
2.68 0.000757549 0.000736236 0.000715922 0.000696915 0.00067954 0.000664138 0.000651067 0.000640692 0.000633391 0.000629548 
2.68 1.12636e-05 1.22013e-05 1.3058e-05 1.38299e-05 1.45127e-05 1.51011e-05 1.55891e-05 1.59695e-05 1.62336e-05 1.63716e-05 
2.68 0.000990015 0.00090371 0.000823203 0.000749278 0.000682784 0.000624636 0.000575825 0.000537416 0.000510552 0.000496461 
2.68 0.00121937 0.00127645 0.00132898 0.00137664 0.00141906 0.00145582 0.00148644 0.00151039 0.00152707 0.0015358 
2.68 1.20808e-05 5.60902e-15 5.60902e-15 5.60902e-15 5.60902e-15 5.60902e-15 5.60902e-15 5.60902e-15 5.60902e-15 5.60902e-15 
2.68 1.03529e-10 1.00011e-10 9.72674e-11 9.51103e-11 9.34118e-11 9.2084e-11 9.10676e-11 9.03239e-11 8.98304e-11 8.95798e-11 
2.69 0.000553434 0.000599726 0.000642025 0.000680142 0.000713859 0.00074292 0.000767023 0.000785809 0.000798859 0.000805675 
2.69 0.000778876 0.000759332 0.00074063 0.000723072 0.000706975 0.000692673 0.000680512 0.000670846 0.000664037 0.000660451 
2.69 0.000758525 0.000737299 0.000717067 0.000698138 0.000680834 0.000665495 0.000652477 0.000642145 0.000634875 0.000631047 
2.69 1.12841e-05 1.22236e-05 1.30821e-05 1.38556e-05 1.45399e-05 1.51296e-05 1.56187e-05 1.6e-05 1.62648e-05 1.64031e-05 
2.69 0.000990967 0.000904746 0.00082432 0.00075047 0.000684045 0.000625959 0.0005772 0.000538833 0.000511998 0.000497923 
2.69 0.00121995 0.00127708 0.00132966 0.00137736 0.00141983 0.00145662 0.00148727 0.00151125 0.00152795 0.00153669 
2.69 1.20808e-05 5.60902e-15 5.60902e-15 5.60902e-15 5.60902e-15 5.60902e-15 5.60902e-15 5.60902e-15 5.60902e-15 5.60902e-15 
2.69 1.03389e-10 9.98766e-11 9.71377e-11 9.49838e-11 9.32874e-11 9.19612e-11 9.09458e-11 9.02027e-11 8.97096e-11 8.94593e-11 
2.70 0.000554437 0.000600818 0.000643202 0.000681398 0.000715188 0.000744314 0.000768472 0.000787302 0.000800383 0.000807215 
2.70 0.000779899 0.000760445 0.00074183 0.000724353 0.000708331 0.000694095 0.00068199 0.000672368 0.000665591 0.000662022 
2.70 0.000759497 0.000738356 0.000718207 0.000699355 0.000682122 0.000666846 0.000653881 0.000643592 0.000636351 0.00063254 
2.70 1.13045e-05 1.22458e-05 1.3106e-05 1.38812e-05 1.45669e-05 1.5158e-05 1.56482e-05 1.60304e-05 1.62958e-05 1.64345e-05 
2.70 0.000991915 0.000905777 0.000825431 0.000751657 0.000685301 0.000627276 0.000578569 0.000540243 0.000513437 0.000499378 
2.70 0.00122053 0.0012777 0.00133033 0.00137808 0.00142059 0.00145742 0.0014881 0.00151211 0.00152882 0.00153757 
2.70 1.20808e-05 5.60902e-15 5.60902e-15 5.60902e-15 5.60902e-15 5.60902e-15 5.60902e-15 5.60902e-15 5.60902e-15 5.60902e-15 
2.70 1.03251e-10 9.97441e-11 9.70093e-11 9.48581e-11 9.3164e-11 9.18392e-11 9.08248e-11 9.00826e-11 8.95901e-11 8.934e-11 
2.71 0.000555436 0.000601905 0.000644373 0.000682649 0.000716511 0.000745702 0.000769915 0.000788789 0.000801899 0.000808748 
2.71 0.000780917 0.000761553 0.000743024 0.000725628 0.00070968 0.00069551 0.000683461 0.000673884 0.000667138 0.000663585 
2.71 0.000760464 0.000739409 0.000719342 0.000700566 0.000683404 0.00066819 0.000655279 0.000645032 0.000637821 0.000634025 
2.71 1.13248e-05 1.22679e-05 1.31298e-05 1.39066e-05 1.45938e-05 1.51862e-05 1.56776e-05 1.60606e-05 1.63267e-05 1.64657e-05 
2.71 0.000992858 0.000906803 0.000826537 0.000752838 0.000686551 0.000628587 0.000579932 0.000541647 0.00051487 0.000500826 
2.71 0.0012211 0.00127832 0.001331 0.0013788 0.00142135 0.00145822 0.00148893 0.00151296 0.00152969 0.00153845 
2.71 1.20808e-05 5.60902e-15 5.60902e-15 5.60902e-15 5.60902e-15 5.60902e-15 5.60902e-15 5.60902e-15 5.60902e-15 5.60902e-15 
2.71 1.03114e-10 9.96123e-11 9.68816e-11 9.47336e-11 9.30416e-11 9.17184e-11 9.07051e-11 8.99636e-11 8.94714e-11 8.92215e-11 
2.72 0.000556429 0.000602987 0.000645539 0.000683893 0.000717828 0.000747083 0.000771351 0.000790268 0.000803409 0.000810274 
2.72 0.00078193 0.000762656 0.000744213 0.000726897 0.000711023 0.000696919 0.000684925 0.000675392 0.000668678 0.000665141 
2.72 0.000761427 0.000740457 0.000720471 0.000701772 0.00068468 0.000669528 0.00065667 0.000646465 0.000639284 0.000635504 
2.72 1.1345e-05 1.22899e-05 1.31535e-05 1.39319e-05 1.46206e-05 1.52143e-05 1.57068e-05 1.60907e-05 1.63574e-05 1.64967e-05 
2.72 0.000993797 0.000907825 0.000827638 0.000754014 0.000687795 0.000629892 0.000581288 0.000543044 0.000516296 0.000502267 
2.72 0.00122167 0.00127894 0.00133167 0.00137951 0.0014221 0.00145901 0.00148975 0.00151381 0.00153056 0.00153932 
2.72 1.20808e-05 5.60902e-15 5.60902e-15 5.60902e-15 5.60902e-15 5.60902e-15 5.60902e-15 5.60902e-15 5.60902e-15 5.60902e-15 
2.72 1.02978e-10 9.94816e-11 9.67552e-11 9.46103e-11 9.29204e-11 9.15987e-11 9.05864e-11 8.98455e-11 8.93538e-11 8.91042e-11 
2.73 0.000557419 0.000604064 0.000646699 0.000685132 0.000719139 0.000748458 0.00077278 0.000791741 0.000804912 0.000811793 
2.73 0.000782939 0.000763754 0.000745396 0.00072816 0.00071236 0.000698321 0.000686382 0.000676894 0.00067021 0.00066669 
2.73 0.000762385 0.0007415 0.000721595 0.000702972 0.00068595 0.00067086 0.000658055 0.000647892 0.00064074 0.000636976 
2.73 1.13651e-05 1.23118e-05 1.31771e-05 1.39571e-05 1.46473e-05 1.52423e-05 1.57359e-05 1.61207e-05 1.6388e-05 1.65276e-05 
2.73 0.000994731 0.000908842 0.000828734 0.000755184 0.000689033 0.000631191 0.000582638 0.000544435 0.000517716 0.000503702 
2.73 0.00122224 0.00127956 0.00133234 0.00138023 0.00142285 0.0014598 0.00149057 0.00151465 0.00153142 0.00154019 
2.73 1.20808e-05 5.60902e-15 5.60902e-15 5.60902e-15 5.60902e-15 5.60902e-15 5.60902e-15 5.60902e-15 5.60902e-15 5.60902e-15 
2.73 1.02843e-10 9.93522e-11 9.66299e-11 9.4488e-11 9.27998e-11 9.14797e-11 9.04684e-11 8.97284e-11 8.92372e-11 8.89876e-11 
2.74 0.000558403 0.000605136 0.000647854 0.000686365 0.000720444 0.000749827 0.000774203 0.000793207 0.000806409 0.000813305 
2.74 0.000783943 0.000764847 0.000746574 0.000729418 0.00071369 0.000699716 0.000687833 0.000678388 0.000671736 0.000668232 
2.74 0.000763339 0.000742538 0.000722714 0.000704167 0.000687214 0.000672186 0.000659433 0.000649312 0.00064219 0.000638441 
2.74 1.13851e-05 1.23336e-05 1.32006e-05 1.39822e-05 1.46739e-05 1.52702e-05 1.57649e-05 1.61505e-05 1.64184e-05 1.65584e-05 
2.74 0.000995661 0.000909854 0.000829825 0.000756349 0.000690266 0.000632483 0.000583982 0.000545819 0.000519129 0.00050513 
2.74 0.0012228 0.00128018 0.001333 0.00138094 0.0014236 0.00146058 0.00149139 0.00151549 0.00153228 0.00154106 
2.74 1.20808e-05 5.60902e-15 5.60902e-15 5.60902e-15 5.60902e-15 5.60902e-15 5.60902e-15 5.60902e-15 5.60902e-15 5.60902e-15 
2.74 1.02709e-10 9.92241e-11 9.65058e-11 9.43666e-11 9.26804e-11 9.13619e-11 9.03516e-11 8.96121e-11 8.91214e-11 8.88721e-11 
2.75 0.000559383 0.000606203 0.000649004 0.000687593 0.000721743 0.000751189 0.000775619 0.000794666 0.000807898 0.00081481 
2.75 0.000784942 0.000765935 0.000747746 0.00073067 0.000715014 0.000701105 0.000689277 0.000679876 0.000673254 0.000669767 
2.75 0.000764289 0.000743571 0.000723828 0.000705356 0.000688472 0.000673506 0.000660805 0.000650725 0.000643633 0.000639899 
2.75 1.14051e-05 1.23553e-05 1.3224e-05 1.40072e-05 1.47003e-05 1.52979e-05 1.57937e-05 1.61802e-05 1.64487e-05 1.6589e-05 
2.75 0.000996587 0.000910862 0.000830911 0.000757508 0.000691493 0.00063377 0.00058532 0.000547197 0.000520535 0.000506552 
2.75 0.00122336 0.00128079 0.00133366 0.00138164 0.00142435 0.00146136 0.0014922 0.00151633 0.00153313 0.00154192 
2.75 1.20808e-05 5.60902e-15 5.60902e-15 5.60902e-15 5.60902e-15 5.60902e-15 5.60902e-15 5.60902e-15 5.60902e-15 5.60902e-15 
2.75 1.02576e-10 9.9097e-11 9.63825e-11 9.42463e-11 9.25621e-11 9.12448e-11 9.02358e-11 8.9497e-11 8.90069e-11 8.87578e-11 
2.76 0.000560359 0.000607265 0.000650148 0.000688815 0.000723036 0.000752545 0.000777029 0.000796118 0.00080938 0.000816308 
2.76 0.000785937 0.000767018 0.000748913 0.000731916 0.000716333 0.000702488 0.000690714 0.000681357 0.000674766 0.000671294 
2.76 0.000765234 0.0007446 0.000724937 0.00070654 0.000689724 0.00067482 0.000662171 0.000652132 0.000645069 0.00064135 
2.76 1.14249e-05 1.23769e-05 1.32473e-05 1.40321e-05 1.47266e-05 1.53255e-05 1.58224e-05 1.62098e-05 1.64789e-05 1.66195e-05 
2.76 0.000997509 0.000911865 0.000831992 0.000758662 0.000692714 0.000635051 0.000586651 0.000548569 0.000521935 0.000507967 
2.76 0.00122392 0.0012814 0.00133432 0.00138234 0.00142509 0.00146214 0.00149301 0.00151716 0.00153398 0.00154278 
2.76 1.20808e-05 5.60902e-15 5.60902e-15 5.60902e-15 5.60902e-15 5.60902e-15 5.60902e-15 5.60902e-15 5.60902e-15 5.60902e-15 
2.76 1.02444e-10 9.89706e-11 9.62601e-11 9.41266e-11 9.24448e-11 9.11289e-11 9.01209e-11 8.93829e-11 8.88929e-11 8.86441e-11 
2.77 0.00056133 0.000608322 0.000651287 0.000690031 0.000724323 0.000753895 0.000778432 0.000797564 0.000810856 0.000817799 
2.77 0.000786927 0.000768096 0.000750075 0.000733156 0.000717645 0.000703864 0.000692145 0.000682831 0.00067627 0.000672815 
2.77 0.000766175 0.000745624 0.00072604 0.000707718 0.000690971 0.000676127 0.00066353 0.000653533 0.000646498 0.000642795 
2.77 1.14447e-05 1.23984e-05 1.32705e-05 1.40568e-05 1.47528e-05 1.5353e-05 1.58509e-05 1.62392e-05 1.65089e-05 1.66498e-05 
2.77 0.000998426 0.000912863 0.000833068 0.000759811 0.000693929 0.000636326 0.000587976 0.000549934 0.000523329 0.000509375 
2.77 0.00122448 0.00128201 0.00133497 0.00138304 0.00142583 0.00146291 0.00149381 0.00151799 0.00153483 0.00154364 
2.77 1.20808e-05 5.60902e-15 5.60902e-15 5.60902e-15 5.60902e-15 5.60902e-15 5.60902e-15 5.60902e-15 5.60902e-15 5.60902e-15 
2.77 1.02313e-10 9.88454e-11 9.6139e-11 9.40081e-11 9.23283e-11 9.10139e-11 9.00069e-11 8.92696e-11 8.87801e-11 8.85315e-11 
2.78 0.000562297 0.000609374 0.000652421 0.000691242 0.000725604 0.000755239 0.000779829 0.000799003 0.000812325 0.000819284 
2.78 0.000787913 0.000769169 0.000751231 0.00073439 0.000718951 0.000705234 0.000693569 0.000684298 0.000677768 0.000674328 
2.78 0.000767111 0.000746643 0.000727138 0.000708891 0.000692212 0.000677429 0.000664883 0.000654927 0.000647921 0.000644233 
2.78 1.14644e-05 1.24198e-05 1.32936e-05 1.40814e-05 1.47789e-05 1.53803e-05 1.58793e-05 1.62685e-05 1.65388e-05 1.668e-05 
2.78 0.000999339 0.000913857 0.000834139 0.000760955 0.000695139 0.000637595 0.000589295 0.000551293 0.000524716 0.000510777 
2.78 0.00122503 0.00128261 0.00133562 0.00138373 0.00142656 0.00146368 0.00149461 0.00151881 0.00153567 0.00154449 
2.78 1.20808e-05 5.60902e-15 5.60902e-15 5.60902e-15 5.60902e-15 5.60902e-15 5.60902e-15 5.60902e-15 5.60902e-15 5.60902e-15 
2.78 1.02184e-10 9.87214e-11 9.60186e-11 9.38907e-11 9.22128e-11 9.08997e-11 8.98937e-11 8.91572e-11 8.86684e-11 8.84201e-11 
2.79 0.000563259 0.000610421 0.00065355 0.000692447 0.000726879 0.000756576 0.000781219 0.000800435 0.000813787 0.000820762 
2.79 0.000788894 0.000770237 0.000752382 0.000735619 0.000720251 0.000706597 0.000694987 0.000685758 0.000679258 0.000675835 
2.79 0.000768043 0.000747658 0.000728231 0.000710058 0.000693447 0.000678724 0.00066623 0.000656314 0.000649337 0.000645664 
2.79 1.1484e-05 1.24411e-05 1.33165e-05 1.4106e-05 1.48048e-05 1.54075e-05 1.59076e-05 1.62976e-05 1.65686e-05 1.67101e-05 
2.79 0.00100025 0.000914846 0.000835205 0.000762093 0.000696343 0.000638858 0.000590608 0.000552646 0.000526097 0.000512172 
2.79 0.00122559 0.00128321 0.00133627 0.00138442 0.00142729 0.00146445 0.00149541 0.00151964 0.00153651 0.00154534 
2.79 1.20808e-05 5.60902e-15 5.60902e-15 5.60902e-15 5.60902e-15 5.60902e-15 5.60902e-15 5.60902e-15 5.60902e-15 5.60902e-15 
2.79 1.02056e-10 9.85981e-11 9.58991e-11 9.37739e-11 9.2098e-11 9.07865e-11 8.97816e-11 8.90459e-11 8.85573e-11 8.83092e-11 
2.80 0.000564217 0.000611463 0.000654673 0.000693646 0.000728148 0.000757907 0.000782603 0.000801861 0.000815242 0.000822233 
2.80 0.000789871 0.0007713 0.000753527 0.000736842 0.000721545 0.000707954 0.000696398 0.000687212 0.000680742 0.000677334 
2.80 0.000768971 0.000748668 0.00072932 0.00071122 0.000694676 0.000680014 0.00066757 0.000657695 0.000650747 0.000647089 
2.80 1.15035e-05 1.24624e-05 1.33394e-05 1.41304e-05 1.48306e-05 1.54346e-05 1.59358e-05 1.63266e-05 1.65982e-05 1.674e-05 
2.80 0.00100115 0.000915831 0.000836266 0.000763226 0.000697542 0.000640115 0.000591915 0.000553992 0.000527471 0.000513561 
2.80 0.00122614 0.00128381 0.00133691 0.00138511 0.00142802 0.00146521 0.00149621 0.00152046 0.00153735 0.00154618 
2.80 1.20808e-05 5.60902e-15 5.60902e-15 5.60902e-15 5.60902e-15 5.60902e-15 5.60902e-15 5.60902e-15 5.60902e-15 5.60902e-15 
2.80 1.01928e-10 9.84759e-11 9.57808e-11 9.36582e-11 9.19844e-11 9.06744e-11 8.96705e-11 8.89355e-11 8.84473e-11 8.81995e-11 
2.81 0.00056517 0.000612501 0.000655791 0.00069484 0.000729411 0.000759232 0.00078398 0.00080328 0.000816691 0.000823697 
2.81 0.000790843 0.000772358 0.000754667 0.000738059 0.000722833 0.000709305 0.000697802 0.000688659 0.000682219 0.000678827 
2.81 0.000769895 0.000749673 0.000730403 0.000712376 0.0006959 0.000681297 0.000668904 0.00065907 0.00065215 0.000648507 
2.81 1.15229e-05 1.24835e-05 1.33622e-05 1.41547e-05 1.48563e-05 1.54616e-05 1.59638e-05 1.63555e-05 1.66277e-05 1.67698e-05 
2.81 0.00100205 0.00091681 0.000837322 0.000764354 0.000698735 0.000641366 0.000593216 0.000555332 0.000528839 0.000514944 
2.81 0.00122669 0.0012844 0.00133755 0.00138579 0.00142874 0.00146597 0.001497 0.00152127 0.00153818 0.00154702 
2.81 1.20808e-05 5.60902e-15 5.60902e-15 5.60902e-15 5.60902e-15 5.60902e-15 5.60902e-15 5.60902e-15 5.60902e-15 5.60902e-15 
2.81 1.01801e-10 9.83547e-11 9.56633e-11 9.35436e-11 9.18717e-11 9.05631e-11 8.95605e-11 8.8826e-11 8.83384e-11 8.80904e-11 
2.82 0.000566119 0.000613534 0.000656904 0.000696028 0.000730669 0.000760551 0.000785351 0.000804693 0.000818133 0.000825154 
2.82 0.000791811 0.000773411 0.000755802 0.000739271 0.000724115 0.00071065 0.0006992 0.000690099 0.000683689 0.000680313 
2.82 0.000770814 0.000750673 0.000731481 0.000713527 0.000697118 0.000682575 0.000670232 0.000660438 0.000653546 0.000649919 
2.82 1.15422e-05 1.25045e-05 1.33848e-05 1.41789e-05 1.48819e-05 1.54884e-05 1.59917e-05 1.63842e-05 1.6657e-05 1.67995e-05 
2.82 0.00100295 0.000917785 0.000838373 0.000765476 0.000699923 0.000642611 0.000594511 0.000556666 0.0005302 0.00051632 
2.82 0.00122723 0.00128499 0.00133819 0.00138647 0.00142946 0.00146673 0.00149778 0.00152208 0.00153901 0.00154786 
2.82 1.20808e-05 5.60902e-15 5.60902e-15 5.60902e-15 5.60902e-15 5.60902e-15 5.60902e-15 5.60902e-15 5.60902e-15 5.60902e-15 
2.82 1.01676e-10 9.82342e-11 9.55466e-11 9.34296e-11 9.17597e-11 9.04526e-11 8.94511e-11 8.87172e-11 8.823e-11 8.79824e-11 
2.83 0.000567064 0.000614562 0.000658012 0.000697211 0.000731921 0.000761864 0.000786716 0.000806098 0.000819568 0.000826605 
2.83 0.000792774 0.000774459 0.000756932 0.000740477 0.000725391 0.000711988 0.000700591 0.000691533 0.000685152 0.000681792 
2.83 0.000771729 0.000751669 0.000732554 0.000714673 0.00069833 0.000683846 0.000671554 0.0006618 0.000654936 0.000651324 
2.83 1.15614e-05 1.25254e-05 1.34074e-05 1.4203e-05 1.49074e-05 1.55151e-05 1.60195e-05 1.64128e-05 1.66862e-05 1.6829e-05 
2.83 0.00100384 0.000918756 0.000839419 0.000766593 0.000701105 0.000643851 0.0005958 0.000557994 0.000531555 0.00051769 
2.83 0.00122777 0.00128558 0.00133882 0.00138715 0.00143018 0.00146748 0.00149856 0.00152289 0.00153983 0.00154869 
2.83 1.20808e-05 5.60902e-15 5.60902e-15 5.60902e-15 5.60902e-15 5.60902e-15 5.60902e-15 5.60902e-15 5.60902e-15 5.60902e-15 
2.83 1.01551e-10 9.81147e-11 9.54311e-11 9.33166e-11 9.16487e-11 9.03432e-11 8.93424e-11 8.86094e-11 8.81228e-11 8.78754e-11 
2.84 0.000568004 0.000615585 0.000659115 0.000698389 0.000733167 0.000763171 0.000788074 0.000807498 0.000820996 0.000828048 
2.84 0.000793733 0.000775502 0.000758056 0.000741677 0.000726662 0.00071332 0.000701976 0.00069296 0.000686609 0.000683264 
2.84 0.00077264 0.00075266 0.000733622 0.000715814 0.000699537 0.000685112 0.00067287 0.000663155 0.00065632 0.000652722 
2.84 1.15805e-05 1.25463e-05 1.34298e-05 1.42269e-05 1.49328e-05 1.55417e-05 1.60471e-05 1.64413e-05 1.67153e-05 1.68584e-05 
2.84 0.00100473 0.000919722 0.000840461 0.000767705 0.000702281 0.000645085 0.000597083 0.000559316 0.000532904 0.000519053 
2.84 0.00122831 0.00128617 0.00133945 0.00138783 0.00143089 0.00146823 0.00149934 0.00152369 0.00154065 0.00154952 
2.84 1.20808e-05 5.60902e-15 5.60902e-15 5.60902e-15 5.60902e-15 5.60902e-15 5.60902e-15 5.60902e-15 5.60902e-15 5.60902e-15 
2.84 1.01427e-10 9.79962e-11 9.53162e-11 9.32047e-11 9.15387e-11 9.02344e-11 8.92346e-11 8.85025e-11 8.80161e-11 8.7769e-11 
2.85 0.00056894 0.000616603 0.000660213 0.000699561 0.000734407 0.000764471 0.000789426 0.000808891 0.000822418 0.000829485 
2.85 0.000794687 0.00077654 0.000759175 0.000742872 0.000727926 0.000714646 0.000703355 0.00069438 0.000688059 0.000684729 
2.85 0.000773546 0.000753647 0.000734686 0.000716949 0.000700738 0.000686372 0.00067418 0.000664505 0.000657697 0.000654114 
2.85 1.15996e-05 1.2567e-05 1.34521e-05 1.42508e-05 1.4958e-05 1.55682e-05 1.60746e-05 1.64697e-05 1.67442e-05 1.68876e-05 
2.85 0.00100561 0.000920685 0.000841498 0.000768812 0.000703452 0.000646313 0.00059836 0.000560631 0.000534247 0.00052041 
2.85 0.00122885 0.00128675 0.00134008 0.0013885 0.0014316 0.00146897 0.00150012 0.00152449 0.00154146 0.00155034 
2.85 1.20808e-05 5.60902e-15 5.60902e-15 5.60902e-15 5.60902e-15 5.60902e-15 5.60902e-15 5.60902e-15 5.60902e-15 5.60902e-15 
2.85 1.01305e-10 9.7879e-11 9.52024e-11 9.30937e-11 9.14294e-11 9.01267e-11 8.91279e-11 8.83963e-11 8.79105e-11 8.76636e-11 
2.86 0.000569871 0.000617617 0.000661306 0.000700728 0.000735641 0.000765766 0.000790772 0.000810278 0.000823833 0.000830915 
2.86 0.000795636 0.000777574 0.000760289 0.000744061 0.000729185 0.000715966 0.000704727 0.000695794 0.000689502 0.000686187 
2.86 0.000774448 0.000754629 0.000735744 0.000718079 0.000701934 0.000687626 0.000675484 0.000665848 0.000659068 0.000655499 
2.86 1.16185e-05 1.25876e-05 1.34744e-05 1.42745e-05 1.49831e-05 1.55945e-05 1.6102e-05 1.64979e-05 1.6773e-05 1.69167e-05 
2.86 0.00100649 0.000921642 0.00084253 0.000769914 0.000704618 0.000647536 0.000599631 0.000561941 0.000535584 0.000521761 
2.86 0.00122938 0.00128733 0.00134071 0.00138917 0.00143231 0.00146971 0.00150089 0.00152528 0.00154227 0.00155116 
2.86 1.20808e-05 5.60902e-15 5.60902e-15 5.60902e-15 5.60902e-15 5.60902e-15 5.60902e-15 5.60902e-15 5.60902e-15 5.60902e-15 
2.86 1.01183e-10 9.77623e-11 9.50894e-11 9.29834e-11 9.1321e-11 9.00196e-11 8.90221e-11 8.82911e-11 8.78055e-11 8.75588e-11 
2.87 0.000570798 0.000618626 0.000662393 0.000701888 0.00073687 0.000767054 0.000792112 0.000811657 0.000825242 0.000832339 
2.87 0.000796581 0.000778603 0.000761398 0.000745245 0.000730437 0.00071728 0.000706093 0.000697201 0.000690938 0.000687639 
2.87 0.000775346 0.000755606 0.000736798 0.000719204 0.000703124 0.000688874 0.000676781 0.000667185 0.000660433 0.000656878 
2.87 1.16374e-05 1.26082e-05 1.34965e-05 1.42981e-05 1.50081e-05 1.56207e-05 1.61293e-05 1.6526e-05 1.68017e-05 1.69457e-05 
2.87 0.00100737 0.000922595 0.000843557 0.00077101 0.000705779 0.000648753 0.000600896 0.000563244 0.000536914 0.000523106 
2.87 0.00122991 0.00128791 0.00134133 0.00138983 0.00143302 0.00147045 0.00150166 0.00152607 0.00154308 0.00155198 
2.87 1.20808e-05 5.60902e-15 5.60902e-15 5.60902e-15 5.60902e-15 5.60902e-15 5.60902e-15 5.60902e-15 5.60902e-15 5.60902e-15 
2.87 1.01063e-10 9.76467e-11 9.49777e-11 9.28742e-11 9.12137e-11 8.99134e-11 8.89169e-11 8.81865e-11 8.77014e-11 8.7455e-11 
2.88 0.000571721 0.000619631 0.000663475 0.000703044 0.000738093 0.000768337 0.000793445 0.000813031 0.000826643 0.000833756 
2.88 0.000797522 0.000779627 0.000762502 0.000746424 0.000731684 0.000718588 0.000707452 0.000698602 0.000692368 0.000689084 
2.88 0.00077624 0.000756579 0.000737846 0.000720324 0.000704309 0.000690116 0.000678073 0.000668516 0.000661791 0.000658251 
2.88 1.16562e-05 1.26286e-05 1.35185e-05 1.43216e-05 1.5033e-05 1.56468e-05 1.61564e-05 1.6554e-05 1.68302e-05 1.69745e-05 
2.88 0.00100824 0.000923544 0.000844579 0.000772102 0.000706934 0.000649965 0.000602155 0.000564542 0.000538238 0.000524444 
2.88 0.00123044 0.00128849 0.00134195 0.00139049 0.00143372 0.00147119 0.00150242 0.00152686 0.00154388 0.00155279 
2.88 1.20808e-05 5.60902e-15 5.60902e-15 5.60902e-15 5.60902e-15 5.60902e-15 5.60902e-15 5.60902e-15 5.60902e-15 5.60902e-15 
2.88 1.00943e-10 9.7532e-11 9.48664e-11 9.27655e-11 9.11073e-11 8.98083e-11 8.88127e-11 8.8083e-11 8.75984e-11 8.73523e-11 
2.89 0.00057264 0.00062063 0.000664553 0.000704195 0.00073931 0.000769614 0.000794772 0.000814398 0.000828039 0.000835167 
2.89 0.000798459 0.000780646 0.000763601 0.000747597 0.000732925 0.00071989 0.000708805 0.000699996 0.000693791 0.000690522 
2.89 0.00077713 0.000757548 0.00073889 0.000721438 0.000705488 0.000691353 0.000679359 0.00066984 0.000663143 0.000659618 
2.89 1.16749e-05 1.2649e-05 1.35404e-05 1.4345e-05 1.50578e-05 1.56728e-05 1.61834e-05 1.65818e-05 1.68586e-05 1.70032e-05 
2.89 0.00100911 0.000924488 0.000845597 0.000773188 0.000708084 0.000651171 0.000603409 0.000565833 0.000539556 0.000525776 
2.89 0.00123097 0.00128906 0.00134257 0.00139115 0.00143442 0.00147192 0.00150318 0.00152764 0.00154468 0.0015536 
2.89 1.20808e-05 5.60902e-15 5.60902e-15 5.60902e-15 5.60902e-15 5.60902e-15 5.60902e-15 5.60902e-15 5.60902e-15 5.60902e-15 
2.89 1.00824e-10 9.74184e-11 9.47562e-11 9.26578e-11 9.10015e-11 8.97041e-11 8.87092e-11 8.79802e-11 8.7496e-11 8.725e-11 
2.90 0.000573554 0.000621625 0.000665625 0.000705339 0.000740522 0.000770885 0.000796093 0.000815759 0.000829428 0.00083657 
2.90 0.000799391 0.000781661 0.000764694 0.000748765 0.000734161 0.000721186 0.000710152 0.000701384 0.000695207 0.000691954 
2.90 0.000778016 0.000758512 0.000739929 0.000722547 0.000706662 0.000692584 0.000680638 0.000671159 0.000664489 0.000660978 
2.90 1.16935e-05 1.26692e-05 1.35623e-05 1.43683e-05 1.50824e-05 1.56987e-05 1.62103e-05 1.66095e-05 1.68869e-05 1.70318e-05 
2.90 0.00100997 0.000925429 0.00084661 0.00077427 0.000709228 0.000652371 0.000604657 0.000567118 0.000540868 0.000527102 
2.90 0.00123149 0.00128963 0.00134319 0.00139181 0.00143511 0.00147265 0.00150394 0.00152842 0.00154548 0.0015544 
2.90 1.20808e-05 5.60902e-15 5.60902e-15 5.60902e-15 5.60902e-15 5.60902e-15 5.60902e-15 5.60902e-15 5.60902e-15 5.60902e-15 
2.90 1.00706e-10 9.73054e-11 9.4647e-11 9.25511e-11 9.08967e-11 8.96004e-11 8.86066e-11 8.78782e-11 8.73944e-11 8.71488e-11 
2.91 0.000574464 0.000622616 0.000666693 0.000706479 0.000741728 0.000772149 0.000797408 0.000817114 0.000830811 0.000837968 
2.91 0.000800319 0.000782671 0.000765783 0.000749927 0.000735391 0.000722476 0.000711493 0.000702765 0.000696617 0.000693379 
2.91 0.000778898 0.000759471 0.000740963 0.000723651 0.00070783 0.000693809 0.000681912 0.000672471 0.000665828 0.000662332 
2.91 1.1712e-05 1.26894e-05 1.3584e-05 1.43915e-05 1.5107e-05 1.57244e-05 1.62371e-05 1.66371e-05 1.6915e-05 1.70603e-05 
2.91 0.00101083 0.000926364 0.000847618 0.000775346 0.000710367 0.000653566 0.000605899 0.000568398 0.000542174 0.000528422 
2.91 0.00123201 0.0012902 0.0013438 0.00139246 0.0014358 0.00147338 0.00150469 0.0015292 0.00154627 0.0015552 
2.91 1.20808e-05 5.60902e-15 5.60902e-15 5.60902e-15 5.60902e-15 5.60902e-15 5.60902e-15 5.60902e-15 5.60902e-15 5.60902e-15 
2.91 1.00589e-10 9.71934e-11 9.45387e-11 9.24453e-11 9.07925e-11 8.94978e-11 8.85049e-11 8.77771e-11 8.72938e-11 8.70481e-11 
2.92 0.00057537 0.000623602 0.000667755 0.000707614 0.000742928 0.000773408 0.000798717 0.000818463 0.000832187 0.000839359 
2.92 0.000801243 0.000783676 0.000766866 0.000751084 0.000736615 0.00072376 0.000712828 0.00070414 0.00069802 0.000694797 
2.92 0.000779775 0.000760426 0.000741992 0.00072475 0.000708993 0.000695029 0.00068318 0.000673777 0.000667161 0.000663679 
2.92 1.17304e-05 1.27095e-05 1.36056e-05 1.44146e-05 1.51314e-05 1.575e-05 1.62637e-05 1.66645e-05 1.6943e-05 1.70886e-05 
2.92 0.00101169 0.000927295 0.000848622 0.000776418 0.000711501 0.000654755 0.000607135 0.000569672 0.000543474 0.000529736 
2.92 0.00123253 0.00129077 0.00134441 0.00139311 0.00143649 0.0014741 0.00150544 0.00152997 0.00154706 0.001556 
2.92 1.20808e-05 5.60902e-15 5.60902e-15 5.60902e-15 5.60902e-15 5.60902e-15 5.60902e-15 5.60902e-15 5.60902e-15 5.60902e-15 
2.92 1.00473e-10 9.70822e-11 9.4431e-11 9.234e-11 9.06892e-11 8.9396e-11 8.84039e-11 8.76768e-11 8.71938e-11 8.69483e-11 
2.93 0.000576272 0.000624583 0.000668813 0.000708743 0.000744123 0.000774661 0.00080002 0.000819805 0.000833557 0.000840744 
2.93 0.000802162 0.000784677 0.000767945 0.000752235 0.000737833 0.000725038 0.000714157 0.000705509 0.000699417 0.000696209 
2.93 0.000780648 0.000761377 0.000743017 0.000725844 0.00071015 0.000696243 0.000684442 0.000675077 0.000668488 0.00066502 
2.93 1.17488e-05 1.27294e-05 1.36271e-05 1.44376e-05 1.51557e-05 1.57755e-05 1.62902e-05 1.66918e-05 1.69709e-05 1.71168e-05 
2.93 0.00101254 0.000928223 0.000849621 0.000777485 0.00071263 0.000655939 0.000608365 0.00057094 0.000544768 0.000531044 
2.93 0.00123305 0.00129133 0.00134502 0.00139376 0.00143718 0.00147482 0.00150619 0.00153074 0.00154784 0.00155679 
2.93 1.20808e-05 5.60902e-15 5.60902e-15 5.60902e-15 5.60902e-15 5.60902e-15 5.60902e-15 5.60902e-15 5.60902e-15 5.60902e-15 
2.93 1.00358e-10 9.69722e-11 9.43242e-11 9.22357e-11 9.05868e-11 8.92948e-11 8.83036e-11 8.75772e-11 8.70947e-11 8.68495e-11 
2.94 0.00057717 0.00062556 0.000669866 0.000709867 0.000745312 0.000775909 0.000801317 0.000821141 0.000834921 0.000842122 
2.94 0.000803077 0.000785673 0.000769018 0.000753381 0.000739046 0.00072631 0.000715479 0.000706871 0.000700808 0.000697614 
2.94 0.000781518 0.000762323 0.000744037 0.000726933 0.000711302 0.000697451 0.000685698 0.000676371 0.000669809 0.000666355 
2.94 1.17671e-05 1.27493e-05 1.36485e-05 1.44605e-05 1.51799e-05 1.58009e-05 1.63166e-05 1.6719e-05 1.69987e-05 1.71448e-05 
2.94 0.00101339 0.000929146 0.000850616 0.000778547 0.000713753 0.000657117 0.00060959 0.000572202 0.000546056 0.000532345 
2.94 0.00123356 0.00129189 0.00134562 0.00139441 0.00143786 0.00147553 0.00150693 0.00153151 0.00154862 0.00155758 
2.94 1.20808e-05 5.60902e-15 5.60902e-15 5.60902e-15 5.60902e-15 5.60902e-15 5.60902e-15 5.60902e-15 5.60902e-15 5.60902e-15 
2.94 1.00244e-10 9.68627e-11 9.42184e-11 9.21324e-11 9.04854e-11 8.91947e-11 8.82044e-11 8.74784e-11 8.69962e-11 8.67512e-11 
2.95 0.000578063 0.000626532 0.000670914 0.000710986 0.000746496 0.000777151 0.000802608 0.000822471 0.000836279 0.000843494 
2.95 0.000803988 0.000786664 0.000770086 0.000754522 0.000740253 0.000727576 0.000716795 0.000708227 0.000702192 0.000699013 
2.95 0.000782383 0.000763265 0.000745052 0.000728017 0.000712449 0.000698654 0.000686948 0.000677659 0.000671124 0.000667684 
2.95 1.17853e-05 1.27691e-05 1.36699e-05 1.44833e-05 1.5204e-05 1.58262e-05 1.63429e-05 1.67461e-05 1.70263e-05 1.71727e-05 
2.95 0.00101423 0.000930065 0.000851606 0.000779604 0.000714871 0.00065829 0.000610809 0.000573458 0.000547338 0.000533641 
2.95 0.00123407 0.00129245 0.00134622 0.00139505 0.00143854 0.00147624 0.00150767 0.00153227 0.0015494 0.00155837 
2.95 1.20808e-05 5.60902e-15 5.60902e-15 5.60902e-15 5.60902e-15 5.60902e-15 5.60902e-15 5.60902e-15 5.60902e-15 5.60902e-15 
2.95 1.0013e-10 9.6754e-11 9.41131e-11 9.20299e-11 9.03845e-11 8.90949e-11 8.81056e-11 8.73805e-11 8.68986e-11 8.66538e-11 
2.96 0.000578951 0.0006275 0.000671957 0.0007121 0.000747675 0.000778387 0.000803893 0.000823795 0.000837629 0.000844859 
2.96 0.000804895 0.000787651 0.00077115 0.000755657 0.000741455 0.000728836 0.000718105 0.000709577 0.000703569 0.000700405 
2.96 0.000783244 0.000764203 0.000746062 0.000729096 0.000713591 0.000699851 0.000688193 0.000678941 0.000672433 0.000669007 
2.96 1.18034e-05 1.27888e-05 1.36911e-05 1.4506e-05 1.5228e-05 1.58514e-05 1.63691e-05 1.6773e-05 1.70538e-05 1.72005e-05 
2.96 0.00101507 0.000930979 0.000852591 0.000780656 0.000715984 0.000659457 0.000612023 0.000574708 0.000548614 0.000534931 
2.96 0.00123458 0.001293 0.00134682 0.00139569 0.00143921 0.00147695 0.00150841 0.00153303 0.00155018 0.00155915 
2.96 1.20808e-05 5.60902e-15 5.60902e-15 5.60902e-15 5.60902e-15 5.60902e-15 5.60902e-15 5.60902e-15 5.60902e-15 5.60902e-15 
2.96 1.00018e-10 9.66464e-11 9.40087e-11 9.1928e-11 9.02844e-11 8.8996e-11 8.80077e-11 8.72833e-11 8.68019e-11 8.65573e-11 
2.97 0.000579836 0.000628463 0.000672995 0.000713209 0.000748848 0.000779617 0.000805172 0.000825113 0.000838974 0.000846218 
2.97 0.000805797 0.000788633 0.000772209 0.000756788 0.000742651 0.00073009 0.000719409 0.00071092 0.00070494 0.000701791 
2.97 0.000784102 0.000765136 0.000747068 0.00073017 0.000714727 0.000701043 0.000689432 0.000680218 0.000673736 0.000670324 
2.97 1.18214e-05 1.28084e-05 1.37123e-05 1.45285e-05 1.52519e-05 1.58764e-05 1.63951e-05 1.67998e-05 1.70812e-05 1.72282e-05 
2.97 0.00101591 0.000931889 0.000853572 0.000781703 0.000717092 0.000660619 0.000613231 0.000575952 0.000549885 0.000536215 
2.97 0.00123509 0.00129355 0.00134742 0.00139632 0.00143988 0.00147766 0.00150914 0.00153379 0.00155095 0.00155993 
2.97 1.20808e-05 5.60902e-15 5.60902e-15 5.60902e-15 5.60902e-15 5.60902e-15 5.60902e-15 5.60902e-15 5.60902e-15 5.60902e-15 
2.97 9.99062e-11 9.65392e-11 9.39052e-11 9.18269e-11 9.01849e-11 8.8898e-11 8.79107e-11 8.71869e-11 8.6706e-11 8.64615e-11 
2.98 0.000580717 0.000629422 0.000674028 0.000714312 0.000750015 0.000780842 0.000806445 0.000826424 0.000840313 0.000847571 
2.98 0.000806695 0.000789611 0.000773263 0.000757913 0.000743841 0.000731339 0.000720707 0.000712257 0.000706305 0.00070317 
2.98 0.000784955 0.000766065 0.000748069 0.000731239 0.000715858 0.000702229 0.000690665 0.000681489 0.000675033 0.000671635 
2.98 1.18393e-05 1.28279e-05 1.37333e-05 1.4551e-05 1.52757e-05 1.59013e-05 1.6421e-05 1.68265e-05 1.71084e-05 1.72557e-05 
2.98 0.00101674 0.000932795 0.000854548 0.000782745 0.000718195 0.000661775 0.000614433 0.000577191 0.000551149 0.000537493 
2.98 0.00123559 0.0012941 0.00134801 0.00139695 0.00144055 0.00147836 0.00150987 0.00153454 0.00155172 0.00156071 
2.98 1.20808e-05 5.60902e-15 5.60902e-15 5.60902e-15 5.60902e-15 5.60902e-15 5.60902e-15 5.60902e-15 5.60902e-15 5.60902e-15 
2.98 9.97956e-11 9.64331e-11 9.38026e-11 9.17264e-11 9.00863e-11 8.88009e-11 8.78144e-11 8.70914e-11 8.66108e-11 8.63664e-11 
2.99 0.000581594 0.000630377 0.000675057 0.00071541 0.000751177 0.00078206 0.000807712 0.000827729 0.000841646 0.000848918 
2.99 0.000807589 0.000790584 0.000774312 0.000759033 0.000745026 0.000732582 0.000721999 0.000713588 0.000707664 0.000704543 
2.99 0.000785805 0.000766989 0.000749066 0.000732303 0.000716984 0.00070341 0.000691892 0.000682754 0.000676324 0.000672939 
2.99 1.18571e-05 1.28473e-05 1.37542e-05 1.45733e-05 1.52993e-05 1.59261e-05 1.64468e-05 1.68531e-05 1.71355e-05 1.72831e-05 
2.99 0.00101757 0.000933696 0.00085552 0.000783782 0.000719293 0.000662926 0.00061563 0.000578424 0.000552408 0.000538765 
2.99 0.00123609 0.00129465 0.0013486 0.00139758 0.00144122 0.00147906 0.0015106 0.00153529 0.00155248 0.00156148 
2.99 1.20808e-05 5.60902e-15 5.60902e-15 5.60902e-15 5.60902e-15 5.60902e-15 5.60902e-15 5.60902e-15 5.60902e-15 5.60902e-15 
2.99 9.96853e-11 9.63278e-11 9.37005e-11 9.16267e-11 8.99885e-11 8.87044e-11 8.77188e-11 8.69964e-11 8.65163e-11 8.62723e-11 
3.00 0.000582467 0.000631326 0.000676081 0.000716503 0.000752334 0.000783273 0.000808973 0.000829029 0.000842972 0.000850258 
3.00 0.000808479 0.000791553 0.000775356 0.000760148 0.000746206 0.000733819 0.000723285 0.000714913 0.000709016 0.00070591 
3.00 0.000786651 0.00076791 0.000750058 0.000733362 0.000718105 0.000704585 0.000693114 0.000684012 0.000677609 0.000674238 
3.00 1.18749e-05 1.28666e-05 1.3775e-05 1.45955e-05 1.53228e-05 1.59508e-05 1.64725e-05 1.68795e-05 1.71625e-05 1.73104e-05 
3.00 0.00101839 0.000934594 0.000856487 0.000784815 0.000720385 0.000664072 0.000616821 0.000579651 0.000553661 0.000540031 
3.00 0.00123659 0.00129519 0.00134918 0.00139821 0.00144188 0.00147976 0.00151132 0.00153603 0.00155324 0.00156225 
3.00 1.20808e-05 5.60902e-15 5.60902e-15 5.60902e-15 5.60902e-15 5.60902e-15 5.60902e-15 5.60902e-15 5.60902e-15 5.60902e-15 
3.00 9.95761e-11 9.62234e-11 9.35994e-11 9.15281e-11 8.98917e-11 8.86087e-11 8.76241e-11 8.69023e-11 8.64224e-11 8.61785e-11 
3.01 0.000583336 0.000632272 0.0006771 0.000717591 0.000753485 0.000784481 0.000810228 0.000830322 0.000844291 0.000851592 
3.01 0.000809365 0.000792517 0.000776395 0.000761257 0.00074738 0.00073505 0.000724565 0.000716232 0.000710362 0.00070727 
3.01 0.000787493 0.000768826 0.000751045 0.000734416 0.00071922 0.000705755 0.00069433 0.000685265 0.000678888 0.00067553 
3.01 1.18926e-05 1.28859e-05 1.37958e-05 1.46177e-05 1.53462e-05 1.59754e-05 1.6498e-05 1.69058e-05 1.71894e-05 1.73375e-05 
3.01 0.00101921 0.000935487 0.000857449 0.000785843 0.000721473 0.000665213 0.000618007 0.000580873 0.000554908 0.000541291 
3.01 0.00123709 0.00129573 0.00134976 0.00139883 0.00144254 0.00148045 0.00151204 0.00153677 0.001554 0.00156301 
3.01 1.20808e-05 5.60902e-15 5.60902e-15 5.60902e-15 5.60902e-15 5.60902e-15 5.60902e-15 5.60902e-15 5.60902e-15 5.60902e-15 
3.01 9.94677e-11 9.61194e-11 9.34986e-11 9.14301e-11 8.97953e-11 8.85139e-11 8.75299e-11 8.68086e-11 8.63293e-11 8.60857e-11 
3.02 0.000584201 0.000633214 0.000678114 0.000718674 0.000754631 0.000785683 0.000811478 0.000831609 0.000845605 0.00085292 
3.02 0.000810247 0.000793477 0.000777429 0.000762362 0.000748549 0.000736276 0.000725839 0.000717545 0.000711702 0.000708624 
3.02 0.000788331 0.000769738 0.000752028 0.000735465 0.00072033 0.00070692 0.000695541 0.000686512 0.000680161 0.000676817 
3.02 1.19102e-05 1.29051e-05 1.38165e-05 1.46397e-05 1.53696e-05 1.59998e-05 1.65234e-05 1.6932e-05 1.72161e-05 1.73645e-05 
3.02 0.00102003 0.000936375 0.000858407 0.000786866 0.000722555 0.000666348 0.000619187 0.000582089 0.000556149 0.000542545 
3.02 0.00123759 0.00129627 0.00135034 0.00139945 0.0014432 0.00148114 0.00151276 0.00153751 0.00155475 0.00156377 
3.02 1.20808e-05 5.60902e-15 5.60902e-15 5.60902e-15 5.60902e-15 5.60902e-15 5.60902e-15 5.60902e-15 5.60902e-15 5.60902e-15 
3.02 9.93603e-11 9.60163e-11 9.33988e-11 9.13326e-11 8.96997e-11 8.84195e-11 8.74365e-11 8.67159e-11 8.6237e-11 8.59934e-11 
3.03 0.000585062 0.00063415 0.000679124 0.000719752 0.000755772 0.000786879 0.000812721 0.00083289 0.000846913 0.000854242 
3.03 0.000811125 0.000794432 0.000778459 0.000763461 0.000749712 0.000737496 0.000727107 0.000718851 0.000713036 0.000709972 
3.03 0.000789165 0.000770646 0.000753006 0.000736509 0.000721435 0.000708079 0.000696746 0.000687754 0.000681428 0.000678098 
3.03 1.19277e-05 1.29242e-05 1.3837e-05 1.46617e-05 1.53928e-05 1.60242e-05 1.65487e-05 1.69581e-05 1.72427e-05 1.73914e-05 
3.03 0.00102084 0.00093726 0.000859361 0.000787884 0.000723633 0.000667478 0.000620362 0.000583299 0.000557384 0.000543794 
3.03 0.00123808 0.00129681 0.00135092 0.00140007 0.00144385 0.00148182 0.00151347 0.00153824 0.0015555 0.00156453 
3.03 1.20808e-05 5.60902e-15 5.60902e-15 5.60902e-15 5.60902e-15 5.60902e-15 5.60902e-15 5.60902e-15 5.60902e-15 5.60902e-15 
3.03 9.92539e-11 9.59143e-11 9.32999e-11 9.12361e-11 8.96051e-11 8.8326e-11 8.73441e-11 8.66239e-11 8.61452e-11 8.59019e-11 
3.04 0.000585919 0.000635083 0.000680129 0.000720825 0.000756907 0.00078807 0.000813959 0.000834166 0.000848215 0.000855558 
3.04 0.000811999 0.000795383 0.000779484 0.000764555 0.00075087 0.00073871 0.00072837 0.000720152 0.000714363 0.000711314 
3.04 0.000789995 0.000771549 0.00075398 0.000737549 0.000722535 0.000709233 0.000697945 0.00068899 0.000682689 0.000679373 
3.04 1.19451e-05 1.29432e-05 1.38575e-05 1.46835e-05 1.54159e-05 1.60484e-05 1.65739e-05 1.6984e-05 1.72692e-05 1.74182e-05 
3.04 0.00102165 0.000938141 0.00086031 0.000788897 0.000724705 0.000668603 0.000621531 0.000584504 0.000558614 0.000545037 
3.04 0.00123857 0.00129734 0.0013515 0.00140069 0.0014445 0.0014825 0.00151418 0.00153897 0.00155625 0.00156528 
3.04 1.20808e-05 5.60902e-15 5.60902e-15 5.60902e-15 5.60902e-15 5.60902e-15 5.60902e-15 5.60902e-15 5.60902e-15 5.60902e-15 
3.04 9.91479e-11 9.5813e-11 9.32018e-11 9.11403e-11 8.95108e-11 8.82329e-11 8.72519e-11 8.65323e-11 8.60542e-11 8.58112e-11 
3.05 0.000586772 0.000636012 0.000681129 0.000721893 0.000758037 0.000789255 0.000815191 0.000835436 0.000849511 0.000856868 
3.05 0.000812869 0.00079633 0.000780504 0.000765644 0.000752022 0.000739919 0.000729627 0.000721446 0.000715684 0.000712649 
3.05 0.000790821 0.000772448 0.000754949 0.000738584 0.00072363 0.000710381 0.000699139 0.00069022 0.000683944 0.000680642 
3.05 1.19625e-05 1.29621e-05 1.38779e-05 1.47053e-05 1.54389e-05 1.60725e-05 1.6599e-05 1.70098e-05 1.72956e-05 1.74449e-05 
3.05 0.00102246 0.000939017 0.000861255 0.000789906 0.000725772 0.000669723 0.000622695 0.000585703 0.000559838 0.000546274 
3.05 0.00123906 0.00129787 0.00135207 0.0014013 0.00144515 0.00148318 0.00151489 0.0015397 0.00155699 0.00156603 
3.05 1.20808e-05 5.60902e-15 5.60902e-15 5.60902e-15 5.60902e-15 5.60902e-15 5.60902e-15 5.60902e-15 5.60902e-15 5.60902e-15 
3.05 9.90427e-11 9.57122e-11 9.31045e-11 9.10455e-11 8.94174e-11 8.81407e-11 8.71606e-11 8.64416e-11 8.5964e-11 8.5721e-11 
3.06 0.000587621 0.000636935 0.000682125 0.000722956 0.000759162 0.000790435 0.000816418 0.000836699 0.000850801 0.000858172 
3.06 0.000813735 0.000797272 0.000781519 0.000766728 0.000753169 0.000741122 0.000730877 0.000722735 0.000716999 0.000713978 
3.06 0.000791643 0.000773343 0.000755914 0.000739614 0.00072472 0.000711524 0.000700327 0.000691444 0.000685194 0.000681905 
3.06 1.19798e-05 1.29809e-05 1.38982e-05 1.47269e-05 1.54618e-05 1.60965e-05 1.66239e-05 1.70356e-05 1.73218e-05 1.74714e-05 
3.06 0.00102326 0.000939891 0.000862195 0.00079091 0.000726835 0.000670837 0.000623854 0.000586897 0.000561056 0.000547505 
3.06 0.00123955 0.0012984 0.00135264 0.00140191 0.0014458 0.00148386 0.00151559 0.00154043 0.00155773 0.00156678 
3.06 1.20808e-05 5.60902e-15 5.60902e-15 5.60902e-15 5.60902e-15 5.60902e-15 5.60902e-15 5.60902e-15 5.60902e-15 5.60902e-15 
3.06 9.89385e-11 9.56123e-11 9.30077e-11 9.0951e-11 8.93249e-11 8.80493e-11 8.70703e-11 8.63518e-11 8.58744e-11 8.56315e-11 
3.07 0.000588466 0.000637855 0.000683116 0.000724014 0.000760282 0.000791609 0.000817639 0.000837957 0.000852085 0.00085947 
3.07 0.000814597 0.00079821 0.000782529 0.000767807 0.000754311 0.000742319 0.000732122 0.000724017 0.000718308 0.000715301 
3.07 0.000792462 0.000774234 0.000756874 0.000740639 0.000725805 0.000712662 0.00070151 0.000692662 0.000686438 0.000683162 
3.07 1.1997e-05 1.29996e-05 1.39183e-05 1.47485e-05 1.54846e-05 1.61204e-05 1.66488e-05 1.70612e-05 1.73479e-05 1.74978e-05 
3.07 0.00102406 0.00094076 0.000863131 0.00079191 0.000727893 0.000671946 0.000625007 0.000588085 0.000562269 0.00054873 
3.07 0.00124003 0.00129893 0.00135321 0.00140252 0.00144644 0.00148453 0.00151629 0.00154115 0.00155847 0.00156753 
3.07 1.20808e-05 5.60902e-15 5.60902e-15 5.60902e-15 5.60902e-15 5.60902e-15 5.60902e-15 5.60902e-15 5.60902e-15 5.60902e-15 
3.07 9.88352e-11 9.55132e-11 9.29118e-11 9.08575e-11 8.92331e-11 8.79588e-11 8.69803e-11 8.62627e-11 8.57856e-11 8.55429e-11 
3.08 0.000589307 0.000638771 0.000684103 0.000725068 0.000761397 0.000792778 0.000818854 0.000839209 0.000853363 0.000860761 
3.08 0.000815454 0.000799143 0.000783535 0.000768881 0.000755447 0.000743511 0.000733361 0.000725294 0.000719611 0.000716618 
3.08 0.000793277 0.000775121 0.00075783 0.000741659 0.000726885 0.000713794 0.000702687 0.000693875 0.000687676 0.000684413 
3.08 1.20141e-05 1.30182e-05 1.39384e-05 1.47699e-05 1.55073e-05 1.61442e-05 1.66735e-05 1.70867e-05 1.73739e-05 1.75241e-05 
3.08 0.00102485 0.000941625 0.000864063 0.000792905 0.000728946 0.00067305 0.000626155 0.000589267 0.000563476 0.00054995 
3.08 0.00124051 0.00129946 0.00135378 0.00140312 0.00144708 0.0014852 0.00151699 0.00154187 0.0015592 0.00156827 
3.08 1.20808e-05 5.60902e-15 5.60902e-15 5.60902e-15 5.60902e-15 5.60902e-15 5.60902e-15 5.60902e-15 5.60902e-15 5.60902e-15 
3.08 9.87323e-11 9.54149e-11 9.28167e-11 9.07647e-11 8.91418e-11 8.78686e-11 8.68911e-11 8.61741e-11 8.56976e-11 8.54552e-11 
3.09 0.000590144 0.000639682 0.000685085 0.000726117 0.000762506 0.000793942 0.000820064 0.000840455 0.000854635 0.000862047 
3.09 0.000816308 0.000800072 0.000784536 0.00076995 0.000756578 0.000744697 0.000734594 0.000726565 0.000720908 0.000717929 
3.09 0.000794088 0.000776004 0.000758781 0.000742675 0.00072796 0.000714921 0.000703859 0.000695082 0.000688908 0.000685658 
3.09 1.20311e-05 1.30367e-05 1.39584e-05 1.47912e-05 1.55299e-05 1.61679e-05 1.66981e-05 1.7112e-05 1.73998e-05 1.75503e-05 
3.09 0.00102564 0.000942485 0.000864991 0.000793895 0.000729994 0.000674149 0.000627297 0.000590444 0.000564677 0.000551164 
3.09 0.00124099 0.00129998 0.00135434 0.00140372 0.00144772 0.00148587 0.00151768 0.00154258 0.00155993 0.00156901 
3.09 1.20808e-05 5.60902e-15 5.60902e-15 5.60902e-15 5.60902e-15 5.60902e-15 5.60902e-15 5.60902e-15 5.60902e-15 5.60902e-15 
3.09 9.86303e-11 9.53175e-11 9.27223e-11 9.06723e-11 8.90512e-11 8.77793e-11 8.68028e-11 8.60863e-11 8.561e-11 8.53678e-11 
3.10 0.000590978 0.000640589 0.000686063 0.000727161 0.000763611 0.0007951 0.000821268 0.000841696 0.000855901 0.000863327 
3.10 0.000817157 0.000800997 0.000785533 0.000771014 0.000757704 0.000745878 0.000735822 0.000727829 0.000722199 0.000719234 
3.10 0.000794895 0.000776883 0.000759728 0.000743686 0.00072903 0.000716043 0.000705025 0.000696284 0.000690134 0.000686898 
3.10 1.20481e-05 1.30552e-05 1.39783e-05 1.48125e-05 1.55524e-05 1.61915e-05 1.67226e-05 1.71372e-05 1.74256e-05 1.75763e-05 
3.10 0.00102643 0.000943341 0.000865914 0.000794881 0.000731037 0.000675243 0.000628434 0.000591616 0.000565873 0.000552373 
3.10 0.00124147 0.0013005 0.0013549 0.00140432 0.00144835 0.00148653 0.00151837 0.00154329 0.00156066 0.00156974 
3.10 1.20808e-05 5.60902e-15 5.60902e-15 5.60902e-15 5.60902e-15 5.60902e-15 5.60902e-15 5.60902e-15 5.60902e-15 5.60902e-15 
3.10 9.85292e-11 9.52205e-11 9.26284e-11 9.05807e-11 8.89615e-11 8.76906e-11 8.67148e-11 8.59989e-11 8.55231e-11 8.52812e-11 
3.11 0.000591808 0.000641492 0.000687035 0.000728199 0.00076471 0.000796253 0.000822467 0.000842931 0.000857162 0.000864601 
3.11 0.000818003 0.000801918 0.000786525 0.000772073 0.000758825 0.000747054 0.000737044 0.000729088 0.000723484 0.000720533 
3.11 0.000795699 0.000777758 0.00076067 0.000744692 0.000730095 0.00071716 0.000706186 0.00069748 0.000691355 0.000688132 
3.11 1.2065e-05 1.30736e-05 1.39981e-05 1.48336e-05 1.55748e-05 1.6215e-05 1.6747e-05 1.71623e-05 1.74512e-05 1.76022e-05 
3.11 0.00102721 0.000944194 0.000866833 0.000795862 0.000732075 0.000676332 0.000629566 0.000592782 0.000567063 0.000553576 
3.11 0.00124195 0.00130102 0.00135546 0.00140492 0.00144898 0.00148719 0.00151906 0.001544 0.00156138 0.00157047 
3.11 1.20808e-05 5.60902e-15 5.60902e-15 5.60902e-15 5.60902e-15 5.60902e-15 5.60902e-15 5.60902e-15 5.60902e-15 5.60902e-15 
3.11 9.84288e-11 9.51244e-11 9.25353e-11 9.04899e-11 8.88721e-11 8.76024e-11 8.66275e-11 8.59123e-11 8.5437e-11 8.51951e-11 
3.12 0.000592633 0.000642391 0.000688004 0.000729233 0.000765804 0.000797401 0.000823659 0.00084416 0.000858416 0.000865868 
3.12 0.000818845 0.000802834 0.000787513 0.000773128 0.000759941 0.000748224 0.00073826 0.000730341 0.000724763 0.000721826 
3.12 0.000796499 0.000778628 0.000761608 0.000745694 0.000731155 0.000718272 0.000707342 0.000698671 0.00069257 0.00068936 
3.12 1.20818e-05 1.30919e-05 1.40178e-05 1.48547e-05 1.5597e-05 1.62383e-05 1.67713e-05 1.71873e-05 1.74767e-05 1.7628e-05 
3.12 0.00102799 0.000945042 0.000867748 0.000796839 0.000733108 0.000677416 0.000630693 0.000593943 0.000568248 0.000554773 
3.12 0.00124242 0.00130153 0.00135602 0.00140551 0.00144961 0.00148785 0.00151974 0.00154471 0.0015621 0.0015712 
3.12 1.20808e-05 5.60902e-15 5.60902e-15 5.60902e-15 5.60902e-15 5.60902e-15 5.60902e-15 5.60902e-15 5.60902e-15 5.60902e-15 
3.12 9.83295e-11 9.50291e-11 9.24431e-11 9.03999e-11 8.87836e-11 8.75151e-11 8.65412e-11 8.58264e-11 8.53513e-11 8.51097e-11 
3.13 0.000593455 0.000643285 0.000688968 0.000730262 0.000766893 0.000798543 0.000824847 0.000845383 0.000859665 0.00086713 
3.13 0.000819683 0.000803746 0.000788496 0.000774178 0.000761051 0.000749389 0.000739471 0.000731588 0.000726036 0.000723112 
3.13 0.000797295 0.000779495 0.000762542 0.000746691 0.00073221 0.000719379 0.000708493 0.000699856 0.00069378 0.000690582 
3.13 1.20985e-05 1.31101e-05 1.40374e-05 1.48756e-05 1.56192e-05 1.62616e-05 1.67954e-05 1.72122e-05 1.75021e-05 1.76537e-05 
3.13 0.00102877 0.000945887 0.000868658 0.000797811 0.000734137 0.000678495 0.000631815 0.000595098 0.000569427 0.000555965 
3.13 0.00124289 0.00130205 0.00135657 0.0014061 0.00145023 0.00148851 0.00152042 0.00154541 0.00156282 0.00157192 
3.13 1.20808e-05 5.60902e-15 5.60902e-15 5.60902e-15 5.60902e-15 5.60902e-15 5.60902e-15 5.60902e-15 5.60902e-15 5.60902e-15 
3.13 9.82304e-11 9.49346e-11 9.23515e-11 9.03104e-11 8.86958e-11 8.74284e-11 8.64552e-11 8.57413e-11 8.52665e-11 8.50251e-11 
3.14 0.000594273 0.000644175 0.000689928 0.000731287 0.000767977 0.00079968 0.000826029 0.000846601 0.000860908 0.000868386 
3.14 0.000820517 0.000804654 0.000789474 0.000775222 0.000762157 0.000750548 0.000740676 0.00073283 0.000727303 0.000724393 
3.14 0.000798087 0.000780357 0.000763472 0.000747684 0.00073326 0.00072048 0.000709638 0.000701036 0.000694984 0.000691799 
3.14 1.21152e-05 1.31282e-05 1.40569e-05 1.48965e-05 1.56412e-05 1.62847e-05 1.68195e-05 1.7237e-05 1.75274e-05 1.76792e-05 
3.14 0.00102954 0.000946728 0.000869564 0.000798778 0.000735161 0.000679569 0.000632931 0.000596248 0.000570601 0.000557151 
3.14 0.00124336 0.00130256 0.00135712 0.00140669 0.00145085 0.00148916 0.0015211 0.00154611 0.00156353 0.00157264 
3.14 1.20808e-05 5.60902e-15 5.60902e-15 5.60902e-15 5.60902e-15 5.60902e-15 5.60902e-15 5.60902e-15 5.60902e-15 5.60902e-15 
3.14 9.81321e-11 9.48403e-11 9.22603e-11 9.02215e-11 8.86084e-11 8.73425e-11 8.63699e-11 8.56566e-11 8.51823e-11 8.49409e-11 
3.15 0.000595087 0.000645061 0.000690882 0.000732307 0.000769056 0.000800812 0.000827206 0.000847813 0.000862145 0.000869637 
3.15 0.000821347 0.000805558 0.000790448 0.000776262 0.000763257 0.000751702 0.000741876 0.000734066 0.000728565 0.000725668 
3.15 0.000798876 0.000781216 0.000764397 0.000748672 0.000734305 0.000721576 0.000710778 0.00070221 0.000696183 0.00069301 
3.15 1.21318e-05 1.31462e-05 1.40764e-05 1.49172e-05 1.56632e-05 1.63077e-05 1.68434e-05 1.72617e-05 1.75526e-05 1.77046e-05 
3.15 0.00103031 0.000947565 0.000870466 0.000799741 0.00073618 0.000680638 0.000634042 0.000597393 0.000571769 0.000558332 
3.15 0.00124383 0.00130307 0.00135767 0.00140727 0.00145147 0.00148981 0.00152178 0.0015468 0.00156424 0.00157336 
3.15 1.20808e-05 5.60902e-15 5.60902e-15 5.60902e-15 5.60902e-15 5.60902e-15 5.60902e-15 5.60902e-15 5.60902e-15 5.60902e-15 
3.15 9.80347e-11 9.4747e-11 9.217e-11 9.01334e-11 8.85218e-11 8.7257e-11 8.62854e-11 8.55726e-11 8.50986e-11 8.48574e-11 
3.16 0.000595898 0.000645943 0.000691833 0.000733322 0.00077013 0.000801938 0.000828376 0.000849019 0.000863376 0.000870881 
3.16 0.000822174 0.000806457 0.000791417 0.000777297 0.000764352 0.00075285 0.00074307 0.000735296 0.000729821 0.000726937 
3.16 0.000799661 0.00078207 0.000765318 0.000749655 0.000735345 0.000722668 0.000711912 0.000703379 0.000697376 0.000694216 
3.16 1.21483e-05 1.31642e-05 1.40957e-05 1.49379e-05 1.5685e-05 1.63306e-05 1.68672e-05 1.72862e-05 1.75777e-05 1.77299e-05 
3.16 0.00103108 0.000948398 0.000871364 0.0008007 0.000737194 0.000681702 0.000635148 0.000598532 0.000572932 0.000559508 
3.16 0.0012443 0.00130357 0.00135821 0.00140785 0.00145209 0.00149046 0.00152245 0.00154749 0.00156494 0.00157407 
3.16 1.20808e-05 5.60902e-15 5.60902e-15 5.60902e-15 5.60902e-15 5.60902e-15 5.60902e-15 5.60902e-15 5.60902e-15 5.60902e-15 
3.16 9.79382e-11 9.46545e-11 9.20804e-11 9.00457e-11 8.84358e-11 8.71723e-11 8.62016e-11 8.54892e-11 8.50156e-11 8.47747e-11 
3.17 0.000596704 0.000646821 0.000692779 0.000734332 0.000771199 0.000803059 0.000829542 0.00085022 0.000864602 0.00087212 
3.17 0.000822996 0.000807352 0.000792382 0.000778327 0.000765442 0.000753993 0.000744258 0.000736521 0.000731071 0.0007282 
3.17 0.000800442 0.000782921 0.000766235 0.000750634 0.000736381 0.000723754 0.000713041 0.000704542 0.000698563 0.000695416 
3.17 1.21647e-05 1.31821e-05 1.4115e-05 1.49584e-05 1.57068e-05 1.63534e-05 1.68909e-05 1.73107e-05 1.76026e-05 1.77551e-05 
3.17 0.00103184 0.000949228 0.000872258 0.000801654 0.000738204 0.000682761 0.000636249 0.000599666 0.00057409 0.000560678 
3.17 0.00124476 0.00130407 0.00135875 0.00140843 0.0014527 0.0014911 0.00152312 0.00154818 0.00156564 0.00157478 
3.17 1.20808e-05 5.60902e-15 5.60902e-15 5.60902e-15 5.60902e-15 5.60902e-15 5.60902e-15 5.60902e-15 5.60902e-15 5.60902e-15 
3.17 9.78424e-11 9.45623e-11 9.19911e-11 8.99587e-11 8.83507e-11 8.70883e-11 8.61183e-11 8.54063e-11 8.4933e-11 8.46923e-11 
3.18 0.000597507 0.000647695 0.000693721 0.000735338 0.000772263 0.000804175 0.000830702 0.000851416 0.000865822 0.000873353 
3.18 0.000823815 0.000808243 0.000793342 0.000779352 0.000766527 0.000755131 0.000745441 0.00073774 0.000732315 0.000729457 
3.18 0.00080122 0.000783767 0.000767147 0.000751608 0.000737412 0.000724835 0.000714165 0.0007057 0.000699745 0.00069661 
3.18 1.2181e-05 1.31999e-05 1.41342e-05 1.49789e-05 1.57284e-05 1.63761e-05 1.69145e-05 1.7335e-05 1.76274e-05 1.77802e-05 
3.18 0.0010326 0.000950054 0.000873148 0.000802604 0.000739209 0.000683815 0.000637345 0.000600795 0.000575242 0.000561843 
3.18 0.00124522 0.00130457 0.00135929 0.00140901 0.00145331 0.00149174 0.00152378 0.00154887 0.00156634 0.00157549 
3.18 1.20808e-05 5.60902e-15 5.60902e-15 5.60902e-15 5.60902e-15 5.60902e-15 5.60902e-15 5.60902e-15 5.60902e-15 5.60902e-15 
3.18 9.77468e-11 9.44708e-11 9.19026e-11 8.98724e-11 8.82659e-11 8.70046e-11 8.60356e-11 8.53242e-11 8.48511e-11 8.46106e-11 
3.19 0.000598306 0.000648565 0.000694659 0.000736339 0.000773322 0.000805286 0.000831857 0.000852605 0.000867036 0.00087458 
3.19 0.00082463 0.00080913 0.000794298 0.000780373 0.000767607 0.000756264 0.000746619 0.000738953 0.000733553 0.000730709 
3.19 0.000801994 0.00078461 0.000768055 0.000752578 0.000738438 0.000725911 0.000715284 0.000706853 0.000700921 0.000697799 
3.19 1.21973e-05 1.32176e-05 1.41533e-05 1.49993e-05 1.575e-05 1.63987e-05 1.6938e-05 1.73592e-05 1.76521e-05 1.78052e-05 
3.19 0.00103335 0.000950876 0.000874034 0.00080355 0.000740209 0.000684864 0.000638436 0.000601919 0.000576389 0.000563002 
3.19 0.00124568 0.00130507 0.00135983 0.00140958 0.00145392 0.00149238 0.00152444 0.00154955 0.00156704 0.00157619 
3.19 1.20808e-05 5.60902e-15 5.60902e-15 5.60902e-15 5.60902e-15 5.60902e-15 5.60902e-15 5.60902e-15 5.60902e-15 5.60902e-15 
3.19 9.76521e-11 9.43801e-11 9.18148e-11 8.97869e-11 8.81818e-11 8.69217e-11 8.59534e-11 8.52428e-11 8.477e-11 8.45298e-11 
3.20 0.000599102 0.000649431 0.000695592 0.000737335 0.000774377 0.000806392 0.000833006 0.000853789 0.000868245 0.000875802 
3.20 0.000825441 0.000810013 0.00079525 0.000781389 0.000768682 0.000757392 0.000747791 0.00074016 0.000734786 0.000731955 
3.20 0.000802765 0.000785449 0.000768959 0.000753543 0.000739459 0.000726982 0.000716398 0.000708 0.000702092 0.000698983 
3.20 1.22135e-05 1.32352e-05 1.41723e-05 1.50196e-05 1.57714e-05 1.64212e-05 1.69614e-05 1.73833e-05 1.76767e-05 1.78301e-05 
3.20 0.0010341 0.000951693 0.000874915 0.000804491 0.000741205 0.000685908 0.000639521 0.000603038 0.000577531 0.000564156 
3.20 0.00124613 0.00130557 0.00136037 0.00141015 0.00145452 0.00149301 0.0015251 0.00155023 0.00156773 0.00157689 
3.20 1.20808e-05 5.60902e-15 5.60902e-15 5.60902e-15 5.60902e-15 5.60902e-15 5.60902e-15 5.60902e-15 5.60902e-15 5.60902e-15 
3.20 9.75583e-11 9.42902e-11 9.17278e-11 8.97018e-11 8.80985e-11 8.68395e-11 8.58718e-11 8.51618e-11 8.46895e-11 8.44493e-11 
3.21 0.000599894 0.000650293 0.000696521 0.000738327 0.000775426 0.000807493 0.00083415 0.000854968 0.000869448 0.000877018 
3.21 0.000826248 0.000810892 0.000796197 0.0007824 0.000769752 0.000758514 0.000748958 0.000741362 0.000736013 0.000733195 
3.21 0.000803532 0.000786284 0.000769859 0.000754504 0.000740476 0.000728048 0.000717506 0.000709142 0.000703258 0.000700161 
3.21 1.22296e-05 1.32527e-05 1.41912e-05 1.50398e-05 1.57928e-05 1.64436e-05 1.69847e-05 1.74073e-05 1.77012e-05 1.78548e-05 
3.21 0.00103485 0.000952507 0.000875792 0.000805428 0.000742196 0.000686948 0.000640602 0.000604151 0.000578667 0.000565304 
3.21 0.00124658 0.00130606 0.0013609 0.00141072 0.00145512 0.00149364 0.00152576 0.0015509 0.00156842 0.00157759 
3.21 1.20808e-05 5.60902e-15 5.60902e-15 5.60902e-15 5.60902e-15 5.60902e-15 5.60902e-15 5.60902e-15 5.60902e-15 5.60902e-15 
3.21 9.74647e-11 9.4201e-11 9.16415e-11 8.96174e-11 8.80154e-11 8.67576e-11 8.57909e-11 8.50815e-11 8.46094e-11 8.43694e-11 
3.22 0.000600682 0.000651151 0.000697446 0.000739314 0.000776471 0.000808588 0.000835289 0.000856141 0.000870646 0.000878228 
3.22 0.000827052 0.000811767 0.00079714 0.000783407 0.000770817 0.000759631 0.000750119 0.000742559 0.000737234 0.000734429 
3.22 0.000804296 0.000787115 0.000770755 0.00075546 0.000741488 0.00072911 0.000718609 0.000710279 0.000704418 0.000701334 
3.22 1.22456e-05 1.32702e-05 1.421e-05 1.50599e-05 1.58141e-05 1.64659e-05 1.70079e-05 1.74312e-05 1.77256e-05 1.78794e-05 
3.22 0.00103559 0.000953317 0.000876665 0.00080636 0.000743183 0.000687983 0.000641678 0.000605259 0.000579798 0.000566447 
3.22 0.00124703 0.00130655 0.00136143 0.00141129 0.00145572 0.00149427 0.00152641 0.00155157 0.00156911 0.00157828 
3.22 1.20808e-05 5.60902e-15 5.60902e-15 5.60902e-15 5.60902e-15 5.60902e-15 5.60902e-15 5.60902e-15 5.60902e-15 5.60902e-15 
3.22 9.73717e-11 9.4112e-11 9.15555e-11 8.95336e-11 8.79332e-11 8.66764e-11 8.57107e-11 8.50016e-11 8.453e-11 8.42903e-11 
3.23 0.000601467 0.000652005 0.000698366 0.000740297 0.000777511 0.000809679 0.000836423 0.000857309 0.000871838 0.000879433 
3.23 0.000827852 0.000812638 0.000798078 0.000784409 0.000771877 0.000760743 0.000751275 0.00074375 0.000738449 0.000735657 
3.23 0.000805056 0.000787942 0.000771647 0.000756412 0.000742495 0.000730166 0.000719707 0.00071141 0.000705573 0.000702501 
3.23 1.22616e-05 1.32876e-05 1.42287e-05 1.50799e-05 1.58352e-05 1.64881e-05 1.7031e-05 1.7455e-05 1.77498e-05 1.79039e-05 
3.23 0.00103633 0.000954123 0.000877534 0.000807288 0.000744165 0.000689013 0.000642749 0.000606362 0.000580924 0.000567585 
3.23 0.00124748 0.00130704 0.00136196 0.00141185 0.00145632 0.00149489 0.00152706 0.00155224 0.00156979 0.00157897 
3.23 1.20808e-05 5.60902e-15 5.60902e-15 5.60902e-15 5.60902e-15 5.60902e-15 5.60902e-15 5.60902e-15 5.60902e-15 5.60902e-15 
3.23 9.72797e-11 9.40239e-11 9.14703e-11 8.94507e-11 8.78516e-11 8.6596e-11 8.56309e-11 8.49223e-11 8.44513e-11 8.42115e-11 
3.24 0.000602248 0.000652855 0.000699282 0.000741275 0.000778546 0.000810764 0.000837551 0.000858472 0.000873025 0.000880632 
3.24 0.000828648 0.000813504 0.000799012 0.000785406 0.000772932 0.00076185 0.000752426 0.000744935 0.000739659 0.00073688 
3.24 0.000805813 0.000788766 0.000772534 0.000757359 0.000743498 0.000731218 0.0007208 0.000712536 0.000706722 0.000703663 
3.24 1.22775e-05 1.33049e-05 1.42473e-05 1.50998e-05 1.58563e-05 1.65102e-05 1.7054e-05 1.74786e-05 1.7774e-05 1.79283e-05 
3.24 0.00103707 0.000954925 0.000878399 0.000808212 0.000745142 0.000690038 0.000643814 0.00060746 0.000582045 0.000568718 
3.24 0.00124793 0.00130753 0.00136248 0.00141241 0.00145691 0.00149551 0.00152771 0.00155291 0.00157047 0.00157966 
3.24 1.20808e-05 5.60902e-15 5.60902e-15 5.60902e-15 5.60902e-15 5.60902e-15 5.60902e-15 5.60902e-15 5.60902e-15 5.60902e-15 
3.24 9.71884e-11 9.39365e-11 9.13858e-11 8.9368e-11 8.77706e-11 8.65159e-11 8.55517e-11 8.48437e-11 8.43729e-11 8.41334e-11 
3.25 0.000603025 0.000653701 0.000700194 0.000742249 0.000779576 0.000811845 0.000838674 0.000859629 0.000874205 0.000881826 
3.25 0.000829441 0.000814367 0.000799942 0.000786399 0.000773983 0.000762951 0.000753571 0.000746115 0.000740863 0.000738097 
3.25 0.000806566 0.000789585 0.000773417 0.000758302 0.000744496 0.000732265 0.000721888 0.000713657 0.000707866 0.000704819 
3.25 1.22933e-05 1.33221e-05 1.42659e-05 1.51196e-05 1.58773e-05 1.65322e-05 1.70768e-05 1.75022e-05 1.7798e-05 1.79526e-05 
3.25 0.0010378 0.000955724 0.00087926 0.000809131 0.000746115 0.000691058 0.000644875 0.000608553 0.00058316 0.000569845 
3.25 0.00124838 0.00130802 0.001363 0.00141297 0.0014575 0.00149613 0.00152835 0.00155357 0.00157115 0.00158034 
3.25 1.20808e-05 5.60902e-15 5.60902e-15 5.60902e-15 5.60902e-15 5.60902e-15 5.60902e-15 5.60902e-15 5.60902e-15 5.60902e-15 
3.25 9.70979e-11 9.38498e-11 9.13016e-11 8.9286e-11 8.769e-11 8.64365e-11 8.54732e-11 8.47658e-11 8.42953e-11 8.40561e-11 
3.26 0.000603799 0.000654543 0.000701102 0.000743218 0.000780601 0.00081292 0.000839792 0.000860781 0.000875381 0.000883014 
3.26 0.00083023 0.000815226 0.000800867 0.000787387 0.000775028 0.000764048 0.000754711 0.000747289 0.000742062 0.000739308 
3.26 0.000807315 0.000790401 0.000774296 0.000759241 0.000745489 0.000733307 0.000722971 0.000714773 0.000709005 0.00070597 
3.26 1.23091e-05 1.33392e-05 1.42844e-05 1.51393e-05 1.58981e-05 1.65541e-05 1.70996e-05 1.75256e-05 1.78219e-05 1.79768e-05 
3.26 0.00103853 0.000956518 0.000880117 0.000810046 0.000747083 0.000692074 0.000645931 0.000609641 0.00058427 0.000570967 
3.26 0.00124882 0.0013085 0.00136352 0.00141353 0.00145809 0.00149675 0.00152899 0.00155423 0.00157182 0.00158102 
3.26 1.20808e-05 5.60902e-15 5.60902e-15 5.60902e-15 5.60902e-15 5.60902e-15 5.60902e-15 5.60902e-15 5.60902e-15 5.60902e-15 
3.26 9.70083e-11 9.37639e-11 9.12182e-11 8.92046e-11 8.76101e-11 8.63577e-11 8.53951e-11 8.46882e-11 8.42183e-11 8.3979e-11 
3.27 0.000604569 0.000655382 0.000702005 0.000744182 0.000781622 0.00081399 0.000840905 0.000861927 0.000876551 0.000884197 
3.27 0.000831015 0.000816081 0.000801788 0.00078837 0.000776069 0.000765139 0.000755845 0.000748458 0.000743255 0.000740514 
3.27 0.000808061 0.000791213 0.000775171 0.000760175 0.000746478 0.000734344 0.000724049 0.000715883 0.000710139 0.000707116 
3.27 1.23248e-05 1.33563e-05 1.43028e-05 1.51589e-05 1.59189e-05 1.65759e-05 1.71222e-05 1.75489e-05 1.78457e-05 1.80009e-05 
3.27 0.00103926 0.000957309 0.00088097 0.000810957 0.000748047 0.000693085 0.000646982 0.000610724 0.000585375 0.000572084 
3.27 0.00124926 0.00130898 0.00136404 0.00141408 0.00145868 0.00149736 0.00152963 0.00155489 0.00157249 0.0015817 
3.27 1.20808e-05 5.60902e-15 5.60902e-15 5.60902e-15 5.60902e-15 5.60902e-15 5.60902e-15 5.60902e-15 5.60902e-15 5.60902e-15 
3.27 9.69187e-11 9.36782e-11 9.11354e-11 8.9124e-11 8.7531e-11 8.62796e-11 8.53177e-11 8.46113e-11 8.41416e-11 8.39025e-11 
3.28 0.000605336 0.000656216 0.000702904 0.000745142 0.000782638 0.000815056 0.000842013 0.000863068 0.000877716 0.000885374 
3.28 0.000831797 0.000816931 0.000802705 0.000789349 0.000777105 0.000766225 0.000756974 0.000749622 0.000744443 0.000741714 
3.28 0.000808804 0.000792021 0.000776042 0.000761105 0.000747462 0.000735376 0.000725122 0.000716989 0.000711267 0.000708256 
3.28 1.23404e-05 1.33733e-05 1.43211e-05 1.51785e-05 1.59396e-05 1.65976e-05 1.71447e-05 1.75721e-05 1.78694e-05 1.80249e-05 
3.28 0.00103998 0.000958097 0.000881819 0.000811863 0.000749007 0.000694091 0.000648028 0.000611802 0.000586475 0.000573196 
3.28 0.0012497 0.00130946 0.00136456 0.00141463 0.00145926 0.00149797 0.00153026 0.00155554 0.00157316 0.00158238 
3.28 1.20808e-05 5.60902e-15 5.60902e-15 5.60902e-15 5.60902e-15 5.60902e-15 5.60902e-15 5.60902e-15 5.60902e-15 5.60902e-15 
3.28 9.68299e-11 9.35932e-11 9.10533e-11 8.90438e-11 8.74524e-11 8.62019e-11 8.52409e-11 8.45351e-11 8.40656e-11 8.38268e-11 
3.29 0.000606099 0.000657047 0.000703799 0.000746098 0.000783649 0.000816117 0.000843116 0.000864204 0.000878875 0.000886546 
3.29 0.000832575 0.000817778 0.000803618 0.000790323 0.000778136 0.000767307 0.000758098 0.00075078 0.000745625 0.000742909 
3.29 0.000809543 0.000792826 0.000776909 0.000762031 0.000748441 0.000736403 0.00072619 0.000718089 0.00071239 0.000709391 
3.29 1.23559e-05 1.33902e-05 1.43393e-05 1.51979e-05 1.59602e-05 1.66192e-05 1.71672e-05 1.75952e-05 1.7893e-05 1.80487e-05 
3.29 0.0010407 0.000958881 0.000882664 0.000812765 0.000749962 0.000695093 0.000649069 0.000612875 0.00058757 0.000574303 
3.29 0.00125014 0.00130994 0.00136507 0.00141518 0.00145984 0.00149858 0.00153089 0.00155619 0.00157382 0.00158305 
3.29 1.20808e-05 5.60902e-15 5.60902e-15 5.60902e-15 5.60902e-15 5.60902e-15 5.60902e-15 5.60902e-15 5.60902e-15 5.60902e-15 
3.29 9.67419e-11 9.35091e-11 9.09719e-11 8.89642e-11 8.73742e-11 8.61247e-11 8.51643e-11 8.44592e-11 8.39902e-11 8.37517e-11 
3.30 0.000606859 0.000657874 0.00070469 0.000747049 0.000784656 0.000817173 0.000844213 0.000865335 0.000880029 0.000887712 
3.30 0.00083335 0.000818621 0.000804526 0.000791293 0.000779162 0.000768383 0.000759217 0.000751933 0.000746801 0.000744098 
3.30 0.000810279 0.000793627 0.000777772 0.000762952 0.000749416 0.000737425 0.000727253 0.000719184 0.000713508 0.000710521 
3.30 1.23714e-05 1.3407e-05 1.43574e-05 1.52173e-05 1.59807e-05 1.66407e-05 1.71895e-05 1.76182e-05 1.79165e-05 1.80724e-05 
3.30 0.00104142 0.000959661 0.000883505 0.000813663 0.000750912 0.00069609 0.000650106 0.000613943 0.00058866 0.000575404 
3.30 0.00125058 0.00131041 0.00136558 0.00141572 0.00146042 0.00149919 0.00153152 0.00155684 0.00157448 0.00158372 
3.30 1.20808e-05 5.60902e-15 5.60902e-15 5.60902e-15 5.60902e-15 5.60902e-15 5.60902e-15 5.60902e-15 5.60902e-15 5.60902e-15 
3.30 9.66546e-11 9.34255e-11 9.08908e-11 8.88852e-11 8.72966e-11 8.60482e-11 8.50885e-11 8.43839e-11 8.39152e-11 8.36769e-11 
3.31 0.000607615 0.000658697 0.000705577 0.000747996 0.000785658 0.000818223 0.000845305 0.00086646 0.000881178 0.000888873 
3.31 0.000834121 0.00081946 0.00080543 0.000792259 0.000780183 0.000769454 0.000760331 0.00075308 0.000747972 0.000745282 
3.31 0.000811011 0.000794424 0.000778631 0.000763869 0.000750386 0.000738443 0.000728311 0.000720274 0.000714621 0.000711645 
3.31 1.23868e-05 1.34238e-05 1.43755e-05 1.52366e-05 1.60011e-05 1.66621e-05 1.72117e-05 1.76411e-05 1.79399e-05 1.8096e-05 
3.31 0.00104214 0.000960438 0.000884342 0.000814557 0.000751858 0.000697082 0.000651138 0.000615006 0.000589745 0.0005765 
3.31 0.00125101 0.00131088 0.00136609 0.00141627 0.00146099 0.00149979 0.00153215 0.00155749 0.00157514 0.00158438 
3.31 1.20808e-05 5.60902e-15 5.60902e-15 5.60902e-15 5.60902e-15 5.60902e-15 5.60902e-15 5.60902e-15 5.60902e-15 5.60902e-15 
3.31 9.6568e-11 9.33422e-11 9.08103e-11 8.8807e-11 8.72197e-11 8.59725e-11 8.50134e-11 8.43092e-11 8.38408e-11 8.36028e-11 
3.32 0.000608368 0.000659516 0.00070646 0.000748939 0.000786655 0.000819269 0.000846393 0.00086758 0.000882321 0.000890029 
3.32 0.000834888 0.000820295 0.00080633 0.00079322 0.0007812 0.000770521 0.00076144 0.000754222 0.000749138 0.00074646 
3.32 0.00081174 0.000795217 0.000779486 0.000764782 0.000751352 0.000739456 0.000729364 0.000721359 0.000715728 0.000712764 
3.32 1.24021e-05 1.34405e-05 1.43935e-05 1.52558e-05 1.60214e-05 1.66834e-05 1.72339e-05 1.76639e-05 1.79631e-05 1.81195e-05 
3.32 0.00104285 0.000961213 0.000885176 0.000815447 0.0007528 0.00069807 0.000652165 0.000616064 0.000590825 0.000577592 
3.32 0.00125144 0.00131135 0.0013666 0.00141681 0.00146156 0.00150039 0.00153277 0.00155813 0.0015758 0.00158504 
3.32 1.20808e-05 5.60902e-15 5.60902e-15 5.60902e-15 5.60902e-15 5.60902e-15 5.60902e-15 5.60902e-15 5.60902e-15 5.60902e-15 
3.32 9.64816e-11 9.32596e-11 9.07304e-11 8.87289e-11 8.71431e-11 8.58969e-11 8.49389e-11 8.42353e-11 8.37671e-11 8.3529e-11 
3.33 0.000609117 0.000660331 0.000707339 0.000749877 0.000787648 0.00082031 0.000847475 0.000868695 0.000883459 0.000891178 
3.33 0.000835652 0.000821126 0.000807226 0.000794176 0.000782212 0.000771582 0.000762543 0.000755359 0.000750298 0.000747633 
3.33 0.000812466 0.000796007 0.000780337 0.000765691 0.000752314 0.000740464 0.000730413 0.000722439 0.00071683 0.000713878 
3.33 1.24173e-05 1.34571e-05 1.44114e-05 1.52749e-05 1.60416e-05 1.67046e-05 1.72559e-05 1.76866e-05 1.79863e-05 1.81429e-05 
3.33 0.00104356 0.000961983 0.000886006 0.000816333 0.000753737 0.000699053 0.000653187 0.000617117 0.0005919 0.000578678 
3.33 0.00125187 0.00131182 0.0013671 0.00141735 0.00146213 0.00150099 0.00153339 0.00155877 0.00157645 0.0015857 
3.33 1.20808e-05 5.60902e-15 5.60902e-15 5.60902e-15 5.60902e-15 5.60902e-15 5.60902e-15 5.60902e-15 5.60902e-15 5.60902e-15 
3.33 9.63959e-11 9.31776e-11 9.06513e-11 8.86515e-11 8.70671e-11 8.5822e-11 8.48646e-11 8.41617e-11 8.36939e-11 8.34558e-11 
3.34 0.000609863 0.000661143 0.000708214 0.000750811 0.000788636 0.000821346 0.000848552 0.000869805 0.000884592 0.000892323 
3.34 0.000836412 0.000821953 0.000808118 0.000795128 0.000783219 0.000772639 0.000763641 0.00075649 0.000751453 0.0007488 
3.34 0.000813188 0.000796793 0.000781184 0.000766596 0.000753271 0.000741468 0.000731456 0.000723514 0.000717927 0.000714987 
3.34 1.24325e-05 1.34736e-05 1.44292e-05 1.52939e-05 1.60617e-05 1.67257e-05 1.72778e-05 1.77092e-05 1.80093e-05 1.81662e-05 
3.34 0.00104426 0.00096275 0.000886832 0.000817215 0.00075467 0.000700032 0.000654204 0.000618165 0.00059297 0.000579759 
3.34 0.0012523 0.00131228 0.0013676 0.00141788 0.0014627 0.00150158 0.00153401 0.00155941 0.0015771 0.00158636 
3.34 1.20808e-05 5.60902e-15 5.60902e-15 5.60902e-15 5.60902e-15 5.60902e-15 5.60902e-15 5.60902e-15 5.60902e-15 5.60902e-15 
3.34 9.6311e-11 9.30964e-11 9.05724e-11 8.85748e-11 8.69917e-11 8.57478e-11 8.47911e-11 8.40886e-11 8.36211e-11 8.33833e-11 
3.35 0.000610605 0.000661951 0.000709084 0.00075174 0.000789619 0.000822378 0.000849624 0.00087091 0.00088572 0.000893463 
3.35 0.000837169 0.000822777 0.000809005 0.000796076 0.000784222 0.00077369 0.000764734 0.000757616 0.000752603 0.000749962 
3.35 0.000813907 0.000797575 0.000782028 0.000767496 0.000754224 0.000742467 0.000732495 0.000724584 0.000719019 0.000716091 
3.35 1.24476e-05 1.349e-05 1.44469e-05 1.53128e-05 1.60817e-05 1.67467e-05 1.72997e-05 1.77317e-05 1.80323e-05 1.81894e-05 
3.35 0.00104496 0.000963513 0.000887654 0.000818093 0.000755599 0.000701006 0.000655217 0.000619208 0.000594035 0.000580836 
3.35 0.00125272 0.00131274 0.0013681 0.00141841 0.00146326 0.00150217 0.00153463 0.00156004 0.00157775 0.00158701 
3.35 1.20808e-05 5.60902e-15 5.60902e-15 5.60902e-15 5.60902e-15 5.60902e-15 5.60902e-15 5.60902e-15 5.60902e-15 5.60902e-15 
3.35 9.62266e-11 9.30153e-11 9.04941e-11 8.84983e-11 8.69169e-11 8.56739e-11 8.4718e-11 8.40162e-11 8.3549e-11 8.33114e-11 
3.36 0.000611344 0.000662755 0.000709951 0.000752665 0.000790598 0.000823405 0.000850692 0.00087201 0.000886842 0.000894597 
3.36 0.000837922 0.000823597 0.000809889 0.000797019 0.00078522 0.000774737 0.000765822 0.000758737 0.000753747 0.000751119 
3.36 0.000814623 0.000798354 0.000782867 0.000768392 0.000755172 0.000743462 0.000733529 0.000725649 0.000720106 0.00071719 
3.36 1.24626e-05 1.35064e-05 1.44645e-05 1.53316e-05 1.61016e-05 1.67676e-05 1.73214e-05 1.77541e-05 1.80551e-05 1.82125e-05 
3.36 0.00104566 0.000964272 0.000888472 0.000818967 0.000756524 0.000701976 0.000656225 0.000620247 0.000595095 0.000581907 
3.36 0.00125314 0.0013132 0.0013686 0.00141894 0.00146382 0.00150276 0.00153524 0.00156067 0.00157839 0.00158766 
3.36 1.20808e-05 5.60902e-15 5.60902e-15 5.60902e-15 5.60902e-15 5.60902e-15 5.60902e-15 5.60902e-15 5.60902e-15 5.60902e-15 
3.36 9.61425e-11 9.29349e-11 9.04164e-11 8.84224e-11 8.68424e-11 8.56005e-11 8.46456e-11 8.39441e-11 8.34773e-11 8.32397e-11 
3.37 0.000612079 0.000663555 0.000710813 0.000753586 0.000791572 0.000824427 0.000851755 0.000873105 0.000887959 0.000895726 
3.37 0.000838672 0.000824413 0.000810768 0.000797958 0.000786214 0.000775779 0.000766905 0.000759853 0.000754886 0.00075227 
3.37 0.000815335 0.000799129 0.000783703 0.000769284 0.000756116 0.000744452 0.000734558 0.000726709 0.000721189 0.000718284 
3.37 1.24776e-05 1.35227e-05 1.4482e-05 1.53503e-05 1.61214e-05 1.67884e-05 1.7343e-05 1.77764e-05 1.80779e-05 1.82355e-05 
3.37 0.00104635 0.000965028 0.000889287 0.000819837 0.000757444 0.000702941 0.000657228 0.000621281 0.00059615 0.000582973 
3.37 0.00125356 0.00131366 0.00136909 0.00141947 0.00146438 0.00150335 0.00153585 0.0015613 0.00157903 0.00158831 
3.37 1.20808e-05 5.60902e-15 5.60902e-15 5.60902e-15 5.60902e-15 5.60902e-15 5.60902e-15 5.60902e-15 5.60902e-15 5.60902e-15 
3.37 9.6059e-11 9.28552e-11 9.03395e-11 8.83473e-11 8.67686e-11 8.55277e-11 8.45735e-11 8.38724e-11 8.3406e-11 8.31686e-11 
3.38 0.000612811 0.000664352 0.000711671 0.000754503 0.000792542 0.000825444 0.000852812 0.000874194 0.000889071 0.00089685 
3.38 0.000839418 0.000825225 0.000811644 0.000798893 0.000787203 0.000776816 0.000767984 0.000760964 0.00075602 0.000753416 
3.38 0.000816044 0.000799901 0.000784535 0.000770172 0.000757055 0.000745437 0.000735582 0.000727765 0.000722266 0.000719373 
3.38 1.24925e-05 1.35389e-05 1.44995e-05 1.5369e-05 1.61412e-05 1.68091e-05 1.73645e-05 1.77986e-05 1.81005e-05 1.82584e-05 
3.38 0.00104704 0.00096578 0.000890098 0.000820703 0.00075836 0.000703902 0.000658227 0.00062231 0.0005972 0.000584035 
3.38 0.00125398 0.00131412 0.00136958 0.00142 0.00146494 0.00150393 0.00153646 0.00156192 0.00157967 0.00158896 
3.38 1.20808e-05 5.60902e-15 5.60902e-15 5.60902e-15 5.60902e-15 5.60902e-15 5.60902e-15 5.60902e-15 5.60902e-15 5.60902e-15 
3.38 9.59764e-11 9.27761e-11 9.02627e-11 8.82726e-11 8.66954e-11 8.54556e-11 8.4502e-11 8.38015e-11 8.33354e-11 8.30982e-11 
3.39 0.00061354 0.000665145 0.000712526 0.000755415 0.000793508 0.000826456 0.000853865 0.000875278 0.000890178 0.000897969 
3.39 0.000840161 0.000826034 0.000812515 0.000799823 0.000788187 0.000777849 0.000769057 0.00076207 0.000757149 0.000754557 
3.39 0.00081675 0.000800669 0.000785363 0.000771056 0.00075799 0.000746418 0.000736602 0.000728815 0.000723338 0.000720456 
3.39 1.25073e-05 1.3555e-05 1.45169e-05 1.53876e-05 1.61608e-05 1.68297e-05 1.7386e-05 1.78206e-05 1.8123e-05 1.82812e-05 
3.39 0.00104773 0.000966528 0.000890905 0.000821564 0.000759272 0.000704858 0.000659221 0.000623334 0.000598246 0.000585092 
3.39 0.0012544 0.00131457 0.00137007 0.00142052 0.00146549 0.00150451 0.00153706 0.00156254 0.0015803 0.0015896 
3.39 1.20808e-05 5.60902e-15 5.60902e-15 5.60902e-15 5.60902e-15 5.60902e-15 5.60902e-15 5.60902e-15 5.60902e-15 5.60902e-15 
3.39 9.58944e-11 9.26977e-11 9.01868e-11 8.81987e-11 8.66228e-11 8.53839e-11 8.44311e-11 8.37309e-11 8.32653e-11 8.30284e-11 
3.40 0.000614265 0.000665934 0.000713377 0.000756323 0.000794469 0.000827464 0.000854913 0.000876358 0.00089128 0.000899083 
3.40 0.0008409 0.000826839 0.000813382 0.000800749 0.000789167 0.000778876 0.000770125 0.000763171 0.000758272 0.000755692 
3.40 0.000817452 0.000801434 0.000786187 0.000771936 0.000758921 0.000747394 0.000737617 0.000729861 0.000724405 0.000721535 
3.40 1.25221e-05 1.35711e-05 1.45342e-05 1.54061e-05 1.61804e-05 1.68502e-05 1.74073e-05 1.78426e-05 1.81454e-05 1.83039e-05 
3.40 0.00104842 0.000967273 0.000891708 0.000822422 0.000760179 0.00070581 0.00066021 0.000624353 0.000599287 0.000586144 
3.40 0.00125482 0.00131502 0.00137056 0.00142104 0.00146604 0.00150509 0.00153766 0.00156316 0.00158093 0.00159024 
3.40 1.20808e-05 5.60902e-15 5.60902e-15 5.60902e-15 5.60902e-15 5.60902e-15 5.60902e-15 5.60902e-15 5.60902e-15 5.60902e-15 
3.40 9.58129e-11 9.26195e-11 9.01112e-11 8.81249e-11 8.65504e-11 8.53125e-11 8.43604e-11 8.36608e-11 8.31954e-11 8.29588e-11 
3.41 0.000614987 0.00066672 0.000714224 0.000757227 0.000795425 0.000828467 0.000855955 0.000877432 0.000892377 0.000900191 
3.41 0.000841636 0.00082764 0.000814245 0.000801671 0.000790142 0.000779899 0.000771189 0.000764266 0.00075939 0.000756822 
3.41 0.000818151 0.000802195 0.000787007 0.000772812 0.000759848 0.000748366 0.000738627 0.000730902 0.000725468 0.000722608 
3.41 1.25368e-05 1.35871e-05 1.45514e-05 1.54245e-05 1.61999e-05 1.68706e-05 1.74285e-05 1.78645e-05 1.81678e-05 1.83264e-05 
3.41 0.0010491 0.000968016 0.000892508 0.000823276 0.000761082 0.000706757 0.000661195 0.000625368 0.000600323 0.000587191 
3.41 0.00125523 0.00131547 0.00137104 0.00142156 0.00146659 0.00150566 0.00153826 0.00156378 0.00158156 0.00159087 
3.41 1.20808e-05 5.60902e-15 5.60902e-15 5.60902e-15 5.60902e-15 5.60902e-15 5.60902e-15 5.60902e-15 5.60902e-15 5.60902e-15 
3.41 9.57323e-11 9.2542e-11 9.00363e-11 8.80518e-11 8.64786e-11 8.52419e-11 8.42904e-11 8.35913e-11 8.31262e-11 8.28898e-11 
3.42 0.000615705 0.000667502 0.000715066 0.000758127 0.000796377 0.000829466 0.000856993 0.000878502 0.000893469 0.000901294 
3.42 0.000842369 0.000828437 0.000815105 0.000802588 0.000791113 0.000780917 0.000772247 0.000765357 0.000760503 0.000757947 
3.42 0.000818847 0.000802952 0.000787823 0.000773684 0.00076077 0.000749333 0.000739633 0.000731938 0.000726525 0.000723677 
3.42 1.25514e-05 1.3603e-05 1.45686e-05 1.54428e-05 1.62193e-05 1.68909e-05 1.74496e-05 1.78863e-05 1.819e-05 1.83489e-05 
3.42 0.00104978 0.000968755 0.000893304 0.000824126 0.000761981 0.0007077 0.000662175 0.000626378 0.000601354 0.000588233 
3.42 0.00125564 0.00131592 0.00137153 0.00142208 0.00146713 0.00150623 0.00153885 0.00156439 0.00158219 0.0015915 
3.42 1.20808e-05 5.60902e-15 5.60902e-15 5.60902e-15 5.60902e-15 5.60902e-15 5.60902e-15 5.60902e-15 5.60902e-15 5.60902e-15 
3.42 9.56517e-11 9.2465e-11 8.99621e-11 8.79793e-11 8.64075e-11 8.51715e-11 8.42209e-11 8.35224e-11 8.30575e-11 8.2821e-11 
3.43 0.00061642 0.00066828 0.000715905 0.000759023 0.000797325 0.00083046 0.000858026 0.000879566 0.000894555 0.000902392 
3.43 0.000843098 0.000829231 0.00081596 0.000803501 0.000792079 0.000781931 0.000773301 0.000766442 0.000761611 0.000759067 
3.43 0.00081954 0.000803706 0.000788636 0.000774551 0.000761688 0.000750296 0.000740634 0.000732969 0.000727578 0.000724741 
3.43 1.2566e-05 1.36188e-05 1.45857e-05 1.5461e-05 1.62386e-05 1.69111e-05 1.74707e-05 1.79079e-05 1.82121e-05 1.83712e-05 
3.43 0.00105046 0.000969491 0.000894096 0.000824972 0.000762876 0.000708638 0.000663151 0.000627383 0.00060238 0.00058927 
3.43 0.00125605 0.00131637 0.00137201 0.00142259 0.00146768 0.0015068 0.00153944 0.001565 0.00158281 0.00159213 
3.43 1.20808e-05 5.60902e-15 5.60902e-15 5.60902e-15 5.60902e-15 5.60902e-15 5.60902e-15 5.60902e-15 5.60902e-15 5.60902e-15 
3.43 9.55719e-11 9.23887e-11 8.98881e-11 8.79074e-11 8.63369e-11 8.51016e-11 8.41517e-11 8.34537e-11 8.29893e-11 8.27529e-11 
3.44 0.000617132 0.000669055 0.00071674 0.000759914 0.000798268 0.000831449 0.000859055 0.000880626 0.000895636 0.000903485 
3.44 0.000843824 0.000830021 0.000816811 0.00080441 0.000793041 0.00078294 0.00077435 0.000767522 0.000762714 0.000760181 
3.44 0.00082023 0.000804457 0.000789445 0.000775415 0.000762602 0.000751254 0.00074163 0.000733996 0.000728626 0.0007258 
3.44 1.25805e-05 1.36346e-05 1.46027e-05 1.54791e-05 1.62578e-05 1.69313e-05 1.74916e-05 1.79295e-05 1.82341e-05 1.83934e-05 
3.44 0.00105113 0.000970224 0.000894885 0.000825814 0.000763767 0.000709572 0.000664122 0.000628384 0.000603401 0.000590302 
3.44 0.00125646 0.00131681 0.00137249 0.0014231 0.00146822 0.00150737 0.00154003 0.00156561 0.00158343 0.00159276 
3.44 1.20808e-05 5.60902e-15 5.60902e-15 5.60902e-15 5.60902e-15 5.60902e-15 5.60902e-15 5.60902e-15 5.60902e-15 5.60902e-15 
3.44 9.54928e-11 9.2313e-11 8.98147e-11 8.78356e-11 8.62665e-11 8.50323e-11 8.40831e-11 8.33857e-11 8.29215e-11 8.26853e-11 
3.45 0.000617841 0.000669826 0.000717571 0.000760802 0.000799207 0.000832434 0.000860079 0.000881681 0.000896713 0.000904573 
3.45 0.000844546 0.000830807 0.000817659 0.000805315 0.000793998 0.000783944 0.000775394 0.000768598 0.000763811 0.00076129 
3.45 0.000820916 0.000805204 0.00079025 0.000776274 0.000763512 0.000752208 0.000742622 0.000735018 0.000729669 0.000726854 
3.45 1.25949e-05 1.36503e-05 1.46196e-05 1.54972e-05 1.62769e-05 1.69513e-05 1.75125e-05 1.79509e-05 1.8256e-05 1.84156e-05 
3.45 0.0010518 0.000970952 0.00089567 0.000826652 0.000764654 0.000710502 0.000665089 0.00062938 0.000604418 0.00059133 
3.45 0.00125687 0.00131725 0.00137297 0.00142361 0.00146876 0.00150794 0.00154062 0.00156621 0.00158405 0.00159338 
3.45 1.20808e-05 5.60902e-15 5.60902e-15 5.60902e-15 5.60902e-15 5.60902e-15 5.60902e-15 5.60902e-15 5.60902e-15 5.60902e-15 
3.45 9.54141e-11 9.22375e-11 8.97418e-11 8.77645e-11 8.61967e-11 8.49636e-11 8.4015e-11 8.33181e-11 8.28543e-11 8.26184e-11 
3.46 0.000618546 0.000670594 0.000718398 0.000761685 0.000800142 0.000833414 0.000861098 0.000882731 0.000897785 0.000905656 
3.46 0.000845265 0.000831589 0.000818502 0.000806216 0.000794951 0.000784943 0.000776433 0.000769668 0.000764904 0.000762394 
3.46 0.000821599 0.000805948 0.000791051 0.00077713 0.000764417 0.000753158 0.000743609 0.000736035 0.000730707 0.000727903 
3.46 1.26092e-05 1.36659e-05 1.46364e-05 1.55152e-05 1.62959e-05 1.69713e-05 1.75332e-05 1.79723e-05 1.82778e-05 1.84376e-05 
3.46 0.00105247 0.000971677 0.000896452 0.000827486 0.000765537 0.000711428 0.000666051 0.000630371 0.00060543 0.000592353 
3.46 0.00125727 0.00131769 0.00137344 0.00142412 0.0014693 0.0015085 0.00154121 0.00156681 0.00158466 0.001594 
3.46 1.20808e-05 5.60902e-15 5.60902e-15 5.60902e-15 5.60902e-15 5.60902e-15 5.60902e-15 5.60902e-15 5.60902e-15 5.60902e-15 
3.46 9.53361e-11 9.21627e-11 8.96696e-11 8.76941e-11 8.61276e-11 8.48955e-11 8.39475e-11 8.32509e-11 8.27875e-11 8.25516e-11 
3.47 0.000619248 0.000671358 0.000719222 0.000762564 0.000801072 0.00083439 0.000862112 0.000883776 0.000898852 0.000906734 
3.47 0.000845981 0.000832368 0.000819342 0.000807112 0.0007959 0.000785938 0.000777467 0.000770734 0.000765991 0.000763493 
3.47 0.000822279 0.000806688 0.000791849 0.000777982 0.000765318 0.000754103 0.000744592 0.000737047 0.00073174 0.000728947 
3.47 1.26235e-05 1.36814e-05 1.46532e-05 1.55331e-05 1.63148e-05 1.69911e-05 1.75538e-05 1.79936e-05 1.82995e-05 1.84595e-05 
3.47 0.00105313 0.0009724 0.00089723 0.000828316 0.000766416 0.00071235 0.000667009 0.000631358 0.000606437 0.000593371 
3.47 0.00125767 0.00131813 0.00137391 0.00142462 0.00146983 0.00150906 0.00154179 0.00156741 0.00158527 0.00159462 
3.47 1.20808e-05 5.60902e-15 5.60902e-15 5.60902e-15 5.60902e-15 5.60902e-15 5.60902e-15 5.60902e-15 5.60902e-15 5.60902e-15 
3.47 9.52583e-11 9.20883e-11 8.95976e-11 8.76241e-11 8.60589e-11 8.48277e-11 8.38805e-11 8.31842e-11 8.2721e-11 8.24853e-11 
3.48 0.000619947 0.000672118 0.000720041 0.000763439 0.000801998 0.000835361 0.000863122 0.000884816 0.000899913 0.000907807 
3.48 0.000846693 0.000833144 0.000820178 0.000808004 0.000796844 0.000786928 0.000778496 0.000771794 0.000767074 0.000764587 
3.48 0.000822956 0.000807425 0.000792643 0.000778829 0.000766215 0.000755044 0.00074557 0.000738055 0.000732768 0.000729986 
3.48 1.26377e-05 1.36969e-05 1.46699e-05 1.55509e-05 1.63336e-05 1.70109e-05 1.75744e-05 1.80147e-05 1.83211e-05 1.84814e-05 
3.48 0.00105379 0.000973118 0.000898004 0.000829143 0.00076729 0.000713267 0.000667963 0.00063234 0.00060744 0.000594384 
3.48 0.00125807 0.00131857 0.00137438 0.00142512 0.00147036 0.00150962 0.00154237 0.00156801 0.00158588 0.00159523 
3.48 1.20808e-05 5.60902e-15 5.60902e-15 5.60902e-15 5.60902e-15 5.60902e-15 5.60902e-15 5.60902e-15 5.60902e-15 5.60902e-15 
3.48 9.51811e-11 9.20146e-11 8.95261e-11 8.75543e-11 8.59904e-11 8.47603e-11 8.38139e-11 8.3118e-11 8.26551e-11 8.24197e-11 
3.49 0.000620642 0.000672875 0.000720857 0.00076431 0.00080292 0.000836328 0.000864127 0.000885851 0.00090097 0.000908875 
3.49 0.000847402 0.000833916 0.00082101 0.000808892 0.000797784 0.000787914 0.000779521 0.00077285 0.000768151 0.000765676 
3.49 0.00082363 0.000808158 0.000793433 0.000779673 0.000767108 0.000755981 0.000746543 0.000739058 0.000733792 0.000731021 
3.49 1.26519e-05 1.37123e-05 1.46865e-05 1.55686e-05 1.63524e-05 1.70306e-05 1.75948e-05 1.80358e-05 1.83426e-05 1.85031e-05 
3.49 0.00105445 0.000973833 0.000898775 0.000829966 0.000768161 0.00071418 0.000668912 0.000633318 0.000608438 0.000595393 
3.49 0.00125847 0.001319 0.00137485 0.00142562 0.00147089 0.00151017 0.00154295 0.0015686 0.00158649 0.00159585 
3.49 1.20808e-05 5.60902e-15 5.60902e-15 5.60902e-15 5.60902e-15 5.60902e-15 5.60902e-15 5.60902e-15 5.60902e-15 5.60902e-15 
3.49 9.51046e-11 9.19415e-11 8.94552e-11 8.74851e-11 8.59226e-11 8.46936e-11 8.37477e-11 8.30525e-11 8.25898e-11 8.23547e-11 
3.50 0.000621334 0.000673629 0.000721669 0.000765177 0.000803837 0.00083729 0.000865127 0.000886882 0.000902022 0.000909938 
3.50 0.000848108 0.000834684 0.000821838 0.000809776 0.000798719 0.000788895 0.000780541 0.000773901 0.000769224 0.00076676 
3.50 0.000824301 0.000808888 0.00079422 0.000780513 0.000767997 0.000756913 0.000747512 0.000740056 0.000734811 0.000732051 
3.50 1.2666e-05 1.37277e-05 1.4703e-05 1.55862e-05 1.63711e-05 1.70502e-05 1.76152e-05 1.80568e-05 1.8364e-05 1.85247e-05 
3.50 0.0010551 0.000974545 0.000899542 0.000830785 0.000769028 0.000715089 0.000669857 0.000634291 0.000609431 0.000596397 
3.50 0.00125887 0.00131943 0.00137531 0.00142612 0.00147141 0.00151072 0.00154352 0.00156919 0.00158709 0.00159646 
3.50 1.20808e-05 5.60902e-15 5.60902e-15 5.60902e-15 5.60902e-15 5.60902e-15 5.60902e-15 5.60902e-15 5.60902e-15 5.60902e-15 
3.50 9.50287e-11 9.18686e-11 8.93849e-11 8.74164e-11 8.58552e-11 8.4627e-11 8.36821e-11 8.29872e-11 8.2525e-11 8.22898e-11 
3.51 0.000622023 0.000674378 0.000722477 0.00076604 0.00080475 0.000838248 0.000866123 0.000887908 0.000903069 0.000910997 
3.51 0.000848811 0.000835449 0.000822662 0.000810656 0.00079965 0.000789871 0.000781556 0.000774947 0.000770291 0.000767839 
3.51 0.000824969 0.000809614 0.000795003 0.000781349 0.000768882 0.000757841 0.000748477 0.00074105 0.000735825 0.000733076 
3.51 1.268e-05 1.3743e-05 1.47194e-05 1.56038e-05 1.63897e-05 1.70697e-05 1.76355e-05 1.80777e-05 1.83853e-05 1.85462e-05 
3.51 0.00105575 0.000975253 0.000900306 0.0008316 0.00076989 0.000715994 0.000670797 0.00063526 0.00061042 0.000597396 
3.51 0.00125926 0.00131986 0.00137577 0.00142661 0.00147193 0.00151127 0.00154409 0.00156978 0.00158769 0.00159707 
3.51 1.20808e-05 5.60902e-15 5.60902e-15 5.60902e-15 5.60902e-15 5.60902e-15 5.60902e-15 5.60902e-15 5.60902e-15 5.60902e-15 
3.51 9.49534e-11 9.17963e-11 8.93147e-11 8.73483e-11 8.57881e-11 8.45609e-11 8.36166e-11 8.29223e-11 8.24603e-11 8.22254e-11 
3.52 0.000622709 0.000675125 0.000723282 0.000766899 0.000805659 0.000839201 0.000867114 0.000888929 0.000904111 0.00091205 
3.52 0.00084951 0.00083621 0.000823482 0.000811532 0.000800577 0.000790843 0.000782566 0.000775988 0.000771354 0.000768913 
3.52 0.000825633 0.000810337 0.000795782 0.000782181 0.000769762 0.000758764 0.000749437 0.000742039 0.000736835 0.000734096 
3.52 1.2694e-05 1.37582e-05 1.47358e-05 1.56213e-05 1.64082e-05 1.70891e-05 1.76557e-05 1.80985e-05 1.84065e-05 1.85677e-05 
3.52 0.0010564 0.000975958 0.000901066 0.000832411 0.000770749 0.000716894 0.000671733 0.000636224 0.000611404 0.000598391 
3.52 0.00125965 0.00132029 0.00137623 0.0014271 0.00147245 0.00151182 0.00154466 0.00157037 0.00158829 0.00159767 
3.52 1.20808e-05 5.60902e-15 5.60902e-15 5.60902e-15 5.60902e-15 5.60902e-15 5.60902e-15 5.60902e-15 5.60902e-15 5.60902e-15 
3.52 9.48781e-11 9.17244e-11 8.92451e-11 8.72803e-11 8.57215e-11 8.44954e-11 8.35518e-11 8.28579e-11 8.23963e-11 8.21617e-11 
3.53 0.000623392 0.000675868 0.000724083 0.000767754 0.000806564 0.00084015 0.0008681 0.000889945 0.000905148 0.000913099 
3.53 0.000850206 0.000836967 0.000824298 0.000812404 0.000801499 0.000791811 0.000783572 0.000777024 0.000772412 0.000769982 
3.53 0.000826294 0.000811057 0.000796558 0.000783009 0.000770638 0.000759683 0.000750393 0.000743023 0.00073784 0.000735112 
3.53 1.27079e-05 1.37733e-05 1.47521e-05 1.56387e-05 1.64266e-05 1.71084e-05 1.76758e-05 1.81192e-05 1.84277e-05 1.8589e-05 
3.53 0.00105704 0.00097666 0.000901822 0.000833219 0.000771603 0.00071779 0.000672665 0.000637184 0.000612384 0.000599381 
3.53 0.00126004 0.00132072 0.00137669 0.00142759 0.00147297 0.00151236 0.00154522 0.00157095 0.00158889 0.00159827 
3.53 1.20808e-05 5.60902e-15 5.60902e-15 5.60902e-15 5.60902e-15 5.60902e-15 5.60902e-15 5.60902e-15 5.60902e-15 5.60902e-15 
3.53 9.48035e-11 9.16531e-11 8.91761e-11 8.72129e-11 8.56555e-11 8.44305e-11 8.34875e-11 8.27942e-11 8.23328e-11 8.20981e-11 
3.54 0.000624072 0.000676608 0.00072488 0.000768605 0.000807465 0.000841095 0.000869082 0.000890957 0.000906181 0.000914143 
3.54 0.000850899 0.000837721 0.000825111 0.000813272 0.000802417 0.000792774 0.000784573 0.000778055 0.000773465 0.000771046 
3.54 0.000826952 0.000811774 0.00079733 0.000783834 0.00077151 0.000760598 0.000751344 0.000744003 0.00073884 0.000736123 
3.54 1.27217e-05 1.37883e-05 1.47683e-05 1.5656e-05 1.64449e-05 1.71276e-05 1.76958e-05 1.81398e-05 1.84487e-05 1.86103e-05 
3.54 0.00105768 0.000977358 0.000902575 0.000834023 0.000772454 0.000718682 0.000673592 0.00063814 0.000613359 0.000600366 
3.54 0.00126043 0.00132114 0.00137715 0.00142808 0.00147349 0.0015129 0.00154578 0.00157153 0.00158948 0.00159887 
3.54 1.20808e-05 5.60902e-15 5.60902e-15 5.60902e-15 5.60902e-15 5.60902e-15 5.60902e-15 5.60902e-15 5.60902e-15 5.60902e-15 
3.54 9.47295e-11 9.15825e-11 8.91076e-11 8.71462e-11 8.55899e-11 8.43657e-11 8.34234e-11 8.27307e-11 8.22697e-11 8.2035e-11 
3.55 0.000624748 0.000677344 0.000725673 0.000769452 0.000808361 0.000842034 0.000870059 0.000891963 0.000907209 0.000915181 
3.55 0.000851589 0.000838472 0.00082592 0.000814135 0.000803331 0.000793732 0.00078557 0.000779082 0.000774513 0.000772105 
3.55 0.000827607 0.000812487 0.000798099 0.000784654 0.000772379 0.000761509 0.000752291 0.000744978 0.000739836 0.000737129 
3.55 1.27355e-05 1.38033e-05 1.47845e-05 1.56732e-05 1.64631e-05 1.71467e-05 1.77157e-05 1.81603e-05 1.84696e-05 1.86315e-05 
3.55 0.00105832 0.000978053 0.000903324 0.000834823 0.0007733 0.00071957 0.000674515 0.000639091 0.00061433 0.000601347 
3.55 0.00126082 0.00132156 0.00137761 0.00142856 0.001474 0.00151344 0.00154634 0.00157211 0.00159007 0.00159947 
3.55 1.20808e-05 5.60902e-15 5.60902e-15 5.60902e-15 5.60902e-15 5.60902e-15 5.60902e-15 5.60902e-15 5.60902e-15 5.60902e-15 
3.55 9.46559e-11 9.1512e-11 8.90397e-11 8.70799e-11 8.5525e-11 8.43015e-11 8.33598e-11 8.26676e-11 8.22069e-11 8.19725e-11 
3.56 0.000625421 0.000678077 0.000726463 0.000770295 0.000809253 0.00084297 0.000871032 0.000892965 0.000908232 0.000916215 
3.56 0.000852275 0.000839219 0.000826725 0.000814995 0.000804241 0.000794686 0.000786562 0.000780104 0.000775556 0.000773159 
3.56 0.000828259 0.000813197 0.000798864 0.000785471 0.000773243 0.000762416 0.000753233 0.000745949 0.000740827 0.000738131 
3.56 1.27492e-05 1.38182e-05 1.48006e-05 1.56904e-05 1.64813e-05 1.71658e-05 1.77355e-05 1.81807e-05 1.84905e-05 1.86525e-05 
3.56 0.00105896 0.000978745 0.00090407 0.000835619 0.000774143 0.000720454 0.000675434 0.000640038 0.000615296 0.000602324 
3.56 0.00126121 0.00132198 0.00137806 0.00142904 0.00147451 0.00151398 0.0015469 0.00157268 0.00159066 0.00160006 
3.56 1.20808e-05 5.60902e-15 5.60902e-15 5.60902e-15 5.60902e-15 5.60902e-15 5.60902e-15 5.60902e-15 5.60902e-15 5.60902e-15 
3.56 9.45831e-11 9.14422e-11 8.89723e-11 8.70139e-11 8.54602e-11 8.42378e-11 8.32967e-11 8.26051e-11 8.21447e-11 8.19105e-11 
3.57 0.000626091 0.000678806 0.000727249 0.000771135 0.000810141 0.000843902 0.000872 0.000893963 0.00090925 0.000917244 
3.57 0.000852958 0.000839963 0.000827527 0.000815851 0.000805147 0.000795636 0.000787549 0.000781121 0.000776594 0.000774209 
3.57 0.000828909 0.000813903 0.000799625 0.000786284 0.000774104 0.000763318 0.000754171 0.000746916 0.000741813 0.000739128 
3.57 1.27628e-05 1.38331e-05 1.48166e-05 1.57075e-05 1.64994e-05 1.71848e-05 1.77552e-05 1.8201e-05 1.85112e-05 1.86735e-05 
3.57 0.00105959 0.000979434 0.000904812 0.000836412 0.000774982 0.000721334 0.000676349 0.00064098 0.000616258 0.000603296 
3.57 0.00126159 0.0013224 0.00137851 0.00142952 0.00147502 0.00151451 0.00154746 0.00157325 0.00159124 0.00160065 
3.57 1.20808e-05 5.60902e-15 5.60902e-15 5.60902e-15 5.60902e-15 5.60902e-15 5.60902e-15 5.60902e-15 5.60902e-15 5.60902e-15 
3.57 9.45109e-11 9.13728e-11 8.89051e-11 8.69483e-11 8.53959e-11 8.41746e-11 8.32341e-11 8.25428e-11 8.20829e-11 8.18487e-11 
3.58 0.000626758 0.000679532 0.000728032 0.00077197 0.000811025 0.000844828 0.000872964 0.000894956 0.000910263 0.000918268 
3.58 0.000853638 0.000840703 0.000828325 0.000816703 0.000806048 0.000796581 0.000788532 0.000782134 0.000777627 0.000775253 
3.58 0.000829555 0.000814606 0.000800383 0.000787093 0.00077496 0.000764216 0.000755105 0.000747878 0.000742795 0.00074012 
3.58 1.27764e-05 1.38479e-05 1.48325e-05 1.57245e-05 1.65174e-05 1.72037e-05 1.77748e-05 1.82212e-05 1.85319e-05 1.86944e-05 
3.58 0.00106022 0.00098012 0.000905551 0.000837201 0.000775817 0.00072221 0.000677259 0.000641918 0.000617215 0.000604263 
3.58 0.00126197 0.00132282 0.00137896 0.00143 0.00147553 0.00151504 0.00154801 0.00157382 0.00159182 0.00160124 
3.58 1.20808e-05 5.60902e-15 5.60902e-15 5.60902e-15 5.60902e-15 5.60902e-15 5.60902e-15 5.60902e-15 5.60902e-15 5.60902e-15 
3.58 9.44388e-11 9.1304e-11 8.88384e-11 8.68832e-11 8.53322e-11 8.41116e-11 8.31721e-11 8.2481e-11 8.20213e-11 8.17873e-11 
3.59 0.000627422 0.000680255 0.00072881 0.000772802 0.000811905 0.000845751 0.000873923 0.000895944 0.000911272 0.000919288 
3.59 0.000854315 0.00084144 0.000829119 0.000817551 0.000806945 0.000797522 0.00078951 0.000783142 0.000778656 0.000776293 
3.59 0.000830198 0.000815306 0.000801137 0.000787899 0.000775812 0.00076511 0.000756034 0.000748835 0.000743772 0.000741108 
3.59 1.27899e-05 1.38626e-05 1.48483e-05 1.57414e-05 1.65353e-05 1.72225e-05 1.77943e-05 1.82413e-05 1.85524e-05 1.87152e-05 
3.59 0.00106085 0.000980802 0.000906287 0.000837986 0.000776648 0.000723081 0.000678165 0.000642851 0.000618168 0.000605226 
3.59 0.00126235 0.00132323 0.00137941 0.00143048 0.00147603 0.00151557 0.00154856 0.00157439 0.0015924 0.00160182 
3.59 1.20808e-05 5.60902e-15 5.60902e-15 5.60902e-15 5.60902e-15 5.60902e-15 5.60902e-15 5.60902e-15 5.60902e-15 5.60902e-15 
3.59 9.43672e-11 9.12357e-11 8.87723e-11 8.68188e-11 8.52689e-11 8.40492e-11 8.31102e-11 8.24197e-11 8.19603e-11 8.17266e-11 
3.60 0.000628083 0.000680974 0.000729585 0.00077363 0.000812781 0.00084667 0.000874878 0.000896928 0.000912276 0.000920303 
3.60 0.000854989 0.000842173 0.000829909 0.000818395 0.000807838 0.000798459 0.000790484 0.000784145 0.00077968 0.000777328 
3.60 0.000830838 0.000816003 0.000801888 0.000788701 0.000776661 0.000766 0.000756959 0.000749788 0.000744745 0.000742091 
3.60 1.28034e-05 1.38772e-05 1.48641e-05 1.57583e-05 1.65531e-05 1.72412e-05 1.78137e-05 1.82613e-05 1.85729e-05 1.87358e-05 
3.60 0.00106147 0.000981482 0.000907019 0.000838768 0.000777475 0.000723949 0.000679067 0.00064378 0.000619116 0.000606185 
3.60 0.00126273 0.00132364 0.00137985 0.00143096 0.00147653 0.0015161 0.00154911 0.00157496 0.00159297 0.0016024 
3.60 1.20808e-05 5.60902e-15 5.60902e-15 5.60902e-15 5.60902e-15 5.60902e-15 5.60902e-15 5.60902e-15 5.60902e-15 5.60902e-15 
3.60 9.42961e-11 9.11676e-11 8.87066e-11 8.67547e-11 8.52059e-11 8.39872e-11 8.30489e-11 8.23589e-11 8.18997e-11 8.16659e-11 
3.61 0.000628741 0.00068169 0.000730357 0.000774454 0.000813653 0.000847584 0.000875829 0.000897907 0.000913276 0.000921313 
3.61 0.00085566 0.000842903 0.000830696 0.000819235 0.000808727 0.000799391 0.000791453 0.000785143 0.000780699 0.000778358 
3.61 0.000831475 0.000816697 0.000802636 0.000789499 0.000777506 0.000766886 0.00075788 0.000750737 0.000745713 0.00074307 
3.61 1.28168e-05 1.38918e-05 1.48798e-05 1.57751e-05 1.65709e-05 1.72598e-05 1.78331e-05 1.82812e-05 1.85932e-05 1.87564e-05 
3.61 0.00106209 0.000982158 0.000907748 0.000839546 0.000778298 0.000724812 0.000679965 0.000644705 0.00062006 0.000607139 
3.61 0.00126311 0.00132405 0.00138029 0.00143143 0.00147703 0.00151662 0.00154965 0.00157552 0.00159354 0.00160298 
3.61 1.20808e-05 5.60902e-15 5.60902e-15 5.60902e-15 5.60902e-15 5.60902e-15 5.60902e-15 5.60902e-15 5.60902e-15 5.60902e-15 
3.61 9.42256e-11 9.10999e-11 8.86412e-11 8.66912e-11 8.51434e-11 8.39257e-11 8.29881e-11 8.22986e-11 8.18394e-11 8.16057e-11 
3.62 0.000629396 0.000682403 0.000731125 0.000775274 0.000814521 0.000848494 0.000876775 0.000898882 0.000914271 0.000922319 
3.62 0.000856328 0.00084363 0.000831479 0.000820071 0.000809612 0.000800319 0.000792418 0.000786137 0.000781713 0.000779383 
3.62 0.00083211 0.000817387 0.00080338 0.000790294 0.000778346 0.000767768 0.000758797 0.000751681 0.000746677 0.000744044 
3.62 1.28301e-05 1.39063e-05 1.48955e-05 1.57918e-05 1.65886e-05 1.72783e-05 1.78524e-05 1.83011e-05 1.86135e-05 1.87769e-05 
3.62 0.00106271 0.00098283 0.000908473 0.000840321 0.000779118 0.000725672 0.000680858 0.000645626 0.000621 0.000608089 
3.62 0.00126349 0.00132446 0.00138073 0.0014319 0.00147753 0.00151714 0.00155019 0.00157608 0.00159411 0.00160356 
3.62 1.20808e-05 5.60902e-15 5.60902e-15 5.60902e-15 5.60902e-15 5.60902e-15 5.60902e-15 5.60902e-15 5.60902e-15 5.60902e-15 
3.62 9.41557e-11 9.10329e-11 8.85762e-11 8.66278e-11 8.50813e-11 8.38643e-11 8.29273e-11 8.22384e-11 8.17794e-11 8.15461e-11 
3.63 0.000630048 0.000683112 0.00073189 0.00077609 0.000815385 0.0008494 0.000877717 0.000899852 0.000915261 0.00092332 
3.63 0.000856993 0.000844353 0.000832259 0.000820903 0.000810493 0.000801243 0.000793378 0.000787126 0.000782723 0.000780403 
3.63 0.000832741 0.000818074 0.000804121 0.000791085 0.000779183 0.000768645 0.000759709 0.000752621 0.000747636 0.000745013 
3.63 1.28434e-05 1.39207e-05 1.49111e-05 1.58084e-05 1.66062e-05 1.72967e-05 1.78716e-05 1.83209e-05 1.86337e-05 1.87973e-05 
3.63 0.00106333 0.0009835 0.000909195 0.000841092 0.000779934 0.000726528 0.000681748 0.000646542 0.000621935 0.000609034 
3.63 0.00126386 0.00132487 0.00138117 0.00143237 0.00147803 0.00151766 0.00155073 0.00157663 0.00159468 0.00160413 
3.63 1.20808e-05 5.60902e-15 5.60902e-15 5.60902e-15 5.60902e-15 5.60902e-15 5.60902e-15 5.60902e-15 5.60902e-15 5.60902e-15 
3.63 9.40863e-11 9.09663e-11 8.85118e-11 8.6565e-11 8.50197e-11 8.38035e-11 8.28671e-11 8.21787e-11 8.17201e-11 8.14869e-11 
3.64 0.000630697 0.000683818 0.000732651 0.000776903 0.000816244 0.000850302 0.000878654 0.000900818 0.000916247 0.000924316 
3.64 0.000857654 0.000845073 0.000833035 0.000821732 0.00081137 0.000802163 0.000794334 0.000788111 0.000783728 0.000781419 
3.64 0.00083337 0.000818758 0.000804858 0.000791872 0.000780016 0.000769519 0.000760617 0.000753557 0.000748591 0.000745978 
3.64 1.28566e-05 1.39351e-05 1.49266e-05 1.58249e-05 1.66237e-05 1.73151e-05 1.78907e-05 1.83406e-05 1.86538e-05 1.88176e-05 
3.64 0.00106394 0.000984168 0.000909914 0.000841859 0.000780746 0.000727379 0.000682633 0.000647454 0.000622866 0.000609975 
3.64 0.00126423 0.00132528 0.00138161 0.00143284 0.00147852 0.00151818 0.00155127 0.00157718 0.00159525 0.0016047 
3.64 1.20808e-05 5.60902e-15 5.60902e-15 5.60902e-15 5.60902e-15 5.60902e-15 5.60902e-15 5.60902e-15 5.60902e-15 5.60902e-15 
3.64 9.4017e-11 9.09003e-11 8.84479e-11 8.65027e-11 8.49587e-11 8.37432e-11 8.28073e-11 8.21193e-11 8.16611e-11 8.1428e-11 
3.65 0.000631343 0.000684521 0.000733408 0.000777711 0.0008171 0.0008512 0.000879587 0.00090178 0.000917228 0.000925308 
3.65 0.000858312 0.00084579 0.000833807 0.000822557 0.000812242 0.000803078 0.000795285 0.000789091 0.000784728 0.00078243 
3.65 0.000833996 0.000819439 0.000805592 0.000792655 0.000780845 0.000770388 0.000761521 0.000754488 0.000749542 0.000746939 
3.65 1.28697e-05 1.39494e-05 1.4942e-05 1.58414e-05 1.66411e-05 1.73334e-05 1.79097e-05 1.83602e-05 1.86738e-05 1.88378e-05 
3.65 0.00106455 0.000984832 0.000910629 0.000842623 0.000781554 0.000728227 0.000683514 0.000648362 0.000623793 0.000610911 
3.65 0.0012646 0.00132568 0.00138204 0.0014333 0.00147901 0.00151869 0.0015518 0.00157773 0.00159581 0.00160527 
3.65 1.20808e-05 5.60902e-15 5.60902e-15 5.60902e-15 5.60902e-15 5.60902e-15 5.60902e-15 5.60902e-15 5.60902e-15 5.60902e-15 
3.65 9.39483e-11 9.08348e-11 8.83845e-11 8.64409e-11 8.48978e-11 8.36833e-11 8.27481e-11 8.20603e-11 8.16026e-11 8.13695e-11 
3.66 0.000631986 0.000685221 0.000734162 0.000778516 0.000817952 0.000852093 0.000880516 0.000902736 0.000918205 0.000926295 
3.66 0.000858968 0.000846503 0.000834576 0.000823378 0.000813111 0.000803989 0.000796232 0.000790067 0.000785724 0.000783436 
3.66 0.000834619 0.000820117 0.000806322 0.000793435 0.00078167 0.000771253 0.000762421 0.000755415 0.000750488 0.000747895 
3.66 1.28828e-05 1.39636e-05 1.49573e-05 1.58578e-05 1.66584e-05 1.73516e-05 1.79286e-05 1.83797e-05 1.86937e-05 1.88579e-05 
3.66 0.00106516 0.000985493 0.000911341 0.000843383 0.000782358 0.000729071 0.000684391 0.000649266 0.000624715 0.000611843 
3.66 0.00126497 0.00132608 0.00138247 0.00143376 0.0014795 0.0015192 0.00155233 0.00157828 0.00159637 0.00160584 
3.66 1.20808e-05 5.60902e-15 5.60902e-15 5.60902e-15 5.60902e-15 5.60902e-15 5.60902e-15 5.60902e-15 5.60902e-15 5.60902e-15 
3.66 9.388e-11 9.07694e-11 8.83212e-11 8.63791e-11 8.48373e-11 8.36236e-11 8.2689e-11 8.20018e-11 8.15443e-11 8.13115e-11 
3.67 0.000632626 0.000685917 0.000734913 0.000779317 0.0008188 0.000852982 0.00088144 0.000903689 0.000919177 0.000927277 
3.67 0.00085962 0.000847213 0.000835341 0.000824195 0.000813976 0.000804896 0.000797175 0.000791038 0.000786715 0.000784438 
3.67 0.000835239 0.000820792 0.000807049 0.000794211 0.000782491 0.000772115 0.000763316 0.000756338 0.00075143 0.000748847 
3.67 1.28958e-05 1.39778e-05 1.49726e-05 1.58741e-05 1.66757e-05 1.73697e-05 1.79474e-05 1.83991e-05 1.87135e-05 1.88779e-05 
3.67 0.00106576 0.000986151 0.00091205 0.00084414 0.000783159 0.000729911 0.000685264 0.000650165 0.000625633 0.000612771 
3.67 0.00126534 0.00132648 0.0013829 0.00143422 0.00147998 0.00151971 0.00155286 0.00157883 0.00159693 0.0016064 
3.67 1.20808e-05 5.60902e-15 5.60902e-15 5.60902e-15 5.60902e-15 5.60902e-15 5.60902e-15 5.60902e-15 5.60902e-15 5.60902e-15 
3.67 9.38123e-11 9.07044e-11 8.82583e-11 8.63179e-11 8.47773e-11 8.35643e-11 8.26304e-11 8.19437e-11 8.14865e-11 8.1254e-11 
3.68 0.000633263 0.00068661 0.00073566 0.000780115 0.000819644 0.000853867 0.00088236 0.000904637 0.000920145 0.000928255 
3.68 0.000860269 0.00084792 0.000836103 0.000825008 0.000814836 0.000805799 0.000798113 0.000792005 0.000787702 0.000785435 
3.68 0.000835856 0.000821464 0.000807773 0.000794984 0.000783309 0.000772972 0.000764207 0.000757256 0.000752367 0.000749794 
3.68 1.29088e-05 1.39919e-05 1.49878e-05 1.58903e-05 1.66929e-05 1.73877e-05 1.79661e-05 1.84184e-05 1.87332e-05 1.88978e-05 
3.68 0.00106636 0.000986805 0.000912756 0.000844893 0.000783956 0.000730747 0.000686133 0.00065106 0.000626547 0.000613695 
3.68 0.00126571 0.00132688 0.00138333 0.00143468 0.00148047 0.00152022 0.00155339 0.00157937 0.00159748 0.00160696 
3.68 1.20808e-05 5.60902e-15 5.60902e-15 5.60902e-15 5.60902e-15 5.60902e-15 5.60902e-15 5.60902e-15 5.60902e-15 5.60902e-15 
3.68 9.37452e-11 9.06401e-11 8.8196e-11 8.62571e-11 8.47175e-11 8.35056e-11 8.25723e-11 8.18861e-11 8.14292e-11 8.11966e-11 
3.69 0.000633897 0.0006873 0.000736404 0.000780909 0.000820484 0.000854748 0.000883276 0.000905581 0.000921107 0.000929228 
3.69 0.000860916 0.000848624 0.000836861 0.000825817 0.000815693 0.000806697 0.000799047 0.000792967 0.000788684 0.000786428 
3.69 0.00083647 0.000822132 0.000808493 0.000795753 0.000784123 0.000773826 0.000765094 0.00075817 0.0007533 0.000750737 
3.69 1.29217e-05 1.4006e-05 1.50029e-05 1.59065e-05 1.671e-05 1.74056e-05 1.79848e-05 1.84376e-05 1.87528e-05 1.89176e-05 
3.69 0.00106696 0.000987456 0.000913458 0.000845643 0.000784749 0.000731579 0.000686998 0.000651951 0.000627457 0.000614614 
3.69 0.00126607 0.00132728 0.00138376 0.00143513 0.00148095 0.00152073 0.00155392 0.00157991 0.00159803 0.00160752 
3.69 1.20808e-05 5.60902e-15 5.60902e-15 5.60902e-15 5.60902e-15 5.60902e-15 5.60902e-15 5.60902e-15 5.60902e-15 5.60902e-15 
3.69 9.36786e-11 9.05763e-11 8.81342e-11 8.61969e-11 8.46585e-11 8.34474e-11 8.25146e-11 8.18287e-11 8.13721e-11 8.11397e-11 
3.70 0.000634528 0.000687987 0.000737143 0.000781699 0.00082132 0.000855625 0.000884188 0.000906519 0.000922066 0.000930197 
3.70 0.000861559 0.000849324 0.000837616 0.000826623 0.000816545 0.000807591 0.000799977 0.000793925 0.000789662 0.000787416 
3.70 0.000837081 0.000822797 0.00080921 0.000796518 0.000784933 0.000774675 0.000765977 0.00075908 0.000754229 0.000751676 
3.70 1.29345e-05 1.402e-05 1.5018e-05 1.59226e-05 1.6727e-05 1.74235e-05 1.80033e-05 1.84567e-05 1.87723e-05 1.89373e-05 
3.70 0.00106756 0.000988104 0.000914157 0.000846389 0.000785539 0.000732407 0.000687859 0.000652838 0.000628362 0.000615529 
3.70 0.00126643 0.00132767 0.00138418 0.00143558 0.00148143 0.00152123 0.00155444 0.00158045 0.00159858 0.00160807 
3.70 1.20808e-05 5.60902e-15 5.60902e-15 5.60902e-15 5.60902e-15 5.60902e-15 5.60902e-15 5.60902e-15 5.60902e-15 5.60902e-15 
3.70 9.36121e-11 9.05129e-11 8.80729e-11 8.61368e-11 8.45997e-11 8.33896e-11 8.24575e-11 8.17718e-11 8.13154e-11 8.10833e-11 
3.71 0.000635156 0.000688671 0.00073788 0.000782486 0.000822152 0.000856498 0.000885095 0.000907454 0.00092302 0.000931162 
3.71 0.0008622 0.000850021 0.000838367 0.000827425 0.000817394 0.000808481 0.000800902 0.000794878 0.000790635 0.0007884 
3.71 0.000837689 0.000823459 0.000809924 0.00079728 0.000785739 0.000775521 0.000766856 0.000759986 0.000755153 0.00075261 
3.71 1.29473e-05 1.40339e-05 1.5033e-05 1.59386e-05 1.67439e-05 1.74412e-05 1.80218e-05 1.84757e-05 1.87917e-05 1.89569e-05 
3.71 0.00106815 0.00098875 0.000914853 0.000847132 0.000786325 0.000733231 0.000688716 0.000653721 0.000629263 0.00061644 
3.71 0.00126679 0.00132806 0.00138461 0.00143603 0.00148191 0.00152173 0.00155496 0.00158099 0.00159913 0.00160862 
3.71 1.20808e-05 5.60902e-15 5.60902e-15 5.60902e-15 5.60902e-15 5.60902e-15 5.60902e-15 5.60902e-15 5.60902e-15 5.60902e-15 
3.71 9.35459e-11 9.04496e-11 8.8012e-11 8.60772e-11 8.45413e-11 8.33319e-11 8.24004e-11 8.17153e-11 8.12591e-11 8.10269e-11 
3.72 0.000635781 0.000689352 0.000738614 0.000783269 0.00082298 0.000857367 0.000885998 0.000908385 0.00092397 0.000932121 
3.72 0.000862837 0.000850715 0.000839115 0.000828223 0.000818239 0.000809367 0.000801823 0.000795827 0.000791603 0.000789379 
3.72 0.000838295 0.000824118 0.000810634 0.000798039 0.000786541 0.000776363 0.000767731 0.000760887 0.000756073 0.00075354 
3.72 1.296e-05 1.40477e-05 1.50479e-05 1.59545e-05 1.67608e-05 1.74589e-05 1.80402e-05 1.84946e-05 1.8811e-05 1.89765e-05 
3.72 0.00106874 0.000989393 0.000915545 0.000847872 0.000787107 0.000734051 0.000689569 0.0006546 0.00063016 0.000617347 
3.72 0.00126715 0.00132845 0.00138503 0.00143648 0.00148238 0.00152223 0.00155548 0.00158152 0.00159967 0.00160917 
3.72 1.20808e-05 5.60902e-15 5.60902e-15 5.60902e-15 5.60902e-15 5.60902e-15 5.60902e-15 5.60902e-15 5.60902e-15 5.60902e-15 
3.72 9.34804e-11 9.03867e-11 8.79511e-11 8.6018e-11 8.44833e-11 8.32747e-11 8.23438e-11 8.16593e-11 8.12033e-11 8.09711e-11 
3.73 0.000636403 0.000690028 0.000739343 0.000784048 0.000823805 0.000858232 0.000886897 0.000909311 0.000924915 0.000933077 
3.73 0.000863472 0.000851406 0.000839859 0.000829018 0.00081908 0.000810249 0.00080274 0.000796771 0.000792567 0.000790353 
3.73 0.000838898 0.000824774 0.000811341 0.000798794 0.00078734 0.0007772 0.000768602 0.000761784 0.000756989 0.000754466 
3.73 1.29727e-05 1.40615e-05 1.50627e-05 1.59704e-05 1.67776e-05 1.74765e-05 1.80585e-05 1.85135e-05 1.88302e-05 1.89959e-05 
3.73 0.00106933 0.000990032 0.000916234 0.000848608 0.000787886 0.000734868 0.000690418 0.000655475 0.000631053 0.000618249 
3.73 0.00126751 0.00132884 0.00138545 0.00143693 0.00148285 0.00152273 0.001556 0.00158205 0.00160021 0.00160972 
3.73 1.20808e-05 5.60902e-15 5.60902e-15 5.60902e-15 5.60902e-15 5.60902e-15 5.60902e-15 5.60902e-15 5.60902e-15 5.60902e-15 
3.73 9.34154e-11 9.03244e-11 8.78909e-11 8.59592e-11 8.44256e-11 8.32179e-11 8.22877e-11 8.16033e-11 8.11476e-11 8.09157e-11 
3.74 0.000637022 0.000690702 0.00074007 0.000784824 0.000824626 0.000859093 0.000887792 0.000910233 0.000925856 0.000934028 
3.74 0.000864104 0.000852093 0.0008406 0.000829809 0.000819917 0.000811127 0.000803652 0.000797711 0.000793527 0.000791323 
3.74 0.000839498 0.000825427 0.000812045 0.000799545 0.000788135 0.000778034 0.000769469 0.000762677 0.000757901 0.000755387 
3.74 1.29853e-05 1.40752e-05 1.50775e-05 1.59862e-05 1.67943e-05 1.7494e-05 1.80767e-05 1.85323e-05 1.88494e-05 1.90153e-05 
3.74 0.00106991 0.000990669 0.00091692 0.00084934 0.000788661 0.000735681 0.000691263 0.000656346 0.000631942 0.000619147 
3.74 0.00126787 0.00132923 0.00138586 0.00143738 0.00148332 0.00152322 0.00155651 0.00158258 0.00160075 0.00161027 
3.74 1.20808e-05 5.60902e-15 5.60902e-15 5.60902e-15 5.60902e-15 5.60902e-15 5.60902e-15 5.60902e-15 5.60902e-15 5.60902e-15 
3.74 9.33509e-11 9.02627e-11 8.78311e-11 8.5901e-11 8.43682e-11 8.31616e-11 8.2232e-11 8.15479e-11 8.10924e-11 8.08607e-11 
3.75 0.000637639 0.000691373 0.000740793 0.000785596 0.000825443 0.00085995 0.000888683 0.000911151 0.000926793 0.000934975 
3.75 0.000864733 0.000852777 0.000841337 0.000830596 0.00082075 0.000812001 0.00080456 0.000798647 0.000794482 0.000792288 
3.75 0.000840095 0.000826077 0.000812745 0.000800293 0.000788927 0.000778864 0.000770332 0.000763566 0.000758808 0.000756304 
3.75 1.29978e-05 1.40889e-05 1.50922e-05 1.60019e-05 1.68109e-05 1.75115e-05 1.80948e-05 1.8551e-05 1.88685e-05 1.90346e-05 
3.75 0.00107049 0.000991302 0.000917603 0.000850069 0.000789433 0.00073649 0.000692105 0.000657213 0.000632827 0.000620041 
3.75 0.00126822 0.00132961 0.00138628 0.00143782 0.00148379 0.00152371 0.00155702 0.00158311 0.00160129 0.00161081 
3.75 1.20808e-05 5.60902e-15 5.60902e-15 5.60902e-15 5.60902e-15 5.60902e-15 5.60902e-15 5.60902e-15 5.60902e-15 5.60902e-15 
3.75 9.3287e-11 9.02014e-11 8.77714e-11 8.58431e-11 8.43113e-11 8.31054e-11 8.21764e-11 8.14929e-11 8.10377e-11 8.08062e-11 
3.76 0.000638252 0.000692041 0.000741513 0.000786365 0.000826256 0.000860803 0.00088957 0.000912065 0.000927726 0.000935917 
3.76 0.000865359 0.000853458 0.000842071 0.00083138 0.000821579 0.00081287 0.000805464 0.000799578 0.000795433 0.000793249 
3.76 0.000840689 0.000826724 0.000813442 0.000801037 0.000789715 0.00077969 0.000771191 0.000764451 0.000759711 0.000757217 
3.76 1.30103e-05 1.41025e-05 1.51069e-05 1.60175e-05 1.68274e-05 1.75288e-05 1.81129e-05 1.85696e-05 1.88875e-05 1.90538e-05 
3.76 0.00107107 0.000991932 0.000918282 0.000850795 0.000790201 0.000737296 0.000692942 0.000658076 0.000633707 0.000620931 
3.76 0.00126857 0.00132999 0.00138669 0.00143826 0.00148426 0.0015242 0.00155753 0.00158363 0.00160183 0.00161135 
3.76 1.20808e-05 5.60902e-15 5.60902e-15 5.60902e-15 5.60902e-15 5.60902e-15 5.60902e-15 5.60902e-15 5.60902e-15 5.60902e-15 
3.76 9.3223e-11 9.01401e-11 8.77125e-11 8.57854e-11 8.42548e-11 8.30497e-11 8.21213e-11 8.14383e-11 8.09834e-11 8.07519e-11 
3.77 0.000638863 0.000692706 0.000742229 0.000787129 0.000827065 0.000861652 0.000890453 0.000912973 0.000928653 0.000936855 
3.77 0.000865982 0.000854136 0.000842802 0.00083216 0.000822404 0.000813736 0.000806364 0.000800505 0.000796379 0.000794205 
3.77 0.000841281 0.000827368 0.000814136 0.000801778 0.000790499 0.000780513 0.000772046 0.000765332 0.00076061 0.000758126 
3.77 1.30227e-05 1.4116e-05 1.51215e-05 1.60331e-05 1.68439e-05 1.75461e-05 1.81308e-05 1.85881e-05 1.89064e-05 1.90729e-05 
3.77 0.00107165 0.000992559 0.000918959 0.000851517 0.000790965 0.000738098 0.000693776 0.000658934 0.000634584 0.000621817 
3.77 0.00126892 0.00133037 0.0013871 0.0014387 0.00148472 0.00152469 0.00155804 0.00158415 0.00160236 0.00161189 
3.77 1.20808e-05 5.60902e-15 5.60902e-15 5.60902e-15 5.60902e-15 5.60902e-15 5.60902e-15 5.60902e-15 5.60902e-15 5.60902e-15 
3.77 9.31594e-11 9.00792e-11 8.76536e-11 8.57282e-11 8.41988e-11 8.29944e-11 8.20666e-11 8.1384e-11 8.09295e-11 8.0698e-11 
3.78 0.000639471 0.000693368 0.000742942 0.000787891 0.000827871 0.000862497 0.000891331 0.000913878 0.000929577 0.000937789 
3.78 0.000866602 0.000854811 0.000843529 0.000832936 0.000823226 0.000814597 0.00080726 0.000801428 0.000797321 0.000795157 
3.78 0.00084187 0.000828009 0.000814827 0.000802516 0.000791279 0.000781332 0.000772897 0.000766209 0.000761505 0.00075903 
3.78 1.30351e-05 1.41295e-05 1.5136e-05 1.60486e-05 1.68603e-05 1.75633e-05 1.81487e-05 1.86065e-05 1.89252e-05 1.90919e-05 
3.78 0.00107222 0.000993184 0.000919632 0.000852236 0.000791726 0.000738896 0.000694606 0.000659789 0.000635456 0.000622699 
3.78 0.00126927 0.00133075 0.00138751 0.00143914 0.00148518 0.00152517 0.00155854 0.00158467 0.00160289 0.00161243 
3.78 1.20808e-05 5.60902e-15 5.60902e-15 5.60902e-15 5.60902e-15 5.60902e-15 5.60902e-15 5.60902e-15 5.60902e-15 5.60902e-15 
3.78 9.30963e-11 9.00188e-11 8.75953e-11 8.56714e-11 8.4143e-11 8.29395e-11 8.20123e-11 8.133e-11 8.08757e-11 8.06445e-11 
3.79 0.000640076 0.000694027 0.000743652 0.000788648 0.000828673 0.000863338 0.000892206 0.000914779 0.000930497 0.000938718 
3.79 0.000867219 0.000855483 0.000844253 0.000833709 0.000824043 0.000815455 0.000808152 0.000802347 0.000798258 0.000796105 
3.79 0.000842456 0.000828647 0.000815515 0.00080325 0.000792056 0.000782147 0.000773744 0.000767082 0.000762396 0.00075993 
3.79 1.30474e-05 1.41429e-05 1.51504e-05 1.6064e-05 1.68766e-05 1.75804e-05 1.81665e-05 1.86248e-05 1.89439e-05 1.91108e-05 
3.79 0.00107279 0.000993806 0.000920302 0.000852952 0.000792483 0.00073969 0.000695432 0.00066064 0.000636324 0.000623577 
3.79 0.00126962 0.00133113 0.00138792 0.00143957 0.00148564 0.00152565 0.00155904 0.00158519 0.00160342 0.00161296 
3.79 1.20808e-05 5.60902e-15 5.60902e-15 5.60902e-15 5.60902e-15 5.60902e-15 5.60902e-15 5.60902e-15 5.60902e-15 5.60902e-15 
3.79 9.30338e-11 8.99589e-11 8.75374e-11 8.5615e-11 8.40875e-11 8.28848e-11 8.19582e-11 8.12764e-11 8.08224e-11 8.05914e-11 
3.80 0.000640679 0.000694682 0.000744359 0.000789403 0.000829471 0.000864175 0.000893076 0.000915676 0.000931412 0.000939643 
3.80 0.000867833 0.000856152 0.000844973 0.000834478 0.000824857 0.000816309 0.000809039 0.000803261 0.000799191 0.000797048 
3.80 0.000843039 0.000829282 0.000816199 0.000803981 0.000792829 0.000782958 0.000774587 0.00076795 0.000763283 0.000760826 
3.80 1.30597e-05 1.41562e-05 1.51648e-05 1.60793e-05 1.68928e-05 1.75974e-05 1.81842e-05 1.8643e-05 1.89625e-05 1.91296e-05 
3.80 0.00107336 0.000994424 0.000920969 0.000853664 0.000793237 0.000740481 0.000696254 0.000661487 0.000637189 0.00062445 
3.80 0.00126996 0.00133151 0.00138832 0.00144 0.0014861 0.00152613 0.00155954 0.0015857 0.00160394 0.00161349 
3.80 1.20808e-05 5.60902e-15 5.60902e-15 5.60902e-15 5.60902e-15 5.60902e-15 5.60902e-15 5.60902e-15 5.60902e-15 5.60902e-15 
3.80 9.29718e-11 8.98995e-11 8.74799e-11 8.55588e-11 8.40324e-11 8.28304e-11 8.19045e-11 8.12232e-11 8.07695e-11 8.05385e-11 
3.81 0.000641278 0.000695335 0.000745062 0.000790154 0.000830266 0.000865008 0.000893942 0.000916569 0.000932323 0.000940564 
3.81 0.000868444 0.000856817 0.00084569 0.000835244 0.000825667 0.000817158 0.000809922 0.000804171 0.00080012 0.000797987 
3.81 0.00084362 0.000829914 0.00081688 0.000804708 0.000793599 0.000783765 0.000775427 0.000768815 0.000764165 0.000761718 
3.81 1.30719e-05 1.41695e-05 1.51791e-05 1.60946e-05 1.6909e-05 1.76144e-05 1.82018e-05 1.86612e-05 1.8981e-05 1.91483e-05 
3.81 0.00107393 0.00099504 0.000921633 0.000854373 0.000793987 0.000741268 0.000697072 0.00066233 0.000638049 0.00062532 
3.81 0.0012703 0.00133188 0.00138872 0.00144043 0.00148656 0.00152661 0.00156003 0.00158621 0.00160446 0.00161402 
3.81 1.20808e-05 5.60902e-15 5.60902e-15 5.60902e-15 5.60902e-15 5.60902e-15 5.60902e-15 5.60902e-15 5.60902e-15 5.60902e-15 
3.81 9.29099e-11 8.98405e-11 8.74225e-11 8.55029e-11 8.39778e-11 8.27766e-11 8.18512e-11 8.11702e-11 8.07167e-11 8.04859e-11 
3.82 0.000641875 0.000695985 0.000745762 0.000790902 0.000831057 0.000865838 0.000894805 0.000917457 0.00093323 0.00094148 
3.82 0.000869053 0.000857479 0.000846404 0.000836006 0.000826473 0.000818004 0.000810801 0.000805077 0.000801045 0.000798921 
3.82 0.000844198 0.000830543 0.000817558 0.000805432 0.000794365 0.000784568 0.000776262 0.000769676 0.000765043 0.000762606 
3.82 1.3084e-05 1.41827e-05 1.51934e-05 1.61098e-05 1.69251e-05 1.76313e-05 1.82194e-05 1.86793e-05 1.89995e-05 1.9167e-05 
3.82 0.00107449 0.000995654 0.000922294 0.000855079 0.000794734 0.000742051 0.000697886 0.000663169 0.000638906 0.000626186 
3.82 0.00127064 0.00133225 0.00138912 0.00144086 0.00148701 0.00152709 0.00156053 0.00158672 0.00160498 0.00161454 
3.82 1.20808e-05 5.60902e-15 5.60902e-15 5.60902e-15 5.60902e-15 5.60902e-15 5.60902e-15 5.60902e-15 5.60902e-15 5.60902e-15 
3.82 9.28481e-11 8.97815e-11 8.73655e-11 8.54474e-11 8.39236e-11 8.27231e-11 8.1798e-11 8.11175e-11 8.06643e-11 8.04338e-11 
3.83 0.000642469 0.000696631 0.000746459 0.000791645 0.000831844 0.000866664 0.000895663 0.000918341 0.000934133 0.000942392 
3.83 0.000869659 0.000858138 0.000847115 0.000836765 0.000827276 0.000818846 0.000811676 0.000805979 0.000801965 0.000799851 
3.83 0.000844773 0.00083117 0.000818233 0.000806153 0.000795128 0.000785368 0.000777094 0.000770532 0.000765918 0.00076349 
3.83 1.30961e-05 1.41958e-05 1.52076e-05 1.6125e-05 1.69411e-05 1.76481e-05 1.82369e-05 1.86973e-05 1.90179e-05 1.91856e-05 
3.83 0.00107505 0.000996264 0.000922952 0.000855781 0.000795478 0.000742831 0.000698697 0.000664004 0.000639758 0.000627048 
3.83 0.00127098 0.00133262 0.00138952 0.00144129 0.00148746 0.00152756 0.00156102 0.00158723 0.0016055 0.00161506 
3.83 1.20808e-05 5.60902e-15 5.60902e-15 5.60902e-15 5.60902e-15 5.60902e-15 5.60902e-15 5.60902e-15 5.60902e-15 5.60902e-15 
3.83 9.2787e-11 8.9723e-11 8.7309e-11 8.53924e-11 8.38695e-11 8.267e-11 8.17456e-11 8.10653e-11 8.06123e-11 8.03818e-11 
3.84 0.00064306 0.000697275 0.000747153 0.000792386 0.000832628 0.000867486 0.000896517 0.000919222 0.000935031 0.0009433 
3.84 0.000870262 0.000858795 0.000847822 0.00083752 0.000828075 0.000819684 0.000812547 0.000806876 0.000802881 0.000800777 
3.84 0.000845346 0.000831793 0.000818905 0.00080687 0.000795887 0.000786164 0.000777921 0.000771385 0.000766788 0.00076437 
3.84 1.31081e-05 1.42089e-05 1.52217e-05 1.61401e-05 1.69571e-05 1.76648e-05 1.82543e-05 1.87152e-05 1.90362e-05 1.92041e-05 
3.84 0.00107561 0.000996872 0.000923607 0.00085648 0.000796218 0.000743607 0.000699504 0.000664835 0.000640607 0.000627905 
3.84 0.00127132 0.00133299 0.00138992 0.00144171 0.00148791 0.00152803 0.00156151 0.00158773 0.00160601 0.00161558 
3.84 1.20808e-05 5.60902e-15 5.60902e-15 5.60902e-15 5.60902e-15 5.60902e-15 5.60902e-15 5.60902e-15 5.60902e-15 5.60902e-15 
3.84 9.27264e-11 8.96649e-11 8.7253e-11 8.53379e-11 8.38159e-11 8.2617e-11 8.16932e-11 8.10136e-11 8.05608e-11 8.03302e-11 
3.85 0.000643649 0.000697916 0.000747843 0.000793123 0.000833408 0.000868304 0.000897368 0.000920097 0.000935925 0.000944204 
3.85 0.000870862 0.000859448 0.000848526 0.000838272 0.00082887 0.000820518 0.000813414 0.000807769 0.000803793 0.000801699 
3.85 0.000845916 0.000832414 0.000819574 0.000807584 0.000796642 0.000786956 0.000778745 0.000772234 0.000767654 0.000765245 
3.85 1.31201e-05 1.42219e-05 1.52357e-05 1.61551e-05 1.6973e-05 1.76815e-05 1.82716e-05 1.8733e-05 1.90544e-05 1.92225e-05 
3.85 0.00107617 0.000997477 0.000924259 0.000857176 0.000796954 0.00074438 0.000700307 0.000665663 0.000641451 0.000628759 
3.85 0.00127166 0.00133336 0.00139032 0.00144213 0.00148836 0.0015285 0.001562 0.00158823 0.00160652 0.0016161 
3.85 1.20808e-05 5.60902e-15 5.60902e-15 5.60902e-15 5.60902e-15 5.60902e-15 5.60902e-15 5.60902e-15 5.60902e-15 5.60902e-15 
3.85 9.26663e-11 8.96074e-11 8.71973e-11 8.52834e-11 8.37625e-11 8.25645e-11 8.16413e-11 8.09619e-11 8.05093e-11 8.0279e-11 
3.86 0.000644235 0.000698553 0.00074853 0.000793857 0.000834184 0.000869118 0.000898214 0.000920969 0.000936815 0.000945104 
3.86 0.000871459 0.000860098 0.000849227 0.00083902 0.000829662 0.000821348 0.000814277 0.000808658 0.000804701 0.000802616 
3.86 0.000846484 0.000833032 0.00082024 0.000808295 0.000797394 0.000787745 0.000779565 0.000773079 0.000768517 0.000766116 
3.86 1.3132e-05 1.42349e-05 1.52497e-05 1.617e-05 1.69888e-05 1.76981e-05 1.82888e-05 1.87508e-05 1.90725e-05 1.92408e-05 
3.86 0.00107672 0.00099808 0.000924908 0.000857869 0.000797687 0.000745149 0.000701106 0.000666487 0.000642292 0.000629608 
3.86 0.001272 0.00133373 0.00139071 0.00144255 0.0014888 0.00152897 0.00156248 0.00158873 0.00160703 0.00161661 
3.86 1.20808e-05 5.60902e-15 5.60902e-15 5.60902e-15 5.60902e-15 5.60902e-15 5.60902e-15 5.60902e-15 5.60902e-15 5.60902e-15 
3.86 9.26066e-11 8.95503e-11 8.71421e-11 8.52294e-11 8.37097e-11 8.25124e-11 8.15897e-11 8.09106e-11 8.04583e-11 8.02282e-11 
3.87 0.000644818 0.000699188 0.000749214 0.000794587 0.000834957 0.000869928 0.000899057 0.000921837 0.0009377 0.000945998 
3.87 0.000872054 0.000860745 0.000849924 0.000839765 0.00083045 0.000822174 0.000815136 0.000809543 0.000805604 0.000803529 
3.87 0.000847049 0.000833647 0.000820903 0.000809002 0.000798143 0.00078853 0.000780381 0.00077392 0.000769375 0.000766984 
3.87 1.31439e-05 1.42478e-05 1.52636e-05 1.61849e-05 1.70045e-05 1.77146e-05 1.8306e-05 1.87685e-05 1.90905e-05 1.9259e-05 
3.87 0.00107727 0.000998679 0.000925554 0.000858559 0.000798417 0.000745914 0.000701902 0.000667307 0.000643129 0.000630454 
3.87 0.00127234 0.00133409 0.0013911 0.00144297 0.00148924 0.00152943 0.00156296 0.00158923 0.00160754 0.00161712 
3.87 1.20808e-05 5.60902e-15 5.60902e-15 5.60902e-15 5.60902e-15 5.60902e-15 5.60902e-15 5.60902e-15 5.60902e-15 5.60902e-15 
3.87 9.25474e-11 8.94936e-11 8.7087e-11 8.51757e-11 8.3657e-11 8.24606e-11 8.15383e-11 8.08597e-11 8.04077e-11 8.01776e-11 
3.88 0.000645399 0.00069982 0.000749895 0.000795314 0.000835726 0.000870735 0.000899895 0.000922701 0.000938582 0.000946889 
3.88 0.000872646 0.000861389 0.000850618 0.000840506 0.000831234 0.000822997 0.000815991 0.000810424 0.000806503 0.000804438 
3.88 0.000847611 0.000834259 0.000821562 0.000809707 0.000798888 0.000789312 0.000781194 0.000774757 0.000770229 0.000767847 
3.88 1.31557e-05 1.42607e-05 1.52775e-05 1.61997e-05 1.70202e-05 1.7731e-05 1.83231e-05 1.87861e-05 1.91085e-05 1.92771e-05 
3.88 0.00107782 0.000999275 0.000926197 0.000859245 0.000799144 0.000746676 0.000702694 0.000668123 0.000643962 0.000631296 
3.88 0.00127267 0.00133445 0.00139149 0.00144339 0.00148968 0.00152989 0.00156344 0.00158972 0.00160805 0.00161763 
3.88 1.20808e-05 5.60902e-15 5.60902e-15 5.60902e-15 5.60902e-15 5.60902e-15 5.60902e-15 5.60902e-15 5.60902e-15 5.60902e-15 
3.88 9.24886e-11 8.9437e-11 8.70322e-11 8.51224e-11 8.36046e-11 8.2409e-11 8.14873e-11 8.08092e-11 8.03574e-11 8.01273e-11 
3.89 0.000645977 0.000700449 0.000750573 0.000796038 0.000836492 0.000871538 0.00090073 0.000923561 0.00093946 0.000947776 
3.89 0.000873235 0.00086203 0.000851309 0.000841243 0.000832015 0.000823816 0.000816843 0.000811301 0.000807398 0.000805342 
3.89 0.000848171 0.000834868 0.000822219 0.000810408 0.00079963 0.00079009 0.000782003 0.00077559 0.00077108 0.000768706 
3.89 1.31675e-05 1.42735e-05 1.52913e-05 1.62144e-05 1.70358e-05 1.77473e-05 1.83401e-05 1.88036e-05 1.91264e-05 1.92952e-05 
3.89 0.00107837 0.000999869 0.000926837 0.000859929 0.000799867 0.000747434 0.000703483 0.000668935 0.000644791 0.000632134 
3.89 0.001273 0.00133481 0.00139188 0.0014438 0.00149012 0.00153035 0.00156392 0.00159022 0.00160855 0.00161814 
3.89 1.20808e-05 5.60902e-15 5.60902e-15 5.60902e-15 5.60902e-15 5.60902e-15 5.60902e-15 5.60902e-15 5.60902e-15 5.60902e-15 
3.89 9.24297e-11 8.93807e-11 8.69779e-11 8.50696e-11 8.35526e-11 8.23577e-11 8.14366e-11 8.07588e-11 8.03075e-11 8.00775e-11 
3.90 0.000646552 0.000701075 0.000751248 0.000796758 0.000837253 0.000872337 0.000901561 0.000924417 0.000940334 0.000948659 
3.90 0.000873821 0.000862668 0.000851997 0.000841977 0.000832792 0.000824631 0.00081769 0.000812174 0.000808289 0.000806242 
3.90 0.000848728 0.000835474 0.000822872 0.000811106 0.000800368 0.000790864 0.000782808 0.000776419 0.000771926 0.000769562 
3.90 1.31792e-05 1.42863e-05 1.5305e-05 1.62291e-05 1.70513e-05 1.77636e-05 1.8357e-05 1.8821e-05 1.91442e-05 1.93132e-05 
3.90 0.00107891 0.00100046 0.000927474 0.000860609 0.000800587 0.000748189 0.000704268 0.000669743 0.000645616 0.000632968 
3.90 0.00127333 0.00133517 0.00139227 0.00144421 0.00149056 0.00153081 0.0015644 0.00159071 0.00160905 0.00161865 
3.90 1.20808e-05 5.60902e-15 5.60902e-15 5.60902e-15 5.60902e-15 5.60902e-15 5.60902e-15 5.60902e-15 5.60902e-15 5.60902e-15 
3.90 9.23713e-11 8.93248e-11 8.69239e-11 8.50168e-11 8.35011e-11 8.23069e-11 8.13864e-11 8.07092e-11 8.02579e-11 8.0028e-11 
3.91 0.000647125 0.000701698 0.000751919 0.000797475 0.000838012 0.000873133 0.000902388 0.000925269 0.000941204 0.000949538 
3.91 0.000874404 0.000863304 0.000852681 0.000842708 0.000833565 0.000825442 0.000818533 0.000813043 0.000809176 0.000807138 
3.91 0.000849283 0.000836078 0.000823523 0.0008118 0.000801103 0.000791635 0.000783609 0.000777244 0.000772769 0.000770414 
3.91 1.31909e-05 1.4299e-05 1.53187e-05 1.62437e-05 1.70667e-05 1.77798e-05 1.83738e-05 1.88384e-05 1.91619e-05 1.93311e-05 
3.91 0.00107945 0.00100105 0.000928108 0.000861286 0.000801303 0.000748941 0.000705049 0.000670548 0.000646438 0.000633798 
3.91 0.00127366 0.00133553 0.00139265 0.00144462 0.001491 0.00153127 0.00156487 0.0015912 0.00160955 0.00161915 
3.91 1.20808e-05 5.60902e-15 5.60902e-15 5.60902e-15 5.60902e-15 5.60902e-15 5.60902e-15 5.60902e-15 5.60902e-15 5.60902e-15 
3.91 9.23134e-11 8.92695e-11 8.68704e-11 8.49645e-11 8.345e-11 8.22565e-11 8.13366e-11 8.06596e-11 8.02086e-11 7.9979e-11 
3.92 0.000647694 0.000702318 0.000752588 0.000798189 0.000838767 0.000873925 0.000903211 0.000926118 0.000942069 0.000950413 
3.92 0.000874985 0.000863936 0.000853363 0.000843436 0.000834335 0.000826249 0.000819373 0.000813908 0.000810058 0.00080803 
3.92 0.000849835 0.000836679 0.00082417 0.000812491 0.000801834 0.000792402 0.000784406 0.000778066 0.000773608 0.000771262 
3.92 1.32025e-05 1.43116e-05 1.53323e-05 1.62582e-05 1.70821e-05 1.77959e-05 1.83906e-05 1.88557e-05 1.91795e-05 1.93489e-05 
3.92 0.00107999 0.00100164 0.000928739 0.00086196 0.000802016 0.000749689 0.000705826 0.000671349 0.000647255 0.000634624 
3.92 0.00127399 0.00133589 0.00139303 0.00144503 0.00149143 0.00153172 0.00156534 0.00159169 0.00161005 0.00161965 
3.92 1.20808e-05 5.60902e-15 5.60902e-15 5.60902e-15 5.60902e-15 5.60902e-15 5.60902e-15 5.60902e-15 5.60902e-15 5.60902e-15 
3.92 9.2256e-11 8.92145e-11 8.6817e-11 8.49126e-11 8.33992e-11 8.22064e-11 8.12869e-11 8.06104e-11 8.01596e-11 7.993e-11 
3.93 0.000648261 0.000702935 0.000753253 0.000798899 0.000839519 0.000874713 0.000904031 0.000926962 0.000942931 0.000951284 
3.93 0.000875563 0.000864565 0.000854041 0.00084416 0.000835101 0.000827053 0.000820209 0.000814769 0.000810937 0.000808918 
3.93 0.000850384 0.000837277 0.000824815 0.000813179 0.000802562 0.000793166 0.0007852 0.000778884 0.000774443 0.000772106 
3.93 1.3214e-05 1.43242e-05 1.53458e-05 1.62726e-05 1.70974e-05 1.7812e-05 1.84073e-05 1.88729e-05 1.9197e-05 1.93666e-05 
3.93 0.00108053 0.00100222 0.000929368 0.000862631 0.000802726 0.000750433 0.0007066 0.000672146 0.000648069 0.000635447 
3.93 0.00127431 0.00133624 0.00139341 0.00144544 0.00149186 0.00153217 0.00156581 0.00159217 0.00161054 0.00162015 
3.93 1.20808e-05 5.60902e-15 5.60902e-15 5.60902e-15 5.60902e-15 5.60902e-15 5.60902e-15 5.60902e-15 5.60902e-15 5.60902e-15 
3.93 9.21991e-11 8.916e-11 8.6764e-11 8.48609e-11 8.33485e-11 8.21564e-11 8.12375e-11 8.05615e-11 8.0111e-11 7.98814e-11 
3.94 0.000648826 0.000703549 0.000753915 0.000799606 0.000840267 0.000875498 0.000904847 0.000927803 0.000943789 0.000952151 
3.94 0.000876139 0.000865192 0.000854716 0.000844881 0.000835864 0.000827853 0.000821041 0.000815626 0.000811812 0.000809802 
3.94 0.000850931 0.000837872 0.000825456 0.000813864 0.000803287 0.000793926 0.00078599 0.000779698 0.000775274 0.000772946 
3.94 1.32255e-05 1.43367e-05 1.53593e-05 1.6287e-05 1.71126e-05 1.7828e-05 1.84239e-05 1.889e-05 1.92145e-05 1.93842e-05 
3.94 0.00108106 0.0010028 0.000929994 0.000863299 0.000803433 0.000751174 0.00070737 0.00067294 0.000648879 0.000636266 
3.94 0.00127463 0.00133659 0.00139379 0.00144585 0.00149229 0.00153262 0.00156628 0.00159265 0.00161103 0.00162065 
3.94 1.20808e-05 5.60902e-15 5.60902e-15 5.60902e-15 5.60902e-15 5.60902e-15 5.60902e-15 5.60902e-15 5.60902e-15 5.60902e-15 
3.94 9.21419e-11 8.91054e-11 8.67113e-11 8.48097e-11 8.32982e-11 8.21068e-11 8.11885e-11 8.05128e-11 8.00625e-11 7.98331e-11 
3.95 0.000649388 0.000704161 0.000754574 0.00080031 0.000841012 0.000876279 0.000905659 0.000928639 0.000944643 0.000953014 
3.95 0.000876712 0.000865815 0.000855388 0.000845598 0.000836623 0.000828649 0.000821869 0.000816479 0.000812682 0.000810682 
3.95 0.000851475 0.000838464 0.000826095 0.000814546 0.000804008 0.000794682 0.000786777 0.000780508 0.000776101 0.000773782 
3.95 1.32369e-05 1.43491e-05 1.53727e-05 1.63013e-05 1.71278e-05 1.78439e-05 1.84404e-05 1.8907e-05 1.92319e-05 1.94018e-05 
3.95 0.00108159 0.00100338 0.000930617 0.000863964 0.000804136 0.000751912 0.000708137 0.00067373 0.000649685 0.000637081 
3.95 0.00127495 0.00133694 0.00139417 0.00144625 0.00149272 0.00153307 0.00156675 0.00159313 0.00161152 0.00162115 
3.95 1.20808e-05 5.60902e-15 5.60902e-15 5.60902e-15 5.60902e-15 5.60902e-15 5.60902e-15 5.60902e-15 5.60902e-15 5.60902e-15 
3.95 9.20852e-11 8.90512e-11 8.66591e-11 8.4759e-11 8.32483e-11 8.20576e-11 8.11398e-11 8.04645e-11 8.00144e-11 7.97853e-11 
3.96 0.000649947 0.00070477 0.00075523 0.00080101 0.000841753 0.000877056 0.000906467 0.000929472 0.000945493 0.000953873 
3.96 0.000877282 0.000866436 0.000856057 0.000846312 0.000837379 0.000829442 0.000822693 0.000817328 0.000813549 0.000811558 
3.96 0.000852017 0.000839054 0.00082673 0.000815225 0.000804726 0.000795435 0.00078756 0.000781315 0.000776924 0.000774614 
3.96 1.32483e-05 1.43615e-05 1.5386e-05 1.63156e-05 1.71429e-05 1.78597e-05 1.84568e-05 1.89239e-05 1.92492e-05 1.94193e-05 
3.96 0.00108212 0.00100395 0.000931237 0.000864626 0.000804836 0.000752646 0.0007089 0.000674516 0.000650488 0.000637892 
3.96 0.00127527 0.00133729 0.00139455 0.00144665 0.00149314 0.00153352 0.00156721 0.00159361 0.00161201 0.00162164 
3.96 1.20808e-05 5.60902e-15 5.60902e-15 5.60902e-15 5.60902e-15 5.60902e-15 5.60902e-15 5.60902e-15 5.60902e-15 5.60902e-15 
3.96 9.2029e-11 8.89975e-11 8.66072e-11 8.47083e-11 8.31988e-11 8.20089e-11 8.10916e-11 8.04165e-11 7.99667e-11 7.97378e-11 
3.97 0.000650504 0.000705376 0.000755883 0.000801707 0.000842491 0.00087783 0.000907271 0.000930301 0.000946339 0.000954728 
3.97 0.00087785 0.000867054 0.000856723 0.000847023 0.000838131 0.000830231 0.000823513 0.000818173 0.000814411 0.00081243 
3.97 0.000852556 0.000839641 0.000827363 0.0008159 0.000805441 0.000796185 0.000788339 0.000782118 0.000777743 0.000775442 
3.97 1.32596e-05 1.43738e-05 1.53993e-05 1.63298e-05 1.71579e-05 1.78754e-05 1.84732e-05 1.89408e-05 1.92664e-05 1.94367e-05 
3.97 0.00108265 0.00100452 0.000931853 0.000865284 0.000805533 0.000753377 0.00070966 0.000675299 0.000651287 0.000638699 
3.97 0.00127559 0.00133764 0.00139492 0.00144705 0.00149356 0.00153396 0.00156767 0.00159408 0.0016125 0.00162213 
3.97 1.20808e-05 5.60902e-15 5.60902e-15 5.60902e-15 5.60902e-15 5.60902e-15 5.60902e-15 5.60902e-15 5.60902e-15 5.60902e-15 
3.97 9.19732e-11 8.89442e-11 8.65558e-11 8.4658e-11 8.31493e-11 8.19604e-11 8.10435e-11 8.03689e-11 7.99193e-11 7.96904e-11 
3.98 0.000651058 0.000705979 0.000756533 0.000802401 0.000843225 0.0008786 0.000908072 0.000931126 0.000947181 0.000955579 
3.98 0.000878415 0.000867669 0.000857386 0.000847731 0.00083888 0.000831016 0.000824329 0.000819014 0.00081527 0.000813298 
3.98 0.000853093 0.000840225 0.000827993 0.000816572 0.000806152 0.000796931 0.000789115 0.000782917 0.000778559 0.000776266 
3.98 1.32709e-05 1.43861e-05 1.54125e-05 1.63439e-05 1.71728e-05 1.78911e-05 1.84895e-05 1.89576e-05 1.92835e-05 1.9454e-05 
3.98 0.00108317 0.00100509 0.000932466 0.000865939 0.000806226 0.000754104 0.000710416 0.000676078 0.000652082 0.000639503 
3.98 0.00127591 0.00133798 0.0013953 0.00144745 0.00149398 0.0015344 0.00156813 0.00159455 0.00161298 0.00162262 
3.98 1.20808e-05 5.60902e-15 5.60902e-15 5.60902e-15 5.60902e-15 5.60902e-15 5.60902e-15 5.60902e-15 5.60902e-15 5.60902e-15 
3.98 9.19179e-11 8.88912e-11 8.65044e-11 8.4608e-11 8.31002e-11 8.19119e-11 8.09957e-11 8.03213e-11 7.98723e-11 7.96434e-11 
3.99 0.00065161 0.000706579 0.00075718 0.000803092 0.000843956 0.000879367 0.000908869 0.000931947 0.000948019 0.000956426 
3.99 0.000878977 0.000868281 0.000858046 0.000848435 0.000839625 0.000831798 0.000825142 0.000819851 0.000816125 0.000814162 
3.99 0.000853627 0.000840807 0.000828619 0.000817241 0.00080686 0.000797674 0.000789887 0.000783712 0.000779371 0.000777086 
3.99 1.32821e-05 1.43983e-05 1.54257e-05 1.63579e-05 1.71877e-05 1.79067e-05 1.85057e-05 1.89743e-05 1.93006e-05 1.94712e-05 
3.99 0.00108369 0.00100566 0.000933077 0.000866591 0.000806916 0.000754828 0.000711169 0.000676853 0.000652874 0.000640303 
3.99 0.00127623 0.00133833 0.00139567 0.00144785 0.0014944 0.00153484 0.00156859 0.00159502 0.00161346 0.00162311 
3.99 1.20808e-05 5.60902e-15 5.60902e-15 5.60902e-15 5.60902e-15 5.60902e-15 5.60902e-15 5.60902e-15 5.60902e-15 5.60902e-15 
3.99 9.18629e-11 8.88384e-11 8.64537e-11 8.45585e-11 8.30515e-11 8.18639e-11 8.09482e-11 8.02742e-11 7.98253e-11 7.95968e-11 
4.00 0.000652159 0.000707177 0.000757824 0.00080378 0.000844684 0.00088013 0.000909662 0.000932764 0.000948853 0.00095727 
4.00 0.000879537 0.00086889 0.000858702 0.000849136 0.000840367 0.000832576 0.000825951 0.000820684 0.000816975 0.000815022 
4.00 0.000854159 0.000841386 0.000829243 0.000817907 0.000807565 0.000798413 0.000790655 0.000784504 0.000780179 0.000777903 
4.00 1.32933e-05 1.44104e-05 1.54388e-05 1.63719e-05 1.72025e-05 1.79222e-05 1.85218e-05 1.89909e-05 1.93176e-05 1.94884e-05 
4.00 0.00108421 0.00100623 0.000933685 0.000867241 0.000807603 0.000755549 0.000711918 0.000677625 0.000653662 0.000641099 
4.00 0.00127654 0.00133867 0.00139604 0.00144824 0.00149482 0.00153528 0.00156904 0.00159549 0.00161394 0.00162359 
4.00 1.20808e-05 5.60902e-15 5.60902e-15 5.60902e-15 5.60902e-15 5.60902e-15 5.60902e-15 5.60902e-15 5.60902e-15 5.60902e-15 
4.00 9.18085e-11 8.87864e-11 8.64031e-11 8.45093e-11 8.30032e-11 8.18163e-11 8.09012e-11 8.02274e-11 7.97788e-11 7.95505e-11 
4.01 0.000652705 0.000707772 0.000758465 0.000804464 0.000845408 0.00088089 0.000910452 0.000933578 0.000949683 0.000958109 
4.01 0.000880094 0.000869497 0.000859355 0.000849834 0.000841106 0.00083335 0.000826756 0.000821514 0.000817822 0.000815877 
4.01 0.000854689 0.000841962 0.000829864 0.00081857 0.000808267 0.000799149 0.00079142 0.000785292 0.000780983 0.000778716 
4.01 1.33044e-05 1.44225e-05 1.54518e-05 1.63858e-05 1.72172e-05 1.79377e-05 1.85379e-05 1.90074e-05 1.93345e-05 1.95055e-05 
4.01 0.00108473 0.00100679 0.000934292 0.000867887 0.000808287 0.000756266 0.000712664 0.000678394 0.000654446 0.000641892 
4.01 0.00127685 0.00133901 0.00139641 0.00144863 0.00149524 0.00153571 0.00156949 0.00159596 0.00161441 0.00162407 
4.01 1.20808e-05 5.60902e-15 5.60902e-15 5.60902e-15 5.60902e-15 5.60902e-15 5.60902e-15 5.60902e-15 5.60902e-15 5.60902e-15 
4.01 9.17538e-11 8.87342e-11 8.63528e-11 8.44601e-11 8.29552e-11 8.1769e-11 8.08542e-11 8.0181e-11 7.97326e-11 7.95043e-11 
4.02 0.000653249 0.000708364 0.000759103 0.000805145 0.000846129 0.000881646 0.000911238 0.000934388 0.00095051 0.000958944 
4.02 0.000880649 0.0008701 0.000860006 0.000850529 0.000841841 0.000834121 0.000827557 0.00082234 0.000818665 0.000816729 
4.02 0.000855216 0.000842535 0.000830482 0.00081923 0.000808965 0.000799881 0.000792181 0.000786076 0.000781784 0.000779525 
4.02 1.33155e-05 1.44345e-05 1.54648e-05 1.63997e-05 1.72319e-05 1.79531e-05 1.85539e-05 1.90239e-05 1.93513e-05 1.95225e-05 
4.02 0.00108524 0.00100735 0.000934895 0.000868531 0.000808968 0.00075698 0.000713406 0.000679159 0.000655227 0.000642681 
4.02 0.00127716 0.00133935 0.00139677 0.00144902 0.00149565 0.00153614 0.00156994 0.00159642 0.00161488 0.00162455 
4.02 1.20808e-05 5.60902e-15 5.60902e-15 5.60902e-15 5.60902e-15 5.60902e-15 5.60902e-15 5.60902e-15 5.60902e-15 5.60902e-15 
4.02 9.16997e-11 8.86824e-11 8.63029e-11 8.44114e-11 8.29075e-11 8.17218e-11 8.08075e-11 8.01348e-11 7.96865e-11 7.94584e-11 
4.03 0.000653791 0.000708953 0.000759738 0.000805823 0.000846846 0.000882399 0.00091202 0.000935194 0.000951333 0.000959776 
4.03 0.000881201 0.000870701 0.000860654 0.00085122 0.000842572 0.000834888 0.000828355 0.000823162 0.000819504 0.000817577 
4.03 0.000855741 0.000843106 0.000831097 0.000819887 0.00080966 0.00080061 0.000792939 0.000786857 0.000782581 0.00078033 
4.03 1.33265e-05 1.44465e-05 1.54777e-05 1.64135e-05 1.72465e-05 1.79684e-05 1.85698e-05 1.90403e-05 1.9368e-05 1.95394e-05 
4.03 0.00108575 0.00100791 0.000935495 0.000869172 0.000809646 0.000757691 0.000714145 0.00067992 0.000656004 0.000643466 
4.03 0.00127747 0.00133969 0.00139713 0.00144941 0.00149606 0.00153657 0.00157039 0.00159688 0.00161535 0.00162503 
4.03 1.20808e-05 5.60902e-15 5.60902e-15 5.60902e-15 5.60902e-15 5.60902e-15 5.60902e-15 5.60902e-15 5.60902e-15 5.60902e-15 
4.03 9.16459e-11 8.8631e-11 8.6253e-11 8.43629e-11 8.28599e-11 8.16748e-11 8.07612e-11 8.00887e-11 7.96407e-11 7.94128e-11 
4.04 0.000654329 0.000709539 0.00076037 0.000806498 0.00084756 0.000883147 0.000912799 0.000935996 0.000952152 0.000960604 
4.04 0.00088175 0.000871299 0.000861298 0.000851908 0.0008433 0.000835652 0.000829149 0.00082398 0.000820339 0.000818421 
4.04 0.000856263 0.000843674 0.000831709 0.000820541 0.000810352 0.000801336 0.000793693 0.000787634 0.000783374 0.000781132 
4.04 1.33374e-05 1.44585e-05 1.54906e-05 1.64272e-05 1.7261e-05 1.79836e-05 1.85856e-05 1.90566e-05 1.93847e-05 1.95562e-05 
4.04 0.00108626 0.00100846 0.000936093 0.00086981 0.000810321 0.000758398 0.00071488 0.000680678 0.000656777 0.000644248 
4.04 0.00127778 0.00134002 0.00139749 0.0014498 0.00149647 0.001537 0.00157084 0.00159734 0.00161582 0.0016255 
4.04 1.20808e-05 5.60902e-15 5.60902e-15 5.60902e-15 5.60902e-15 5.60902e-15 5.60902e-15 5.60902e-15 5.60902e-15 5.60902e-15 
4.04 9.15926e-11 8.858e-11 8.62035e-11 8.43148e-11 8.28127e-11 8.16284e-11 8.07153e-11 8.0043e-11 7.95953e-11 7.93676e-11 
4.05 0.000654865 0.000710123 0.000760999 0.00080717 0.000848271 0.000883893 0.000913574 0.000936795 0.000952967 0.000961428 
4.05 0.000882297 0.000871894 0.00086194 0.000852593 0.000844025 0.000836412 0.000829939 0.000824794 0.00082117 0.000819261 
4.05 0.000856783 0.00084424 0.000832319 0.000821192 0.000811041 0.000802058 0.000794444 0.000788408 0.000784163 0.00078193 
4.05 1.33483e-05 1.44704e-05 1.55034e-05 1.64409e-05 1.72755e-05 1.79988e-05 1.86014e-05 1.90729e-05 1.94013e-05 1.9573e-05 
4.05 0.00108677 0.00100901 0.000936687 0.000870445 0.000810993 0.000759102 0.000715612 0.000681432 0.000657547 0.000645026 
4.05 0.00127809 0.00134035 0.00139785 0.00145018 0.00149688 0.00153743 0.00157128 0.0015978 0.00161629 0.00162597 
4.05 1.20808e-05 5.60902e-15 5.60902e-15 5.60902e-15 5.60902e-15 5.60902e-15 5.60902e-15 5.60902e-15 5.60902e-15 5.60902e-15 
4.05 9.15396e-11 8.85291e-11 8.61544e-11 8.42671e-11 8.27659e-11 8.15822e-11 8.06697e-11 7.99978e-11 7.95502e-11 7.93224e-11 
4.06 0.000655399 0.000710704 0.000761626 0.000807839 0.000848979 0.000884635 0.000914346 0.00093759 0.000953778 0.000962248 
4.06 0.000882841 0.000872487 0.000862578 0.000853275 0.000844746 0.000837169 0.000830726 0.000825604 0.000821997 0.000820097 
4.06 0.0008573 0.000844803 0.000832926 0.00082184 0.000811726 0.000802777 0.000795191 0.000789178 0.000784949 0.000782724 
4.06 1.33592e-05 1.44822e-05 1.55162e-05 1.64545e-05 1.72899e-05 1.80139e-05 1.86171e-05 1.90891e-05 1.94178e-05 1.95897e-05 
4.06 0.00108727 0.00100956 0.000937279 0.000871077 0.000811661 0.000759803 0.000716341 0.000682183 0.000658313 0.0006458 
4.06 0.0012784 0.00134068 0.00139821 0.00145056 0.00149728 0.00153786 0.00157172 0.00159826 0.00161676 0.00162644 
4.06 1.20808e-05 5.60902e-15 5.60902e-15 5.60902e-15 5.60902e-15 5.60902e-15 5.60902e-15 5.60902e-15 5.60902e-15 5.60902e-15 
4.06 9.1487e-11 8.84785e-11 8.61056e-11 8.42194e-11 8.27194e-11 8.15364e-11 8.06242e-11 7.99528e-11 7.95054e-11 7.92777e-11 
4.07 0.000655931 0.000711282 0.000762249 0.000808505 0.000849683 0.000885374 0.000915114 0.000938381 0.000954586 0.000963064 
4.07 0.000883383 0.000873077 0.000863214 0.000853954 0.000845464 0.000837922 0.000831509 0.000826411 0.00082282 0.000820929 
4.07 0.000857815 0.000845363 0.00083353 0.000822485 0.000812408 0.000803492 0.000795935 0.000789944 0.000785731 0.000783515 
4.07 1.337e-05 1.4494e-05 1.55289e-05 1.64681e-05 1.73042e-05 1.80289e-05 1.86327e-05 1.91052e-05 1.94342e-05 1.96063e-05 
4.07 0.00108777 0.00101011 0.000937868 0.000871705 0.000812326 0.000760501 0.000717066 0.00068293 0.000659076 0.000646571 
4.07 0.0012787 0.00134101 0.00139857 0.00145094 0.00149768 0.00153828 0.00157216 0.00159871 0.00161722 0.00162691 
4.07 1.20808e-05 5.60902e-15 5.60902e-15 5.60902e-15 5.60902e-15 5.60902e-15 5.60902e-15 5.60902e-15 5.60902e-15 5.60902e-15 
4.07 9.14348e-11 8.84284e-11 8.60571e-11 8.4172e-11 8.26729e-11 8.14909e-11 8.05791e-11 7.99082e-11 7.94611e-11 7.92333e-11 
4.08 0.00065646 0.000711858 0.00076287 0.000809167 0.000850384 0.000886109 0.000915878 0.000939169 0.00095539 0.000963877 
4.08 0.000883923 0.000873664 0.000863847 0.000854629 0.000846179 0.000838672 0.000832288 0.000827214 0.00082364 0.000821757 
4.08 0.000858327 0.000845921 0.000834131 0.000823127 0.000813087 0.000804204 0.000796676 0.000790707 0.00078651 0.000784302 
4.08 1.33808e-05 1.45057e-05 1.55415e-05 1.64816e-05 1.73185e-05 1.80439e-05 1.86483e-05 1.91212e-05 1.94506e-05 1.96228e-05 
4.08 0.00108827 0.00101065 0.000938454 0.000872331 0.000812988 0.000761196 0.000717788 0.000683674 0.000659835 0.000647338 
4.08 0.001279 0.00134135 0.00139893 0.00145132 0.00149808 0.0015387 0.0015726 0.00159916 0.00161768 0.00162738 
4.08 1.20808e-05 5.60902e-15 5.60902e-15 5.60902e-15 5.60902e-15 5.60902e-15 5.60902e-15 5.60902e-15 5.60902e-15 5.60902e-15 
4.08 9.13826e-11 8.83789e-11 8.60091e-11 8.4125e-11 8.26267e-11 8.14454e-11 8.05342e-11 7.98636e-11 7.94168e-11 7.91893e-11 
4.09 0.000656987 0.000712431 0.000763488 0.000809827 0.000851082 0.000886841 0.000916639 0.000939952 0.00095619 0.000964686 
4.09 0.00088446 0.000874248 0.000864477 0.000855302 0.000846891 0.000839418 0.000833064 0.000828013 0.000824456 0.000822582 
4.09 0.000858837 0.000846476 0.000834729 0.000823766 0.000813763 0.000804913 0.000797413 0.000791466 0.000787285 0.000785085 
4.09 1.33915e-05 1.45174e-05 1.55541e-05 1.6495e-05 1.73327e-05 1.80588e-05 1.86638e-05 1.91372e-05 1.94669e-05 1.96393e-05 
4.09 0.00108877 0.00101119 0.000939037 0.000872954 0.000813647 0.000761887 0.000718507 0.000684414 0.000660591 0.000648102 
4.09 0.0012793 0.00134168 0.00139928 0.0014517 0.00149848 0.00153912 0.00157304 0.00159961 0.00161814 0.00162784 
4.09 1.20808e-05 5.60902e-15 5.60902e-15 5.60902e-15 5.60902e-15 5.60902e-15 5.60902e-15 5.60902e-15 5.60902e-15 5.60902e-15 
4.09 9.13308e-11 8.83294e-11 8.59614e-11 8.40785e-11 8.2581e-11 8.14004e-11 8.04897e-11 7.98194e-11 7.93728e-11 7.91455e-11 
4.10 0.000657511 0.000713002 0.000764103 0.000810483 0.000851777 0.00088757 0.000917396 0.000940732 0.000956987 0.000965491 
4.10 0.000884994 0.00087483 0.000865104 0.000855971 0.000847599 0.000840161 0.000833836 0.000828809 0.000825268 0.000823403 
4.10 0.000859345 0.000847029 0.000835325 0.000824401 0.000814436 0.000805619 0.000798146 0.000792222 0.000788056 0.000785865 
4.10 1.34022e-05 1.4529e-05 1.55666e-05 1.65084e-05 1.73468e-05 1.80736e-05 1.86792e-05 1.91531e-05 1.94831e-05 1.96557e-05 
4.10 0.00108926 0.00101173 0.000939617 0.000873574 0.000814303 0.000762575 0.000719222 0.000685151 0.000661343 0.000648862 
4.10 0.0012796 0.00134201 0.00139963 0.00145208 0.00149888 0.00153954 0.00157347 0.00160006 0.0016186 0.0016283 
4.10 1.20808e-05 5.60902e-15 5.60902e-15 5.60902e-15 5.60902e-15 5.60902e-15 5.60902e-15 5.60902e-15 5.60902e-15 5.60902e-15 
4.10 9.12793e-11 8.82802e-11 8.59137e-11 8.40322e-11 8.25356e-11 8.13556e-11 8.04456e-11 7.97755e-11 7.93291e-11 7.91018e-11 
4.11 0.000658033 0.00071357 0.000764715 0.000811137 0.000852468 0.000888294 0.00091815 0.000941509 0.00095778 0.000966292 
4.11 0.000885526 0.000875409 0.000865728 0.000856637 0.000848304 0.0008409 0.000834605 0.000829601 0.000826076 0.00082422 
4.11 0.00085985 0.000847579 0.000835918 0.000825034 0.000815106 0.000806321 0.000798876 0.000792974 0.000788824 0.000786641 
4.11 1.34128e-05 1.45406e-05 1.55791e-05 1.65217e-05 1.73609e-05 1.80883e-05 1.86946e-05 1.91689e-05 1.94992e-05 1.9672e-05 
4.11 0.00108975 0.00101227 0.000940195 0.000874191 0.000814956 0.00076326 0.000719934 0.000685884 0.000662091 0.000649619 
4.11 0.0012799 0.00134233 0.00139998 0.00145245 0.00149928 0.00153995 0.0015739 0.00160051 0.00161905 0.00162876 
4.11 1.20808e-05 5.60902e-15 5.60902e-15 5.60902e-15 5.60902e-15 5.60902e-15 5.60902e-15 5.60902e-15 5.60902e-15 5.60902e-15 
4.11 9.12282e-11 8.82314e-11 8.58664e-11 8.39863e-11 8.24905e-11 8.13113e-11 8.04016e-11 7.9732e-11 7.92858e-11 7.90585e-11 
4.12 0.000658552 0.000714136 0.000765324 0.000811787 0.000853156 0.000889016 0.0009189 0.000942282 0.000958569 0.00096709 
4.12 0.000886056 0.000875985 0.000866349 0.0008573 0.000849006 0.000841636 0.00083537 0.000830389 0.000826881 0.000825033 
4.12 0.000860353 0.000848127 0.000836508 0.000825664 0.000815773 0.00080702 0.000799603 0.000793723 0.000789588 0.000787413 
4.12 1.34234e-05 1.45521e-05 1.55915e-05 1.65349e-05 1.73749e-05 1.8103e-05 1.87098e-05 1.91846e-05 1.95153e-05 1.96882e-05 
4.12 0.00109024 0.0010128 0.000940771 0.000874805 0.000815606 0.000763942 0.000720643 0.000686614 0.000662836 0.000650372 
4.12 0.0012802 0.00134265 0.00140033 0.00145282 0.00149967 0.00154036 0.00157433 0.00160095 0.0016195 0.00162922 
4.12 1.20808e-05 5.60902e-15 5.60902e-15 5.60902e-15 5.60902e-15 5.60902e-15 5.60902e-15 5.60902e-15 5.60902e-15 5.60902e-15 
4.12 9.11774e-11 8.81826e-11 8.58193e-11 8.39403e-11 8.24457e-11 8.12669e-11 8.03578e-11 7.96887e-11 7.92426e-11 7.90155e-11 
4.13 0.000659069 0.000714698 0.00076593 0.000812434 0.000853841 0.000889735 0.000919647 0.000943052 0.000959354 0.000967884 
4.13 0.000886583 0.000876559 0.000866967 0.00085796 0.000849704 0.000842369 0.000836131 0.000831174 0.000827682 0.000825842 
4.13 0.000860854 0.000848672 0.000837095 0.000826291 0.000816436 0.000807716 0.000800327 0.000794468 0.000790349 0.000788182 
4.13 1.34339e-05 1.45635e-05 1.56038e-05 1.65481e-05 1.73888e-05 1.81176e-05 1.8725e-05 1.92002e-05 1.95313e-05 1.97044e-05 
4.13 0.00109073 0.00101333 0.000941343 0.000875416 0.000816253 0.00076462 0.000721348 0.000687341 0.000663578 0.000651122 
4.13 0.0012805 0.00134297 0.00140068 0.00145319 0.00150006 0.00154077 0.00157476 0.00160139 0.00161995 0.00162967 
4.13 1.20808e-05 5.60902e-15 5.60902e-15 5.60902e-15 5.60902e-15 5.60902e-15 5.60902e-15 5.60902e-15 5.60902e-15 5.60902e-15 
4.13 9.11271e-11 8.81343e-11 8.57727e-11 8.38948e-11 8.2401e-11 8.12228e-11 8.03143e-11 7.96455e-11 7.91996e-11 7.89728e-11 
4.14 0.000659584 0.000715258 0.000766534 0.000813079 0.000854523 0.00089045 0.000920391 0.000943818 0.000960136 0.000968674 
4.14 0.000887108 0.00087713 0.000867582 0.000858617 0.000850399 0.000843098 0.000836889 0.000831955 0.000828479 0.000826648 
4.14 0.000861353 0.000849214 0.00083768 0.000826915 0.000817097 0.000808409 0.000801047 0.00079521 0.000791106 0.000788947 
4.14 1.34444e-05 1.45749e-05 1.56161e-05 1.65612e-05 1.74027e-05 1.81322e-05 1.87401e-05 1.92158e-05 1.95472e-05 1.97205e-05 
4.14 0.00109122 0.00101386 0.000941913 0.000876024 0.000816897 0.000765295 0.00072205 0.000688064 0.000664316 0.000651868 
4.14 0.00128079 0.00134329 0.00140102 0.00145356 0.00150045 0.00154118 0.00157519 0.00160183 0.0016204 0.00163012 
4.14 1.20808e-05 5.60902e-15 5.60902e-15 5.60902e-15 5.60902e-15 5.60902e-15 5.60902e-15 5.60902e-15 5.60902e-15 5.60902e-15 
4.14 9.10771e-11 8.80863e-11 8.57264e-11 8.38496e-11 8.23566e-11 8.11791e-11 8.02712e-11 7.96027e-11 7.9157e-11 7.89301e-11 
4.15 0.000660095 0.000715815 0.000767134 0.00081372 0.000855202 0.000891162 0.000921131 0.00094458 0.000960914 0.00096946 
4.15 0.00088763 0.000877698 0.000868194 0.000859271 0.000851091 0.000843824 0.000837644 0.000832732 0.000829272 0.00082745 
4.15 0.000861849 0.000849754 0.000838262 0.000827537 0.000817754 0.000809099 0.000801764 0.000795949 0.00079186 0.000789709 
4.15 1.34548e-05 1.45862e-05 1.56283e-05 1.65742e-05 1.74165e-05 1.81467e-05 1.87552e-05 1.92313e-05 1.9563e-05 1.97365e-05 
4.15 0.0010917 0.00101439 0.00094248 0.00087663 0.000817538 0.000765967 0.000722749 0.000688784 0.000665051 0.000652611 
4.15 0.00128108 0.00134361 0.00140136 0.00145393 0.00150084 0.00154159 0.00157561 0.00160227 0.00162085 0.00163057 
4.15 1.20808e-05 5.60902e-15 5.60902e-15 5.60902e-15 5.60902e-15 5.60902e-15 5.60902e-15 5.60902e-15 5.60902e-15 5.60902e-15 
4.15 9.10271e-11 8.80385e-11 8.56801e-11 8.38046e-11 8.23125e-11 8.11358e-11 8.02284e-11 7.95602e-11 7.91147e-11 7.88878e-11 
4.16 0.000660605 0.00071637 0.000767732 0.000814359 0.000855878 0.000891871 0.000921868 0.000945339 0.000961689 0.000970243 
4.16 0.00088815 0.000878264 0.000868804 0.000859922 0.00085178 0.000844546 0.000838395 0.000833506 0.000830062 0.000828248 
4.16 0.000862343 0.000850292 0.000838841 0.000828155 0.000818409 0.000809785 0.000802477 0.000796684 0.00079261 0.000790467 
4.16 1.34652e-05 1.45975e-05 1.56405e-05 1.65872e-05 1.74302e-05 1.81611e-05 1.87702e-05 1.92468e-05 1.95787e-05 1.97524e-05 
4.16 0.00109218 0.00101491 0.000943045 0.000877233 0.000818176 0.000766636 0.000723445 0.000689501 0.000665783 0.00065335 
4.16 0.00128137 0.00134393 0.00140171 0.00145429 0.00150123 0.001542 0.00157603 0.0016027 0.00162129 0.00163102 
4.16 1.20808e-05 5.60902e-15 5.60902e-15 5.60902e-15 5.60902e-15 5.60902e-15 5.60902e-15 5.60902e-15 5.60902e-15 5.60902e-15 
4.16 9.09774e-11 8.79911e-11 8.56342e-11 8.376e-11 8.22688e-11 8.10927e-11 8.01857e-11 7.9518e-11 7.90728e-11 7.88459e-11 
4.17 0.000661113 0.000716922 0.000768327 0.000814994 0.00085655 0.000892576 0.000922601 0.000946095 0.00096246 0.000971022 
4.17 0.000888667 0.000878827 0.000869411 0.00086057 0.000852466 0.000845265 0.000839142 0.000834276 0.000830848 0.000829042 
4.17 0.000862835 0.000850827 0.000839418 0.000828771 0.00081906 0.000810468 0.000803187 0.000797415 0.000793357 0.000791222 
4.17 1.34755e-05 1.46088e-05 1.56526e-05 1.66001e-05 1.74439e-05 1.81754e-05 1.87851e-05 1.92622e-05 1.95944e-05 1.97683e-05 
4.17 0.00109266 0.00101543 0.000943607 0.000877833 0.000818811 0.000767302 0.000724137 0.000690214 0.000666511 0.000654086 
4.17 0.00128166 0.00134425 0.00140205 0.00145466 0.00150162 0.0015424 0.00157645 0.00160313 0.00162173 0.00163147 
4.17 1.20808e-05 5.60902e-15 5.60902e-15 5.60902e-15 5.60902e-15 5.60902e-15 5.60902e-15 5.60902e-15 5.60902e-15 5.60902e-15 
4.17 9.09281e-11 8.79441e-11 8.5589e-11 8.37159e-11 8.22255e-11 8.105e-11 8.01432e-11 7.94758e-11 7.90308e-11 7.88042e-11 
4.18 0.000661617 0.000717472 0.00076892 0.000815627 0.000857219 0.000893277 0.000923331 0.000946847 0.000963227 0.000971798 
4.18 0.000889182 0.000879388 0.000870015 0.000861215 0.000853148 0.000845981 0.000839886 0.000835042 0.00083163 0.000829833 
4.18 0.000863324 0.00085136 0.000839992 0.000829384 0.000819708 0.000811148 0.000803894 0.000798143 0.0007941 0.000791973 
4.18 1.34858e-05 1.462e-05 1.56646e-05 1.6613e-05 1.74575e-05 1.81897e-05 1.87999e-05 1.92775e-05 1.961e-05 1.97841e-05 
4.18 0.00109314 0.00101595 0.000944166 0.00087843 0.000819443 0.000767965 0.000724826 0.000690924 0.000667236 0.000654818 
4.18 0.00128195 0.00134456 0.00140239 0.00145502 0.001502 0.0015428 0.00157687 0.00160356 0.00162217 0.00163191 
4.18 1.20808e-05 5.60902e-15 5.60902e-15 5.60902e-15 5.60902e-15 5.60902e-15 5.60902e-15 5.60902e-15 5.60902e-15 5.60902e-15 
4.18 9.08793e-11 8.78975e-11 8.55437e-11 8.36717e-11 8.21823e-11 8.10074e-11 8.01011e-11 7.94339e-11 7.89892e-11 7.87628e-11 
4.19 0.00066212 0.000718019 0.000769509 0.000816256 0.000857885 0.000893976 0.000924057 0.000947595 0.000963991 0.00097257 
4.19 0.000889695 0.000879946 0.000870616 0.000861857 0.000853827 0.000846693 0.000840627 0.000835805 0.000832409 0.00083062 
4.19 0.000863811 0.00085189 0.000840563 0.000829994 0.000820354 0.000811825 0.000804598 0.000798868 0.00079484 0.000792721 
4.19 1.3496e-05 1.46311e-05 1.56766e-05 1.66258e-05 1.74711e-05 1.82039e-05 1.88147e-05 1.92927e-05 1.96256e-05 1.97998e-05 
4.19 0.00109362 0.00101647 0.000944723 0.000879025 0.000820072 0.000768625 0.000725512 0.000691631 0.000667957 0.000655547 
4.19 0.00128224 0.00134487 0.00140273 0.00145538 0.00150238 0.0015432 0.00157729 0.00160399 0.00162261 0.00163235 
4.19 1.20808e-05 5.60902e-15 5.60902e-15 5.60902e-15 5.60902e-15 5.60902e-15 5.60902e-15 5.60902e-15 5.60902e-15 5.60902e-15 
4.19 9.08307e-11 8.78508e-11 8.54987e-11 8.36278e-11 8.21393e-11 8.0965e-11 8.00593e-11 7.93923e-11 7.89479e-11 7.87215e-11 
4.20 0.000662621 0.000718564 0.000770096 0.000816883 0.000858548 0.000894672 0.00092478 0.00094834 0.000964751 0.000973338 
4.20 0.000890205 0.000880501 0.000871215 0.000862496 0.000854503 0.000847402 0.000841364 0.000836565 0.000833184 0.000831403 
4.20 0.000864296 0.000852417 0.000841132 0.000830601 0.000820996 0.000812499 0.000805298 0.00079959 0.000795577 0.000793465 
4.20 1.35062e-05 1.46422e-05 1.56885e-05 1.66386e-05 1.74846e-05 1.82181e-05 1.88294e-05 1.93078e-05 1.96411e-05 1.98154e-05 
4.20 0.00109409 0.00101698 0.000945278 0.000879617 0.000820698 0.000769282 0.000726195 0.000692334 0.000668675 0.000656273 
4.20 0.00128253 0.00134518 0.00140306 0.00145574 0.00150276 0.0015436 0.0015777 0.00160442 0.00162304 0.00163279 
4.20 1.20808e-05 5.60902e-15 5.60902e-15 5.60902e-15 5.60902e-15 5.60902e-15 5.60902e-15 5.60902e-15 5.60902e-15 5.60902e-15 
4.20 9.07824e-11 8.78044e-11 8.54541e-11 8.35842e-11 8.20965e-11 8.09229e-11 8.00178e-11 7.93512e-11 7.89069e-11 7.86805e-11 
4.21 0.000663118 0.000719106 0.00077068 0.000817507 0.000859208 0.000895364 0.0009255 0.000949081 0.000965508 0.000974103 
4.21 0.000890713 0.000881054 0.000871811 0.000863132 0.000855176 0.000848108 0.000842098 0.000837321 0.000833956 0.000832183 
4.21 0.000864778 0.000852942 0.000841698 0.000831205 0.000821636 0.00081317 0.000805995 0.000800308 0.00079631 0.000794206 
4.21 1.35163e-05 1.46532e-05 1.57004e-05 1.66513e-05 1.7498e-05 1.82322e-05 1.88441e-05 1.93229e-05 1.96565e-05 1.9831e-05 
4.21 0.00109456 0.00101749 0.000945829 0.000880206 0.000821322 0.000769936 0.000726875 0.000693034 0.00066939 0.000656995 
4.21 0.00128281 0.00134549 0.0014034 0.0014561 0.00150314 0.001544 0.00157811 0.00160484 0.00162347 0.00163323 
4.21 1.20808e-05 5.60902e-15 5.60902e-15 5.60902e-15 5.60902e-15 5.60902e-15 5.60902e-15 5.60902e-15 5.60902e-15 5.60902e-15 
4.21 9.07346e-11 8.77584e-11 8.54094e-11 8.35409e-11 8.20541e-11 8.08811e-11 7.99764e-11 7.93102e-11 7.8866e-11 7.86398e-11 
4.22 0.000663614 0.000719645 0.000771262 0.000818128 0.000859865 0.000896053 0.000926216 0.000949819 0.000966261 0.000974864 
4.22 0.000891219 0.000881604 0.000872404 0.000863765 0.000855846 0.000848811 0.000842828 0.000838073 0.000834724 0.000832959 
4.22 0.000865258 0.000853465 0.000842261 0.000831807 0.000822272 0.000813837 0.000806689 0.000801023 0.00079704 0.000794944 
4.22 1.35264e-05 1.46642e-05 1.57123e-05 1.66639e-05 1.75114e-05 1.82462e-05 1.88587e-05 1.93379e-05 1.96718e-05 1.98465e-05 
4.22 0.00109503 0.001018 0.000946378 0.000880792 0.000821942 0.000770587 0.000727551 0.000693731 0.000670101 0.000657714 
4.22 0.00128309 0.0013458 0.00140373 0.00145646 0.00150352 0.0015444 0.00157852 0.00160526 0.0016239 0.00163367 
4.22 1.20808e-05 5.60902e-15 5.60902e-15 5.60902e-15 5.60902e-15 5.60902e-15 5.60902e-15 5.60902e-15 5.60902e-15 5.60902e-15 
4.22 9.06866e-11 8.77127e-11 8.53655e-11 8.34981e-11 8.20121e-11 8.08397e-11 7.99352e-11 7.92693e-11 7.88253e-11 7.85994e-11 
4.23 0.000664108 0.000720182 0.000771841 0.000818746 0.000860519 0.000896739 0.000926929 0.000950554 0.000967011 0.000975622 
4.23 0.000891722 0.000882152 0.000872994 0.000864395 0.000856513 0.00084951 0.000843555 0.000838822 0.000835488 0.000833732 
4.23 0.000865736 0.000853985 0.000842822 0.000832406 0.000822906 0.000814501 0.00080738 0.000801735 0.000797766 0.000795678 
4.23 1.35365e-05 1.46751e-05 1.57241e-05 1.66765e-05 1.75247e-05 1.82602e-05 1.88732e-05 1.93529e-05 1.96871e-05 1.98619e-05 
4.23 0.0010955 0.00101851 0.000946924 0.000881376 0.00082256 0.000771235 0.000728224 0.000694425 0.000670809 0.00065843 
4.23 0.00128337 0.00134611 0.00140406 0.00145681 0.00150389 0.00154479 0.00157893 0.00160568 0.00162433 0.0016341 
4.23 1.20808e-05 5.60902e-15 5.60902e-15 5.60902e-15 5.60902e-15 5.60902e-15 5.60902e-15 5.60902e-15 5.60902e-15 5.60902e-15 
4.23 9.0639e-11 8.76673e-11 8.53215e-11 8.34555e-11 8.19703e-11 8.07986e-11 7.98944e-11 7.92287e-11 7.8785e-11 7.85593e-11 
4.24 0.000664599 0.000720717 0.000772417 0.000819361 0.00086117 0.000897422 0.000927639 0.000951285 0.000967757 0.000976376 
4.24 0.000892223 0.000882697 0.000873581 0.000865023 0.000857177 0.000850206 0.000844279 0.000839567 0.000836249 0.000834501 
4.24 0.000866212 0.000854503 0.00084338 0.000833002 0.000823537 0.000815163 0.000808068 0.000802443 0.000798489 0.000796409 
4.24 1.35465e-05 1.4686e-05 1.57358e-05 1.6689e-05 1.7538e-05 1.82741e-05 1.88876e-05 1.93678e-05 1.97023e-05 1.98773e-05 
4.24 0.00109596 0.00101902 0.000947469 0.000881957 0.000823175 0.00077188 0.000728895 0.000695116 0.000671514 0.000659142 
4.24 0.00128365 0.00134642 0.00140439 0.00145716 0.00150426 0.00154518 0.00157934 0.0016061 0.00162476 0.00163453 
4.24 1.20808e-05 5.60902e-15 5.60902e-15 5.60902e-15 5.60902e-15 5.60902e-15 5.60902e-15 5.60902e-15 5.60902e-15 5.60902e-15 
4.24 9.05917e-11 8.76223e-11 8.52778e-11 8.34128e-11 8.19285e-11 8.07574e-11 7.98539e-11 7.91884e-11 7.87449e-11 7.85192e-11 
4.25 0.000665088 0.000721249 0.000772991 0.000819973 0.000861818 0.000898102 0.000928345 0.000952013 0.0009685 0.000977127 
4.25 0.000892721 0.00088324 0.000874166 0.000865647 0.000857838 0.000850899 0.000844999 0.000840309 0.000837006 0.000835267 
4.25 0.000866686 0.000855019 0.000843936 0.000833595 0.000824165 0.000815822 0.000808752 0.000803148 0.000799209 0.000797136 
4.25 1.35564e-05 1.46968e-05 1.57475e-05 1.67015e-05 1.75512e-05 1.82879e-05 1.8902e-05 1.93826e-05 1.97174e-05 1.98926e-05 
4.25 0.00109642 0.00101952 0.000948012 0.000882536 0.000823787 0.000772522 0.000729562 0.000695803 0.000672216 0.000659851 
4.25 0.00128393 0.00134672 0.00140472 0.00145751 0.00150463 0.00154557 0.00157974 0.00160652 0.00162519 0.00163496 
4.25 1.20808e-05 5.60902e-15 5.60902e-15 5.60902e-15 5.60902e-15 5.60902e-15 5.60902e-15 5.60902e-15 5.60902e-15 5.60902e-15 
4.25 9.05448e-11 8.75776e-11 8.52345e-11 8.33705e-11 8.1887e-11 8.07166e-11 7.98136e-11 7.91485e-11 7.87052e-11 7.84795e-11 
4.26 0.000665575 0.000721779 0.000773562 0.000820583 0.000862463 0.000898778 0.000929048 0.000952737 0.00096924 0.000977874 
4.26 0.000893217 0.00088378 0.000874748 0.000866269 0.000858496 0.000851589 0.000845716 0.000841048 0.00083776 0.000836029 
4.26 0.000867158 0.000855532 0.000844489 0.000834185 0.00082479 0.000816477 0.000809433 0.00080385 0.000799925 0.00079786 
4.26 1.35663e-05 1.47076e-05 1.57591e-05 1.67139e-05 1.75643e-05 1.83017e-05 1.89163e-05 1.93973e-05 1.97324e-05 1.99078e-05 
4.26 0.00109688 0.00102002 0.000948551 0.000883112 0.000824396 0.000773161 0.000730226 0.000696487 0.000672914 0.000660557 
4.26 0.00128421 0.00134702 0.00140505 0.00145786 0.001505 0.00154596 0.00158014 0.00160693 0.00162561 0.00163539 
4.26 1.20808e-05 5.60902e-15 5.60902e-15 5.60902e-15 5.60902e-15 5.60902e-15 5.60902e-15 5.60902e-15 5.60902e-15 5.60902e-15 
4.26 9.04982e-11 8.75328e-11 8.51914e-11 8.33285e-11 8.18458e-11 8.06761e-11 7.97735e-11 7.91088e-11 7.86658e-11 7.84401e-11 
4.27 0.00066606 0.000722306 0.00077413 0.00082119 0.000863105 0.000899451 0.000929748 0.000953458 0.000969976 0.000978618 
4.27 0.000893711 0.000884317 0.000875328 0.000866888 0.00085915 0.000852276 0.00084643 0.000841783 0.000838511 0.000836787 
4.27 0.000867627 0.000856043 0.000845039 0.000834773 0.000825411 0.000817129 0.000810111 0.000804549 0.000800638 0.000798581 
4.27 1.35762e-05 1.47183e-05 1.57707e-05 1.67262e-05 1.75774e-05 1.83154e-05 1.89305e-05 1.9412e-05 1.97474e-05 1.99229e-05 
4.27 0.00109734 0.00102052 0.000949088 0.000883685 0.000825003 0.000773797 0.000730887 0.000697168 0.000673609 0.000661259 
4.27 0.00128449 0.00134732 0.00140537 0.00145821 0.00150537 0.00154634 0.00158054 0.00160734 0.00162603 0.00163582 
4.27 1.20808e-05 5.60902e-15 5.60902e-15 5.60902e-15 5.60902e-15 5.60902e-15 5.60902e-15 5.60902e-15 5.60902e-15 5.60902e-15 
4.27 9.04519e-11 8.74884e-11 8.51486e-11 8.32868e-11 8.18049e-11 8.06359e-11 7.97336e-11 7.90692e-11 7.86264e-11 7.84009e-11 
4.28 0.000666541 0.000722831 0.000774696 0.000821794 0.000863744 0.000900121 0.000930445 0.000954176 0.000970708 0.000979359 
4.28 0.000894203 0.000884852 0.000875905 0.000867504 0.000859802 0.000852959 0.00084714 0.000842515 0.000839258 0.000837542 
4.28 0.000868094 0.000856551 0.000845587 0.000835358 0.00082603 0.000817778 0.000810786 0.000805244 0.000801348 0.000799298 
4.28 1.3586e-05 1.4729e-05 1.57822e-05 1.67385e-05 1.75904e-05 1.8329e-05 1.89447e-05 1.94266e-05 1.97623e-05 1.9938e-05 
4.28 0.0010978 0.00102102 0.000949623 0.000884256 0.000825607 0.00077443 0.000731545 0.000697846 0.000674301 0.000661958 
4.28 0.00128477 0.00134762 0.00140569 0.00145856 0.00150574 0.00154672 0.00158094 0.00160775 0.00162645 0.00163624 
4.28 1.20808e-05 5.60902e-15 5.60902e-15 5.60902e-15 5.60902e-15 5.60902e-15 5.60902e-15 5.60902e-15 5.60902e-15 5.60902e-15 
4.28 9.0406e-11 8.74443e-11 8.51059e-11 8.32454e-11 8.17643e-11 8.05957e-11 7.96939e-11 7.90298e-11 7.85873e-11 7.83621e-11 
4.29 0.000667021 0.000723353 0.000775258 0.000822395 0.00086438 0.000900788 0.000931138 0.000954891 0.000971437 0.000980096 
4.29 0.000894692 0.000885385 0.000876479 0.000868117 0.000860451 0.000853639 0.000847847 0.000843244 0.000840001 0.000838293 
4.29 0.000868559 0.000857057 0.000846132 0.00083594 0.000826646 0.000818424 0.000811458 0.000805936 0.000802054 0.000800012 
4.29 1.35958e-05 1.47396e-05 1.57936e-05 1.67507e-05 1.76033e-05 1.83426e-05 1.89588e-05 1.94411e-05 1.97771e-05 1.9953e-05 
4.29 0.00109825 0.00102151 0.000950156 0.000884824 0.000826208 0.00077506 0.0007322 0.000698521 0.000674989 0.000662654 
4.29 0.00128504 0.00134792 0.00140602 0.0014589 0.0015061 0.0015471 0.00158134 0.00160816 0.00162687 0.00163666 
4.29 1.20808e-05 5.60902e-15 5.60902e-15 5.60902e-15 5.60902e-15 5.60902e-15 5.60902e-15 5.60902e-15 5.60902e-15 5.60902e-15 
4.29 9.03605e-11 8.74006e-11 8.50636e-11 8.32043e-11 8.1724e-11 8.05558e-11 7.96545e-11 7.89907e-11 7.85484e-11 7.83232e-11 
4.30 0.000667499 0.000723873 0.000775819 0.000822993 0.000865013 0.000901452 0.000931828 0.000955601 0.000972163 0.000980829 
4.30 0.000895179 0.000885915 0.00087705 0.000868727 0.000861096 0.000854316 0.000848551 0.000843969 0.000840741 0.000839041 
4.30 0.000869022 0.000857561 0.000846675 0.00083652 0.000827259 0.000819067 0.000812127 0.000806625 0.000802757 0.000800723 
4.30 1.36055e-05 1.47502e-05 1.5805e-05 1.67629e-05 1.76162e-05 1.83561e-05 1.89729e-05 1.94556e-05 1.97919e-05 1.99679e-05 
4.30 0.0010987 0.001022 0.000950685 0.000885389 0.000826806 0.000775687 0.000732852 0.000699193 0.000675675 0.000663347 
4.30 0.00128532 0.00134822 0.00140634 0.00145924 0.00150646 0.00154748 0.00158173 0.00160857 0.00162728 0.00163708 
4.30 1.20808e-05 5.60902e-15 5.60902e-15 5.60902e-15 5.60902e-15 5.60902e-15 5.60902e-15 5.60902e-15 5.60902e-15 5.60902e-15 
4.30 9.03148e-11 8.73572e-11 8.50218e-11 8.31632e-11 8.16837e-11 8.05162e-11 7.96155e-11 7.8952e-11 7.85099e-11 7.82847e-11 
4.31 0.000667975 0.000724391 0.000776376 0.000823588 0.000865643 0.000902113 0.000932515 0.000956309 0.000972886 0.000981559 
4.31 0.000895664 0.000886443 0.000877619 0.000869334 0.000861739 0.00085499 0.000849252 0.000844691 0.000841478 0.000839786 
4.31 0.000869483 0.000858062 0.000847215 0.000837097 0.00082787 0.000819708 0.000812792 0.000807311 0.000803457 0.00080143 
4.31 1.36152e-05 1.47607e-05 1.58164e-05 1.6775e-05 1.7629e-05 1.83695e-05 1.89869e-05 1.947e-05 1.98066e-05 1.99827e-05 
4.31 0.00109915 0.00102249 0.000951212 0.000885952 0.000827401 0.000776311 0.000733501 0.000699862 0.000676357 0.000664037 
4.31 0.00128559 0.00134852 0.00140666 0.00145958 0.00150682 0.00154786 0.00158213 0.00160898 0.0016277 0.0016375 
4.31 1.20808e-05 5.60902e-15 5.60902e-15 5.60902e-15 5.60902e-15 5.60902e-15 5.60902e-15 5.60902e-15 5.60902e-15 5.60902e-15 
4.31 9.027e-11 8.73141e-11 8.498e-11 8.31224e-11 8.16437e-11 8.04768e-11 7.95765e-11 7.89135e-11 7.84717e-11 7.82465e-11 
4.32 0.000668448 0.000724906 0.000776931 0.000824181 0.00086627 0.000902771 0.000933199 0.000957014 0.000973604 0.000982286 
4.32 0.000896147 0.000886968 0.000878185 0.000869938 0.000862378 0.000855661 0.000849949 0.000845409 0.000842211 0.000840527 
4.32 0.000869941 0.000858561 0.000847753 0.000837671 0.000828478 0.000820345 0.000813455 0.000807993 0.000804154 0.000802134 
4.32 1.36248e-05 1.47712e-05 1.58277e-05 1.67871e-05 1.76418e-05 1.83829e-05 1.90008e-05 1.94843e-05 1.98212e-05 1.99975e-05 
4.32 0.0010996 0.00102298 0.000951736 0.000886512 0.000827993 0.000776932 0.000734147 0.000700527 0.000677036 0.000664723 
4.32 0.00128586 0.00134882 0.00140698 0.00145992 0.00150718 0.00154824 0.00158252 0.00160938 0.00162811 0.00163792 
4.32 1.20808e-05 5.60902e-15 5.60902e-15 5.60902e-15 5.60902e-15 5.60902e-15 5.60902e-15 5.60902e-15 5.60902e-15 5.60902e-15 
4.32 9.0225e-11 8.72712e-11 8.49385e-11 8.30819e-11 8.1604e-11 8.04378e-11 7.95381e-11 7.88754e-11 7.84336e-11 7.82085e-11 
4.33 0.000668919 0.000725419 0.000777484 0.000824771 0.000866895 0.000903426 0.00093388 0.000957715 0.00097432 0.000983009 
4.33 0.000896627 0.000887491 0.000878748 0.00087054 0.000863015 0.000856329 0.000850643 0.000846124 0.000842941 0.000841265 
4.33 0.000870397 0.000859058 0.000848288 0.000838243 0.000829083 0.00082098 0.000814114 0.000808673 0.000804847 0.000802835 
4.33 1.36344e-05 1.47817e-05 1.58389e-05 1.67991e-05 1.76545e-05 1.83962e-05 1.90146e-05 1.94986e-05 1.98358e-05 2.00122e-05 
4.33 0.00110004 0.00102346 0.000952259 0.000887069 0.000828583 0.000777551 0.00073479 0.000701189 0.000677712 0.000665406 
4.33 0.00128613 0.00134911 0.0014073 0.00146026 0.00150754 0.00154862 0.00158291 0.00160978 0.00162852 0.00163833 
4.33 1.20808e-05 5.60902e-15 5.60902e-15 5.60902e-15 5.60902e-15 5.60902e-15 5.60902e-15 5.60902e-15 5.60902e-15 5.60902e-15 
4.33 9.01804e-11 8.72287e-11 8.48973e-11 8.30418e-11 8.15647e-11 8.03991e-11 7.94997e-11 7.88371e-11 7.83956e-11 7.81708e-11 
4.34 0.000669388 0.000725929 0.000778034 0.000825358 0.000867517 0.000904078 0.000934558 0.000958413 0.000975033 0.000983729 
4.34 0.000897105 0.000888011 0.000879309 0.000871139 0.000863649 0.000856993 0.000851334 0.000846836 0.000843668 0.000841999 
4.34 0.000870851 0.000859552 0.000848821 0.000838812 0.000829685 0.000821611 0.000814771 0.000809349 0.000805537 0.000803533 
4.34 1.36439e-05 1.47921e-05 1.58501e-05 1.68111e-05 1.76671e-05 1.84095e-05 1.90284e-05 1.95128e-05 1.98503e-05 2.00269e-05 
4.34 0.00110048 0.00102394 0.000952778 0.000887624 0.00082917 0.000778167 0.00073543 0.000701848 0.000678385 0.000666086 
4.34 0.0012864 0.0013494 0.00140761 0.0014606 0.0015079 0.00154899 0.0015833 0.00161018 0.00162893 0.00163874 
4.34 1.20808e-05 5.60902e-15 5.60902e-15 5.60902e-15 5.60902e-15 5.60902e-15 5.60902e-15 5.60902e-15 5.60902e-15 5.60902e-15 
4.34 9.0136e-11 8.71861e-11 8.48564e-11 8.30019e-11 8.15256e-11 8.03607e-11 7.94615e-11 7.87993e-11 7.83579e-11 7.81331e-11 
4.35 0.000669855 0.000726437 0.000778582 0.000825943 0.000868135 0.000904727 0.000935232 0.000959108 0.000975742 0.000984446 
4.35 0.000897581 0.000888529 0.000879867 0.000871735 0.000864279 0.000857655 0.000852022 0.000847545 0.000844391 0.00084273 
4.35 0.000871303 0.000860044 0.000849352 0.000839378 0.000830284 0.00082224 0.000815424 0.000810022 0.000806224 0.000804227 
4.35 1.36534e-05 1.48024e-05 1.58613e-05 1.6823e-05 1.76797e-05 1.84227e-05 1.90421e-05 1.95269e-05 1.98647e-05 2.00415e-05 
4.35 0.00110092 0.00102442 0.000953294 0.000888176 0.000829754 0.00077878 0.000736067 0.000702504 0.000679055 0.000666763 
4.35 0.00128667 0.00134969 0.00140792 0.00146093 0.00150825 0.00154936 0.00158369 0.00161058 0.00162934 0.00163915 
4.35 1.20808e-05 5.60902e-15 5.60902e-15 5.60902e-15 5.60902e-15 5.60902e-15 5.60902e-15 5.60902e-15 5.60902e-15 5.60902e-15 
4.35 9.0092e-11 8.71439e-11 8.48155e-11 8.29623e-11 8.14868e-11 8.03222e-11 7.94236e-11 7.87616e-11 7.83205e-11 7.80957e-11 
4.36 0.00067032 0.000726943 0.000779127 0.000826525 0.000868751 0.000905373 0.000935904 0.0009598 0.000976448 0.00098516 
4.36 0.000898055 0.000889045 0.000880423 0.000872328 0.000864907 0.000858313 0.000852706 0.00084825 0.000845111 0.000843457 
4.36 0.000871753 0.000860534 0.00084988 0.000839942 0.00083088 0.000822865 0.000816074 0.000810692 0.000806908 0.000804918 
4.36 1.36629e-05 1.48127e-05 1.58724e-05 1.68348e-05 1.76922e-05 1.84358e-05 1.90558e-05 1.9541e-05 1.98791e-05 2.0056e-05 
4.36 0.00110136 0.0010249 0.000953808 0.000888725 0.000830336 0.00077939 0.000736701 0.000703158 0.000679722 0.000667437 
4.36 0.00128694 0.00134998 0.00140823 0.00146126 0.0015086 0.00154973 0.00158407 0.00161098 0.00162974 0.00163956 
4.36 1.20808e-05 5.60902e-15 5.60902e-15 5.60902e-15 5.60902e-15 5.60902e-15 5.60902e-15 5.60902e-15 5.60902e-15 5.60902e-15 
4.36 9.00482e-11 8.71019e-11 8.47747e-11 8.29225e-11 8.14479e-11 8.0284e-11 7.9386e-11 7.87244e-11 7.82834e-11 7.80586e-11 
4.37 0.000670782 0.000727447 0.00077967 0.000827104 0.000869364 0.000906015 0.000936572 0.000960488 0.000977151 0.00098587 
4.37 0.000898527 0.000889558 0.000880976 0.000872919 0.000865532 0.000858968 0.000853387 0.000848952 0.000845827 0.000844181 
4.37 0.000872201 0.000861022 0.000850405 0.000840503 0.000831474 0.000823488 0.000816721 0.000811359 0.000807589 0.000805606 
4.37 1.36723e-05 1.4823e-05 1.58834e-05 1.68466e-05 1.77047e-05 1.84489e-05 1.90694e-05 1.9555e-05 1.98934e-05 2.00704e-05 
4.37 0.0011018 0.00102537 0.000954321 0.000889272 0.000830915 0.000779997 0.000737332 0.000703808 0.000680386 0.000668108 
4.37 0.0012872 0.00135027 0.00140854 0.00146159 0.00150895 0.0015501 0.00158445 0.00161137 0.00163014 0.00163997 
4.37 1.20808e-05 5.60902e-15 5.60902e-15 5.60902e-15 5.60902e-15 5.60902e-15 5.60902e-15 5.60902e-15 5.60902e-15 5.60902e-15 
4.37 9.00048e-11 8.70602e-11 8.47343e-11 8.28831e-11 8.14093e-11 8.02461e-11 7.93485e-11 7.86872e-11 7.82463e-11 7.80217e-11 
4.38 0.000671243 0.000727948 0.000780209 0.000827681 0.000869974 0.000906655 0.000937236 0.000961173 0.00097785 0.000986577 
4.38 0.000898996 0.000890069 0.000881527 0.000873507 0.000866154 0.000859621 0.000854065 0.00084965 0.00084654 0.000844902 
4.38 0.000872647 0.000861507 0.000850928 0.000841061 0.000832065 0.000824108 0.000817366 0.000812023 0.000808267 0.000806291 
4.38 1.36817e-05 1.48332e-05 1.58944e-05 1.68583e-05 1.77171e-05 1.84619e-05 1.90829e-05 1.9569e-05 1.99076e-05 2.00848e-05 
4.38 0.00110223 0.00102584 0.00095483 0.000889817 0.000831491 0.000780601 0.00073796 0.000704455 0.000681046 0.000668776 
4.38 0.00128746 0.00135056 0.00140885 0.00146192 0.0015093 0.00155047 0.00158483 0.00161176 0.00163054 0.00164037 
4.38 1.20808e-05 5.60902e-15 5.60902e-15 5.60902e-15 5.60902e-15 5.60902e-15 5.60902e-15 5.60902e-15 5.60902e-15 5.60902e-15 
4.38 8.99613e-11 8.70187e-11 8.46942e-11 8.2844e-11 8.1371e-11 8.02084e-11 7.93111e-11 7.86501e-11 7.82095e-11 7.79852e-11 
4.39 0.000671701 0.000728447 0.000780747 0.000828255 0.000870581 0.000907292 0.000937898 0.000961855 0.000978546 0.000987281 
4.39 0.000899463 0.000890578 0.000882075 0.000874092 0.000866773 0.00086027 0.00085474 0.000850345 0.00084725 0.000845619 
4.39 0.000873091 0.00086199 0.000851449 0.000841617 0.000832653 0.000824725 0.000818007 0.000812684 0.000808941 0.000806973 
4.39 1.3691e-05 1.48433e-05 1.59053e-05 1.687e-05 1.77295e-05 1.84749e-05 1.90964e-05 1.95829e-05 1.99218e-05 2.00991e-05 
4.39 0.00110266 0.00102631 0.000955337 0.000890358 0.000832064 0.000781202 0.000738586 0.000705099 0.000681704 0.00066944 
4.39 0.00128772 0.00135084 0.00140916 0.00146225 0.00150965 0.00155083 0.00158521 0.00161215 0.00163094 0.00164077 
4.39 1.20808e-05 5.60902e-15 5.60902e-15 5.60902e-15 5.60902e-15 5.60902e-15 5.60902e-15 5.60902e-15 5.60902e-15 5.60902e-15 
4.39 8.99181e-11 8.69776e-11 8.46545e-11 8.28052e-11 8.1333e-11 8.01711e-11 7.92741e-11 7.86133e-11 7.81729e-11 7.79486e-11 
4.40 0.000672156 0.000728943 0.000781282 0.000828826 0.000871186 0.000907926 0.000938557 0.000962534 0.000979239 0.000987981 
4.40 0.000899928 0.000891084 0.00088262 0.000874674 0.000867389 0.000860916 0.000855412 0.000851037 0.000847956 0.000846333 
4.40 0.000873533 0.000862471 0.000851967 0.00084217 0.000833238 0.000825339 0.000818646 0.000813342 0.000809613 0.000807651 
4.40 1.37003e-05 1.48534e-05 1.59162e-05 1.68816e-05 1.77418e-05 1.84878e-05 1.91098e-05 1.95967e-05 1.99359e-05 2.01134e-05 
4.40 0.00110309 0.00102678 0.000955841 0.000890897 0.000832635 0.000781801 0.000739208 0.000705741 0.000682358 0.000670102 
4.40 0.00128798 0.00135113 0.00140947 0.00146258 0.00151 0.00155119 0.00158559 0.00161254 0.00163134 0.00164117 
4.40 1.20808e-05 5.60902e-15 5.60902e-15 5.60902e-15 5.60902e-15 5.60902e-15 5.60902e-15 5.60902e-15 5.60902e-15 5.60902e-15 
4.40 8.98752e-11 8.69365e-11 8.46149e-11 8.27667e-11 8.12952e-11 8.01338e-11 7.92373e-11 7.85768e-11 7.81366e-11 7.79122e-11 
4.41 0.00067261 0.000729436 0.000781814 0.000829394 0.000871787 0.000908557 0.000939213 0.00096321 0.000979929 0.000988678 
4.41 0.000900391 0.000891588 0.000883163 0.000875254 0.000868002 0.000861559 0.000856081 0.000851726 0.000848659 0.000847044 
4.41 0.000873973 0.00086295 0.000852483 0.000842721 0.000833821 0.00082595 0.000819282 0.000813997 0.000810281 0.000808326 
4.41 1.37095e-05 1.48635e-05 1.5927e-05 1.68932e-05 1.7754e-05 1.85006e-05 1.91232e-05 1.96104e-05 1.99499e-05 2.01276e-05 
4.41 0.00110352 0.00102725 0.000956343 0.000891434 0.000833203 0.000782397 0.000739828 0.000706379 0.00068301 0.00067076 
4.41 0.00128824 0.00135141 0.00140977 0.00146291 0.00151034 0.00155155 0.00158597 0.00161293 0.00163173 0.00164157 
4.41 1.20808e-05 5.60902e-15 5.60902e-15 5.60902e-15 5.60902e-15 5.60902e-15 5.60902e-15 5.60902e-15 5.60902e-15 5.60902e-15 
4.41 8.98327e-11 8.68961e-11 8.45758e-11 8.27286e-11 8.12579e-11 8.00967e-11 7.92008e-11 7.85406e-11 7.81006e-11 7.78763e-11 
4.42 0.000673062 0.000729928 0.000782344 0.00082996 0.000872386 0.000909185 0.000939866 0.000963883 0.000980616 0.000989372 
4.42 0.000900852 0.000892089 0.000883704 0.000875831 0.000868613 0.0008622 0.000856747 0.000852412 0.000849359 0.000847751 
4.42 0.000874411 0.000863426 0.000852997 0.000843269 0.000834401 0.000826558 0.000819914 0.000814648 0.000810946 0.000808998 
4.42 1.37187e-05 1.48735e-05 1.59378e-05 1.69047e-05 1.77662e-05 1.85134e-05 1.91365e-05 1.96241e-05 1.99639e-05 2.01417e-05 
4.42 0.00110395 0.00102771 0.000956844 0.000891968 0.000833768 0.00078299 0.000740445 0.000707014 0.000683658 0.000671416 
4.42 0.0012885 0.00135169 0.00141008 0.00146323 0.00151068 0.00155191 0.00158634 0.00161332 0.00163212 0.00164197 
4.42 1.20808e-05 5.60902e-15 5.60902e-15 5.60902e-15 5.60902e-15 5.60902e-15 5.60902e-15 5.60902e-15 5.60902e-15 5.60902e-15 
4.42 8.97904e-11 8.68555e-11 8.45365e-11 8.26906e-11 8.12204e-11 8.00599e-11 7.91645e-11 7.85046e-11 7.80646e-11 7.78405e-11 
4.43 0.000673512 0.000730418 0.000782872 0.000830523 0.000872982 0.00090981 0.000940516 0.000964553 0.000981299 0.000990063 
4.43 0.000901311 0.000892588 0.000884242 0.000876405 0.000869221 0.000862837 0.000857409 0.000853095 0.000850056 0.000848455 
4.43 0.000874847 0.000863901 0.000853508 0.000843815 0.000834978 0.000827164 0.000820543 0.000815297 0.000811608 0.000809667 
4.43 1.37279e-05 1.48834e-05 1.59485e-05 1.69162e-05 1.77783e-05 1.85261e-05 1.91497e-05 1.96377e-05 1.99778e-05 2.01558e-05 
4.43 0.00110437 0.00102817 0.000957342 0.0008925 0.000834331 0.00078358 0.000741059 0.000707647 0.000684304 0.000672068 
4.43 0.00128876 0.00135197 0.00141038 0.00146355 0.00151102 0.00155227 0.00158671 0.0016137 0.00163251 0.00164237 
4.43 1.20808e-05 5.60902e-15 5.60902e-15 5.60902e-15 5.60902e-15 5.60902e-15 5.60902e-15 5.60902e-15 5.60902e-15 5.60902e-15 
4.43 8.97484e-11 8.68153e-11 8.44979e-11 8.26526e-11 8.11831e-11 8.00233e-11 7.91283e-11 7.84688e-11 7.80289e-11 7.7805e-11 
4.44 0.00067396 0.000730905 0.000783397 0.000831084 0.000873575 0.000910432 0.000941163 0.000965219 0.000981979 0.00099075 
4.44 0.000901767 0.000893085 0.000884777 0.000876977 0.000869826 0.000863472 0.000858069 0.000853774 0.00085075 0.000849156 
4.44 0.000875281 0.000864373 0.000854017 0.000844358 0.000835553 0.000827767 0.00082117 0.000815942 0.000812267 0.000810333 
4.44 1.3737e-05 1.48933e-05 1.59592e-05 1.69276e-05 1.77904e-05 1.85388e-05 1.91628e-05 1.96513e-05 1.99916e-05 2.01698e-05 
4.44 0.00110479 0.00102863 0.000957837 0.000893029 0.000834891 0.000784168 0.00074167 0.000708277 0.000684946 0.000672717 
4.44 0.00128902 0.00135225 0.00141068 0.00146387 0.00151136 0.00155263 0.00158708 0.00161408 0.0016329 0.00164276 
4.44 1.20808e-05 5.60902e-15 5.60902e-15 5.60902e-15 5.60902e-15 5.60902e-15 5.60902e-15 5.60902e-15 5.60902e-15 5.60902e-15 
4.44 8.97067e-11 8.67753e-11 8.44591e-11 8.26149e-11 8.11462e-11 7.9987e-11 7.90923e-11 7.84331e-11 7.79934e-11 7.77697e-11 
4.45 0.000674406 0.00073139 0.00078392 0.000831642 0.000874166 0.000911051 0.000941807 0.000965882 0.000982656 0.000991434 
4.45 0.000902221 0.00089358 0.00088531 0.000877546 0.000870428 0.000864104 0.000858725 0.000854451 0.00085144 0.000849854 
4.45 0.000875713 0.000864843 0.000854523 0.000844899 0.000836125 0.000828367 0.000821794 0.000816585 0.000812923 0.000810996 
4.45 1.37461e-05 1.49032e-05 1.59699e-05 1.69389e-05 1.78024e-05 1.85514e-05 1.91759e-05 1.96648e-05 2.00054e-05 2.01837e-05 
4.45 0.00110521 0.00102909 0.00095833 0.000893556 0.000835449 0.000784753 0.000742278 0.000708903 0.000685586 0.000673363 
4.45 0.00128928 0.00135253 0.00141098 0.00146419 0.0015117 0.00155298 0.00158745 0.00161446 0.00163329 0.00164315 
4.45 1.20808e-05 5.60902e-15 5.60902e-15 5.60902e-15 5.60902e-15 5.60902e-15 5.60902e-15 5.60902e-15 5.60902e-15 5.60902e-15 
4.45 8.96654e-11 8.67356e-11 8.44207e-11 8.25774e-11 8.11095e-11 7.9951e-11 7.90566e-11 7.83976e-11 7.79582e-11 7.77345e-11 
4.46 0.00067485 0.000731873 0.00078444 0.000832198 0.000874754 0.000911668 0.000942448 0.000966542 0.00098333 0.000992115 
4.46 0.000902673 0.000894072 0.000885841 0.000878112 0.000871027 0.000864732 0.000859379 0.000855124 0.000852127 0.000850549 
4.46 0.000876143 0.000865311 0.000855027 0.000845437 0.000836695 0.000828964 0.000822415 0.000817225 0.000813576 0.000811656 
4.46 1.37551e-05 1.4913e-05 1.59805e-05 1.69502e-05 1.78144e-05 1.85639e-05 1.9189e-05 1.96782e-05 2.00191e-05 2.01975e-05 
4.46 0.00110563 0.00102955 0.000958821 0.00089408 0.000836004 0.000785335 0.000742883 0.000709527 0.000686222 0.000674007 
4.46 0.00128953 0.00135281 0.00141128 0.00146451 0.00151204 0.00155333 0.00158782 0.00161484 0.00163368 0.00164354 
4.46 1.20808e-05 5.60902e-15 5.60902e-15 5.60902e-15 5.60902e-15 5.60902e-15 5.60902e-15 5.60902e-15 5.60902e-15 5.60902e-15 
4.46 8.96243e-11 8.66963e-11 8.43825e-11 8.25403e-11 8.10731e-11 7.9915e-11 7.90211e-11 7.83625e-11 7.79232e-11 7.76995e-11 
4.47 0.000675291 0.000732354 0.000784958 0.000832751 0.000875339 0.000912282 0.000943086 0.000967199 0.000984001 0.000992793 
4.47 0.000903123 0.000894562 0.000886369 0.000878676 0.000871624 0.000865358 0.000860029 0.000855794 0.000852811 0.00085124 
4.47 0.000876571 0.000865777 0.000855529 0.000845973 0.000837262 0.000829559 0.000823033 0.000817862 0.000814226 0.000812313 
4.47 1.37641e-05 1.49228e-05 1.5991e-05 1.69615e-05 1.78263e-05 1.85764e-05 1.9202e-05 1.96916e-05 2.00328e-05 2.02113e-05 
4.47 0.00110605 0.00103 0.000959311 0.000894602 0.000836556 0.000785914 0.000743485 0.000710148 0.000686856 0.000674647 
4.47 0.00128978 0.00135309 0.00141158 0.00146483 0.00151237 0.00155368 0.00158818 0.00161522 0.00163406 0.00164393 
4.47 1.20808e-05 5.60902e-15 5.60902e-15 5.60902e-15 5.60902e-15 5.60902e-15 5.60902e-15 5.60902e-15 5.60902e-15 5.60902e-15 
4.47 8.95832e-11 8.66571e-11 8.43447e-11 8.25034e-11 8.1037e-11 7.98792e-11 7.89859e-11 7.83276e-11 7.78886e-11 7.76649e-11 
4.48 0.000675731 0.000732832 0.000785474 0.000833301 0.000875921 0.000912893 0.000943721 0.000967854 0.000984669 0.000993468 
4.48 0.000903571 0.00089505 0.000886894 0.000879237 0.000872218 0.000865981 0.000860677 0.000856461 0.000853492 0.000851928 
4.48 0.000876997 0.00086624 0.000856029 0.000846506 0.000837826 0.000830151 0.000823648 0.000818495 0.000814873 0.000812967 
4.48 1.3773e-05 1.49325e-05 1.60015e-05 1.69727e-05 1.78381e-05 1.85889e-05 1.92149e-05 1.97049e-05 2.00464e-05 2.0225e-05 
4.48 0.00110647 0.00103045 0.000959798 0.000895122 0.000837106 0.000786491 0.000744085 0.000710766 0.000687487 0.000675285 
4.48 0.00129004 0.00135336 0.00141187 0.00146515 0.00151271 0.00155403 0.00158854 0.00161559 0.00163444 0.00164432 
4.48 1.20808e-05 5.60902e-15 5.60902e-15 5.60902e-15 5.60902e-15 5.60902e-15 5.60902e-15 5.60902e-15 5.60902e-15 5.60902e-15 
4.48 8.95422e-11 8.66182e-11 8.43072e-11 8.24667e-11 8.10008e-11 7.98436e-11 7.89507e-11 7.82928e-11 7.78539e-11 7.76304e-11 
4.49 0.000676168 0.000733308 0.000785987 0.000833849 0.000876501 0.000913501 0.000944353 0.000968505 0.000985334 0.00099414 
4.49 0.000904017 0.000895535 0.000887417 0.000879796 0.000872809 0.000866601 0.000861321 0.000857125 0.00085417 0.000852613 
4.49 0.000877421 0.000866701 0.000856526 0.000847037 0.000838388 0.00083074 0.00082426 0.000819126 0.000815517 0.000813618 
4.49 1.37819e-05 1.49422e-05 1.60119e-05 1.69838e-05 1.78499e-05 1.86013e-05 1.92278e-05 1.97182e-05 2.00599e-05 2.02387e-05 
4.49 0.00110688 0.0010309 0.000960282 0.000895639 0.000837653 0.000787065 0.000744682 0.000711381 0.000688115 0.00067592 
4.49 0.00129029 0.00135363 0.00141217 0.00146546 0.00151304 0.00155438 0.0015889 0.00161596 0.00163482 0.0016447 
4.49 1.20808e-05 5.60902e-15 5.60902e-15 5.60902e-15 5.60902e-15 5.60902e-15 5.60902e-15 5.60902e-15 5.60902e-15 5.60902e-15 
4.49 8.9502e-11 8.65794e-11 8.42695e-11 8.24304e-11 8.09652e-11 7.98084e-11 7.89157e-11 7.82581e-11 7.78194e-11 7.75962e-11 
4.50 0.000676603 0.000733782 0.000786498 0.000834395 0.000877078 0.000914106 0.000944982 0.000969153 0.000985995 0.000994809 
4.50 0.000904461 0.000896018 0.000887938 0.000880352 0.000873397 0.000867218 0.000861963 0.000857786 0.000854844 0.000853295 
4.50 0.000877842 0.00086716 0.000857021 0.000847565 0.000838947 0.000831326 0.00082487 0.000819754 0.000816158 0.000814266 
4.50 1.37908e-05 1.49518e-05 1.60223e-05 1.69949e-05 1.78617e-05 1.86136e-05 1.92406e-05 1.97314e-05 2.00734e-05 2.02523e-05 
4.50 0.00110729 0.00103135 0.000960764 0.000896154 0.000838198 0.000787637 0.000745276 0.000711993 0.00068874 0.000676552 
4.50 0.00129054 0.0013539 0.00141246 0.00146577 0.00151337 0.00155473 0.00158926 0.00161633 0.0016352 0.00164508 
4.50 1.20808e-05 5.60902e-15 5.60902e-15 5.60902e-15 5.60902e-15 5.60902e-15 5.60902e-15 5.60902e-15 5.60902e-15 5.60902e-15 
4.50 8.94617e-11 8.65407e-11 8.42324e-11 8.23939e-11 8.09296e-11 7.97734e-11 7.88809e-11 7.82236e-11 7.77851e-11 7.75619e-11 
4.51 0.000677037 0.000734254 0.000787006 0.000834937 0.000877652 0.000914708 0.000945609 0.000969798 0.000986654 0.000995475 
4.51 0.000904903 0.000896499 0.000888456 0.000880905 0.000873983 0.000867832 0.000862601 0.000858444 0.000855516 0.000853974 
4.51 0.000878262 0.000867617 0.000857513 0.000848091 0.000839503 0.000831909 0.000825477 0.000820379 0.000816796 0.000814911 
4.51 1.37996e-05 1.49614e-05 1.60326e-05 1.7006e-05 1.78734e-05 1.86259e-05 1.92533e-05 1.97445e-05 2.00868e-05 2.02659e-05 
4.51 0.0011077 0.0010318 0.000961244 0.000896666 0.00083874 0.000788206 0.000745867 0.000712602 0.000689362 0.000677181 
4.51 0.00129079 0.00135417 0.00141275 0.00146608 0.0015137 0.00155507 0.00158962 0.0016167 0.00163558 0.00164546 
4.51 1.20808e-05 5.60902e-15 5.60902e-15 5.60902e-15 5.60902e-15 5.60902e-15 5.60902e-15 5.60902e-15 5.60902e-15 5.60902e-15 
4.51 8.94217e-11 8.65023e-11 8.41952e-11 8.23578e-11 8.08942e-11 7.97386e-11 7.88465e-11 7.81894e-11 7.77511e-11 7.75279e-11 
4.52 0.000677468 0.000734724 0.000787512 0.000835477 0.000878224 0.000915308 0.000946232 0.00097044 0.000987309 0.000996137 
4.52 0.000905343 0.000896978 0.000888972 0.000881456 0.000874566 0.000868443 0.000863237 0.000859099 0.000856184 0.000854649 
4.52 0.00087868 0.000868072 0.000858003 0.000848614 0.000840057 0.00083249 0.000826081 0.000821001 0.000817431 0.000815553 
4.52 1.38084e-05 1.4971e-05 1.60429e-05 1.7017e-05 1.7885e-05 1.86381e-05 1.9266e-05 1.97576e-05 2.01001e-05 2.02794e-05 
4.52 0.00110811 0.00103224 0.000961723 0.000897176 0.00083928 0.000788772 0.000746456 0.000713209 0.000689981 0.000677806 
4.52 0.00129104 0.00135444 0.00141304 0.00146639 0.00151403 0.00155542 0.00158998 0.00161707 0.00163596 0.00164584 
4.52 1.20808e-05 5.60902e-15 5.60902e-15 5.60902e-15 5.60902e-15 5.60902e-15 5.60902e-15 5.60902e-15 5.60902e-15 5.60902e-15 
4.52 8.93819e-11 8.64642e-11 8.41583e-11 8.23218e-11 8.0859e-11 7.97039e-11 7.88123e-11 7.81554e-11 7.77174e-11 7.74942e-11 
4.53 0.000677898 0.000735191 0.000788016 0.000836015 0.000878793 0.000915904 0.000946852 0.00097108 0.000987962 0.000996796 
4.53 0.000905781 0.000897454 0.000889486 0.000882004 0.000875146 0.000869052 0.00086387 0.000859751 0.000856849 0.000855321 
4.53 0.000879096 0.000868525 0.000858491 0.000849135 0.000840608 0.000833068 0.000826682 0.00082162 0.000818063 0.000816192 
4.53 1.38171e-05 1.49805e-05 1.60532e-05 1.70279e-05 1.78966e-05 1.86502e-05 1.92786e-05 1.97706e-05 2.01134e-05 2.02928e-05 
4.53 0.00110852 0.00103268 0.000962199 0.000897684 0.000839817 0.000789335 0.000747042 0.000713813 0.000690597 0.000678429 
4.53 0.00129128 0.00135471 0.00141333 0.0014667 0.00151436 0.00155576 0.00159034 0.00161744 0.00163633 0.00164622 
4.53 1.20808e-05 5.60902e-15 5.60902e-15 5.60902e-15 5.60902e-15 5.60902e-15 5.60902e-15 5.60902e-15 5.60902e-15 5.60902e-15 
4.53 8.93425e-11 8.64264e-11 8.41217e-11 8.22862e-11 8.08242e-11 7.96697e-11 7.87784e-11 7.81218e-11 7.7684e-11 7.74607e-11 
4.54 0.000678325 0.000735656 0.000788517 0.000836551 0.000879359 0.000916498 0.00094747 0.000971716 0.000988611 0.000997452 
4.54 0.000906217 0.000897928 0.000889997 0.00088255 0.000875723 0.000869658 0.0008645 0.0008604 0.000857511 0.00085599 
4.54 0.00087951 0.000868976 0.000858977 0.000849654 0.000841157 0.000833644 0.00082728 0.000822237 0.000818692 0.000816828 
4.54 1.38258e-05 1.499e-05 1.60634e-05 1.70388e-05 1.79081e-05 1.86623e-05 1.92912e-05 1.97835e-05 2.01266e-05 2.03062e-05 
4.54 0.00110892 0.00103312 0.000962672 0.00089819 0.000840352 0.000789896 0.000747625 0.000714414 0.00069121 0.000679049 
4.54 0.00129153 0.00135498 0.00141362 0.00146701 0.00151468 0.0015561 0.00159069 0.0016178 0.0016367 0.0016466 
4.54 1.20808e-05 5.60902e-15 5.60902e-15 5.60902e-15 5.60902e-15 5.60902e-15 5.60902e-15 5.60902e-15 5.60902e-15 5.60902e-15 
4.54 8.93028e-11 8.63887e-11 8.40854e-11 8.22509e-11 8.07896e-11 7.96355e-11 7.87447e-11 7.80884e-11 7.76506e-11 7.74275e-11 
4.55 0.000678751 0.000736119 0.000789016 0.000837083 0.000879923 0.000917089 0.000948085 0.000972349 0.000989257 0.000998105 
4.55 0.000906651 0.0008984 0.000890506 0.000883093 0.000876298 0.000870261 0.000865127 0.000861046 0.00085817 0.000856656 
4.55 0.000879922 0.000869425 0.00085946 0.00085017 0.000841703 0.000834217 0.000827875 0.00082285 0.000819318 0.000817461 
4.55 1.38345e-05 1.49994e-05 1.60736e-05 1.70496e-05 1.79196e-05 1.86743e-05 1.93037e-05 1.97964e-05 2.01398e-05 2.03195e-05 
4.55 0.00110932 0.00103356 0.000963143 0.000898693 0.000840885 0.000790454 0.000748206 0.000715012 0.000691821 0.000679666 
4.55 0.00129177 0.00135525 0.00141391 0.00146732 0.001515 0.00155644 0.00159104 0.00161816 0.00163707 0.00164697 
4.55 1.20808e-05 5.60902e-15 5.60902e-15 5.60902e-15 5.60902e-15 5.60902e-15 5.60902e-15 5.60902e-15 5.60902e-15 5.60902e-15 
4.55 8.9264e-11 8.63516e-11 8.40494e-11 8.22157e-11 8.07549e-11 7.96014e-11 7.87109e-11 7.80549e-11 7.76173e-11 7.73946e-11 
4.56 0.000679174 0.00073658 0.000789513 0.000837614 0.000880484 0.000917678 0.000948696 0.000972979 0.0009899 0.000998755 
4.56 0.000907083 0.00089887 0.000891012 0.000883634 0.00087687 0.000870861 0.000865751 0.000861689 0.000858826 0.000857319 
4.56 0.000880332 0.000869871 0.000859941 0.000850684 0.000842247 0.000834787 0.000828468 0.000823461 0.000819941 0.000818091 
4.56 1.38431e-05 1.50088e-05 1.60837e-05 1.70604e-05 1.7931e-05 1.86863e-05 1.93161e-05 1.98092e-05 2.01529e-05 2.03327e-05 
4.56 0.00110972 0.00103399 0.000963613 0.000899194 0.000841415 0.00079101 0.000748784 0.000715607 0.000692429 0.00068028 
4.56 0.00129201 0.00135551 0.00141419 0.00146762 0.00151532 0.00155678 0.00159139 0.00161852 0.00163744 0.00164734 
4.56 1.20808e-05 5.60902e-15 5.60902e-15 5.60902e-15 5.60902e-15 5.60902e-15 5.60902e-15 5.60902e-15 5.60902e-15 5.60902e-15 
4.56 8.9225e-11 8.63145e-11 8.40136e-11 8.21809e-11 8.07205e-11 7.95676e-11 7.86774e-11 7.80216e-11 7.75843e-11 7.73615e-11 
4.57 0.000679596 0.000737039 0.000790007 0.000838141 0.000881043 0.000918264 0.000949305 0.000973607 0.000990541 0.000999402 
4.57 0.000907513 0.000899338 0.000891516 0.000884172 0.00087744 0.000871458 0.000866372 0.000862328 0.000859479 0.000857979 
4.57 0.00088074 0.000870315 0.00086042 0.000851195 0.000842788 0.000835355 0.000829058 0.000824069 0.000820562 0.000818718 
4.57 1.38517e-05 1.50181e-05 1.60937e-05 1.70712e-05 1.79424e-05 1.86982e-05 1.93285e-05 1.9822e-05 2.01659e-05 2.03459e-05 
4.57 0.00111012 0.00103443 0.000964079 0.000899693 0.000841942 0.000791564 0.000749359 0.0007162 0.000693034 0.000680891 
4.57 0.00129225 0.00135577 0.00141447 0.00146792 0.00151564 0.00155711 0.00159174 0.00161888 0.00163781 0.00164771 
4.57 1.20808e-05 5.60902e-15 5.60902e-15 5.60902e-15 5.60902e-15 5.60902e-15 5.60902e-15 5.60902e-15 5.60902e-15 5.60902e-15 
4.57 8.91861e-11 8.62773e-11 8.39776e-11 8.21459e-11 8.06863e-11 7.9534e-11 7.86442e-11 7.79886e-11 7.75515e-11 7.73288e-11 
4.58 0.000680016 0.000737496 0.000790499 0.000838667 0.000881599 0.000918847 0.000949911 0.000974231 0.000991178 0.00100005 
4.58 0.000907941 0.000899804 0.000892018 0.000884708 0.000878007 0.000872053 0.00086699 0.000862965 0.000860129 0.000858636 
4.58 0.000881146 0.000870757 0.000860897 0.000851704 0.000843327 0.00083592 0.000829645 0.000824674 0.00082118 0.000819342 
4.58 1.38602e-05 1.50274e-05 1.61037e-05 1.70819e-05 1.79537e-05 1.87101e-05 1.93408e-05 1.98347e-05 2.01789e-05 2.0359e-05 
4.58 0.00111052 0.00103486 0.000964545 0.000900189 0.000842467 0.000792115 0.000749932 0.00071679 0.000693636 0.0006815 
4.58 0.00129249 0.00135603 0.00141475 0.00146822 0.00151596 0.00155745 0.00159209 0.00161924 0.00163817 0.00164808 
4.58 1.20808e-05 5.60902e-15 5.60902e-15 5.60902e-15 5.60902e-15 5.60902e-15 5.60902e-15 5.60902e-15 5.60902e-15 5.60902e-15 
4.58 8.91475e-11 8.62403e-11 8.39419e-11 8.21111e-11 8.06523e-11 7.95004e-11 7.86111e-11 7.79559e-11 7.7519e-11 7.72963e-11 
4.59 0.000680433 0.00073795 0.000790989 0.00083919 0.000882152 0.000919428 0.000950515 0.000974853 0.000991813 0.00100069 
4.59 0.000908367 0.000900268 0.000892518 0.000885241 0.000878571 0.000872645 0.000867605 0.000863599 0.000860776 0.00085929 
4.59 0.000881551 0.000871197 0.000861371 0.000852211 0.000843863 0.000836482 0.00083023 0.000825276 0.000821795 0.000819963 
4.59 1.38687e-05 1.50367e-05 1.61137e-05 1.70925e-05 1.7965e-05 1.87219e-05 1.93531e-05 1.98474e-05 2.01918e-05 2.0372e-05 
4.59 0.00111091 0.00103529 0.000965008 0.000900683 0.00084299 0.000792663 0.000750502 0.000717377 0.000694235 0.000682106 
4.59 0.00129273 0.00135629 0.00141503 0.00146852 0.00151628 0.00155778 0.00159244 0.0016196 0.00163853 0.00164845 
4.59 1.20808e-05 5.60902e-15 5.60902e-15 5.60902e-15 5.60902e-15 5.60902e-15 5.60902e-15 5.60902e-15 5.60902e-15 5.60902e-15 
4.59 8.91092e-11 8.62036e-11 8.39065e-11 8.20766e-11 8.06186e-11 7.94674e-11 7.85784e-11 7.79234e-11 7.74864e-11 7.72637e-11 
4.60 0.000680849 0.000738403 0.000791477 0.000839711 0.000882703 0.000920005 0.000951116 0.000975472 0.000992445 0.00100133 
4.60 0.000908791 0.000900729 0.000893015 0.000885772 0.000879133 0.000873234 0.000868217 0.00086423 0.00086142 0.000859941 
4.60 0.000881954 0.000871635 0.000861844 0.000852715 0.000844397 0.000837042 0.000830812 0.000825876 0.000822407 0.000820581 
4.60 1.38772e-05 1.50459e-05 1.61236e-05 1.71031e-05 1.79762e-05 1.87336e-05 1.93654e-05 1.986e-05 2.02046e-05 2.0385e-05 
4.60 0.0011113 0.00103572 0.000965469 0.000901175 0.00084351 0.000793209 0.000751069 0.000717961 0.000694832 0.000682709 
4.60 0.00129297 0.00135655 0.00141531 0.00146882 0.0015166 0.00155811 0.00159278 0.00161995 0.0016389 0.00164882 
4.60 1.20808e-05 5.60902e-15 5.60902e-15 5.60902e-15 5.60902e-15 5.60902e-15 5.60902e-15 5.60902e-15 5.60902e-15 5.60902e-15 
4.60 8.90713e-11 8.61673e-11 8.38713e-11 8.20424e-11 8.05852e-11 7.94344e-11 7.85459e-11 7.78911e-11 7.74542e-11 7.72317e-11 
4.61 0.000681263 0.000738853 0.000791962 0.000840229 0.000883251 0.00092058 0.000951714 0.000976088 0.000993074 0.00100196 
4.61 0.000909213 0.000901188 0.00089351 0.000886301 0.000879692 0.00087382 0.000868827 0.000864858 0.000862061 0.000860589 
4.61 0.000882355 0.000872072 0.000862314 0.000853217 0.000844928 0.000837599 0.000831391 0.000826473 0.000823016 0.000821197 
4.61 1.38856e-05 1.50551e-05 1.61335e-05 1.71137e-05 1.79873e-05 1.87453e-05 1.93776e-05 1.98725e-05 2.02174e-05 2.03979e-05 
4.61 0.00111169 0.00103614 0.000965928 0.000901665 0.000844028 0.000793752 0.000751634 0.000718543 0.000695426 0.000683309 
4.61 0.00129321 0.00135681 0.00141559 0.00146912 0.00151691 0.00155844 0.00159312 0.0016203 0.00163926 0.00164918 
4.61 1.20808e-05 5.60902e-15 5.60902e-15 5.60902e-15 5.60902e-15 5.60902e-15 5.60902e-15 5.60902e-15 5.60902e-15 5.60902e-15 
4.61 8.90335e-11 8.61312e-11 8.38364e-11 8.20085e-11 8.0552e-11 7.94015e-11 7.85133e-11 7.78588e-11 7.74223e-11 7.71999e-11 
4.62 0.000681675 0.000739301 0.000792445 0.000840745 0.000883797 0.000921153 0.000952309 0.000976701 0.000993699 0.00100259 
4.62 0.000909633 0.000901645 0.000894003 0.000886827 0.000880249 0.000874404 0.000869434 0.000865483 0.000862699 0.000861234 
4.62 0.000882754 0.000872506 0.000862782 0.000853717 0.000845457 0.000838153 0.000831968 0.000827067 0.000823622 0.00082181 
4.62 1.3894e-05 1.50642e-05 1.61434e-05 1.71242e-05 1.79984e-05 1.8757e-05 1.93897e-05 1.9885e-05 2.02301e-05 2.04108e-05 
4.62 0.00111208 0.00103656 0.000966383 0.000902152 0.000844544 0.000794293 0.000752196 0.000719122 0.000696017 0.000683906 
4.62 0.00129345 0.00135707 0.00141587 0.00146941 0.00151722 0.00155877 0.00159346 0.00162065 0.00163962 0.00164954 
4.62 1.20808e-05 5.60902e-15 5.60902e-15 5.60902e-15 5.60902e-15 5.60902e-15 5.60902e-15 5.60902e-15 5.60902e-15 5.60902e-15 
4.62 8.89961e-11 8.60954e-11 8.38018e-11 8.19747e-11 8.05187e-11 7.93688e-11 7.84809e-11 7.78266e-11 7.73905e-11 7.71683e-11 
4.63 0.000682085 0.000739748 0.000792926 0.000841258 0.00088434 0.000921723 0.000952901 0.000977311 0.000994321 0.00100322 
4.63 0.000910051 0.0009021 0.000894493 0.000887351 0.000880803 0.000874985 0.000870038 0.000866105 0.000863335 0.000861876 
4.63 0.000883151 0.000872939 0.000863248 0.000854214 0.000845983 0.000838705 0.000832542 0.000827658 0.000824225 0.00082242 
4.63 1.39023e-05 1.50733e-05 1.61532e-05 1.71346e-05 1.80095e-05 1.87686e-05 1.94017e-05 1.98974e-05 2.02428e-05 2.04236e-05 
4.63 0.00111247 0.00103698 0.000966836 0.000902637 0.000845057 0.000794831 0.000752755 0.000719698 0.000696605 0.000684501 
4.63 0.00129368 0.00135733 0.00141615 0.00146971 0.00151753 0.0015591 0.0015938 0.001621 0.00163997 0.0016499 
4.63 1.20808e-05 5.60902e-15 5.60902e-15 5.60902e-15 5.60902e-15 5.60902e-15 5.60902e-15 5.60902e-15 5.60902e-15 5.60902e-15 
4.63 8.89591e-11 8.60599e-11 8.37674e-11 8.19409e-11 8.04857e-11 7.93364e-11 7.84488e-11 7.77948e-11 7.73589e-11 7.71368e-11 
4.64 0.000682493 0.000740192 0.000793405 0.000841769 0.000884881 0.00092229 0.000953491 0.000977918 0.000994941 0.00100385 
4.64 0.000910467 0.000902553 0.000894981 0.000887872 0.000881354 0.000875563 0.000870639 0.000866724 0.000863967 0.000862515 
4.64 0.000883546 0.000873369 0.000863712 0.000854709 0.000846507 0.000839255 0.000833113 0.000828246 0.000824826 0.000823027 
4.64 1.39106e-05 1.50823e-05 1.61629e-05 1.7145e-05 1.80205e-05 1.87801e-05 1.94137e-05 1.99098e-05 2.02554e-05 2.04363e-05 
4.64 0.00111285 0.0010374 0.000967288 0.000903119 0.000845568 0.000795366 0.000753312 0.000720272 0.00069719 0.000685093 
4.64 0.00129392 0.00135759 0.00141642 0.00147 0.00151784 0.00155942 0.00159414 0.00162135 0.00164033 0.00165026 
4.64 1.20808e-05 5.60902e-15 5.60902e-15 5.60902e-15 5.60902e-15 5.60902e-15 5.60902e-15 5.60902e-15 5.60902e-15 5.60902e-15 
4.64 8.89223e-11 8.60247e-11 8.37333e-11 8.19078e-11 8.0453e-11 7.93042e-11 7.8417e-11 7.77632e-11 7.73273e-11 7.71054e-11 
4.65 0.000682899 0.000740634 0.000793881 0.000842278 0.000885419 0.000922854 0.000954077 0.000978523 0.000995558 0.00100447 
4.65 0.000910881 0.000903004 0.000895467 0.000888391 0.000881903 0.000876139 0.000871237 0.000867341 0.000864596 0.000863151 
4.65 0.000883939 0.000873797 0.000864173 0.000855202 0.000847028 0.000839802 0.000833681 0.000828832 0.000825424 0.000823631 
4.65 1.39189e-05 1.50913e-05 1.61726e-05 1.71554e-05 1.80314e-05 1.87916e-05 1.94256e-05 1.99221e-05 2.0268e-05 2.0449e-05 
4.65 0.00111323 0.00103782 0.000967737 0.000903599 0.000846076 0.000795899 0.000753866 0.000720843 0.000697773 0.000685682 
4.65 0.00129415 0.00135784 0.00141669 0.00147029 0.00151815 0.00155974 0.00159448 0.0016217 0.00164068 0.00165062 
4.65 1.20808e-05 5.60902e-15 5.60902e-15 5.60902e-15 5.60902e-15 5.60902e-15 5.60902e-15 5.60902e-15 5.60902e-15 5.60902e-15 
4.65 8.88852e-11 8.59895e-11 8.36991e-11 8.18744e-11 8.04203e-11 7.9272e-11 7.83853e-11 7.77319e-11 7.72962e-11 7.70741e-11 
4.66 0.000683303 0.000741073 0.000794355 0.000842784 0.000885955 0.000923416 0.000954661 0.000979125 0.000996172 0.00100509 
4.66 0.000911293 0.000903453 0.000895951 0.000888907 0.000882449 0.000876712 0.000871833 0.000867955 0.000865223 0.000863784 
4.66 0.000884331 0.000874223 0.000864632 0.000855693 0.000847547 0.000840346 0.000834247 0.000829415 0.000826019 0.000824232 
4.66 1.39271e-05 1.51003e-05 1.61822e-05 1.71657e-05 1.80423e-05 1.8803e-05 1.94375e-05 1.99343e-05 2.02805e-05 2.04616e-05 
4.66 0.00111361 0.00103824 0.000968185 0.000904077 0.000846582 0.00079643 0.000754418 0.000721411 0.000698353 0.000686268 
4.66 0.00129438 0.00135809 0.00141696 0.00147058 0.00151846 0.00156006 0.00159481 0.00162204 0.00164103 0.00165098 
4.66 1.20808e-05 5.60902e-15 5.60902e-15 5.60902e-15 5.60902e-15 5.60902e-15 5.60902e-15 5.60902e-15 5.60902e-15 5.60902e-15 
4.66 8.88484e-11 8.59542e-11 8.3665e-11 8.18413e-11 8.0388e-11 7.92401e-11 7.83539e-11 7.77007e-11 7.72651e-11 7.70433e-11 
4.67 0.000683705 0.000741511 0.000794827 0.000843288 0.000886488 0.000923975 0.000955243 0.000979724 0.000996783 0.00100571 
4.67 0.000911703 0.0009039 0.000896432 0.000889421 0.000882993 0.000877282 0.000872426 0.000868566 0.000865847 0.000864414 
4.67 0.000884721 0.000874647 0.000865089 0.000856181 0.000848064 0.000840888 0.00083481 0.000829995 0.000826611 0.000824831 
4.67 1.39353e-05 1.51092e-05 1.61918e-05 1.71759e-05 1.80532e-05 1.88144e-05 1.94493e-05 1.99465e-05 2.02929e-05 2.04742e-05 
4.67 0.00111399 0.00103865 0.000968631 0.000904553 0.000847086 0.000796958 0.000754967 0.000721977 0.00069893 0.000686851 
4.67 0.00129461 0.00135834 0.00141723 0.00147087 0.00151876 0.00156038 0.00159514 0.00162239 0.00164138 0.00165133 
4.67 1.20808e-05 5.60902e-15 5.60902e-15 5.60902e-15 5.60902e-15 5.60902e-15 5.60902e-15 5.60902e-15 5.60902e-15 5.60902e-15 
4.67 8.88118e-11 8.59192e-11 8.36312e-11 8.18084e-11 8.03558e-11 7.92083e-11 7.83225e-11 7.76697e-11 7.72342e-11 7.70127e-11 
4.68 0.000684106 0.000741947 0.000795297 0.00084379 0.000887019 0.000924532 0.000955821 0.00098032 0.000997392 0.00100633 
4.68 0.000912112 0.000904344 0.000896911 0.000889932 0.000883534 0.00087785 0.000873016 0.000869174 0.000866467 0.000865041 
4.68 0.000885109 0.00087507 0.000865544 0.000856667 0.000848578 0.000841427 0.000835371 0.000830573 0.000827201 0.000825427 
4.68 1.39434e-05 1.51181e-05 1.62014e-05 1.71861e-05 1.8064e-05 1.88257e-05 1.94611e-05 1.99586e-05 2.03053e-05 2.04867e-05 
4.68 0.00111437 0.00103906 0.000969075 0.000905027 0.000847587 0.000797484 0.000755513 0.00072254 0.000699505 0.000687432 
4.68 0.00129484 0.00135859 0.0014175 0.00147116 0.00151907 0.0015607 0.00159547 0.00162273 0.00164173 0.00165168 
4.68 1.20808e-05 5.60902e-15 5.60902e-15 5.60902e-15 5.60902e-15 5.60902e-15 5.60902e-15 5.60902e-15 5.60902e-15 5.60902e-15 
4.68 8.87755e-11 8.58845e-11 8.35977e-11 8.17758e-11 8.03237e-11 7.91768e-11 7.82912e-11 7.76387e-11 7.72034e-11 7.69818e-11 
4.69 0.000684504 0.000742381 0.000795765 0.000844289 0.000887548 0.000925086 0.000956397 0.000980914 0.000997999 0.00100694 
4.69 0.000912518 0.000904787 0.000897388 0.000890441 0.000884073 0.000878415 0.000873603 0.000869779 0.000867085 0.000865665 
4.69 0.000885495 0.00087549 0.000865997 0.000857151 0.00084909 0.000841964 0.000835929 0.000831148 0.000827788 0.00082602 
4.69 1.39515e-05 1.51269e-05 1.62109e-05 1.71963e-05 1.80747e-05 1.8837e-05 1.94728e-05 1.99707e-05 2.03176e-05 2.04992e-05 
4.69 0.00111475 0.00103947 0.000969516 0.000905498 0.000848086 0.000798007 0.000756057 0.0007231 0.000700077 0.00068801 
4.69 0.00129507 0.00135884 0.00141777 0.00147145 0.00151937 0.00156102 0.0015958 0.00162307 0.00164208 0.00165203 
4.69 1.20808e-05 5.60902e-15 5.60902e-15 5.60902e-15 5.60902e-15 5.60902e-15 5.60902e-15 5.60902e-15 5.60902e-15 5.60902e-15 
4.69 8.87396e-11 8.585e-11 8.35644e-11 8.17434e-11 8.02921e-11 7.91455e-11 7.82602e-11 7.76079e-11 7.71727e-11 7.6951e-11 
4.70 0.000684901 0.000742813 0.00079623 0.000844786 0.000888073 0.000925638 0.000956971 0.000981504 0.000998601 0.00100755 
4.70 0.000912923 0.000905227 0.000897863 0.000890948 0.000884609 0.000878977 0.000874188 0.000870381 0.0008677 0.000866287 
4.70 0.000885879 0.000875908 0.000866448 0.000857632 0.000849599 0.000842498 0.000836485 0.00083172 0.000828372 0.00082661 
4.70 1.39596e-05 1.51357e-05 1.62204e-05 1.72064e-05 1.80854e-05 1.88482e-05 1.94845e-05 1.99827e-05 2.03299e-05 2.05116e-05 
4.70 0.00111513 0.00103988 0.000969956 0.000905967 0.000848582 0.000798528 0.000756598 0.000723658 0.000700646 0.000688586 
4.70 0.0012953 0.00135909 0.00141804 0.00147173 0.00151967 0.00156134 0.00159613 0.00162341 0.00164243 0.00165238 
4.70 1.20808e-05 5.60902e-15 5.60902e-15 5.60902e-15 5.60902e-15 5.60902e-15 5.60902e-15 5.60902e-15 5.60902e-15 5.60902e-15 
4.70 8.87038e-11 8.58158e-11 8.35313e-11 8.17113e-11 8.02604e-11 7.91144e-11 7.82294e-11 7.75774e-11 7.71425e-11 7.69208e-11 
4.71 0.000685296 0.000743243 0.000796693 0.000845281 0.000888597 0.000926186 0.000957541 0.000982092 0.000999202 0.00100816 
4.71 0.000913326 0.000905665 0.000898335 0.000891453 0.000885143 0.000879537 0.00087477 0.000870981 0.000868312 0.000866906 
4.71 0.000886262 0.000876325 0.000866897 0.000858111 0.000850106 0.00084303 0.000837038 0.00083229 0.000828953 0.000827198 
4.71 1.39676e-05 1.51444e-05 1.62298e-05 1.72165e-05 1.80961e-05 1.88594e-05 1.94961e-05 1.99947e-05 2.03421e-05 2.05239e-05 
4.71 0.0011155 0.00104029 0.000970394 0.000906435 0.000849076 0.000799046 0.000757137 0.000724213 0.000701213 0.000689159 
4.71 0.00129553 0.00135933 0.00141831 0.00147201 0.00151997 0.00156165 0.00159646 0.00162375 0.00164277 0.00165273 
4.71 1.20808e-05 5.60902e-15 5.60902e-15 5.60902e-15 5.60902e-15 5.60902e-15 5.60902e-15 5.60902e-15 5.60902e-15 5.60902e-15 
4.71 8.86683e-11 8.57819e-11 8.34985e-11 8.16791e-11 8.02289e-11 7.90836e-11 7.81989e-11 7.75472e-11 7.71124e-11 7.68907e-11 
4.72 0.000685689 0.000743671 0.000797154 0.000845773 0.000889117 0.000926733 0.000958109 0.000982677 0.000999799 0.00100876 
4.72 0.000913727 0.000906102 0.000898805 0.000891955 0.000885674 0.000880094 0.000875349 0.000871578 0.000868921 0.000867522 
4.72 0.000886643 0.00087674 0.000867344 0.000858588 0.000850611 0.000843559 0.000837588 0.000832857 0.000829532 0.000827783 
4.72 1.39756e-05 1.51531e-05 1.62392e-05 1.72265e-05 1.81067e-05 1.88705e-05 1.95077e-05 2.00066e-05 2.03543e-05 2.05362e-05 
4.72 0.00111587 0.00104069 0.00097083 0.0009069 0.000849568 0.000799562 0.000757674 0.000724766 0.000701777 0.000689729 
4.72 0.00129575 0.00135958 0.00141857 0.00147229 0.00152027 0.00156196 0.00159679 0.00162408 0.00164311 0.00165308 
4.72 1.20808e-05 5.60902e-15 5.60902e-15 5.60902e-15 5.60902e-15 5.60902e-15 5.60902e-15 5.60902e-15 5.60902e-15 5.60902e-15 
4.72 8.8633e-11 8.57478e-11 8.34659e-11 8.16471e-11 8.01976e-11 7.90527e-11 7.81686e-11 7.75171e-11 7.70823e-11 7.68607e-11 
4.73 0.00068608 0.000744097 0.000797613 0.000846263 0.000889636 0.000927277 0.000958675 0.00098326 0.00100039 0.00100936 
4.73 0.000914126 0.000906536 0.000899273 0.000892455 0.000886203 0.000880649 0.000875926 0.000872172 0.000869527 0.000868135 
4.73 0.000887022 0.000877153 0.000867789 0.000859063 0.000851113 0.000844086 0.000838136 0.000833421 0.000830108 0.000828365 
4.73 1.39836e-05 1.51618e-05 1.62485e-05 1.72365e-05 1.81172e-05 1.88816e-05 1.95192e-05 2.00185e-05 2.03664e-05 2.05484e-05 
4.73 0.00111624 0.00104109 0.000971263 0.000907363 0.000850058 0.000800076 0.000758208 0.000725316 0.000702339 0.000690296 
4.73 0.00129598 0.00135982 0.00141883 0.00147257 0.00152057 0.00156227 0.00159711 0.00162441 0.00164345 0.00165342 
4.73 1.20808e-05 5.60902e-15 5.60902e-15 5.60902e-15 5.60902e-15 5.60902e-15 5.60902e-15 5.60902e-15 5.60902e-15 5.60902e-15 
4.73 8.85976e-11 8.57142e-11 8.34332e-11 8.16153e-11 8.01666e-11 7.9022e-11 7.81384e-11 7.74869e-11 7.70524e-11 7.68312e-11 
4.74 0.00068647 0.000744521 0.00079807 0.000846751 0.000890152 0.000927818 0.000959238 0.000983839 0.00100098 0.00100996 
4.74 0.000914523 0.000906968 0.000899739 0.000892952 0.00088673 0.000881201 0.0008765 0.000872763 0.000870131 0.000868745 
4.74 0.0008874 0.000877564 0.000868232 0.000859536 0.000851613 0.000844611 0.000838681 0.000833983 0.000830681 0.000828945 
4.74 1.39915e-05 1.51704e-05 1.62578e-05 1.72464e-05 1.81277e-05 1.88926e-05 1.95307e-05 2.00303e-05 2.03784e-05 2.05606e-05 
4.74 0.00111661 0.00104149 0.000971694 0.000907824 0.000850546 0.000800587 0.000758739 0.000725864 0.000702898 0.000690861 
4.74 0.0012962 0.00136006 0.00141909 0.00147285 0.00152087 0.00156259 0.00159743 0.00162474 0.00164379 0.00165376 
4.74 1.20808e-05 5.60902e-15 5.60902e-15 5.60902e-15 5.60902e-15 5.60902e-15 5.60902e-15 5.60902e-15 5.60902e-15 5.60902e-15 
4.74 8.85628e-11 8.56806e-11 8.34007e-11 8.15837e-11 8.01358e-11 7.89918e-11 7.81082e-11 7.7457e-11 7.70228e-11 7.68016e-11 
4.75 0.000686858 0.000744943 0.000798525 0.000847237 0.000890666 0.000928357 0.000959798 0.000984416 0.00100157 0.00101055 
4.75 0.000914918 0.000907398 0.000900203 0.000893447 0.000887254 0.000881751 0.000877071 0.000873352 0.000870732 0.000869352 
4.75 0.000887776 0.000877973 0.000868673 0.000860006 0.000852111 0.000845133 0.000839224 0.000834542 0.000831252 0.000829522 
4.75 1.39994e-05 1.5179e-05 1.62671e-05 1.72563e-05 1.81382e-05 1.89036e-05 1.95421e-05 2.0042e-05 2.03904e-05 2.05727e-05 
4.75 0.00111698 0.00104189 0.000972123 0.000908282 0.000851031 0.000801096 0.000759268 0.000726409 0.000703454 0.000691423 
4.75 0.00129642 0.0013603 0.00141935 0.00147313 0.00152116 0.0015629 0.00159775 0.00162507 0.00164413 0.0016541 
4.75 1.20808e-05 5.60902e-15 5.60902e-15 5.60902e-15 5.60902e-15 5.60902e-15 5.60902e-15 5.60902e-15 5.60902e-15 5.60902e-15 
4.75 8.85277e-11 8.56471e-11 8.33684e-11 8.15524e-11 8.01052e-11 7.89616e-11 7.80782e-11 7.74273e-11 7.69934e-11 7.6772e-11 
4.76 0.000687244 0.000745363 0.000798978 0.00084772 0.000891178 0.000928893 0.000960355 0.00098499 0.00100216 0.00101114 
4.76 0.000915312 0.000907827 0.000900664 0.00089394 0.000887775 0.000882298 0.00087764 0.000873938 0.00087133 0.000869956 
4.76 0.00088815 0.00087838 0.000869112 0.000860474 0.000852607 0.000845653 0.000839764 0.000835099 0.00083182 0.000830096 
4.76 1.40073e-05 1.51875e-05 1.62763e-05 1.72661e-05 1.81486e-05 1.89145e-05 1.95534e-05 2.00537e-05 2.04023e-05 2.05848e-05 
4.76 0.00111734 0.00104229 0.000972551 0.000908738 0.000851514 0.000801603 0.000759795 0.000726951 0.000704008 0.000691983 
4.76 0.00129664 0.00136054 0.00141961 0.00147341 0.00152145 0.00156321 0.00159807 0.0016254 0.00164446 0.00165444 
4.76 1.20808e-05 5.60902e-15 5.60902e-15 5.60902e-15 5.60902e-15 5.60902e-15 5.60902e-15 5.60902e-15 5.60902e-15 5.60902e-15 
4.76 8.84929e-11 8.56138e-11 8.33363e-11 8.15213e-11 8.00745e-11 7.89315e-11 7.80485e-11 7.73978e-11 7.69642e-11 7.6743e-11 
4.77 0.000687628 0.000745781 0.000799429 0.0008482 0.000891686 0.000929427 0.00096091 0.000985562 0.00100274 0.00101173 
4.77 0.000915704 0.000908253 0.000901124 0.000894431 0.000888294 0.000882842 0.000878206 0.000874521 0.000871925 0.000870558 
4.77 0.000888522 0.000878785 0.000869548 0.000860941 0.0008531 0.00084617 0.000840302 0.000835653 0.000832386 0.000830667 
4.77 1.40151e-05 1.5196e-05 1.62855e-05 1.72759e-05 1.8159e-05 1.89254e-05 1.95647e-05 2.00653e-05 2.04142e-05 2.05968e-05 
4.77 0.0011177 0.00104268 0.000972977 0.000909193 0.000851995 0.000802107 0.000760319 0.000727491 0.000704559 0.00069254 
4.77 0.00129686 0.00136078 0.00141987 0.00147369 0.00152174 0.00156351 0.00159839 0.00162573 0.0016448 0.00165478 
4.77 1.20808e-05 5.60902e-15 5.60902e-15 5.60902e-15 5.60902e-15 5.60902e-15 5.60902e-15 5.60902e-15 5.60902e-15 5.60902e-15 
4.77 8.84585e-11 8.55809e-11 8.33045e-11 8.14904e-11 8.00441e-11 7.89017e-11 7.8019e-11 7.73685e-11 7.69347e-11 7.6714e-11 
4.78 0.00068801 0.000746197 0.000799877 0.000848679 0.000892193 0.000929958 0.000961462 0.000986131 0.00100332 0.00101232 
4.78 0.000916094 0.000908678 0.000901581 0.000894919 0.000888811 0.000883384 0.000878769 0.000875101 0.000872518 0.000871157 
4.78 0.000888892 0.000879188 0.000869983 0.000861405 0.000853591 0.000846685 0.000840837 0.000836204 0.000832949 0.000831236 
4.78 1.40229e-05 1.52045e-05 1.62946e-05 1.72857e-05 1.81693e-05 1.89362e-05 1.95759e-05 2.00769e-05 2.0426e-05 2.06087e-05 
4.78 0.00111806 0.00104307 0.0009734 0.000909645 0.000852473 0.000802609 0.000760841 0.000728029 0.000705108 0.000693094 
4.78 0.00129708 0.00136102 0.00142013 0.00147396 0.00152203 0.00156381 0.00159871 0.00162606 0.00164513 0.00165512 
4.78 1.20808e-05 5.60902e-15 5.60902e-15 5.60902e-15 5.60902e-15 5.60902e-15 5.60902e-15 5.60902e-15 5.60902e-15 5.60902e-15 
4.78 8.84243e-11 8.55482e-11 8.3273e-11 8.14597e-11 8.00139e-11 7.88718e-11 7.79896e-11 7.73395e-11 7.69061e-11 7.66853e-11 
4.79 0.000688391 0.000746611 0.000800323 0.000849156 0.000892697 0.000930487 0.000962012 0.000986697 0.0010039 0.0010129 
4.79 0.000916482 0.0009091 0.000902037 0.000895405 0.000889325 0.000883923 0.00087933 0.000875679 0.000873108 0.000871753 
4.79 0.000889261 0.000879589 0.000870415 0.000861867 0.00085408 0.000847197 0.00084137 0.000836753 0.000833509 0.000831802 
4.79 1.40306e-05 1.52129e-05 1.63037e-05 1.72954e-05 1.81796e-05 1.8947e-05 1.95871e-05 2.00884e-05 2.04378e-05 2.06206e-05 
4.79 0.00111842 0.00104346 0.000973821 0.000910095 0.000852949 0.000803108 0.00076136 0.000728564 0.000705654 0.000693646 
4.79 0.0012973 0.00136126 0.00142038 0.00147423 0.00152232 0.00156412 0.00159902 0.00162638 0.00164546 0.00165545 
4.79 1.20808e-05 5.60902e-15 5.60902e-15 5.60902e-15 5.60902e-15 5.60902e-15 5.60902e-15 5.60902e-15 5.60902e-15 5.60902e-15 
4.79 8.83903e-11 8.55157e-11 8.32416e-11 8.14289e-11 7.99838e-11 7.88421e-11 7.79605e-11 7.73107e-11 7.68773e-11 7.66565e-11 
4.80 0.00068877 0.000747024 0.000800768 0.00084963 0.000893199 0.000931014 0.000962559 0.000987261 0.00100448 0.00101348 
4.80 0.000916868 0.000909521 0.00090249 0.000895889 0.000889837 0.00088446 0.000879888 0.000876254 0.000873695 0.000872346 
4.80 0.000889628 0.000879989 0.000870846 0.000862327 0.000854566 0.000847707 0.0008419 0.000837299 0.000834066 0.000832366 
4.80 1.40383e-05 1.52213e-05 1.63127e-05 1.7305e-05 1.81898e-05 1.89577e-05 1.95983e-05 2.00999e-05 2.04495e-05 2.06325e-05 
4.80 0.00111878 0.00104385 0.00097424 0.000910543 0.000853423 0.000803605 0.000761877 0.000729097 0.000706197 0.000694196 
4.80 0.00129752 0.0013615 0.00142064 0.0014745 0.00152261 0.00156442 0.00159934 0.0016267 0.00164579 0.00165578 
4.80 1.20808e-05 5.60902e-15 5.60902e-15 5.60902e-15 5.60902e-15 5.60902e-15 5.60902e-15 5.60902e-15 5.60902e-15 5.60902e-15 
4.80 8.83566e-11 8.54836e-11 8.32105e-11 8.13984e-11 7.9954e-11 7.88129e-11 7.79313e-11 7.72817e-11 7.68485e-11 7.66279e-11 
4.81 0.000689147 0.000747434 0.00080121 0.000850102 0.000893699 0.000931538 0.000963104 0.000987823 0.00100505 0.00101406 
4.81 0.000917253 0.000909939 0.000902941 0.000896371 0.000890347 0.000884995 0.000880444 0.000876827 0.000874279 0.000872937 
4.81 0.000889993 0.000880387 0.000871275 0.000862784 0.00085505 0.000848215 0.000842428 0.000837843 0.000834621 0.000832927 
4.81 1.4046e-05 1.52297e-05 1.63217e-05 1.73146e-05 1.82e-05 1.89684e-05 1.96094e-05 2.01113e-05 2.04612e-05 2.06443e-05 
4.81 0.00111914 0.00104424 0.000974657 0.000910989 0.000853895 0.0008041 0.000762392 0.000729627 0.000706738 0.000694743 
4.81 0.00129774 0.00136174 0.00142089 0.00147477 0.0015229 0.00156472 0.00159965 0.00162702 0.00164612 0.00165611 
4.81 1.20808e-05 5.60902e-15 5.60902e-15 5.60902e-15 5.60902e-15 5.60902e-15 5.60902e-15 5.60902e-15 5.60902e-15 5.60902e-15 
4.81 8.83231e-11 8.54515e-11 8.31793e-11 8.13681e-11 7.99244e-11 7.87837e-11 7.79026e-11 7.72529e-11 7.68198e-11 7.65994e-11 
4.82 0.000689522 0.000747843 0.00080165 0.000850572 0.000894196 0.00093206 0.000963646 0.000988381 0.00100562 0.00101464 
4.82 0.000917636 0.000910356 0.00090339 0.00089685 0.000890854 0.000885527 0.000880997 0.000877397 0.000874861 0.000873525 
4.82 0.000890357 0.000880783 0.000871701 0.00086324 0.000855532 0.000848721 0.000842953 0.000838384 0.000835174 0.000833485 
4.82 1.40536e-05 1.5238e-05 1.63307e-05 1.73242e-05 1.82101e-05 1.8979e-05 1.96204e-05 2.01227e-05 2.04728e-05 2.0656e-05 
4.82 0.00111949 0.00104463 0.000975073 0.000911433 0.000854365 0.000804593 0.000762904 0.000730154 0.000707277 0.000695287 
4.82 0.00129795 0.00136197 0.00142114 0.00147504 0.00152318 0.00156502 0.00159996 0.00162734 0.00164645 0.00165644 
4.82 1.20808e-05 5.60902e-15 5.60902e-15 5.60902e-15 5.60902e-15 5.60902e-15 5.60902e-15 5.60902e-15 5.60902e-15 5.60902e-15 
4.82 8.82899e-11 8.54197e-11 8.31483e-11 8.13379e-11 7.98949e-11 7.87546e-11 7.78738e-11 7.72244e-11 7.67916e-11 7.65711e-11 
4.83 0.000689896 0.00074825 0.000802088 0.00085104 0.000894691 0.000932579 0.000964186 0.000988937 0.00100619 0.00101521 
4.83 0.000918017 0.000910771 0.000903837 0.000897327 0.000891359 0.000886057 0.000881548 0.000877964 0.00087544 0.00087411 
4.83 0.000890719 0.000881177 0.000872126 0.000863693 0.000856012 0.000849224 0.000843476 0.000838923 0.000835724 0.000834041 
4.83 1.40612e-05 1.52463e-05 1.63396e-05 1.73337e-05 1.82202e-05 1.89896e-05 1.96314e-05 2.0134e-05 2.04843e-05 2.06677e-05 
4.83 0.00111984 0.00104501 0.000975488 0.000911875 0.000854833 0.000805083 0.000763414 0.000730679 0.000707813 0.000695829 
4.83 0.00129816 0.0013622 0.00142139 0.00147531 0.00152346 0.00156532 0.00160027 0.00162766 0.00164677 0.00165677 
4.83 1.20808e-05 5.60902e-15 5.60902e-15 5.60902e-15 5.60902e-15 5.60902e-15 5.60902e-15 5.60902e-15 5.60902e-15 5.60902e-15 
4.83 8.82564e-11 8.53876e-11 8.31174e-11 8.1308e-11 7.98655e-11 7.87257e-11 7.78453e-11 7.71961e-11 7.67635e-11 7.65429e-11 
4.84 0.000690268 0.000748654 0.000802524 0.000851506 0.000895184 0.000933096 0.000964723 0.000989491 0.00100675 0.00101578 
4.84 0.000918396 0.000911184 0.000904282 0.000897802 0.000891862 0.000886584 0.000882096 0.000878529 0.000876016 0.000874692 
4.84 0.00089108 0.000881569 0.000872549 0.000864144 0.000856489 0.000849725 0.000843997 0.000839459 0.000836271 0.000834594 
4.84 1.40688e-05 1.52545e-05 1.63485e-05 1.73432e-05 1.82302e-05 1.90001e-05 1.96423e-05 2.01453e-05 2.04958e-05 2.06793e-05 
4.84 0.00112019 0.00104539 0.0009759 0.000912315 0.000855298 0.000805571 0.000763921 0.000731202 0.000708347 0.000696368 
4.84 0.00129837 0.00136243 0.00142164 0.00147558 0.00152375 0.00156561 0.00160058 0.00162798 0.00164709 0.0016571 
4.84 1.20808e-05 5.60902e-15 5.60902e-15 5.60902e-15 5.60902e-15 5.60902e-15 5.60902e-15 5.60902e-15 5.60902e-15 5.60902e-15 
4.84 8.8223e-11 8.53558e-11 8.30868e-11 8.12782e-11 7.98362e-11 7.86971e-11 7.78169e-11 7.7168e-11 7.67353e-11 7.65151e-11 
4.85 0.000690638 0.000749057 0.000802959 0.00085197 0.000895675 0.00093361 0.000965258 0.000990041 0.00100731 0.00101635 
4.85 0.000918774 0.000911595 0.000904725 0.000898275 0.000892362 0.000887109 0.000882641 0.000879091 0.000876589 0.000875272 
4.85 0.000891439 0.000881959 0.000872969 0.000864593 0.000856964 0.000850223 0.000844515 0.000839993 0.000836816 0.000835145 
4.85 1.40763e-05 1.52627e-05 1.63573e-05 1.73526e-05 1.82402e-05 1.90105e-05 1.96532e-05 2.01565e-05 2.05073e-05 2.06909e-05 
4.85 0.00112054 0.00104577 0.000976309 0.000912752 0.000855761 0.000806057 0.000764426 0.000731722 0.000708878 0.000696905 
4.85 0.00129858 0.00136266 0.00142189 0.00147585 0.00152403 0.00156591 0.00160089 0.0016283 0.00164741 0.00165743 
4.85 1.20808e-05 5.60902e-15 5.60902e-15 5.60902e-15 5.60902e-15 5.60902e-15 5.60902e-15 5.60902e-15 5.60902e-15 5.60902e-15 
4.85 8.819e-11 8.53243e-11 8.30564e-11 8.12487e-11 7.98074e-11 7.86684e-11 7.77888e-11 7.71401e-11 7.67076e-11 7.64876e-11 
4.86 0.000691006 0.000749458 0.000803391 0.000852431 0.000896163 0.000934122 0.00096579 0.000990589 0.00100787 0.00101692 
4.86 0.00091915 0.000912004 0.000905166 0.000898746 0.00089286 0.000887631 0.000883184 0.00087965 0.00087716 0.000875849 
4.86 0.000891796 0.000882348 0.000873388 0.00086504 0.000857437 0.000850719 0.000845031 0.000840525 0.000837358 0.000835693 
4.86 1.40838e-05 1.52709e-05 1.63661e-05 1.7362e-05 1.82501e-05 1.90209e-05 1.9664e-05 2.01677e-05 2.05187e-05 2.07024e-05 
4.86 0.00112089 0.00104615 0.000976717 0.000913187 0.000856222 0.000806541 0.000764929 0.00073224 0.000709407 0.000697439 
4.86 0.00129879 0.00136289 0.00142214 0.00147611 0.00152431 0.0015662 0.00160119 0.00162861 0.00164774 0.00165775 
4.86 1.20808e-05 5.60902e-15 5.60902e-15 5.60902e-15 5.60902e-15 5.60902e-15 5.60902e-15 5.60902e-15 5.60902e-15 5.60902e-15 
4.86 8.81572e-11 8.5293e-11 8.30263e-11 8.12194e-11 7.97786e-11 7.86402e-11 7.77609e-11 7.71125e-11 7.66801e-11 7.646e-11 
4.87 0.000691373 0.000749857 0.000803821 0.000852891 0.000896649 0.000934632 0.00096632 0.000991135 0.00100843 0.00101748 
4.87 0.000919524 0.000912411 0.000905605 0.000899214 0.000893356 0.000888151 0.000883724 0.000880207 0.000877728 0.000876423 
4.87 0.000892151 0.000882735 0.000873805 0.000865485 0.000857908 0.000851213 0.000845544 0.000841054 0.000837898 0.000836239 
4.87 1.40913e-05 1.5279e-05 1.63749e-05 1.73713e-05 1.826e-05 1.90313e-05 1.96748e-05 2.01788e-05 2.053e-05 2.07139e-05 
4.87 0.00112124 0.00104653 0.000977123 0.000913621 0.000856681 0.000807022 0.000765429 0.000732756 0.000709933 0.000697971 
4.87 0.001299 0.00136312 0.00142239 0.00147637 0.00152459 0.00156649 0.00160149 0.00162892 0.00164806 0.00165807 
4.87 1.20808e-05 5.60902e-15 5.60902e-15 5.60902e-15 5.60902e-15 5.60902e-15 5.60902e-15 5.60902e-15 5.60902e-15 5.60902e-15 
4.87 8.81247e-11 8.52619e-11 8.29962e-11 8.11901e-11 7.97499e-11 7.86119e-11 7.77328e-11 7.70847e-11 7.66527e-11 7.64323e-11 
4.88 0.000691738 0.000750254 0.000804249 0.000853348 0.000897133 0.000935139 0.000966847 0.000991679 0.00100898 0.00101804 
4.88 0.000919896 0.000912816 0.000906041 0.00089968 0.000893849 0.000888668 0.000884262 0.000880761 0.000878294 0.000876995 
4.88 0.000892505 0.00088312 0.00087422 0.000865928 0.000858377 0.000851704 0.000846055 0.00084158 0.000838436 0.000836782 
4.88 1.40987e-05 1.52871e-05 1.63836e-05 1.73806e-05 1.82698e-05 1.90416e-05 1.96855e-05 2.01898e-05 2.05413e-05 2.07253e-05 
4.88 0.00112158 0.00104691 0.000977528 0.000914053 0.000857138 0.000807501 0.000765927 0.000733269 0.000710457 0.0006985 
4.88 0.00129921 0.00136335 0.00142263 0.00147663 0.00152487 0.00156678 0.00160179 0.00162924 0.00164838 0.00165839 
4.88 1.20808e-05 5.60902e-15 5.60902e-15 5.60902e-15 5.60902e-15 5.60902e-15 5.60902e-15 5.60902e-15 5.60902e-15 5.60902e-15 
4.88 8.80923e-11 8.5231e-11 8.29665e-11 8.11609e-11 7.97214e-11 7.85837e-11 7.7705e-11 7.70574e-11 7.66253e-11 7.64051e-11 
4.89 0.000692101 0.00075065 0.000804675 0.000853802 0.000897614 0.000935644 0.000967372 0.000992218 0.00100953 0.0010186 
4.89 0.000920266 0.000913219 0.000906476 0.000900144 0.00089434 0.000889183 0.000884798 0.000881312 0.000878857 0.000877564 
4.89 0.000892857 0.000883503 0.000874633 0.000866369 0.000858844 0.000852193 0.000846564 0.000842104 0.000838971 0.000837323 
4.89 1.41061e-05 1.52951e-05 1.63923e-05 1.73899e-05 1.82796e-05 1.90519e-05 1.96962e-05 2.02008e-05 2.05525e-05 2.07366e-05 
4.89 0.00112193 0.00104728 0.000977931 0.000914483 0.000857593 0.000807978 0.000766423 0.00073378 0.000710978 0.000699027 
4.89 0.00129942 0.00136357 0.00142288 0.00147689 0.00152514 0.00156707 0.00160209 0.00162955 0.00164869 0.00165871 
4.89 1.20808e-05 5.60902e-15 5.60902e-15 5.60902e-15 5.60902e-15 5.60902e-15 5.60902e-15 5.60902e-15 5.60902e-15 5.60902e-15 
4.89 8.80603e-11 8.52004e-11 8.29366e-11 8.11319e-11 7.96931e-11 7.85558e-11 7.76774e-11 7.703e-11 7.65983e-11 7.6378e-11 
4.90 0.000692463 0.000751044 0.000805099 0.000854255 0.000898093 0.000936146 0.000967894 0.000992756 0.00101008 0.00101915 
4.90 0.000920635 0.00091362 0.000906908 0.000900606 0.000894829 0.000889696 0.000885331 0.000881861 0.000879417 0.00087813 
4.90 0.000893207 0.000883884 0.000875044 0.000866808 0.000859308 0.00085268 0.00084707 0.000842626 0.000839503 0.000837861 
4.90 1.41135e-05 1.53031e-05 1.64009e-05 1.73991e-05 1.82894e-05 1.90621e-05 1.97068e-05 2.02118e-05 2.05637e-05 2.07479e-05 
4.90 0.00112227 0.00104765 0.000978332 0.000914911 0.000858045 0.000808453 0.000766916 0.000734288 0.000711497 0.000699552 
4.90 0.00129963 0.0013638 0.00142312 0.00147715 0.00152541 0.00156736 0.00160239 0.00162986 0.00164901 0.00165903 
4.90 1.20808e-05 5.60902e-15 5.60902e-15 5.60902e-15 5.60902e-15 5.60902e-15 5.60902e-15 5.60902e-15 5.60902e-15 5.60902e-15 
4.90 8.80284e-11 8.51696e-11 8.29072e-11 8.11031e-11 7.96648e-11 7.8528e-11 7.76499e-11 7.70029e-11 7.65712e-11 7.63509e-11 
4.91 0.000692823 0.000751435 0.000805521 0.000854706 0.00089857 0.000936646 0.000968414 0.000993291 0.00101063 0.0010197 
4.91 0.000921002 0.00091402 0.000907339 0.000901066 0.000895315 0.000890206 0.000885861 0.000882408 0.000879975 0.000878694 
4.91 0.000893556 0.000884264 0.000875453 0.000867245 0.00085977 0.000853165 0.000847574 0.000843145 0.000840033 0.000838396 
4.91 1.41208e-05 1.53111e-05 1.64095e-05 1.74083e-05 1.82991e-05 1.90723e-05 1.97174e-05 2.02227e-05 2.05748e-05 2.07591e-05 
4.91 0.00112261 0.00104802 0.000978731 0.000915337 0.000858496 0.000808925 0.000767407 0.000734794 0.000712013 0.000700074 
4.91 0.00129984 0.00136402 0.00142336 0.00147741 0.00152568 0.00156765 0.00160269 0.00163017 0.00164932 0.00165935 
4.91 1.20808e-05 5.60902e-15 5.60902e-15 5.60902e-15 5.60902e-15 5.60902e-15 5.60902e-15 5.60902e-15 5.60902e-15 5.60902e-15 
4.91 8.79967e-11 8.51394e-11 8.28778e-11 8.10745e-11 7.96366e-11 7.85005e-11 7.76227e-11 7.69759e-11 7.65445e-11 7.63245e-11 
4.92 0.000693181 0.000751825 0.000805942 0.000855155 0.000899045 0.000937144 0.000968931 0.000993825 0.00101117 0.00102025 
4.92 0.000921367 0.000914418 0.000907768 0.000901524 0.000895799 0.000890714 0.000886389 0.000882952 0.00088053 0.000879255 
4.92 0.000893903 0.000884642 0.00087586 0.00086768 0.00086023 0.000853648 0.000848076 0.000843662 0.00084056 0.000838929 
4.92 1.41281e-05 1.5319e-05 1.6418e-05 1.74174e-05 1.83087e-05 1.90824e-05 1.9728e-05 2.02335e-05 2.05859e-05 2.07703e-05 
4.92 0.00112295 0.00104839 0.000979128 0.000915761 0.000858944 0.000809395 0.000767896 0.000735298 0.000712527 0.000700594 
4.92 0.00130004 0.00136425 0.0014236 0.00147767 0.00152596 0.00156793 0.00160299 0.00163047 0.00164963 0.00165967 
4.92 1.20808e-05 5.60902e-15 5.60902e-15 5.60902e-15 5.60902e-15 5.60902e-15 5.60902e-15 5.60902e-15 5.60902e-15 5.60902e-15 
4.92 8.79653e-11 8.5109e-11 8.28485e-11 8.10461e-11 7.96087e-11 7.84732e-11 7.75957e-11 7.69492e-11 7.65176e-11 7.6298e-11 
4.93 0.000693538 0.000752213 0.00080636 0.000855602 0.000899518 0.00093764 0.000969446 0.000994354 0.00101171 0.0010208 
4.93 0.000921731 0.000914814 0.000908194 0.000901979 0.000896281 0.000891219 0.000886915 0.000883493 0.000881083 0.000879814 
4.93 0.000894249 0.000885018 0.000876265 0.000868113 0.000860688 0.000854128 0.000848575 0.000844176 0.000841085 0.00083946 
4.93 1.41354e-05 1.53269e-05 1.64265e-05 1.74265e-05 1.83183e-05 1.90925e-05 1.97385e-05 2.02443e-05 2.05969e-05 2.07815e-05 
4.93 0.00112329 0.00104876 0.000979523 0.000916183 0.00085939 0.000809863 0.000768383 0.000735799 0.000713039 0.000701111 
4.93 0.00130025 0.00136447 0.00142384 0.00147793 0.00152623 0.00156822 0.00160329 0.00163077 0.00164994 0.00165998 
4.93 1.20808e-05 5.60902e-15 5.60902e-15 5.60902e-15 5.60902e-15 5.60902e-15 5.60902e-15 5.60902e-15 5.60902e-15 5.60902e-15 
4.93 8.79337e-11 8.50792e-11 8.28195e-11 8.10179e-11 7.95812e-11 7.84458e-11 7.75688e-11 7.69223e-11 7.64912e-11 7.62717e-11 
4.94 0.000693893 0.0007526 0.000806777 0.000856046 0.000899988 0.000938133 0.000969959 0.000994882 0.00101225 0.00102135 
4.94 0.000922093 0.000915208 0.000908619 0.000902432 0.000896761 0.000891722 0.000887438 0.000884032 0.000881633 0.00088037 
4.94 0.000894593 0.000885392 0.000876669 0.000868544 0.000861144 0.000854606 0.000849072 0.000844688 0.000841608 0.000839988 
4.94 1.41426e-05 1.53348e-05 1.6435e-05 1.74355e-05 1.83279e-05 1.91025e-05 1.97489e-05 2.02551e-05 2.06079e-05 2.07926e-05 
4.94 0.00112362 0.00104913 0.000979917 0.000916603 0.000859835 0.000810329 0.000768867 0.000736298 0.000713548 0.000701626 
4.94 0.00130045 0.00136469 0.00142408 0.00147818 0.0015265 0.0015685 0.00160358 0.00163107 0.00165025 0.00166029 
4.94 1.20808e-05 5.60902e-15 5.60902e-15 5.60902e-15 5.60902e-15 5.60902e-15 5.60902e-15 5.60902e-15 5.60902e-15 5.60902e-15 
4.94 8.79027e-11 8.50493e-11 8.27907e-11 8.09899e-11 7.95538e-11 7.84189e-11 7.75422e-11 7.68957e-11 7.64648e-11 7.62451e-11 
4.95 0.000694247 0.000752985 0.000807192 0.000856489 0.000900456 0.000938624 0.000970469 0.000995408 0.00101279 0.00102189 
4.95 0.000922453 0.0009156 0.000909042 0.000902884 0.000897239 0.000892223 0.000887958 0.000884568 0.000882181 0.000880923 
4.95 0.000894935 0.000885765 0.000877071 0.000868973 0.000861598 0.000855082 0.000849567 0.000845198 0.000842128 0.000840514 
4.95 1.41498e-05 1.53426e-05 1.64434e-05 1.74445e-05 1.83374e-05 1.91125e-05 1.97593e-05 2.02658e-05 2.06188e-05 2.08036e-05 
4.95 0.00112396 0.00104949 0.00098031 0.000917021 0.000860277 0.000810793 0.000769349 0.000736795 0.000714055 0.000702138 
4.95 0.00130065 0.00136491 0.00142432 0.00147843 0.00152677 0.00156878 0.00160387 0.00163138 0.00165056 0.0016606 
4.95 1.20808e-05 5.60902e-15 5.60902e-15 5.60902e-15 5.60902e-15 5.60902e-15 5.60902e-15 5.60902e-15 5.60902e-15 5.60902e-15 
4.95 8.78714e-11 8.50194e-11 8.27619e-11 8.09618e-11 7.95263e-11 7.83919e-11 7.75155e-11 7.68695e-11 7.64385e-11 7.62186e-11 
4.96 0.000694598 0.000753368 0.000807604 0.00085693 0.000900922 0.000939113 0.000970977 0.000995932 0.00101333 0.00102243 
4.96 0.000922812 0.00091599 0.000909463 0.000903333 0.000897714 0.000892722 0.000888476 0.000885102 0.000882726 0.000881474 
4.96 0.000895276 0.000886136 0.000877471 0.0008694 0.00086205 0.000855556 0.000850059 0.000845705 0.000842646 0.000841037 
4.96 1.41569e-05 1.53504e-05 1.64518e-05 1.74535e-05 1.83469e-05 1.91225e-05 1.97696e-05 2.02764e-05 2.06297e-05 2.08146e-05 
4.96 0.00112429 0.00104985 0.0009807 0.000917437 0.000860717 0.000811255 0.000769829 0.000737289 0.00071456 0.000702648 
4.96 0.00130085 0.00136513 0.00142456 0.00147868 0.00152704 0.00156906 0.00160416 0.00163168 0.00165087 0.00166091 
4.96 1.20808e-05 5.60902e-15 5.60902e-15 5.60902e-15 5.60902e-15 5.60902e-15 5.60902e-15 5.60902e-15 5.60902e-15 5.60902e-15 
4.96 8.78404e-11 8.49898e-11 8.27334e-11 8.09339e-11 7.94991e-11 7.8365e-11 7.74889e-11 7.68431e-11 7.64123e-11 7.61926e-11 
4.97 0.000694948 0.000753749 0.000808015 0.000857368 0.000901386 0.000939599 0.000971483 0.000996454 0.00101386 0.00102297 
4.97 0.000923169 0.000916379 0.000909881 0.00090378 0.000898187 0.000893218 0.000888992 0.000885634 0.000883268 0.000882022 
4.97 0.000895615 0.000886505 0.000877869 0.000869825 0.0008625 0.000856028 0.000850549 0.00084621 0.000843161 0.000841558 
4.97 1.4164e-05 1.53581e-05 1.64602e-05 1.74624e-05 1.83563e-05 1.91324e-05 1.97799e-05 2.0287e-05 2.06405e-05 2.08255e-05 
4.97 0.00112462 0.00105021 0.000981088 0.000917851 0.000861156 0.000811715 0.000770307 0.000737781 0.000715062 0.000703156 
4.97 0.00130105 0.00136535 0.00142479 0.00147894 0.0015273 0.00156934 0.00160445 0.00163198 0.00165117 0.00166122 
4.97 1.20808e-05 5.60902e-15 5.60902e-15 5.60902e-15 5.60902e-15 5.60902e-15 5.60902e-15 5.60902e-15 5.60902e-15 5.60902e-15 
4.97 8.78096e-11 8.49605e-11 8.27051e-11 8.09063e-11 7.94721e-11 7.83383e-11 7.74625e-11 7.68169e-11 7.63861e-11 7.61666e-11 
4.98 0.000695297 0.000754128 0.000808424 0.000857805 0.000901848 0.000940083 0.000971987 0.000996973 0.00101439 0.00102351 
4.98 0.000923525 0.000916766 0.000910298 0.000904225 0.000898658 0.000893712 0.000889506 0.000886163 0.000883808 0.000882568 
4.98 0.000895953 0.000886873 0.000878265 0.000870248 0.000862947 0.000856497 0.000851037 0.000846713 0.000843674 0.000842076 
4.98 1.41711e-05 1.53658e-05 1.64685e-05 1.74713e-05 1.83657e-05 1.91422e-05 1.97901e-05 2.02976e-05 2.06513e-05 2.08364e-05 
4.98 0.00112495 0.00105057 0.000981474 0.000918264 0.000861592 0.000812172 0.000770783 0.000738271 0.000715562 0.000703661 
4.98 0.00130125 0.00136557 0.00142503 0.00147919 0.00152757 0.00156962 0.00160474 0.00163228 0.00165147 0.00166153 
4.98 1.20808e-05 5.60902e-15 5.60902e-15 5.60902e-15 5.60902e-15 5.60902e-15 5.60902e-15 5.60902e-15 5.60902e-15 5.60902e-15 
4.98 8.77791e-11 8.49313e-11 8.26767e-11 8.08789e-11 7.9445e-11 7.83119e-11 7.74363e-11 7.67909e-11 7.63602e-11 7.61408e-11 
4.99 0.000695644 0.000754506 0.000808831 0.000858239 0.000902308 0.000940565 0.000972488 0.00099749 0.00101492 0.00102404 
4.99 0.000923879 0.000917151 0.000910713 0.000904668 0.000899127 0.000894204 0.000890017 0.00088669 0.000884346 0.000883111 
4.99 0.000896289 0.000887239 0.000878659 0.000870669 0.000863393 0.000856964 0.000851523 0.000847213 0.000844185 0.000842592 
4.99 1.41782e-05 1.53735e-05 1.64768e-05 1.74801e-05 1.83751e-05 1.9152e-05 1.98003e-05 2.03081e-05 2.0662e-05 2.08472e-05 
4.99 0.00112528 0.00105093 0.000981859 0.000918675 0.000862026 0.000812628 0.000771256 0.000738759 0.00071606 0.000704164 
4.99 0.00130145 0.00136579 0.00142526 0.00147944 0.00152783 0.0015699 0.00160503 0.00163257 0.00165178 0.00166184 
4.99 1.20808e-05 5.60902e-15 5.60902e-15 5.60902e-15 5.60902e-15 5.60902e-15 5.60902e-15 5.60902e-15 5.60902e-15 5.60902e-15 
4.99 8.77487e-11 8.49024e-11 8.26489e-11 8.08517e-11 7.94185e-11 7.82856e-11 7.74103e-11 7.67651e-11 7.63344e-11 7.6115e-11 
5.00 0.000695989 0.000754882 0.000809236 0.000858671 0.000902765 0.000941045 0.000972987 0.000998005 0.00101544 0.00102457 
5.00 0.000924231 0.000917534 0.000911126 0.000905109 0.000899594 0.000894693 0.000890526 0.000887214 0.000884881 0.000883652 
5.00 0.000896624 0.000887603 0.000879051 0.000871088 0.000863836 0.000857429 0.000852006 0.000847711 0.000844693 0.000843106 
5.00 1.41852e-05 1.53812e-05 1.6485e-05 1.74889e-05 1.83844e-05 1.91618e-05 1.98105e-05 2.03185e-05 2.06727e-05 2.0858e-05 
5.00 0.00112561 0.00105128 0.000982242 0.000919084 0.000862459 0.000813081 0.000771727 0.000739245 0.000716556 0.000704665 
5.00 0.00130165 0.001366 0.00142549 0.00147969 0.00152809 0.00157017 0.00160532 0.00163287 0.00165208 0.00166214 
5.00 1.20808e-05 5.60902e-15 5.60902e-15 5.60902e-15 5.60902e-15 5.60902e-15 5.60902e-15 5.60902e-15 5.60902e-15 5.60902e-15 
5.00 8.77186e-11 8.48736e-11 8.26209e-11 8.08245e-11 7.93918e-11 7.82595e-11 7.73845e-11 7.67393e-11 7.63089e-11 7.60898e-11 
