                                   MODFLOW 6
                U.S. GEOLOGICAL SURVEY MODULAR HYDROLOGIC MODEL
                             TRANSPORT MODEL (GWT)
                            VERSION 6.6.1 02/10/2025

   MODFLOW 6 compiled Feb 10 2025 17:37:25 with Intel(R) Fortran Intel(R) 64
   Compiler Classic for applications running on Intel(R) 64, Version 2021.7.0
                             Build 20220726_000000

This software has been approved for release by the U.S. Geological 
Survey (USGS). Although the software has been subjected to rigorous 
review, the USGS reserves the right to update the software as needed 
pursuant to further analysis and review. No warranty, expressed or 
implied, is made by the USGS or the U.S. Government as to the 
functionality of the software and related material nor shall the 
fact of release constitute any such warranty. Furthermore, the 
software is released on condition that neither the USGS nor the U.S. 
Government shall be held liable for any damages resulting from its 
authorized or unauthorized use. Also refer to the USGS Water 
Resources Software User Rights Notice for complete use, copyright, 
and distribution information.


As a work of the United States Government, this USGS product is 
in the public domain within the United States. You can copy, 
modify, distribute, and perform the work, even for commercial 
purposes, all without asking permission. Additionally, USGS 
waives copyright and related rights in the work worldwide 
through CC0 1.0 Universal Public Domain Dedication 
(https://creativecommons.org/publicdomain/zero/1.0/).

The following GNU Lesser General Public License (LGPL) libraries
are used in this USGS product:

    SPARSKIT version 2.0
      ilut, luson, and qsplit 
      (https://www-users.cse.umn.edu/~saad/software/SPARSKIT/)

    RCM - Reverse Cuthill McKee Ordering
      (https://people.math.sc.edu/Burkardt/f_src/rcm/rcm.html)

    BLAS - Basic Linear Algebra Subprograms Level 1
      (https://people.math.sc.edu/Burkardt/f_src/blas1_d/blas1_d.html)

    SPARSEKIT - Sparse Matrix Utility Package
      amux, dperm, dvperm, rperm, and cperm
      (https://people.sc.fsu.edu/~jburkardt/f77_src/sparsekit/sparsekit.html)

The following BSD-3 License libraries are used in this USGS product:

    Modern Fortran DAG Library
      Copyright (c) 2018, Jacob Williams
      All rights reserved.
      (https://github.com/jacobwilliams/daglib)

MODFLOW 6 compiler options: /Isrc\libmf6core.a.p /Isrc /I..\src
/Isrc\libmf6_external.a.p /MTd /nologo /warn:general /warn:truncated_source
/stand:f08 /Zi /traceback /O2 /fpe:0 /heap-arrays:0 /traceback /fpp
/Qdiag-disable:7416 /Qdiag-disable:7025 /Qdiag-disable:5268
/Qdiag-disable:10448 /Fdsrc\libmf6core.a.p\Utilities_compilerversion.F90.pdb
/module:src\libmf6core.a.p
/Fosrc/libmf6core.a.p/Utilities_compilerversion.F90.obj /c

System command used to initiate simulation:
C:\Users\luiggi\Documents\GitSites\mf6_tutorial\mf6\windows\mf6.exe

MODFLOW was compiled using uniform precision.

Real Variables
  KIND: 8
  TINY (smallest non-zero value):    2.225074-308
  HUGE (largest value):    1.797693+308
  PRECISION: 15
  SIZE IN BITS: 64

Integer Variables
  KIND: 4
  HUGE (largest value): 2147483647
  SIZE IN BITS: 32

Long Integer Variables
  KIND: 8
  HUGE (largest value): 9223372036854775807
  SIZE IN BITS: 64

Logical Variables
  KIND: 4
  SIZE IN BITS: 32
 
 NAMEFILE OPTIONS:
    FLOWS WILL BE SAVED TO BUDGET FILE SPECIFIED IN OUTPUT CONTROL
 END NAMEFILE OPTIONS:

 DIS -- STRUCTURED GRID DISCRETIZATION PACKAGE, VERSION 2 : 3/27/2014 - INPUT READ FROM MEMPATH: __INPUT__/TRANSPORT/DIS                           


 DSP-- DISPERSION PACKAGE, VERSION 1, 1/24/2018 INPUT READ FROM MEMPATH: __INPUT__/TRANSPORT/DSP                           


 Setting Discretization Options
    Model length unit [0=UND, 1=FEET, 2=METERS, 3=CENTIMETERS] set as 2
 End Setting Discretization Options

 Setting Discretization Dimensions
    NLAY = 1
    NROW = 1
    NCOL = 10
 End Setting Discretization Dimensions

 Setting Discretization Griddata
    DELR set from input file
    DELC set from input file
    TOP set from input file
    BOTM set from input file
 End Setting Discretization Griddata


 FMI -- FLOW MODEL INTERFACE, VERSION 2, 8/17/2023 INPUT READ FROM UNIT 1006


 # File generated by Flopy version 3.9.3 on 06/22/2026 at 18:32:39.
 PROCESSING FMI OPTIONS
 END OF FMI OPTIONS
 PROCESSING FMI PACKAGEDATA

 OPENED flow.hds
 FILE TYPE:DATA(BINARY)   UNIT 1015   STATUS:UNKNOWN             
 FORMAT:UNFORMATTED            ACCESS:STREAM              
 ACTION:READWRITE           

Reading binary file to determine number of records per time step.
Detected 1 unique records in binary file.

 OPENED flow.bud
 FILE TYPE:DATA(BINARY)   UNIT 1016   STATUS:UNKNOWN             
 FORMAT:UNFORMATTED            ACCESS:STREAM              
 ACTION:READWRITE           

Reading budget file to determine number of terms per time step.
    1.00000        FLOW-JA-FACE                 
    1.00000          DATA-SPDIS NPF             
    1.00000            DATA-SAT NPF             
    1.00000                 WEL WEL-1           
    1.00000                 CHD CHD_0           
Detected 5 unique flow terms in budget file.
 END OF FMI PACKAGEDATA

 ADV-- ADVECTION PACKAGE, VERSION 1, 8/25/2017 INPUT READ FROM UNIT 1008


 # File generated by Flopy version 3.9.3 on 06/22/2026 at 18:32:39.
 PROCESSING ADVECTION OPTIONS
    ADVECTION WEIGHTING SCHEME HAS BEEN SET TO: UPSTREAM
 END OF ADVECTION OPTIONS
 Setting DSP Options
    XT3D formulation [0=INACTIVE, 1=ACTIVE, 3=ACTIVE RHS] set to: 0
 End Setting DSP Options

 Setting DSP Griddata
    ALH set from input file
    ATH1 set from input file
 End Setting DSP Griddata

    STRT set from input file

 MST -- MOBILE STORAGE AND TRANSFER PACKAGE, VERSION 1, 7/29/2020 INPUT READ FROM UNIT 1007


 # File generated by Flopy version 3.9.3 on 06/22/2026 at 18:32:39.
 PROCESSING MOBILE STORAGE AND TRANSFER OPTIONS
 END OF MOBILE STORAGE AND TRANSFER OPTIONS
 PROCESSING GRIDDATA

   MOBILE DOMAIN POROSITY =  0.5000000    
 END PROCESSING GRIDDATA

 SSM -- SOURCE-SINK MIXING PACKAGE, VERSION 1, 8/25/2017 INPUT READ FROM UNIT 1010


 # File generated by Flopy version 3.9.3 on 06/22/2026 at 18:32:39.
 PROCESSING SSM OPTIONS
 END OF SSM OPTIONS
 PROCESSING SOURCES
 AUX SOURCE DETECTED.
    USING AUX COLUMN 1 IN PACKAGE WEL-1
 END PROCESSING SOURCES
 OPTIONAL FILEINPUT BLOCK NOT FOUND.  CONTINUING.

The observation utility is active for "TRANSPORT"
 # File generated by Flopy version 3.9.3 on 06/22/2026 at 18:32:39.

Processing observation options:

Text output number of digits of precision set to: 10
The PRINT_INPUT option has been specified.


 OBSERVATIONS READ FROM FILE "transport.obs"
 ----------------------------------------------------------------------------------------------------------------------------------------------------------------------------------------------------------------------------
 NAME                                     TYPE                                       TIME         LOCATION DATA                              OUTPUT FILENAME                                                                 
 ----------------------------------------------------------------------------------------------------------------------------------------------------------------------------------------------------------------------------
 X005                                     CONTINUOUS  CONCENTRATION                  ALL TIMES    "  1 1 1"                                  transport_obs.csv                                                               
 X011                                     CONTINUOUS  CONCENTRATION                  ALL TIMES    "  1 1 2"                                  transport_obs.csv                                                               
 X029                                     CONTINUOUS  CONCENTRATION                  ALL TIMES    "  1 1 3"                                  transport_obs.csv                                                               
 ----------------------------------------------------------------------------------------------------------------------------------------------------------------------------------------------------------------------------


      THE LAST TIME STEP WILL BE PRINTED
      THE LAST TIME STEP WILL BE PRINTED
 # File generated by Flopy version 3.9.3 on 06/22/2026 at 18:32:39.

 PROCESSING OC OPTIONS

    BUDGET INFORMATION WILL BE WRITTEN TO:
      UNIT NUMBER: 1018
      FILE NAME: transport.cbc

 OPENED transport.cbc
 FILE TYPE:DATA(BINARY)   UNIT 1018   STATUS:REPLACE             
 FORMAT:UNFORMATTED            ACCESS:STREAM              
 ACTION:READWRITE           

    CONCENTRATION INFORMATION WILL BE WRITTEN TO:
      UNIT NUMBER: 1019
      FILE NAME: transport.ucn

 OPENED transport.ucn
 FILE TYPE:DATA(BINARY)   UNIT 1019   STATUS:REPLACE             
 FORMAT:UNFORMATTED            ACCESS:STREAM              
 ACTION:READWRITE           

 END OF OC OPTIONS

start timestep kper="1" kstp="1" mode="normal"


 BEGIN READING OUTPUT CONTROL FOR STRESS PERIOD 1
      ALL TIME STEPS WILL BE SAVED
      THE LAST TIME STEP WILL BE SAVED
      THE LAST TIME STEP WILL BE PRINTED
      THE LAST TIME STEP WILL BE PRINTED

 END READING OUTPUT CONTROL FOR STRESS PERIOD 1

 FMI READING BUDGET TERMS FOR KSTP 1 KPER 1
    1.00000        FLOW-JA-FACE                 
    1.00000          DATA-SPDIS NPF             
    1.00000            DATA-SAT NPF             
    1.00000                 WEL WEL-1           
    1.00000                 CHD CHD_0           

 FMI READING HEAD FOR KSTP 1 KPER 1

 CONCENTRATION WILL BE SAVED ON UNIT 1019 AT END OF TIME STEP    1, STRESS PERIOD    1

end timestep


start timestep kper="1" kstp="2" mode="normal"


 FMI SETTING BUDGET TERMS FOR KSTP 2 AND KPER 1 TO BUDGET FILE TERMS FROM KSTP 1 AND KPER 1

 FMI SETTING HEAD FOR KSTP 2 AND KPER 1 TO BINARY FILE HEADS FROM KSTP 1 AND KPER 1

 CONCENTRATION WILL BE SAVED ON UNIT 1019 AT END OF TIME STEP    2, STRESS PERIOD    1

end timestep


start timestep kper="1" kstp="3" mode="normal"


 FMI SETTING BUDGET TERMS FOR KSTP 3 AND KPER 1 TO BUDGET FILE TERMS FROM KSTP 1 AND KPER 1

 FMI SETTING HEAD FOR KSTP 3 AND KPER 1 TO BINARY FILE HEADS FROM KSTP 1 AND KPER 1

 CONCENTRATION WILL BE SAVED ON UNIT 1019 AT END OF TIME STEP    3, STRESS PERIOD    1

end timestep


start timestep kper="1" kstp="4" mode="normal"


 FMI SETTING BUDGET TERMS FOR KSTP 4 AND KPER 1 TO BUDGET FILE TERMS FROM KSTP 1 AND KPER 1

 FMI SETTING HEAD FOR KSTP 4 AND KPER 1 TO BINARY FILE HEADS FROM KSTP 1 AND KPER 1

 CONCENTRATION WILL BE SAVED ON UNIT 1019 AT END OF TIME STEP    4, STRESS PERIOD    1

end timestep


start timestep kper="1" kstp="5" mode="normal"


 FMI SETTING BUDGET TERMS FOR KSTP 5 AND KPER 1 TO BUDGET FILE TERMS FROM KSTP 1 AND KPER 1

 FMI SETTING HEAD FOR KSTP 5 AND KPER 1 TO BINARY FILE HEADS FROM KSTP 1 AND KPER 1

 CONCENTRATION WILL BE SAVED ON UNIT 1019 AT END OF TIME STEP    5, STRESS PERIOD    1

end timestep


start timestep kper="1" kstp="6" mode="normal"


 FMI SETTING BUDGET TERMS FOR KSTP 6 AND KPER 1 TO BUDGET FILE TERMS FROM KSTP 1 AND KPER 1

 FMI SETTING HEAD FOR KSTP 6 AND KPER 1 TO BINARY FILE HEADS FROM KSTP 1 AND KPER 1

 CONCENTRATION WILL BE SAVED ON UNIT 1019 AT END OF TIME STEP    6, STRESS PERIOD    1

end timestep


start timestep kper="1" kstp="7" mode="normal"


 FMI SETTING BUDGET TERMS FOR KSTP 7 AND KPER 1 TO BUDGET FILE TERMS FROM KSTP 1 AND KPER 1

 FMI SETTING HEAD FOR KSTP 7 AND KPER 1 TO BINARY FILE HEADS FROM KSTP 1 AND KPER 1

 CONCENTRATION WILL BE SAVED ON UNIT 1019 AT END OF TIME STEP    7, STRESS PERIOD    1

end timestep


start timestep kper="1" kstp="8" mode="normal"


 FMI SETTING BUDGET TERMS FOR KSTP 8 AND KPER 1 TO BUDGET FILE TERMS FROM KSTP 1 AND KPER 1

 FMI SETTING HEAD FOR KSTP 8 AND KPER 1 TO BINARY FILE HEADS FROM KSTP 1 AND KPER 1

 CONCENTRATION WILL BE SAVED ON UNIT 1019 AT END OF TIME STEP    8, STRESS PERIOD    1

end timestep


start timestep kper="1" kstp="9" mode="normal"


 FMI SETTING BUDGET TERMS FOR KSTP 9 AND KPER 1 TO BUDGET FILE TERMS FROM KSTP 1 AND KPER 1

 FMI SETTING HEAD FOR KSTP 9 AND KPER 1 TO BINARY FILE HEADS FROM KSTP 1 AND KPER 1

 CONCENTRATION WILL BE SAVED ON UNIT 1019 AT END OF TIME STEP    9, STRESS PERIOD    1

end timestep


start timestep kper="1" kstp="10" mode="normal"


 FMI SETTING BUDGET TERMS FOR KSTP 10 AND KPER 1 TO BUDGET FILE TERMS FROM KSTP 1 AND KPER 1

 FMI SETTING HEAD FOR KSTP 10 AND KPER 1 TO BINARY FILE HEADS FROM KSTP 1 AND KPER 1

 CONCENTRATION WILL BE SAVED ON UNIT 1019 AT END OF TIME STEP   10, STRESS PERIOD    1

end timestep


start timestep kper="1" kstp="11" mode="normal"


 FMI SETTING BUDGET TERMS FOR KSTP 11 AND KPER 1 TO BUDGET FILE TERMS FROM KSTP 1 AND KPER 1

 FMI SETTING HEAD FOR KSTP 11 AND KPER 1 TO BINARY FILE HEADS FROM KSTP 1 AND KPER 1

 CONCENTRATION WILL BE SAVED ON UNIT 1019 AT END OF TIME STEP   11, STRESS PERIOD    1

end timestep


start timestep kper="1" kstp="12" mode="normal"


 FMI SETTING BUDGET TERMS FOR KSTP 12 AND KPER 1 TO BUDGET FILE TERMS FROM KSTP 1 AND KPER 1

 FMI SETTING HEAD FOR KSTP 12 AND KPER 1 TO BINARY FILE HEADS FROM KSTP 1 AND KPER 1

 CONCENTRATION WILL BE SAVED ON UNIT 1019 AT END OF TIME STEP   12, STRESS PERIOD    1

end timestep


start timestep kper="1" kstp="13" mode="normal"


 FMI SETTING BUDGET TERMS FOR KSTP 13 AND KPER 1 TO BUDGET FILE TERMS FROM KSTP 1 AND KPER 1

 FMI SETTING HEAD FOR KSTP 13 AND KPER 1 TO BINARY FILE HEADS FROM KSTP 1 AND KPER 1

 CONCENTRATION WILL BE SAVED ON UNIT 1019 AT END OF TIME STEP   13, STRESS PERIOD    1

end timestep


start timestep kper="1" kstp="14" mode="normal"


 FMI SETTING BUDGET TERMS FOR KSTP 14 AND KPER 1 TO BUDGET FILE TERMS FROM KSTP 1 AND KPER 1

 FMI SETTING HEAD FOR KSTP 14 AND KPER 1 TO BINARY FILE HEADS FROM KSTP 1 AND KPER 1

 CONCENTRATION WILL BE SAVED ON UNIT 1019 AT END OF TIME STEP   14, STRESS PERIOD    1

end timestep


start timestep kper="1" kstp="15" mode="normal"


 FMI SETTING BUDGET TERMS FOR KSTP 15 AND KPER 1 TO BUDGET FILE TERMS FROM KSTP 1 AND KPER 1

 FMI SETTING HEAD FOR KSTP 15 AND KPER 1 TO BINARY FILE HEADS FROM KSTP 1 AND KPER 1

 CONCENTRATION WILL BE SAVED ON UNIT 1019 AT END OF TIME STEP   15, STRESS PERIOD    1

end timestep


start timestep kper="1" kstp="16" mode="normal"


 FMI SETTING BUDGET TERMS FOR KSTP 16 AND KPER 1 TO BUDGET FILE TERMS FROM KSTP 1 AND KPER 1

 FMI SETTING HEAD FOR KSTP 16 AND KPER 1 TO BINARY FILE HEADS FROM KSTP 1 AND KPER 1

 CONCENTRATION WILL BE SAVED ON UNIT 1019 AT END OF TIME STEP   16, STRESS PERIOD    1

end timestep


start timestep kper="1" kstp="17" mode="normal"


 FMI SETTING BUDGET TERMS FOR KSTP 17 AND KPER 1 TO BUDGET FILE TERMS FROM KSTP 1 AND KPER 1

 FMI SETTING HEAD FOR KSTP 17 AND KPER 1 TO BINARY FILE HEADS FROM KSTP 1 AND KPER 1

 CONCENTRATION WILL BE SAVED ON UNIT 1019 AT END OF TIME STEP   17, STRESS PERIOD    1

end timestep


start timestep kper="1" kstp="18" mode="normal"


 FMI SETTING BUDGET TERMS FOR KSTP 18 AND KPER 1 TO BUDGET FILE TERMS FROM KSTP 1 AND KPER 1

 FMI SETTING HEAD FOR KSTP 18 AND KPER 1 TO BINARY FILE HEADS FROM KSTP 1 AND KPER 1

 CONCENTRATION WILL BE SAVED ON UNIT 1019 AT END OF TIME STEP   18, STRESS PERIOD    1

end timestep


start timestep kper="1" kstp="19" mode="normal"


 FMI SETTING BUDGET TERMS FOR KSTP 19 AND KPER 1 TO BUDGET FILE TERMS FROM KSTP 1 AND KPER 1

 FMI SETTING HEAD FOR KSTP 19 AND KPER 1 TO BINARY FILE HEADS FROM KSTP 1 AND KPER 1

 CONCENTRATION WILL BE SAVED ON UNIT 1019 AT END OF TIME STEP   19, STRESS PERIOD    1

end timestep


start timestep kper="1" kstp="20" mode="normal"


 FMI SETTING BUDGET TERMS FOR KSTP 20 AND KPER 1 TO BUDGET FILE TERMS FROM KSTP 1 AND KPER 1

 FMI SETTING HEAD FOR KSTP 20 AND KPER 1 TO BINARY FILE HEADS FROM KSTP 1 AND KPER 1

 CONCENTRATION WILL BE SAVED ON UNIT 1019 AT END OF TIME STEP   20, STRESS PERIOD    1

end timestep


start timestep kper="1" kstp="21" mode="normal"


 FMI SETTING BUDGET TERMS FOR KSTP 21 AND KPER 1 TO BUDGET FILE TERMS FROM KSTP 1 AND KPER 1

 FMI SETTING HEAD FOR KSTP 21 AND KPER 1 TO BINARY FILE HEADS FROM KSTP 1 AND KPER 1

 CONCENTRATION WILL BE SAVED ON UNIT 1019 AT END OF TIME STEP   21, STRESS PERIOD    1

end timestep


start timestep kper="1" kstp="22" mode="normal"


 FMI SETTING BUDGET TERMS FOR KSTP 22 AND KPER 1 TO BUDGET FILE TERMS FROM KSTP 1 AND KPER 1

 FMI SETTING HEAD FOR KSTP 22 AND KPER 1 TO BINARY FILE HEADS FROM KSTP 1 AND KPER 1

 CONCENTRATION WILL BE SAVED ON UNIT 1019 AT END OF TIME STEP   22, STRESS PERIOD    1

end timestep


start timestep kper="1" kstp="23" mode="normal"


 FMI SETTING BUDGET TERMS FOR KSTP 23 AND KPER 1 TO BUDGET FILE TERMS FROM KSTP 1 AND KPER 1

 FMI SETTING HEAD FOR KSTP 23 AND KPER 1 TO BINARY FILE HEADS FROM KSTP 1 AND KPER 1

 CONCENTRATION WILL BE SAVED ON UNIT 1019 AT END OF TIME STEP   23, STRESS PERIOD    1

end timestep


start timestep kper="1" kstp="24" mode="normal"


 FMI SETTING BUDGET TERMS FOR KSTP 24 AND KPER 1 TO BUDGET FILE TERMS FROM KSTP 1 AND KPER 1

 FMI SETTING HEAD FOR KSTP 24 AND KPER 1 TO BINARY FILE HEADS FROM KSTP 1 AND KPER 1

 CONCENTRATION WILL BE SAVED ON UNIT 1019 AT END OF TIME STEP   24, STRESS PERIOD    1

end timestep


start timestep kper="1" kstp="25" mode="normal"


 FMI SETTING BUDGET TERMS FOR KSTP 25 AND KPER 1 TO BUDGET FILE TERMS FROM KSTP 1 AND KPER 1

 FMI SETTING HEAD FOR KSTP 25 AND KPER 1 TO BINARY FILE HEADS FROM KSTP 1 AND KPER 1

 CONCENTRATION WILL BE SAVED ON UNIT 1019 AT END OF TIME STEP   25, STRESS PERIOD    1

end timestep


start timestep kper="1" kstp="26" mode="normal"


 FMI SETTING BUDGET TERMS FOR KSTP 26 AND KPER 1 TO BUDGET FILE TERMS FROM KSTP 1 AND KPER 1

 FMI SETTING HEAD FOR KSTP 26 AND KPER 1 TO BINARY FILE HEADS FROM KSTP 1 AND KPER 1

 CONCENTRATION WILL BE SAVED ON UNIT 1019 AT END OF TIME STEP   26, STRESS PERIOD    1

end timestep


start timestep kper="1" kstp="27" mode="normal"


 FMI SETTING BUDGET TERMS FOR KSTP 27 AND KPER 1 TO BUDGET FILE TERMS FROM KSTP 1 AND KPER 1

 FMI SETTING HEAD FOR KSTP 27 AND KPER 1 TO BINARY FILE HEADS FROM KSTP 1 AND KPER 1

 CONCENTRATION WILL BE SAVED ON UNIT 1019 AT END OF TIME STEP   27, STRESS PERIOD    1

end timestep


start timestep kper="1" kstp="28" mode="normal"


 FMI SETTING BUDGET TERMS FOR KSTP 28 AND KPER 1 TO BUDGET FILE TERMS FROM KSTP 1 AND KPER 1

 FMI SETTING HEAD FOR KSTP 28 AND KPER 1 TO BINARY FILE HEADS FROM KSTP 1 AND KPER 1

 CONCENTRATION WILL BE SAVED ON UNIT 1019 AT END OF TIME STEP   28, STRESS PERIOD    1

end timestep


start timestep kper="1" kstp="29" mode="normal"


 FMI SETTING BUDGET TERMS FOR KSTP 29 AND KPER 1 TO BUDGET FILE TERMS FROM KSTP 1 AND KPER 1

 FMI SETTING HEAD FOR KSTP 29 AND KPER 1 TO BINARY FILE HEADS FROM KSTP 1 AND KPER 1

 CONCENTRATION WILL BE SAVED ON UNIT 1019 AT END OF TIME STEP   29, STRESS PERIOD    1

end timestep


start timestep kper="1" kstp="30" mode="normal"


 FMI SETTING BUDGET TERMS FOR KSTP 30 AND KPER 1 TO BUDGET FILE TERMS FROM KSTP 1 AND KPER 1

 FMI SETTING HEAD FOR KSTP 30 AND KPER 1 TO BINARY FILE HEADS FROM KSTP 1 AND KPER 1

 CONCENTRATION WILL BE SAVED ON UNIT 1019 AT END OF TIME STEP   30, STRESS PERIOD    1

end timestep


start timestep kper="1" kstp="31" mode="normal"


 FMI SETTING BUDGET TERMS FOR KSTP 31 AND KPER 1 TO BUDGET FILE TERMS FROM KSTP 1 AND KPER 1

 FMI SETTING HEAD FOR KSTP 31 AND KPER 1 TO BINARY FILE HEADS FROM KSTP 1 AND KPER 1

 CONCENTRATION WILL BE SAVED ON UNIT 1019 AT END OF TIME STEP   31, STRESS PERIOD    1

end timestep


start timestep kper="1" kstp="32" mode="normal"


 FMI SETTING BUDGET TERMS FOR KSTP 32 AND KPER 1 TO BUDGET FILE TERMS FROM KSTP 1 AND KPER 1

 FMI SETTING HEAD FOR KSTP 32 AND KPER 1 TO BINARY FILE HEADS FROM KSTP 1 AND KPER 1

 CONCENTRATION WILL BE SAVED ON UNIT 1019 AT END OF TIME STEP   32, STRESS PERIOD    1

end timestep


start timestep kper="1" kstp="33" mode="normal"


 FMI SETTING BUDGET TERMS FOR KSTP 33 AND KPER 1 TO BUDGET FILE TERMS FROM KSTP 1 AND KPER 1

 FMI SETTING HEAD FOR KSTP 33 AND KPER 1 TO BINARY FILE HEADS FROM KSTP 1 AND KPER 1

 CONCENTRATION WILL BE SAVED ON UNIT 1019 AT END OF TIME STEP   33, STRESS PERIOD    1

end timestep


start timestep kper="1" kstp="34" mode="normal"


 FMI SETTING BUDGET TERMS FOR KSTP 34 AND KPER 1 TO BUDGET FILE TERMS FROM KSTP 1 AND KPER 1

 FMI SETTING HEAD FOR KSTP 34 AND KPER 1 TO BINARY FILE HEADS FROM KSTP 1 AND KPER 1

 CONCENTRATION WILL BE SAVED ON UNIT 1019 AT END OF TIME STEP   34, STRESS PERIOD    1

end timestep


start timestep kper="1" kstp="35" mode="normal"


 FMI SETTING BUDGET TERMS FOR KSTP 35 AND KPER 1 TO BUDGET FILE TERMS FROM KSTP 1 AND KPER 1

 FMI SETTING HEAD FOR KSTP 35 AND KPER 1 TO BINARY FILE HEADS FROM KSTP 1 AND KPER 1

 CONCENTRATION WILL BE SAVED ON UNIT 1019 AT END OF TIME STEP   35, STRESS PERIOD    1

end timestep


start timestep kper="1" kstp="36" mode="normal"


 FMI SETTING BUDGET TERMS FOR KSTP 36 AND KPER 1 TO BUDGET FILE TERMS FROM KSTP 1 AND KPER 1

 FMI SETTING HEAD FOR KSTP 36 AND KPER 1 TO BINARY FILE HEADS FROM KSTP 1 AND KPER 1

 CONCENTRATION WILL BE SAVED ON UNIT 1019 AT END OF TIME STEP   36, STRESS PERIOD    1

end timestep


start timestep kper="1" kstp="37" mode="normal"


 FMI SETTING BUDGET TERMS FOR KSTP 37 AND KPER 1 TO BUDGET FILE TERMS FROM KSTP 1 AND KPER 1

 FMI SETTING HEAD FOR KSTP 37 AND KPER 1 TO BINARY FILE HEADS FROM KSTP 1 AND KPER 1

 CONCENTRATION WILL BE SAVED ON UNIT 1019 AT END OF TIME STEP   37, STRESS PERIOD    1

end timestep


start timestep kper="1" kstp="38" mode="normal"


 FMI SETTING BUDGET TERMS FOR KSTP 38 AND KPER 1 TO BUDGET FILE TERMS FROM KSTP 1 AND KPER 1

 FMI SETTING HEAD FOR KSTP 38 AND KPER 1 TO BINARY FILE HEADS FROM KSTP 1 AND KPER 1

 CONCENTRATION WILL BE SAVED ON UNIT 1019 AT END OF TIME STEP   38, STRESS PERIOD    1

end timestep


start timestep kper="1" kstp="39" mode="normal"


 FMI SETTING BUDGET TERMS FOR KSTP 39 AND KPER 1 TO BUDGET FILE TERMS FROM KSTP 1 AND KPER 1

 FMI SETTING HEAD FOR KSTP 39 AND KPER 1 TO BINARY FILE HEADS FROM KSTP 1 AND KPER 1

 CONCENTRATION WILL BE SAVED ON UNIT 1019 AT END OF TIME STEP   39, STRESS PERIOD    1

end timestep


start timestep kper="1" kstp="40" mode="normal"


 FMI SETTING BUDGET TERMS FOR KSTP 40 AND KPER 1 TO BUDGET FILE TERMS FROM KSTP 1 AND KPER 1

 FMI SETTING HEAD FOR KSTP 40 AND KPER 1 TO BINARY FILE HEADS FROM KSTP 1 AND KPER 1

 CONCENTRATION WILL BE SAVED ON UNIT 1019 AT END OF TIME STEP   40, STRESS PERIOD    1

end timestep


start timestep kper="1" kstp="41" mode="normal"


 FMI SETTING BUDGET TERMS FOR KSTP 41 AND KPER 1 TO BUDGET FILE TERMS FROM KSTP 1 AND KPER 1

 FMI SETTING HEAD FOR KSTP 41 AND KPER 1 TO BINARY FILE HEADS FROM KSTP 1 AND KPER 1

 CONCENTRATION WILL BE SAVED ON UNIT 1019 AT END OF TIME STEP   41, STRESS PERIOD    1

end timestep


start timestep kper="1" kstp="42" mode="normal"


 FMI SETTING BUDGET TERMS FOR KSTP 42 AND KPER 1 TO BUDGET FILE TERMS FROM KSTP 1 AND KPER 1

 FMI SETTING HEAD FOR KSTP 42 AND KPER 1 TO BINARY FILE HEADS FROM KSTP 1 AND KPER 1

 CONCENTRATION WILL BE SAVED ON UNIT 1019 AT END OF TIME STEP   42, STRESS PERIOD    1

end timestep


start timestep kper="1" kstp="43" mode="normal"


 FMI SETTING BUDGET TERMS FOR KSTP 43 AND KPER 1 TO BUDGET FILE TERMS FROM KSTP 1 AND KPER 1

 FMI SETTING HEAD FOR KSTP 43 AND KPER 1 TO BINARY FILE HEADS FROM KSTP 1 AND KPER 1

 CONCENTRATION WILL BE SAVED ON UNIT 1019 AT END OF TIME STEP   43, STRESS PERIOD    1

end timestep


start timestep kper="1" kstp="44" mode="normal"


 FMI SETTING BUDGET TERMS FOR KSTP 44 AND KPER 1 TO BUDGET FILE TERMS FROM KSTP 1 AND KPER 1

 FMI SETTING HEAD FOR KSTP 44 AND KPER 1 TO BINARY FILE HEADS FROM KSTP 1 AND KPER 1

 CONCENTRATION WILL BE SAVED ON UNIT 1019 AT END OF TIME STEP   44, STRESS PERIOD    1

end timestep


start timestep kper="1" kstp="45" mode="normal"


 FMI SETTING BUDGET TERMS FOR KSTP 45 AND KPER 1 TO BUDGET FILE TERMS FROM KSTP 1 AND KPER 1

 FMI SETTING HEAD FOR KSTP 45 AND KPER 1 TO BINARY FILE HEADS FROM KSTP 1 AND KPER 1

 CONCENTRATION WILL BE SAVED ON UNIT 1019 AT END OF TIME STEP   45, STRESS PERIOD    1

end timestep


start timestep kper="1" kstp="46" mode="normal"


 FMI SETTING BUDGET TERMS FOR KSTP 46 AND KPER 1 TO BUDGET FILE TERMS FROM KSTP 1 AND KPER 1

 FMI SETTING HEAD FOR KSTP 46 AND KPER 1 TO BINARY FILE HEADS FROM KSTP 1 AND KPER 1

 CONCENTRATION WILL BE SAVED ON UNIT 1019 AT END OF TIME STEP   46, STRESS PERIOD    1

end timestep


start timestep kper="1" kstp="47" mode="normal"


 FMI SETTING BUDGET TERMS FOR KSTP 47 AND KPER 1 TO BUDGET FILE TERMS FROM KSTP 1 AND KPER 1

 FMI SETTING HEAD FOR KSTP 47 AND KPER 1 TO BINARY FILE HEADS FROM KSTP 1 AND KPER 1

 CONCENTRATION WILL BE SAVED ON UNIT 1019 AT END OF TIME STEP   47, STRESS PERIOD    1

end timestep


start timestep kper="1" kstp="48" mode="normal"


 FMI SETTING BUDGET TERMS FOR KSTP 48 AND KPER 1 TO BUDGET FILE TERMS FROM KSTP 1 AND KPER 1

 FMI SETTING HEAD FOR KSTP 48 AND KPER 1 TO BINARY FILE HEADS FROM KSTP 1 AND KPER 1

 CONCENTRATION WILL BE SAVED ON UNIT 1019 AT END OF TIME STEP   48, STRESS PERIOD    1

end timestep


start timestep kper="1" kstp="49" mode="normal"


 FMI SETTING BUDGET TERMS FOR KSTP 49 AND KPER 1 TO BUDGET FILE TERMS FROM KSTP 1 AND KPER 1

 FMI SETTING HEAD FOR KSTP 49 AND KPER 1 TO BINARY FILE HEADS FROM KSTP 1 AND KPER 1

 CONCENTRATION WILL BE SAVED ON UNIT 1019 AT END OF TIME STEP   49, STRESS PERIOD    1

end timestep


start timestep kper="1" kstp="50" mode="normal"


 FMI SETTING BUDGET TERMS FOR KSTP 50 AND KPER 1 TO BUDGET FILE TERMS FROM KSTP 1 AND KPER 1

 FMI SETTING HEAD FOR KSTP 50 AND KPER 1 TO BINARY FILE HEADS FROM KSTP 1 AND KPER 1

 CONCENTRATION WILL BE SAVED ON UNIT 1019 AT END OF TIME STEP   50, STRESS PERIOD    1

end timestep


start timestep kper="1" kstp="51" mode="normal"


 FMI SETTING BUDGET TERMS FOR KSTP 51 AND KPER 1 TO BUDGET FILE TERMS FROM KSTP 1 AND KPER 1

 FMI SETTING HEAD FOR KSTP 51 AND KPER 1 TO BINARY FILE HEADS FROM KSTP 1 AND KPER 1

 CONCENTRATION WILL BE SAVED ON UNIT 1019 AT END OF TIME STEP   51, STRESS PERIOD    1

end timestep


start timestep kper="1" kstp="52" mode="normal"


 FMI SETTING BUDGET TERMS FOR KSTP 52 AND KPER 1 TO BUDGET FILE TERMS FROM KSTP 1 AND KPER 1

 FMI SETTING HEAD FOR KSTP 52 AND KPER 1 TO BINARY FILE HEADS FROM KSTP 1 AND KPER 1

 CONCENTRATION WILL BE SAVED ON UNIT 1019 AT END OF TIME STEP   52, STRESS PERIOD    1

end timestep


start timestep kper="1" kstp="53" mode="normal"


 FMI SETTING BUDGET TERMS FOR KSTP 53 AND KPER 1 TO BUDGET FILE TERMS FROM KSTP 1 AND KPER 1

 FMI SETTING HEAD FOR KSTP 53 AND KPER 1 TO BINARY FILE HEADS FROM KSTP 1 AND KPER 1

 CONCENTRATION WILL BE SAVED ON UNIT 1019 AT END OF TIME STEP   53, STRESS PERIOD    1

end timestep


start timestep kper="1" kstp="54" mode="normal"


 FMI SETTING BUDGET TERMS FOR KSTP 54 AND KPER 1 TO BUDGET FILE TERMS FROM KSTP 1 AND KPER 1

 FMI SETTING HEAD FOR KSTP 54 AND KPER 1 TO BINARY FILE HEADS FROM KSTP 1 AND KPER 1

 CONCENTRATION WILL BE SAVED ON UNIT 1019 AT END OF TIME STEP   54, STRESS PERIOD    1

end timestep


start timestep kper="1" kstp="55" mode="normal"


 FMI SETTING BUDGET TERMS FOR KSTP 55 AND KPER 1 TO BUDGET FILE TERMS FROM KSTP 1 AND KPER 1

 FMI SETTING HEAD FOR KSTP 55 AND KPER 1 TO BINARY FILE HEADS FROM KSTP 1 AND KPER 1

 CONCENTRATION WILL BE SAVED ON UNIT 1019 AT END OF TIME STEP   55, STRESS PERIOD    1

end timestep


start timestep kper="1" kstp="56" mode="normal"


 FMI SETTING BUDGET TERMS FOR KSTP 56 AND KPER 1 TO BUDGET FILE TERMS FROM KSTP 1 AND KPER 1

 FMI SETTING HEAD FOR KSTP 56 AND KPER 1 TO BINARY FILE HEADS FROM KSTP 1 AND KPER 1

 CONCENTRATION WILL BE SAVED ON UNIT 1019 AT END OF TIME STEP   56, STRESS PERIOD    1

end timestep


start timestep kper="1" kstp="57" mode="normal"


 FMI SETTING BUDGET TERMS FOR KSTP 57 AND KPER 1 TO BUDGET FILE TERMS FROM KSTP 1 AND KPER 1

 FMI SETTING HEAD FOR KSTP 57 AND KPER 1 TO BINARY FILE HEADS FROM KSTP 1 AND KPER 1

 CONCENTRATION WILL BE SAVED ON UNIT 1019 AT END OF TIME STEP   57, STRESS PERIOD    1

end timestep


start timestep kper="1" kstp="58" mode="normal"


 FMI SETTING BUDGET TERMS FOR KSTP 58 AND KPER 1 TO BUDGET FILE TERMS FROM KSTP 1 AND KPER 1

 FMI SETTING HEAD FOR KSTP 58 AND KPER 1 TO BINARY FILE HEADS FROM KSTP 1 AND KPER 1

 CONCENTRATION WILL BE SAVED ON UNIT 1019 AT END OF TIME STEP   58, STRESS PERIOD    1

end timestep


start timestep kper="1" kstp="59" mode="normal"


 FMI SETTING BUDGET TERMS FOR KSTP 59 AND KPER 1 TO BUDGET FILE TERMS FROM KSTP 1 AND KPER 1

 FMI SETTING HEAD FOR KSTP 59 AND KPER 1 TO BINARY FILE HEADS FROM KSTP 1 AND KPER 1

 CONCENTRATION WILL BE SAVED ON UNIT 1019 AT END OF TIME STEP   59, STRESS PERIOD    1

end timestep


start timestep kper="1" kstp="60" mode="normal"


 FMI SETTING BUDGET TERMS FOR KSTP 60 AND KPER 1 TO BUDGET FILE TERMS FROM KSTP 1 AND KPER 1

 FMI SETTING HEAD FOR KSTP 60 AND KPER 1 TO BINARY FILE HEADS FROM KSTP 1 AND KPER 1

 CONCENTRATION WILL BE SAVED ON UNIT 1019 AT END OF TIME STEP   60, STRESS PERIOD    1

end timestep


start timestep kper="1" kstp="61" mode="normal"


 FMI SETTING BUDGET TERMS FOR KSTP 61 AND KPER 1 TO BUDGET FILE TERMS FROM KSTP 1 AND KPER 1

 FMI SETTING HEAD FOR KSTP 61 AND KPER 1 TO BINARY FILE HEADS FROM KSTP 1 AND KPER 1

 CONCENTRATION WILL BE SAVED ON UNIT 1019 AT END OF TIME STEP   61, STRESS PERIOD    1

end timestep


start timestep kper="1" kstp="62" mode="normal"


 FMI SETTING BUDGET TERMS FOR KSTP 62 AND KPER 1 TO BUDGET FILE TERMS FROM KSTP 1 AND KPER 1

 FMI SETTING HEAD FOR KSTP 62 AND KPER 1 TO BINARY FILE HEADS FROM KSTP 1 AND KPER 1

 CONCENTRATION WILL BE SAVED ON UNIT 1019 AT END OF TIME STEP   62, STRESS PERIOD    1

end timestep


start timestep kper="1" kstp="63" mode="normal"


 FMI SETTING BUDGET TERMS FOR KSTP 63 AND KPER 1 TO BUDGET FILE TERMS FROM KSTP 1 AND KPER 1

 FMI SETTING HEAD FOR KSTP 63 AND KPER 1 TO BINARY FILE HEADS FROM KSTP 1 AND KPER 1

 CONCENTRATION WILL BE SAVED ON UNIT 1019 AT END OF TIME STEP   63, STRESS PERIOD    1

end timestep


start timestep kper="1" kstp="64" mode="normal"


 FMI SETTING BUDGET TERMS FOR KSTP 64 AND KPER 1 TO BUDGET FILE TERMS FROM KSTP 1 AND KPER 1

 FMI SETTING HEAD FOR KSTP 64 AND KPER 1 TO BINARY FILE HEADS FROM KSTP 1 AND KPER 1

 CONCENTRATION WILL BE SAVED ON UNIT 1019 AT END OF TIME STEP   64, STRESS PERIOD    1

end timestep


start timestep kper="1" kstp="65" mode="normal"


 FMI SETTING BUDGET TERMS FOR KSTP 65 AND KPER 1 TO BUDGET FILE TERMS FROM KSTP 1 AND KPER 1

 FMI SETTING HEAD FOR KSTP 65 AND KPER 1 TO BINARY FILE HEADS FROM KSTP 1 AND KPER 1

 CONCENTRATION WILL BE SAVED ON UNIT 1019 AT END OF TIME STEP   65, STRESS PERIOD    1

end timestep


start timestep kper="1" kstp="66" mode="normal"


 FMI SETTING BUDGET TERMS FOR KSTP 66 AND KPER 1 TO BUDGET FILE TERMS FROM KSTP 1 AND KPER 1

 FMI SETTING HEAD FOR KSTP 66 AND KPER 1 TO BINARY FILE HEADS FROM KSTP 1 AND KPER 1

 CONCENTRATION WILL BE SAVED ON UNIT 1019 AT END OF TIME STEP   66, STRESS PERIOD    1

end timestep


start timestep kper="1" kstp="67" mode="normal"


 FMI SETTING BUDGET TERMS FOR KSTP 67 AND KPER 1 TO BUDGET FILE TERMS FROM KSTP 1 AND KPER 1

 FMI SETTING HEAD FOR KSTP 67 AND KPER 1 TO BINARY FILE HEADS FROM KSTP 1 AND KPER 1

 CONCENTRATION WILL BE SAVED ON UNIT 1019 AT END OF TIME STEP   67, STRESS PERIOD    1

end timestep


start timestep kper="1" kstp="68" mode="normal"


 FMI SETTING BUDGET TERMS FOR KSTP 68 AND KPER 1 TO BUDGET FILE TERMS FROM KSTP 1 AND KPER 1

 FMI SETTING HEAD FOR KSTP 68 AND KPER 1 TO BINARY FILE HEADS FROM KSTP 1 AND KPER 1

 CONCENTRATION WILL BE SAVED ON UNIT 1019 AT END OF TIME STEP   68, STRESS PERIOD    1

end timestep


start timestep kper="1" kstp="69" mode="normal"


 FMI SETTING BUDGET TERMS FOR KSTP 69 AND KPER 1 TO BUDGET FILE TERMS FROM KSTP 1 AND KPER 1

 FMI SETTING HEAD FOR KSTP 69 AND KPER 1 TO BINARY FILE HEADS FROM KSTP 1 AND KPER 1

 CONCENTRATION WILL BE SAVED ON UNIT 1019 AT END OF TIME STEP   69, STRESS PERIOD    1

end timestep


start timestep kper="1" kstp="70" mode="normal"


 FMI SETTING BUDGET TERMS FOR KSTP 70 AND KPER 1 TO BUDGET FILE TERMS FROM KSTP 1 AND KPER 1

 FMI SETTING HEAD FOR KSTP 70 AND KPER 1 TO BINARY FILE HEADS FROM KSTP 1 AND KPER 1

 CONCENTRATION WILL BE SAVED ON UNIT 1019 AT END OF TIME STEP   70, STRESS PERIOD    1

end timestep


start timestep kper="1" kstp="71" mode="normal"


 FMI SETTING BUDGET TERMS FOR KSTP 71 AND KPER 1 TO BUDGET FILE TERMS FROM KSTP 1 AND KPER 1

 FMI SETTING HEAD FOR KSTP 71 AND KPER 1 TO BINARY FILE HEADS FROM KSTP 1 AND KPER 1

 CONCENTRATION WILL BE SAVED ON UNIT 1019 AT END OF TIME STEP   71, STRESS PERIOD    1

end timestep


start timestep kper="1" kstp="72" mode="normal"


 FMI SETTING BUDGET TERMS FOR KSTP 72 AND KPER 1 TO BUDGET FILE TERMS FROM KSTP 1 AND KPER 1

 FMI SETTING HEAD FOR KSTP 72 AND KPER 1 TO BINARY FILE HEADS FROM KSTP 1 AND KPER 1

 CONCENTRATION WILL BE SAVED ON UNIT 1019 AT END OF TIME STEP   72, STRESS PERIOD    1

end timestep


start timestep kper="1" kstp="73" mode="normal"


 FMI SETTING BUDGET TERMS FOR KSTP 73 AND KPER 1 TO BUDGET FILE TERMS FROM KSTP 1 AND KPER 1

 FMI SETTING HEAD FOR KSTP 73 AND KPER 1 TO BINARY FILE HEADS FROM KSTP 1 AND KPER 1

 CONCENTRATION WILL BE SAVED ON UNIT 1019 AT END OF TIME STEP   73, STRESS PERIOD    1

end timestep


start timestep kper="1" kstp="74" mode="normal"


 FMI SETTING BUDGET TERMS FOR KSTP 74 AND KPER 1 TO BUDGET FILE TERMS FROM KSTP 1 AND KPER 1

 FMI SETTING HEAD FOR KSTP 74 AND KPER 1 TO BINARY FILE HEADS FROM KSTP 1 AND KPER 1

 CONCENTRATION WILL BE SAVED ON UNIT 1019 AT END OF TIME STEP   74, STRESS PERIOD    1

end timestep


start timestep kper="1" kstp="75" mode="normal"


 FMI SETTING BUDGET TERMS FOR KSTP 75 AND KPER 1 TO BUDGET FILE TERMS FROM KSTP 1 AND KPER 1

 FMI SETTING HEAD FOR KSTP 75 AND KPER 1 TO BINARY FILE HEADS FROM KSTP 1 AND KPER 1

 CONCENTRATION WILL BE SAVED ON UNIT 1019 AT END OF TIME STEP   75, STRESS PERIOD    1

end timestep


start timestep kper="1" kstp="76" mode="normal"


 FMI SETTING BUDGET TERMS FOR KSTP 76 AND KPER 1 TO BUDGET FILE TERMS FROM KSTP 1 AND KPER 1

 FMI SETTING HEAD FOR KSTP 76 AND KPER 1 TO BINARY FILE HEADS FROM KSTP 1 AND KPER 1

 CONCENTRATION WILL BE SAVED ON UNIT 1019 AT END OF TIME STEP   76, STRESS PERIOD    1

end timestep


start timestep kper="1" kstp="77" mode="normal"


 FMI SETTING BUDGET TERMS FOR KSTP 77 AND KPER 1 TO BUDGET FILE TERMS FROM KSTP 1 AND KPER 1

 FMI SETTING HEAD FOR KSTP 77 AND KPER 1 TO BINARY FILE HEADS FROM KSTP 1 AND KPER 1

 CONCENTRATION WILL BE SAVED ON UNIT 1019 AT END OF TIME STEP   77, STRESS PERIOD    1

end timestep


start timestep kper="1" kstp="78" mode="normal"


 FMI SETTING BUDGET TERMS FOR KSTP 78 AND KPER 1 TO BUDGET FILE TERMS FROM KSTP 1 AND KPER 1

 FMI SETTING HEAD FOR KSTP 78 AND KPER 1 TO BINARY FILE HEADS FROM KSTP 1 AND KPER 1

 CONCENTRATION WILL BE SAVED ON UNIT 1019 AT END OF TIME STEP   78, STRESS PERIOD    1

end timestep


start timestep kper="1" kstp="79" mode="normal"


 FMI SETTING BUDGET TERMS FOR KSTP 79 AND KPER 1 TO BUDGET FILE TERMS FROM KSTP 1 AND KPER 1

 FMI SETTING HEAD FOR KSTP 79 AND KPER 1 TO BINARY FILE HEADS FROM KSTP 1 AND KPER 1

 CONCENTRATION WILL BE SAVED ON UNIT 1019 AT END OF TIME STEP   79, STRESS PERIOD    1

end timestep


start timestep kper="1" kstp="80" mode="normal"


 FMI SETTING BUDGET TERMS FOR KSTP 80 AND KPER 1 TO BUDGET FILE TERMS FROM KSTP 1 AND KPER 1

 FMI SETTING HEAD FOR KSTP 80 AND KPER 1 TO BINARY FILE HEADS FROM KSTP 1 AND KPER 1

 CONCENTRATION WILL BE SAVED ON UNIT 1019 AT END OF TIME STEP   80, STRESS PERIOD    1

end timestep


start timestep kper="1" kstp="81" mode="normal"


 FMI SETTING BUDGET TERMS FOR KSTP 81 AND KPER 1 TO BUDGET FILE TERMS FROM KSTP 1 AND KPER 1

 FMI SETTING HEAD FOR KSTP 81 AND KPER 1 TO BINARY FILE HEADS FROM KSTP 1 AND KPER 1

 CONCENTRATION WILL BE SAVED ON UNIT 1019 AT END OF TIME STEP   81, STRESS PERIOD    1

end timestep


start timestep kper="1" kstp="82" mode="normal"


 FMI SETTING BUDGET TERMS FOR KSTP 82 AND KPER 1 TO BUDGET FILE TERMS FROM KSTP 1 AND KPER 1

 FMI SETTING HEAD FOR KSTP 82 AND KPER 1 TO BINARY FILE HEADS FROM KSTP 1 AND KPER 1

 CONCENTRATION WILL BE SAVED ON UNIT 1019 AT END OF TIME STEP   82, STRESS PERIOD    1

end timestep


start timestep kper="1" kstp="83" mode="normal"


 FMI SETTING BUDGET TERMS FOR KSTP 83 AND KPER 1 TO BUDGET FILE TERMS FROM KSTP 1 AND KPER 1

 FMI SETTING HEAD FOR KSTP 83 AND KPER 1 TO BINARY FILE HEADS FROM KSTP 1 AND KPER 1

 CONCENTRATION WILL BE SAVED ON UNIT 1019 AT END OF TIME STEP   83, STRESS PERIOD    1

end timestep


start timestep kper="1" kstp="84" mode="normal"


 FMI SETTING BUDGET TERMS FOR KSTP 84 AND KPER 1 TO BUDGET FILE TERMS FROM KSTP 1 AND KPER 1

 FMI SETTING HEAD FOR KSTP 84 AND KPER 1 TO BINARY FILE HEADS FROM KSTP 1 AND KPER 1

 CONCENTRATION WILL BE SAVED ON UNIT 1019 AT END OF TIME STEP   84, STRESS PERIOD    1

end timestep


start timestep kper="1" kstp="85" mode="normal"


 FMI SETTING BUDGET TERMS FOR KSTP 85 AND KPER 1 TO BUDGET FILE TERMS FROM KSTP 1 AND KPER 1

 FMI SETTING HEAD FOR KSTP 85 AND KPER 1 TO BINARY FILE HEADS FROM KSTP 1 AND KPER 1

 CONCENTRATION WILL BE SAVED ON UNIT 1019 AT END OF TIME STEP   85, STRESS PERIOD    1

end timestep


start timestep kper="1" kstp="86" mode="normal"


 FMI SETTING BUDGET TERMS FOR KSTP 86 AND KPER 1 TO BUDGET FILE TERMS FROM KSTP 1 AND KPER 1

 FMI SETTING HEAD FOR KSTP 86 AND KPER 1 TO BINARY FILE HEADS FROM KSTP 1 AND KPER 1

 CONCENTRATION WILL BE SAVED ON UNIT 1019 AT END OF TIME STEP   86, STRESS PERIOD    1

end timestep


start timestep kper="1" kstp="87" mode="normal"


 FMI SETTING BUDGET TERMS FOR KSTP 87 AND KPER 1 TO BUDGET FILE TERMS FROM KSTP 1 AND KPER 1

 FMI SETTING HEAD FOR KSTP 87 AND KPER 1 TO BINARY FILE HEADS FROM KSTP 1 AND KPER 1

 CONCENTRATION WILL BE SAVED ON UNIT 1019 AT END OF TIME STEP   87, STRESS PERIOD    1

end timestep


start timestep kper="1" kstp="88" mode="normal"


 FMI SETTING BUDGET TERMS FOR KSTP 88 AND KPER 1 TO BUDGET FILE TERMS FROM KSTP 1 AND KPER 1

 FMI SETTING HEAD FOR KSTP 88 AND KPER 1 TO BINARY FILE HEADS FROM KSTP 1 AND KPER 1

 CONCENTRATION WILL BE SAVED ON UNIT 1019 AT END OF TIME STEP   88, STRESS PERIOD    1

end timestep


start timestep kper="1" kstp="89" mode="normal"


 FMI SETTING BUDGET TERMS FOR KSTP 89 AND KPER 1 TO BUDGET FILE TERMS FROM KSTP 1 AND KPER 1

 FMI SETTING HEAD FOR KSTP 89 AND KPER 1 TO BINARY FILE HEADS FROM KSTP 1 AND KPER 1

 CONCENTRATION WILL BE SAVED ON UNIT 1019 AT END OF TIME STEP   89, STRESS PERIOD    1

end timestep


start timestep kper="1" kstp="90" mode="normal"


 FMI SETTING BUDGET TERMS FOR KSTP 90 AND KPER 1 TO BUDGET FILE TERMS FROM KSTP 1 AND KPER 1

 FMI SETTING HEAD FOR KSTP 90 AND KPER 1 TO BINARY FILE HEADS FROM KSTP 1 AND KPER 1

 CONCENTRATION WILL BE SAVED ON UNIT 1019 AT END OF TIME STEP   90, STRESS PERIOD    1

end timestep


start timestep kper="1" kstp="91" mode="normal"


 FMI SETTING BUDGET TERMS FOR KSTP 91 AND KPER 1 TO BUDGET FILE TERMS FROM KSTP 1 AND KPER 1

 FMI SETTING HEAD FOR KSTP 91 AND KPER 1 TO BINARY FILE HEADS FROM KSTP 1 AND KPER 1

 CONCENTRATION WILL BE SAVED ON UNIT 1019 AT END OF TIME STEP   91, STRESS PERIOD    1

end timestep


start timestep kper="1" kstp="92" mode="normal"


 FMI SETTING BUDGET TERMS FOR KSTP 92 AND KPER 1 TO BUDGET FILE TERMS FROM KSTP 1 AND KPER 1

 FMI SETTING HEAD FOR KSTP 92 AND KPER 1 TO BINARY FILE HEADS FROM KSTP 1 AND KPER 1

 CONCENTRATION WILL BE SAVED ON UNIT 1019 AT END OF TIME STEP   92, STRESS PERIOD    1

end timestep


start timestep kper="1" kstp="93" mode="normal"


 FMI SETTING BUDGET TERMS FOR KSTP 93 AND KPER 1 TO BUDGET FILE TERMS FROM KSTP 1 AND KPER 1

 FMI SETTING HEAD FOR KSTP 93 AND KPER 1 TO BINARY FILE HEADS FROM KSTP 1 AND KPER 1

 CONCENTRATION WILL BE SAVED ON UNIT 1019 AT END OF TIME STEP   93, STRESS PERIOD    1

end timestep


start timestep kper="1" kstp="94" mode="normal"


 FMI SETTING BUDGET TERMS FOR KSTP 94 AND KPER 1 TO BUDGET FILE TERMS FROM KSTP 1 AND KPER 1

 FMI SETTING HEAD FOR KSTP 94 AND KPER 1 TO BINARY FILE HEADS FROM KSTP 1 AND KPER 1

 CONCENTRATION WILL BE SAVED ON UNIT 1019 AT END OF TIME STEP   94, STRESS PERIOD    1

end timestep


start timestep kper="1" kstp="95" mode="normal"


 FMI SETTING BUDGET TERMS FOR KSTP 95 AND KPER 1 TO BUDGET FILE TERMS FROM KSTP 1 AND KPER 1

 FMI SETTING HEAD FOR KSTP 95 AND KPER 1 TO BINARY FILE HEADS FROM KSTP 1 AND KPER 1

 CONCENTRATION WILL BE SAVED ON UNIT 1019 AT END OF TIME STEP   95, STRESS PERIOD    1

end timestep


start timestep kper="1" kstp="96" mode="normal"


 FMI SETTING BUDGET TERMS FOR KSTP 96 AND KPER 1 TO BUDGET FILE TERMS FROM KSTP 1 AND KPER 1

 FMI SETTING HEAD FOR KSTP 96 AND KPER 1 TO BINARY FILE HEADS FROM KSTP 1 AND KPER 1

 CONCENTRATION WILL BE SAVED ON UNIT 1019 AT END OF TIME STEP   96, STRESS PERIOD    1

end timestep


start timestep kper="1" kstp="97" mode="normal"


 FMI SETTING BUDGET TERMS FOR KSTP 97 AND KPER 1 TO BUDGET FILE TERMS FROM KSTP 1 AND KPER 1

 FMI SETTING HEAD FOR KSTP 97 AND KPER 1 TO BINARY FILE HEADS FROM KSTP 1 AND KPER 1

 CONCENTRATION WILL BE SAVED ON UNIT 1019 AT END OF TIME STEP   97, STRESS PERIOD    1

end timestep


start timestep kper="1" kstp="98" mode="normal"


 FMI SETTING BUDGET TERMS FOR KSTP 98 AND KPER 1 TO BUDGET FILE TERMS FROM KSTP 1 AND KPER 1

 FMI SETTING HEAD FOR KSTP 98 AND KPER 1 TO BINARY FILE HEADS FROM KSTP 1 AND KPER 1

 CONCENTRATION WILL BE SAVED ON UNIT 1019 AT END OF TIME STEP   98, STRESS PERIOD    1

end timestep


start timestep kper="1" kstp="99" mode="normal"


 FMI SETTING BUDGET TERMS FOR KSTP 99 AND KPER 1 TO BUDGET FILE TERMS FROM KSTP 1 AND KPER 1

 FMI SETTING HEAD FOR KSTP 99 AND KPER 1 TO BINARY FILE HEADS FROM KSTP 1 AND KPER 1

 CONCENTRATION WILL BE SAVED ON UNIT 1019 AT END OF TIME STEP   99, STRESS PERIOD    1

end timestep


start timestep kper="1" kstp="100" mode="normal"


 FMI SETTING BUDGET TERMS FOR KSTP 100 AND KPER 1 TO BUDGET FILE TERMS FROM KSTP 1 AND KPER 1

 FMI SETTING HEAD FOR KSTP 100 AND KPER 1 TO BINARY FILE HEADS FROM KSTP 1 AND KPER 1

 CONCENTRATION WILL BE SAVED ON UNIT 1019 AT END OF TIME STEP  100, STRESS PERIOD    1

end timestep


start timestep kper="1" kstp="101" mode="normal"


 FMI SETTING BUDGET TERMS FOR KSTP 101 AND KPER 1 TO BUDGET FILE TERMS FROM KSTP 1 AND KPER 1

 FMI SETTING HEAD FOR KSTP 101 AND KPER 1 TO BINARY FILE HEADS FROM KSTP 1 AND KPER 1

 CONCENTRATION WILL BE SAVED ON UNIT 1019 AT END OF TIME STEP  101, STRESS PERIOD    1

end timestep


start timestep kper="1" kstp="102" mode="normal"


 FMI SETTING BUDGET TERMS FOR KSTP 102 AND KPER 1 TO BUDGET FILE TERMS FROM KSTP 1 AND KPER 1

 FMI SETTING HEAD FOR KSTP 102 AND KPER 1 TO BINARY FILE HEADS FROM KSTP 1 AND KPER 1

 CONCENTRATION WILL BE SAVED ON UNIT 1019 AT END OF TIME STEP  102, STRESS PERIOD    1

end timestep


start timestep kper="1" kstp="103" mode="normal"


 FMI SETTING BUDGET TERMS FOR KSTP 103 AND KPER 1 TO BUDGET FILE TERMS FROM KSTP 1 AND KPER 1

 FMI SETTING HEAD FOR KSTP 103 AND KPER 1 TO BINARY FILE HEADS FROM KSTP 1 AND KPER 1

 CONCENTRATION WILL BE SAVED ON UNIT 1019 AT END OF TIME STEP  103, STRESS PERIOD    1

end timestep


start timestep kper="1" kstp="104" mode="normal"


 FMI SETTING BUDGET TERMS FOR KSTP 104 AND KPER 1 TO BUDGET FILE TERMS FROM KSTP 1 AND KPER 1

 FMI SETTING HEAD FOR KSTP 104 AND KPER 1 TO BINARY FILE HEADS FROM KSTP 1 AND KPER 1

 CONCENTRATION WILL BE SAVED ON UNIT 1019 AT END OF TIME STEP  104, STRESS PERIOD    1

end timestep


start timestep kper="1" kstp="105" mode="normal"


 FMI SETTING BUDGET TERMS FOR KSTP 105 AND KPER 1 TO BUDGET FILE TERMS FROM KSTP 1 AND KPER 1

 FMI SETTING HEAD FOR KSTP 105 AND KPER 1 TO BINARY FILE HEADS FROM KSTP 1 AND KPER 1

 CONCENTRATION WILL BE SAVED ON UNIT 1019 AT END OF TIME STEP  105, STRESS PERIOD    1

end timestep


start timestep kper="1" kstp="106" mode="normal"


 FMI SETTING BUDGET TERMS FOR KSTP 106 AND KPER 1 TO BUDGET FILE TERMS FROM KSTP 1 AND KPER 1

 FMI SETTING HEAD FOR KSTP 106 AND KPER 1 TO BINARY FILE HEADS FROM KSTP 1 AND KPER 1

 CONCENTRATION WILL BE SAVED ON UNIT 1019 AT END OF TIME STEP  106, STRESS PERIOD    1

end timestep


start timestep kper="1" kstp="107" mode="normal"


 FMI SETTING BUDGET TERMS FOR KSTP 107 AND KPER 1 TO BUDGET FILE TERMS FROM KSTP 1 AND KPER 1

 FMI SETTING HEAD FOR KSTP 107 AND KPER 1 TO BINARY FILE HEADS FROM KSTP 1 AND KPER 1

 CONCENTRATION WILL BE SAVED ON UNIT 1019 AT END OF TIME STEP  107, STRESS PERIOD    1

end timestep


start timestep kper="1" kstp="108" mode="normal"


 FMI SETTING BUDGET TERMS FOR KSTP 108 AND KPER 1 TO BUDGET FILE TERMS FROM KSTP 1 AND KPER 1

 FMI SETTING HEAD FOR KSTP 108 AND KPER 1 TO BINARY FILE HEADS FROM KSTP 1 AND KPER 1

 CONCENTRATION WILL BE SAVED ON UNIT 1019 AT END OF TIME STEP  108, STRESS PERIOD    1

end timestep


start timestep kper="1" kstp="109" mode="normal"


 FMI SETTING BUDGET TERMS FOR KSTP 109 AND KPER 1 TO BUDGET FILE TERMS FROM KSTP 1 AND KPER 1

 FMI SETTING HEAD FOR KSTP 109 AND KPER 1 TO BINARY FILE HEADS FROM KSTP 1 AND KPER 1

 CONCENTRATION WILL BE SAVED ON UNIT 1019 AT END OF TIME STEP  109, STRESS PERIOD    1

end timestep


start timestep kper="1" kstp="110" mode="normal"


 FMI SETTING BUDGET TERMS FOR KSTP 110 AND KPER 1 TO BUDGET FILE TERMS FROM KSTP 1 AND KPER 1

 FMI SETTING HEAD FOR KSTP 110 AND KPER 1 TO BINARY FILE HEADS FROM KSTP 1 AND KPER 1

 CONCENTRATION WILL BE SAVED ON UNIT 1019 AT END OF TIME STEP  110, STRESS PERIOD    1

end timestep


start timestep kper="1" kstp="111" mode="normal"


 FMI SETTING BUDGET TERMS FOR KSTP 111 AND KPER 1 TO BUDGET FILE TERMS FROM KSTP 1 AND KPER 1

 FMI SETTING HEAD FOR KSTP 111 AND KPER 1 TO BINARY FILE HEADS FROM KSTP 1 AND KPER 1

 CONCENTRATION WILL BE SAVED ON UNIT 1019 AT END OF TIME STEP  111, STRESS PERIOD    1

end timestep


start timestep kper="1" kstp="112" mode="normal"


 FMI SETTING BUDGET TERMS FOR KSTP 112 AND KPER 1 TO BUDGET FILE TERMS FROM KSTP 1 AND KPER 1

 FMI SETTING HEAD FOR KSTP 112 AND KPER 1 TO BINARY FILE HEADS FROM KSTP 1 AND KPER 1

 CONCENTRATION WILL BE SAVED ON UNIT 1019 AT END OF TIME STEP  112, STRESS PERIOD    1

end timestep


start timestep kper="1" kstp="113" mode="normal"


 FMI SETTING BUDGET TERMS FOR KSTP 113 AND KPER 1 TO BUDGET FILE TERMS FROM KSTP 1 AND KPER 1

 FMI SETTING HEAD FOR KSTP 113 AND KPER 1 TO BINARY FILE HEADS FROM KSTP 1 AND KPER 1

 CONCENTRATION WILL BE SAVED ON UNIT 1019 AT END OF TIME STEP  113, STRESS PERIOD    1

end timestep


start timestep kper="1" kstp="114" mode="normal"


 FMI SETTING BUDGET TERMS FOR KSTP 114 AND KPER 1 TO BUDGET FILE TERMS FROM KSTP 1 AND KPER 1

 FMI SETTING HEAD FOR KSTP 114 AND KPER 1 TO BINARY FILE HEADS FROM KSTP 1 AND KPER 1

 CONCENTRATION WILL BE SAVED ON UNIT 1019 AT END OF TIME STEP  114, STRESS PERIOD    1

end timestep


start timestep kper="1" kstp="115" mode="normal"


 FMI SETTING BUDGET TERMS FOR KSTP 115 AND KPER 1 TO BUDGET FILE TERMS FROM KSTP 1 AND KPER 1

 FMI SETTING HEAD FOR KSTP 115 AND KPER 1 TO BINARY FILE HEADS FROM KSTP 1 AND KPER 1

 CONCENTRATION WILL BE SAVED ON UNIT 1019 AT END OF TIME STEP  115, STRESS PERIOD    1

end timestep


start timestep kper="1" kstp="116" mode="normal"


 FMI SETTING BUDGET TERMS FOR KSTP 116 AND KPER 1 TO BUDGET FILE TERMS FROM KSTP 1 AND KPER 1

 FMI SETTING HEAD FOR KSTP 116 AND KPER 1 TO BINARY FILE HEADS FROM KSTP 1 AND KPER 1

 CONCENTRATION WILL BE SAVED ON UNIT 1019 AT END OF TIME STEP  116, STRESS PERIOD    1

end timestep


start timestep kper="1" kstp="117" mode="normal"


 FMI SETTING BUDGET TERMS FOR KSTP 117 AND KPER 1 TO BUDGET FILE TERMS FROM KSTP 1 AND KPER 1

 FMI SETTING HEAD FOR KSTP 117 AND KPER 1 TO BINARY FILE HEADS FROM KSTP 1 AND KPER 1

 CONCENTRATION WILL BE SAVED ON UNIT 1019 AT END OF TIME STEP  117, STRESS PERIOD    1

end timestep


start timestep kper="1" kstp="118" mode="normal"


 FMI SETTING BUDGET TERMS FOR KSTP 118 AND KPER 1 TO BUDGET FILE TERMS FROM KSTP 1 AND KPER 1

 FMI SETTING HEAD FOR KSTP 118 AND KPER 1 TO BINARY FILE HEADS FROM KSTP 1 AND KPER 1

 CONCENTRATION WILL BE SAVED ON UNIT 1019 AT END OF TIME STEP  118, STRESS PERIOD    1

end timestep


start timestep kper="1" kstp="119" mode="normal"


 FMI SETTING BUDGET TERMS FOR KSTP 119 AND KPER 1 TO BUDGET FILE TERMS FROM KSTP 1 AND KPER 1

 FMI SETTING HEAD FOR KSTP 119 AND KPER 1 TO BINARY FILE HEADS FROM KSTP 1 AND KPER 1

 CONCENTRATION WILL BE SAVED ON UNIT 1019 AT END OF TIME STEP  119, STRESS PERIOD    1

end timestep


start timestep kper="1" kstp="120" mode="normal"


 FMI SETTING BUDGET TERMS FOR KSTP 120 AND KPER 1 TO BUDGET FILE TERMS FROM KSTP 1 AND KPER 1

 FMI SETTING HEAD FOR KSTP 120 AND KPER 1 TO BINARY FILE HEADS FROM KSTP 1 AND KPER 1

 CONCENTRATION WILL BE SAVED ON UNIT 1019 AT END OF TIME STEP  120, STRESS PERIOD    1

end timestep


start timestep kper="1" kstp="121" mode="normal"


 FMI SETTING BUDGET TERMS FOR KSTP 121 AND KPER 1 TO BUDGET FILE TERMS FROM KSTP 1 AND KPER 1

 FMI SETTING HEAD FOR KSTP 121 AND KPER 1 TO BINARY FILE HEADS FROM KSTP 1 AND KPER 1

 CONCENTRATION WILL BE SAVED ON UNIT 1019 AT END OF TIME STEP  121, STRESS PERIOD    1

end timestep


start timestep kper="1" kstp="122" mode="normal"


 FMI SETTING BUDGET TERMS FOR KSTP 122 AND KPER 1 TO BUDGET FILE TERMS FROM KSTP 1 AND KPER 1

 FMI SETTING HEAD FOR KSTP 122 AND KPER 1 TO BINARY FILE HEADS FROM KSTP 1 AND KPER 1

 CONCENTRATION WILL BE SAVED ON UNIT 1019 AT END OF TIME STEP  122, STRESS PERIOD    1

end timestep


start timestep kper="1" kstp="123" mode="normal"


 FMI SETTING BUDGET TERMS FOR KSTP 123 AND KPER 1 TO BUDGET FILE TERMS FROM KSTP 1 AND KPER 1

 FMI SETTING HEAD FOR KSTP 123 AND KPER 1 TO BINARY FILE HEADS FROM KSTP 1 AND KPER 1

 CONCENTRATION WILL BE SAVED ON UNIT 1019 AT END OF TIME STEP  123, STRESS PERIOD    1

end timestep


start timestep kper="1" kstp="124" mode="normal"


 FMI SETTING BUDGET TERMS FOR KSTP 124 AND KPER 1 TO BUDGET FILE TERMS FROM KSTP 1 AND KPER 1

 FMI SETTING HEAD FOR KSTP 124 AND KPER 1 TO BINARY FILE HEADS FROM KSTP 1 AND KPER 1

 CONCENTRATION WILL BE SAVED ON UNIT 1019 AT END OF TIME STEP  124, STRESS PERIOD    1

end timestep


start timestep kper="1" kstp="125" mode="normal"


 FMI SETTING BUDGET TERMS FOR KSTP 125 AND KPER 1 TO BUDGET FILE TERMS FROM KSTP 1 AND KPER 1

 FMI SETTING HEAD FOR KSTP 125 AND KPER 1 TO BINARY FILE HEADS FROM KSTP 1 AND KPER 1

 CONCENTRATION WILL BE SAVED ON UNIT 1019 AT END OF TIME STEP  125, STRESS PERIOD    1

end timestep


start timestep kper="1" kstp="126" mode="normal"


 FMI SETTING BUDGET TERMS FOR KSTP 126 AND KPER 1 TO BUDGET FILE TERMS FROM KSTP 1 AND KPER 1

 FMI SETTING HEAD FOR KSTP 126 AND KPER 1 TO BINARY FILE HEADS FROM KSTP 1 AND KPER 1

 CONCENTRATION WILL BE SAVED ON UNIT 1019 AT END OF TIME STEP  126, STRESS PERIOD    1

end timestep


start timestep kper="1" kstp="127" mode="normal"


 FMI SETTING BUDGET TERMS FOR KSTP 127 AND KPER 1 TO BUDGET FILE TERMS FROM KSTP 1 AND KPER 1

 FMI SETTING HEAD FOR KSTP 127 AND KPER 1 TO BINARY FILE HEADS FROM KSTP 1 AND KPER 1

 CONCENTRATION WILL BE SAVED ON UNIT 1019 AT END OF TIME STEP  127, STRESS PERIOD    1

end timestep


start timestep kper="1" kstp="128" mode="normal"


 FMI SETTING BUDGET TERMS FOR KSTP 128 AND KPER 1 TO BUDGET FILE TERMS FROM KSTP 1 AND KPER 1

 FMI SETTING HEAD FOR KSTP 128 AND KPER 1 TO BINARY FILE HEADS FROM KSTP 1 AND KPER 1

 CONCENTRATION WILL BE SAVED ON UNIT 1019 AT END OF TIME STEP  128, STRESS PERIOD    1

end timestep


start timestep kper="1" kstp="129" mode="normal"


 FMI SETTING BUDGET TERMS FOR KSTP 129 AND KPER 1 TO BUDGET FILE TERMS FROM KSTP 1 AND KPER 1

 FMI SETTING HEAD FOR KSTP 129 AND KPER 1 TO BINARY FILE HEADS FROM KSTP 1 AND KPER 1

 CONCENTRATION WILL BE SAVED ON UNIT 1019 AT END OF TIME STEP  129, STRESS PERIOD    1

end timestep


start timestep kper="1" kstp="130" mode="normal"


 FMI SETTING BUDGET TERMS FOR KSTP 130 AND KPER 1 TO BUDGET FILE TERMS FROM KSTP 1 AND KPER 1

 FMI SETTING HEAD FOR KSTP 130 AND KPER 1 TO BINARY FILE HEADS FROM KSTP 1 AND KPER 1

 CONCENTRATION WILL BE SAVED ON UNIT 1019 AT END OF TIME STEP  130, STRESS PERIOD    1

end timestep


start timestep kper="1" kstp="131" mode="normal"


 FMI SETTING BUDGET TERMS FOR KSTP 131 AND KPER 1 TO BUDGET FILE TERMS FROM KSTP 1 AND KPER 1

 FMI SETTING HEAD FOR KSTP 131 AND KPER 1 TO BINARY FILE HEADS FROM KSTP 1 AND KPER 1

 CONCENTRATION WILL BE SAVED ON UNIT 1019 AT END OF TIME STEP  131, STRESS PERIOD    1

end timestep


start timestep kper="1" kstp="132" mode="normal"


 FMI SETTING BUDGET TERMS FOR KSTP 132 AND KPER 1 TO BUDGET FILE TERMS FROM KSTP 1 AND KPER 1

 FMI SETTING HEAD FOR KSTP 132 AND KPER 1 TO BINARY FILE HEADS FROM KSTP 1 AND KPER 1

 CONCENTRATION WILL BE SAVED ON UNIT 1019 AT END OF TIME STEP  132, STRESS PERIOD    1

end timestep


start timestep kper="1" kstp="133" mode="normal"


 FMI SETTING BUDGET TERMS FOR KSTP 133 AND KPER 1 TO BUDGET FILE TERMS FROM KSTP 1 AND KPER 1

 FMI SETTING HEAD FOR KSTP 133 AND KPER 1 TO BINARY FILE HEADS FROM KSTP 1 AND KPER 1

 CONCENTRATION WILL BE SAVED ON UNIT 1019 AT END OF TIME STEP  133, STRESS PERIOD    1

end timestep


start timestep kper="1" kstp="134" mode="normal"


 FMI SETTING BUDGET TERMS FOR KSTP 134 AND KPER 1 TO BUDGET FILE TERMS FROM KSTP 1 AND KPER 1

 FMI SETTING HEAD FOR KSTP 134 AND KPER 1 TO BINARY FILE HEADS FROM KSTP 1 AND KPER 1

 CONCENTRATION WILL BE SAVED ON UNIT 1019 AT END OF TIME STEP  134, STRESS PERIOD    1

end timestep


start timestep kper="1" kstp="135" mode="normal"


 FMI SETTING BUDGET TERMS FOR KSTP 135 AND KPER 1 TO BUDGET FILE TERMS FROM KSTP 1 AND KPER 1

 FMI SETTING HEAD FOR KSTP 135 AND KPER 1 TO BINARY FILE HEADS FROM KSTP 1 AND KPER 1

 CONCENTRATION WILL BE SAVED ON UNIT 1019 AT END OF TIME STEP  135, STRESS PERIOD    1

end timestep


start timestep kper="1" kstp="136" mode="normal"


 FMI SETTING BUDGET TERMS FOR KSTP 136 AND KPER 1 TO BUDGET FILE TERMS FROM KSTP 1 AND KPER 1

 FMI SETTING HEAD FOR KSTP 136 AND KPER 1 TO BINARY FILE HEADS FROM KSTP 1 AND KPER 1

 CONCENTRATION WILL BE SAVED ON UNIT 1019 AT END OF TIME STEP  136, STRESS PERIOD    1

end timestep


start timestep kper="1" kstp="137" mode="normal"


 FMI SETTING BUDGET TERMS FOR KSTP 137 AND KPER 1 TO BUDGET FILE TERMS FROM KSTP 1 AND KPER 1

 FMI SETTING HEAD FOR KSTP 137 AND KPER 1 TO BINARY FILE HEADS FROM KSTP 1 AND KPER 1

 CONCENTRATION WILL BE SAVED ON UNIT 1019 AT END OF TIME STEP  137, STRESS PERIOD    1

end timestep


start timestep kper="1" kstp="138" mode="normal"


 FMI SETTING BUDGET TERMS FOR KSTP 138 AND KPER 1 TO BUDGET FILE TERMS FROM KSTP 1 AND KPER 1

 FMI SETTING HEAD FOR KSTP 138 AND KPER 1 TO BINARY FILE HEADS FROM KSTP 1 AND KPER 1

 CONCENTRATION WILL BE SAVED ON UNIT 1019 AT END OF TIME STEP  138, STRESS PERIOD    1

end timestep


start timestep kper="1" kstp="139" mode="normal"


 FMI SETTING BUDGET TERMS FOR KSTP 139 AND KPER 1 TO BUDGET FILE TERMS FROM KSTP 1 AND KPER 1

 FMI SETTING HEAD FOR KSTP 139 AND KPER 1 TO BINARY FILE HEADS FROM KSTP 1 AND KPER 1

 CONCENTRATION WILL BE SAVED ON UNIT 1019 AT END OF TIME STEP  139, STRESS PERIOD    1

end timestep


start timestep kper="1" kstp="140" mode="normal"


 FMI SETTING BUDGET TERMS FOR KSTP 140 AND KPER 1 TO BUDGET FILE TERMS FROM KSTP 1 AND KPER 1

 FMI SETTING HEAD FOR KSTP 140 AND KPER 1 TO BINARY FILE HEADS FROM KSTP 1 AND KPER 1

 CONCENTRATION WILL BE SAVED ON UNIT 1019 AT END OF TIME STEP  140, STRESS PERIOD    1

end timestep


start timestep kper="1" kstp="141" mode="normal"


 FMI SETTING BUDGET TERMS FOR KSTP 141 AND KPER 1 TO BUDGET FILE TERMS FROM KSTP 1 AND KPER 1

 FMI SETTING HEAD FOR KSTP 141 AND KPER 1 TO BINARY FILE HEADS FROM KSTP 1 AND KPER 1

 CONCENTRATION WILL BE SAVED ON UNIT 1019 AT END OF TIME STEP  141, STRESS PERIOD    1

end timestep


start timestep kper="1" kstp="142" mode="normal"


 FMI SETTING BUDGET TERMS FOR KSTP 142 AND KPER 1 TO BUDGET FILE TERMS FROM KSTP 1 AND KPER 1

 FMI SETTING HEAD FOR KSTP 142 AND KPER 1 TO BINARY FILE HEADS FROM KSTP 1 AND KPER 1

 CONCENTRATION WILL BE SAVED ON UNIT 1019 AT END OF TIME STEP  142, STRESS PERIOD    1

end timestep


start timestep kper="1" kstp="143" mode="normal"


 FMI SETTING BUDGET TERMS FOR KSTP 143 AND KPER 1 TO BUDGET FILE TERMS FROM KSTP 1 AND KPER 1

 FMI SETTING HEAD FOR KSTP 143 AND KPER 1 TO BINARY FILE HEADS FROM KSTP 1 AND KPER 1

 CONCENTRATION WILL BE SAVED ON UNIT 1019 AT END OF TIME STEP  143, STRESS PERIOD    1

end timestep


start timestep kper="1" kstp="144" mode="normal"


 FMI SETTING BUDGET TERMS FOR KSTP 144 AND KPER 1 TO BUDGET FILE TERMS FROM KSTP 1 AND KPER 1

 FMI SETTING HEAD FOR KSTP 144 AND KPER 1 TO BINARY FILE HEADS FROM KSTP 1 AND KPER 1

 CONCENTRATION WILL BE SAVED ON UNIT 1019 AT END OF TIME STEP  144, STRESS PERIOD    1

end timestep


start timestep kper="1" kstp="145" mode="normal"


 FMI SETTING BUDGET TERMS FOR KSTP 145 AND KPER 1 TO BUDGET FILE TERMS FROM KSTP 1 AND KPER 1

 FMI SETTING HEAD FOR KSTP 145 AND KPER 1 TO BINARY FILE HEADS FROM KSTP 1 AND KPER 1

 CONCENTRATION WILL BE SAVED ON UNIT 1019 AT END OF TIME STEP  145, STRESS PERIOD    1

end timestep


start timestep kper="1" kstp="146" mode="normal"


 FMI SETTING BUDGET TERMS FOR KSTP 146 AND KPER 1 TO BUDGET FILE TERMS FROM KSTP 1 AND KPER 1

 FMI SETTING HEAD FOR KSTP 146 AND KPER 1 TO BINARY FILE HEADS FROM KSTP 1 AND KPER 1

 CONCENTRATION WILL BE SAVED ON UNIT 1019 AT END OF TIME STEP  146, STRESS PERIOD    1

end timestep


start timestep kper="1" kstp="147" mode="normal"


 FMI SETTING BUDGET TERMS FOR KSTP 147 AND KPER 1 TO BUDGET FILE TERMS FROM KSTP 1 AND KPER 1

 FMI SETTING HEAD FOR KSTP 147 AND KPER 1 TO BINARY FILE HEADS FROM KSTP 1 AND KPER 1

 CONCENTRATION WILL BE SAVED ON UNIT 1019 AT END OF TIME STEP  147, STRESS PERIOD    1

end timestep


start timestep kper="1" kstp="148" mode="normal"


 FMI SETTING BUDGET TERMS FOR KSTP 148 AND KPER 1 TO BUDGET FILE TERMS FROM KSTP 1 AND KPER 1

 FMI SETTING HEAD FOR KSTP 148 AND KPER 1 TO BINARY FILE HEADS FROM KSTP 1 AND KPER 1

 CONCENTRATION WILL BE SAVED ON UNIT 1019 AT END OF TIME STEP  148, STRESS PERIOD    1

end timestep


start timestep kper="1" kstp="149" mode="normal"


 FMI SETTING BUDGET TERMS FOR KSTP 149 AND KPER 1 TO BUDGET FILE TERMS FROM KSTP 1 AND KPER 1

 FMI SETTING HEAD FOR KSTP 149 AND KPER 1 TO BINARY FILE HEADS FROM KSTP 1 AND KPER 1

 CONCENTRATION WILL BE SAVED ON UNIT 1019 AT END OF TIME STEP  149, STRESS PERIOD    1

end timestep


start timestep kper="1" kstp="150" mode="normal"


 FMI SETTING BUDGET TERMS FOR KSTP 150 AND KPER 1 TO BUDGET FILE TERMS FROM KSTP 1 AND KPER 1

 FMI SETTING HEAD FOR KSTP 150 AND KPER 1 TO BINARY FILE HEADS FROM KSTP 1 AND KPER 1

 CONCENTRATION WILL BE SAVED ON UNIT 1019 AT END OF TIME STEP  150, STRESS PERIOD    1

end timestep


start timestep kper="1" kstp="151" mode="normal"


 FMI SETTING BUDGET TERMS FOR KSTP 151 AND KPER 1 TO BUDGET FILE TERMS FROM KSTP 1 AND KPER 1

 FMI SETTING HEAD FOR KSTP 151 AND KPER 1 TO BINARY FILE HEADS FROM KSTP 1 AND KPER 1

 CONCENTRATION WILL BE SAVED ON UNIT 1019 AT END OF TIME STEP  151, STRESS PERIOD    1

end timestep


start timestep kper="1" kstp="152" mode="normal"


 FMI SETTING BUDGET TERMS FOR KSTP 152 AND KPER 1 TO BUDGET FILE TERMS FROM KSTP 1 AND KPER 1

 FMI SETTING HEAD FOR KSTP 152 AND KPER 1 TO BINARY FILE HEADS FROM KSTP 1 AND KPER 1

 CONCENTRATION WILL BE SAVED ON UNIT 1019 AT END OF TIME STEP  152, STRESS PERIOD    1

end timestep


start timestep kper="1" kstp="153" mode="normal"


 FMI SETTING BUDGET TERMS FOR KSTP 153 AND KPER 1 TO BUDGET FILE TERMS FROM KSTP 1 AND KPER 1

 FMI SETTING HEAD FOR KSTP 153 AND KPER 1 TO BINARY FILE HEADS FROM KSTP 1 AND KPER 1

 CONCENTRATION WILL BE SAVED ON UNIT 1019 AT END OF TIME STEP  153, STRESS PERIOD    1

end timestep


start timestep kper="1" kstp="154" mode="normal"


 FMI SETTING BUDGET TERMS FOR KSTP 154 AND KPER 1 TO BUDGET FILE TERMS FROM KSTP 1 AND KPER 1

 FMI SETTING HEAD FOR KSTP 154 AND KPER 1 TO BINARY FILE HEADS FROM KSTP 1 AND KPER 1

 CONCENTRATION WILL BE SAVED ON UNIT 1019 AT END OF TIME STEP  154, STRESS PERIOD    1

end timestep


start timestep kper="1" kstp="155" mode="normal"


 FMI SETTING BUDGET TERMS FOR KSTP 155 AND KPER 1 TO BUDGET FILE TERMS FROM KSTP 1 AND KPER 1

 FMI SETTING HEAD FOR KSTP 155 AND KPER 1 TO BINARY FILE HEADS FROM KSTP 1 AND KPER 1

 CONCENTRATION WILL BE SAVED ON UNIT 1019 AT END OF TIME STEP  155, STRESS PERIOD    1

end timestep


start timestep kper="1" kstp="156" mode="normal"


 FMI SETTING BUDGET TERMS FOR KSTP 156 AND KPER 1 TO BUDGET FILE TERMS FROM KSTP 1 AND KPER 1

 FMI SETTING HEAD FOR KSTP 156 AND KPER 1 TO BINARY FILE HEADS FROM KSTP 1 AND KPER 1

 CONCENTRATION WILL BE SAVED ON UNIT 1019 AT END OF TIME STEP  156, STRESS PERIOD    1

end timestep


start timestep kper="1" kstp="157" mode="normal"


 FMI SETTING BUDGET TERMS FOR KSTP 157 AND KPER 1 TO BUDGET FILE TERMS FROM KSTP 1 AND KPER 1

 FMI SETTING HEAD FOR KSTP 157 AND KPER 1 TO BINARY FILE HEADS FROM KSTP 1 AND KPER 1

 CONCENTRATION WILL BE SAVED ON UNIT 1019 AT END OF TIME STEP  157, STRESS PERIOD    1

end timestep


start timestep kper="1" kstp="158" mode="normal"


 FMI SETTING BUDGET TERMS FOR KSTP 158 AND KPER 1 TO BUDGET FILE TERMS FROM KSTP 1 AND KPER 1

 FMI SETTING HEAD FOR KSTP 158 AND KPER 1 TO BINARY FILE HEADS FROM KSTP 1 AND KPER 1

 CONCENTRATION WILL BE SAVED ON UNIT 1019 AT END OF TIME STEP  158, STRESS PERIOD    1

end timestep


start timestep kper="1" kstp="159" mode="normal"


 FMI SETTING BUDGET TERMS FOR KSTP 159 AND KPER 1 TO BUDGET FILE TERMS FROM KSTP 1 AND KPER 1

 FMI SETTING HEAD FOR KSTP 159 AND KPER 1 TO BINARY FILE HEADS FROM KSTP 1 AND KPER 1

 CONCENTRATION WILL BE SAVED ON UNIT 1019 AT END OF TIME STEP  159, STRESS PERIOD    1

end timestep


start timestep kper="1" kstp="160" mode="normal"


 FMI SETTING BUDGET TERMS FOR KSTP 160 AND KPER 1 TO BUDGET FILE TERMS FROM KSTP 1 AND KPER 1

 FMI SETTING HEAD FOR KSTP 160 AND KPER 1 TO BINARY FILE HEADS FROM KSTP 1 AND KPER 1

 CONCENTRATION WILL BE SAVED ON UNIT 1019 AT END OF TIME STEP  160, STRESS PERIOD    1

end timestep


start timestep kper="1" kstp="161" mode="normal"


 FMI SETTING BUDGET TERMS FOR KSTP 161 AND KPER 1 TO BUDGET FILE TERMS FROM KSTP 1 AND KPER 1

 FMI SETTING HEAD FOR KSTP 161 AND KPER 1 TO BINARY FILE HEADS FROM KSTP 1 AND KPER 1

 CONCENTRATION WILL BE SAVED ON UNIT 1019 AT END OF TIME STEP  161, STRESS PERIOD    1

end timestep


start timestep kper="1" kstp="162" mode="normal"


 FMI SETTING BUDGET TERMS FOR KSTP 162 AND KPER 1 TO BUDGET FILE TERMS FROM KSTP 1 AND KPER 1

 FMI SETTING HEAD FOR KSTP 162 AND KPER 1 TO BINARY FILE HEADS FROM KSTP 1 AND KPER 1

 CONCENTRATION WILL BE SAVED ON UNIT 1019 AT END OF TIME STEP  162, STRESS PERIOD    1

end timestep


start timestep kper="1" kstp="163" mode="normal"


 FMI SETTING BUDGET TERMS FOR KSTP 163 AND KPER 1 TO BUDGET FILE TERMS FROM KSTP 1 AND KPER 1

 FMI SETTING HEAD FOR KSTP 163 AND KPER 1 TO BINARY FILE HEADS FROM KSTP 1 AND KPER 1

 CONCENTRATION WILL BE SAVED ON UNIT 1019 AT END OF TIME STEP  163, STRESS PERIOD    1

end timestep


start timestep kper="1" kstp="164" mode="normal"


 FMI SETTING BUDGET TERMS FOR KSTP 164 AND KPER 1 TO BUDGET FILE TERMS FROM KSTP 1 AND KPER 1

 FMI SETTING HEAD FOR KSTP 164 AND KPER 1 TO BINARY FILE HEADS FROM KSTP 1 AND KPER 1

 CONCENTRATION WILL BE SAVED ON UNIT 1019 AT END OF TIME STEP  164, STRESS PERIOD    1

end timestep


start timestep kper="1" kstp="165" mode="normal"


 FMI SETTING BUDGET TERMS FOR KSTP 165 AND KPER 1 TO BUDGET FILE TERMS FROM KSTP 1 AND KPER 1

 FMI SETTING HEAD FOR KSTP 165 AND KPER 1 TO BINARY FILE HEADS FROM KSTP 1 AND KPER 1

 CONCENTRATION WILL BE SAVED ON UNIT 1019 AT END OF TIME STEP  165, STRESS PERIOD    1

end timestep


start timestep kper="1" kstp="166" mode="normal"


 FMI SETTING BUDGET TERMS FOR KSTP 166 AND KPER 1 TO BUDGET FILE TERMS FROM KSTP 1 AND KPER 1

 FMI SETTING HEAD FOR KSTP 166 AND KPER 1 TO BINARY FILE HEADS FROM KSTP 1 AND KPER 1

 CONCENTRATION WILL BE SAVED ON UNIT 1019 AT END OF TIME STEP  166, STRESS PERIOD    1

end timestep


start timestep kper="1" kstp="167" mode="normal"


 FMI SETTING BUDGET TERMS FOR KSTP 167 AND KPER 1 TO BUDGET FILE TERMS FROM KSTP 1 AND KPER 1

 FMI SETTING HEAD FOR KSTP 167 AND KPER 1 TO BINARY FILE HEADS FROM KSTP 1 AND KPER 1

 CONCENTRATION WILL BE SAVED ON UNIT 1019 AT END OF TIME STEP  167, STRESS PERIOD    1

end timestep


start timestep kper="1" kstp="168" mode="normal"


 FMI SETTING BUDGET TERMS FOR KSTP 168 AND KPER 1 TO BUDGET FILE TERMS FROM KSTP 1 AND KPER 1

 FMI SETTING HEAD FOR KSTP 168 AND KPER 1 TO BINARY FILE HEADS FROM KSTP 1 AND KPER 1

 CONCENTRATION WILL BE SAVED ON UNIT 1019 AT END OF TIME STEP  168, STRESS PERIOD    1

end timestep


start timestep kper="1" kstp="169" mode="normal"


 FMI SETTING BUDGET TERMS FOR KSTP 169 AND KPER 1 TO BUDGET FILE TERMS FROM KSTP 1 AND KPER 1

 FMI SETTING HEAD FOR KSTP 169 AND KPER 1 TO BINARY FILE HEADS FROM KSTP 1 AND KPER 1

 CONCENTRATION WILL BE SAVED ON UNIT 1019 AT END OF TIME STEP  169, STRESS PERIOD    1

end timestep


start timestep kper="1" kstp="170" mode="normal"


 FMI SETTING BUDGET TERMS FOR KSTP 170 AND KPER 1 TO BUDGET FILE TERMS FROM KSTP 1 AND KPER 1

 FMI SETTING HEAD FOR KSTP 170 AND KPER 1 TO BINARY FILE HEADS FROM KSTP 1 AND KPER 1

 CONCENTRATION WILL BE SAVED ON UNIT 1019 AT END OF TIME STEP  170, STRESS PERIOD    1

end timestep


start timestep kper="1" kstp="171" mode="normal"


 FMI SETTING BUDGET TERMS FOR KSTP 171 AND KPER 1 TO BUDGET FILE TERMS FROM KSTP 1 AND KPER 1

 FMI SETTING HEAD FOR KSTP 171 AND KPER 1 TO BINARY FILE HEADS FROM KSTP 1 AND KPER 1

 CONCENTRATION WILL BE SAVED ON UNIT 1019 AT END OF TIME STEP  171, STRESS PERIOD    1

end timestep


start timestep kper="1" kstp="172" mode="normal"


 FMI SETTING BUDGET TERMS FOR KSTP 172 AND KPER 1 TO BUDGET FILE TERMS FROM KSTP 1 AND KPER 1

 FMI SETTING HEAD FOR KSTP 172 AND KPER 1 TO BINARY FILE HEADS FROM KSTP 1 AND KPER 1

 CONCENTRATION WILL BE SAVED ON UNIT 1019 AT END OF TIME STEP  172, STRESS PERIOD    1

end timestep


start timestep kper="1" kstp="173" mode="normal"


 FMI SETTING BUDGET TERMS FOR KSTP 173 AND KPER 1 TO BUDGET FILE TERMS FROM KSTP 1 AND KPER 1

 FMI SETTING HEAD FOR KSTP 173 AND KPER 1 TO BINARY FILE HEADS FROM KSTP 1 AND KPER 1

 CONCENTRATION WILL BE SAVED ON UNIT 1019 AT END OF TIME STEP  173, STRESS PERIOD    1

end timestep


start timestep kper="1" kstp="174" mode="normal"


 FMI SETTING BUDGET TERMS FOR KSTP 174 AND KPER 1 TO BUDGET FILE TERMS FROM KSTP 1 AND KPER 1

 FMI SETTING HEAD FOR KSTP 174 AND KPER 1 TO BINARY FILE HEADS FROM KSTP 1 AND KPER 1

 CONCENTRATION WILL BE SAVED ON UNIT 1019 AT END OF TIME STEP  174, STRESS PERIOD    1

end timestep


start timestep kper="1" kstp="175" mode="normal"


 FMI SETTING BUDGET TERMS FOR KSTP 175 AND KPER 1 TO BUDGET FILE TERMS FROM KSTP 1 AND KPER 1

 FMI SETTING HEAD FOR KSTP 175 AND KPER 1 TO BINARY FILE HEADS FROM KSTP 1 AND KPER 1

 CONCENTRATION WILL BE SAVED ON UNIT 1019 AT END OF TIME STEP  175, STRESS PERIOD    1

end timestep


start timestep kper="1" kstp="176" mode="normal"


 FMI SETTING BUDGET TERMS FOR KSTP 176 AND KPER 1 TO BUDGET FILE TERMS FROM KSTP 1 AND KPER 1

 FMI SETTING HEAD FOR KSTP 176 AND KPER 1 TO BINARY FILE HEADS FROM KSTP 1 AND KPER 1

 CONCENTRATION WILL BE SAVED ON UNIT 1019 AT END OF TIME STEP  176, STRESS PERIOD    1

end timestep


start timestep kper="1" kstp="177" mode="normal"


 FMI SETTING BUDGET TERMS FOR KSTP 177 AND KPER 1 TO BUDGET FILE TERMS FROM KSTP 1 AND KPER 1

 FMI SETTING HEAD FOR KSTP 177 AND KPER 1 TO BINARY FILE HEADS FROM KSTP 1 AND KPER 1

 CONCENTRATION WILL BE SAVED ON UNIT 1019 AT END OF TIME STEP  177, STRESS PERIOD    1

end timestep


start timestep kper="1" kstp="178" mode="normal"


 FMI SETTING BUDGET TERMS FOR KSTP 178 AND KPER 1 TO BUDGET FILE TERMS FROM KSTP 1 AND KPER 1

 FMI SETTING HEAD FOR KSTP 178 AND KPER 1 TO BINARY FILE HEADS FROM KSTP 1 AND KPER 1

 CONCENTRATION WILL BE SAVED ON UNIT 1019 AT END OF TIME STEP  178, STRESS PERIOD    1

end timestep


start timestep kper="1" kstp="179" mode="normal"


 FMI SETTING BUDGET TERMS FOR KSTP 179 AND KPER 1 TO BUDGET FILE TERMS FROM KSTP 1 AND KPER 1

 FMI SETTING HEAD FOR KSTP 179 AND KPER 1 TO BINARY FILE HEADS FROM KSTP 1 AND KPER 1

 CONCENTRATION WILL BE SAVED ON UNIT 1019 AT END OF TIME STEP  179, STRESS PERIOD    1

end timestep


start timestep kper="1" kstp="180" mode="normal"


 FMI SETTING BUDGET TERMS FOR KSTP 180 AND KPER 1 TO BUDGET FILE TERMS FROM KSTP 1 AND KPER 1

 FMI SETTING HEAD FOR KSTP 180 AND KPER 1 TO BINARY FILE HEADS FROM KSTP 1 AND KPER 1

 CONCENTRATION WILL BE SAVED ON UNIT 1019 AT END OF TIME STEP  180, STRESS PERIOD    1

end timestep


start timestep kper="1" kstp="181" mode="normal"


 FMI SETTING BUDGET TERMS FOR KSTP 181 AND KPER 1 TO BUDGET FILE TERMS FROM KSTP 1 AND KPER 1

 FMI SETTING HEAD FOR KSTP 181 AND KPER 1 TO BINARY FILE HEADS FROM KSTP 1 AND KPER 1

 CONCENTRATION WILL BE SAVED ON UNIT 1019 AT END OF TIME STEP  181, STRESS PERIOD    1

end timestep


start timestep kper="1" kstp="182" mode="normal"


 FMI SETTING BUDGET TERMS FOR KSTP 182 AND KPER 1 TO BUDGET FILE TERMS FROM KSTP 1 AND KPER 1

 FMI SETTING HEAD FOR KSTP 182 AND KPER 1 TO BINARY FILE HEADS FROM KSTP 1 AND KPER 1

 CONCENTRATION WILL BE SAVED ON UNIT 1019 AT END OF TIME STEP  182, STRESS PERIOD    1

end timestep


start timestep kper="1" kstp="183" mode="normal"


 FMI SETTING BUDGET TERMS FOR KSTP 183 AND KPER 1 TO BUDGET FILE TERMS FROM KSTP 1 AND KPER 1

 FMI SETTING HEAD FOR KSTP 183 AND KPER 1 TO BINARY FILE HEADS FROM KSTP 1 AND KPER 1

 CONCENTRATION WILL BE SAVED ON UNIT 1019 AT END OF TIME STEP  183, STRESS PERIOD    1

end timestep


start timestep kper="1" kstp="184" mode="normal"


 FMI SETTING BUDGET TERMS FOR KSTP 184 AND KPER 1 TO BUDGET FILE TERMS FROM KSTP 1 AND KPER 1

 FMI SETTING HEAD FOR KSTP 184 AND KPER 1 TO BINARY FILE HEADS FROM KSTP 1 AND KPER 1

 CONCENTRATION WILL BE SAVED ON UNIT 1019 AT END OF TIME STEP  184, STRESS PERIOD    1

end timestep


start timestep kper="1" kstp="185" mode="normal"


 FMI SETTING BUDGET TERMS FOR KSTP 185 AND KPER 1 TO BUDGET FILE TERMS FROM KSTP 1 AND KPER 1

 FMI SETTING HEAD FOR KSTP 185 AND KPER 1 TO BINARY FILE HEADS FROM KSTP 1 AND KPER 1

 CONCENTRATION WILL BE SAVED ON UNIT 1019 AT END OF TIME STEP  185, STRESS PERIOD    1

end timestep


start timestep kper="1" kstp="186" mode="normal"


 FMI SETTING BUDGET TERMS FOR KSTP 186 AND KPER 1 TO BUDGET FILE TERMS FROM KSTP 1 AND KPER 1

 FMI SETTING HEAD FOR KSTP 186 AND KPER 1 TO BINARY FILE HEADS FROM KSTP 1 AND KPER 1

 CONCENTRATION WILL BE SAVED ON UNIT 1019 AT END OF TIME STEP  186, STRESS PERIOD    1

end timestep


start timestep kper="1" kstp="187" mode="normal"


 FMI SETTING BUDGET TERMS FOR KSTP 187 AND KPER 1 TO BUDGET FILE TERMS FROM KSTP 1 AND KPER 1

 FMI SETTING HEAD FOR KSTP 187 AND KPER 1 TO BINARY FILE HEADS FROM KSTP 1 AND KPER 1

 CONCENTRATION WILL BE SAVED ON UNIT 1019 AT END OF TIME STEP  187, STRESS PERIOD    1

end timestep


start timestep kper="1" kstp="188" mode="normal"


 FMI SETTING BUDGET TERMS FOR KSTP 188 AND KPER 1 TO BUDGET FILE TERMS FROM KSTP 1 AND KPER 1

 FMI SETTING HEAD FOR KSTP 188 AND KPER 1 TO BINARY FILE HEADS FROM KSTP 1 AND KPER 1

 CONCENTRATION WILL BE SAVED ON UNIT 1019 AT END OF TIME STEP  188, STRESS PERIOD    1

end timestep


start timestep kper="1" kstp="189" mode="normal"


 FMI SETTING BUDGET TERMS FOR KSTP 189 AND KPER 1 TO BUDGET FILE TERMS FROM KSTP 1 AND KPER 1

 FMI SETTING HEAD FOR KSTP 189 AND KPER 1 TO BINARY FILE HEADS FROM KSTP 1 AND KPER 1

 CONCENTRATION WILL BE SAVED ON UNIT 1019 AT END OF TIME STEP  189, STRESS PERIOD    1

end timestep


start timestep kper="1" kstp="190" mode="normal"


 FMI SETTING BUDGET TERMS FOR KSTP 190 AND KPER 1 TO BUDGET FILE TERMS FROM KSTP 1 AND KPER 1

 FMI SETTING HEAD FOR KSTP 190 AND KPER 1 TO BINARY FILE HEADS FROM KSTP 1 AND KPER 1

 CONCENTRATION WILL BE SAVED ON UNIT 1019 AT END OF TIME STEP  190, STRESS PERIOD    1

end timestep


start timestep kper="1" kstp="191" mode="normal"


 FMI SETTING BUDGET TERMS FOR KSTP 191 AND KPER 1 TO BUDGET FILE TERMS FROM KSTP 1 AND KPER 1

 FMI SETTING HEAD FOR KSTP 191 AND KPER 1 TO BINARY FILE HEADS FROM KSTP 1 AND KPER 1

 CONCENTRATION WILL BE SAVED ON UNIT 1019 AT END OF TIME STEP  191, STRESS PERIOD    1

end timestep


start timestep kper="1" kstp="192" mode="normal"


 FMI SETTING BUDGET TERMS FOR KSTP 192 AND KPER 1 TO BUDGET FILE TERMS FROM KSTP 1 AND KPER 1

 FMI SETTING HEAD FOR KSTP 192 AND KPER 1 TO BINARY FILE HEADS FROM KSTP 1 AND KPER 1

 CONCENTRATION WILL BE SAVED ON UNIT 1019 AT END OF TIME STEP  192, STRESS PERIOD    1

end timestep


start timestep kper="1" kstp="193" mode="normal"


 FMI SETTING BUDGET TERMS FOR KSTP 193 AND KPER 1 TO BUDGET FILE TERMS FROM KSTP 1 AND KPER 1

 FMI SETTING HEAD FOR KSTP 193 AND KPER 1 TO BINARY FILE HEADS FROM KSTP 1 AND KPER 1

 CONCENTRATION WILL BE SAVED ON UNIT 1019 AT END OF TIME STEP  193, STRESS PERIOD    1

end timestep


start timestep kper="1" kstp="194" mode="normal"


 FMI SETTING BUDGET TERMS FOR KSTP 194 AND KPER 1 TO BUDGET FILE TERMS FROM KSTP 1 AND KPER 1

 FMI SETTING HEAD FOR KSTP 194 AND KPER 1 TO BINARY FILE HEADS FROM KSTP 1 AND KPER 1

 CONCENTRATION WILL BE SAVED ON UNIT 1019 AT END OF TIME STEP  194, STRESS PERIOD    1

end timestep


start timestep kper="1" kstp="195" mode="normal"


 FMI SETTING BUDGET TERMS FOR KSTP 195 AND KPER 1 TO BUDGET FILE TERMS FROM KSTP 1 AND KPER 1

 FMI SETTING HEAD FOR KSTP 195 AND KPER 1 TO BINARY FILE HEADS FROM KSTP 1 AND KPER 1

 CONCENTRATION WILL BE SAVED ON UNIT 1019 AT END OF TIME STEP  195, STRESS PERIOD    1

end timestep


start timestep kper="1" kstp="196" mode="normal"


 FMI SETTING BUDGET TERMS FOR KSTP 196 AND KPER 1 TO BUDGET FILE TERMS FROM KSTP 1 AND KPER 1

 FMI SETTING HEAD FOR KSTP 196 AND KPER 1 TO BINARY FILE HEADS FROM KSTP 1 AND KPER 1

 CONCENTRATION WILL BE SAVED ON UNIT 1019 AT END OF TIME STEP  196, STRESS PERIOD    1

end timestep


start timestep kper="1" kstp="197" mode="normal"


 FMI SETTING BUDGET TERMS FOR KSTP 197 AND KPER 1 TO BUDGET FILE TERMS FROM KSTP 1 AND KPER 1

 FMI SETTING HEAD FOR KSTP 197 AND KPER 1 TO BINARY FILE HEADS FROM KSTP 1 AND KPER 1

 CONCENTRATION WILL BE SAVED ON UNIT 1019 AT END OF TIME STEP  197, STRESS PERIOD    1

end timestep


start timestep kper="1" kstp="198" mode="normal"


 FMI SETTING BUDGET TERMS FOR KSTP 198 AND KPER 1 TO BUDGET FILE TERMS FROM KSTP 1 AND KPER 1

 FMI SETTING HEAD FOR KSTP 198 AND KPER 1 TO BINARY FILE HEADS FROM KSTP 1 AND KPER 1

 CONCENTRATION WILL BE SAVED ON UNIT 1019 AT END OF TIME STEP  198, STRESS PERIOD    1

end timestep


start timestep kper="1" kstp="199" mode="normal"


 FMI SETTING BUDGET TERMS FOR KSTP 199 AND KPER 1 TO BUDGET FILE TERMS FROM KSTP 1 AND KPER 1

 FMI SETTING HEAD FOR KSTP 199 AND KPER 1 TO BINARY FILE HEADS FROM KSTP 1 AND KPER 1

 CONCENTRATION WILL BE SAVED ON UNIT 1019 AT END OF TIME STEP  199, STRESS PERIOD    1

end timestep


start timestep kper="1" kstp="200" mode="normal"


 FMI SETTING BUDGET TERMS FOR KSTP 200 AND KPER 1 TO BUDGET FILE TERMS FROM KSTP 1 AND KPER 1

 FMI SETTING HEAD FOR KSTP 200 AND KPER 1 TO BINARY FILE HEADS FROM KSTP 1 AND KPER 1

 CONCENTRATION WILL BE SAVED ON UNIT 1019 AT END OF TIME STEP  200, STRESS PERIOD    1

end timestep


start timestep kper="1" kstp="201" mode="normal"


 FMI SETTING BUDGET TERMS FOR KSTP 201 AND KPER 1 TO BUDGET FILE TERMS FROM KSTP 1 AND KPER 1

 FMI SETTING HEAD FOR KSTP 201 AND KPER 1 TO BINARY FILE HEADS FROM KSTP 1 AND KPER 1

 CONCENTRATION WILL BE SAVED ON UNIT 1019 AT END OF TIME STEP  201, STRESS PERIOD    1

end timestep


start timestep kper="1" kstp="202" mode="normal"


 FMI SETTING BUDGET TERMS FOR KSTP 202 AND KPER 1 TO BUDGET FILE TERMS FROM KSTP 1 AND KPER 1

 FMI SETTING HEAD FOR KSTP 202 AND KPER 1 TO BINARY FILE HEADS FROM KSTP 1 AND KPER 1

 CONCENTRATION WILL BE SAVED ON UNIT 1019 AT END OF TIME STEP  202, STRESS PERIOD    1

end timestep


start timestep kper="1" kstp="203" mode="normal"


 FMI SETTING BUDGET TERMS FOR KSTP 203 AND KPER 1 TO BUDGET FILE TERMS FROM KSTP 1 AND KPER 1

 FMI SETTING HEAD FOR KSTP 203 AND KPER 1 TO BINARY FILE HEADS FROM KSTP 1 AND KPER 1

 CONCENTRATION WILL BE SAVED ON UNIT 1019 AT END OF TIME STEP  203, STRESS PERIOD    1

end timestep


start timestep kper="1" kstp="204" mode="normal"


 FMI SETTING BUDGET TERMS FOR KSTP 204 AND KPER 1 TO BUDGET FILE TERMS FROM KSTP 1 AND KPER 1

 FMI SETTING HEAD FOR KSTP 204 AND KPER 1 TO BINARY FILE HEADS FROM KSTP 1 AND KPER 1

 CONCENTRATION WILL BE SAVED ON UNIT 1019 AT END OF TIME STEP  204, STRESS PERIOD    1

end timestep


start timestep kper="1" kstp="205" mode="normal"


 FMI SETTING BUDGET TERMS FOR KSTP 205 AND KPER 1 TO BUDGET FILE TERMS FROM KSTP 1 AND KPER 1

 FMI SETTING HEAD FOR KSTP 205 AND KPER 1 TO BINARY FILE HEADS FROM KSTP 1 AND KPER 1

 CONCENTRATION WILL BE SAVED ON UNIT 1019 AT END OF TIME STEP  205, STRESS PERIOD    1

end timestep


start timestep kper="1" kstp="206" mode="normal"


 FMI SETTING BUDGET TERMS FOR KSTP 206 AND KPER 1 TO BUDGET FILE TERMS FROM KSTP 1 AND KPER 1

 FMI SETTING HEAD FOR KSTP 206 AND KPER 1 TO BINARY FILE HEADS FROM KSTP 1 AND KPER 1

 CONCENTRATION WILL BE SAVED ON UNIT 1019 AT END OF TIME STEP  206, STRESS PERIOD    1

end timestep


start timestep kper="1" kstp="207" mode="normal"


 FMI SETTING BUDGET TERMS FOR KSTP 207 AND KPER 1 TO BUDGET FILE TERMS FROM KSTP 1 AND KPER 1

 FMI SETTING HEAD FOR KSTP 207 AND KPER 1 TO BINARY FILE HEADS FROM KSTP 1 AND KPER 1

 CONCENTRATION WILL BE SAVED ON UNIT 1019 AT END OF TIME STEP  207, STRESS PERIOD    1

end timestep


start timestep kper="1" kstp="208" mode="normal"


 FMI SETTING BUDGET TERMS FOR KSTP 208 AND KPER 1 TO BUDGET FILE TERMS FROM KSTP 1 AND KPER 1

 FMI SETTING HEAD FOR KSTP 208 AND KPER 1 TO BINARY FILE HEADS FROM KSTP 1 AND KPER 1

 CONCENTRATION WILL BE SAVED ON UNIT 1019 AT END OF TIME STEP  208, STRESS PERIOD    1

end timestep


start timestep kper="1" kstp="209" mode="normal"


 FMI SETTING BUDGET TERMS FOR KSTP 209 AND KPER 1 TO BUDGET FILE TERMS FROM KSTP 1 AND KPER 1

 FMI SETTING HEAD FOR KSTP 209 AND KPER 1 TO BINARY FILE HEADS FROM KSTP 1 AND KPER 1

 CONCENTRATION WILL BE SAVED ON UNIT 1019 AT END OF TIME STEP  209, STRESS PERIOD    1

end timestep


start timestep kper="1" kstp="210" mode="normal"


 FMI SETTING BUDGET TERMS FOR KSTP 210 AND KPER 1 TO BUDGET FILE TERMS FROM KSTP 1 AND KPER 1

 FMI SETTING HEAD FOR KSTP 210 AND KPER 1 TO BINARY FILE HEADS FROM KSTP 1 AND KPER 1

 CONCENTRATION WILL BE SAVED ON UNIT 1019 AT END OF TIME STEP  210, STRESS PERIOD    1

end timestep


start timestep kper="1" kstp="211" mode="normal"


 FMI SETTING BUDGET TERMS FOR KSTP 211 AND KPER 1 TO BUDGET FILE TERMS FROM KSTP 1 AND KPER 1

 FMI SETTING HEAD FOR KSTP 211 AND KPER 1 TO BINARY FILE HEADS FROM KSTP 1 AND KPER 1

 CONCENTRATION WILL BE SAVED ON UNIT 1019 AT END OF TIME STEP  211, STRESS PERIOD    1

end timestep


start timestep kper="1" kstp="212" mode="normal"


 FMI SETTING BUDGET TERMS FOR KSTP 212 AND KPER 1 TO BUDGET FILE TERMS FROM KSTP 1 AND KPER 1

 FMI SETTING HEAD FOR KSTP 212 AND KPER 1 TO BINARY FILE HEADS FROM KSTP 1 AND KPER 1

 CONCENTRATION WILL BE SAVED ON UNIT 1019 AT END OF TIME STEP  212, STRESS PERIOD    1

end timestep


start timestep kper="1" kstp="213" mode="normal"


 FMI SETTING BUDGET TERMS FOR KSTP 213 AND KPER 1 TO BUDGET FILE TERMS FROM KSTP 1 AND KPER 1

 FMI SETTING HEAD FOR KSTP 213 AND KPER 1 TO BINARY FILE HEADS FROM KSTP 1 AND KPER 1

 CONCENTRATION WILL BE SAVED ON UNIT 1019 AT END OF TIME STEP  213, STRESS PERIOD    1

end timestep


start timestep kper="1" kstp="214" mode="normal"


 FMI SETTING BUDGET TERMS FOR KSTP 214 AND KPER 1 TO BUDGET FILE TERMS FROM KSTP 1 AND KPER 1

 FMI SETTING HEAD FOR KSTP 214 AND KPER 1 TO BINARY FILE HEADS FROM KSTP 1 AND KPER 1

 CONCENTRATION WILL BE SAVED ON UNIT 1019 AT END OF TIME STEP  214, STRESS PERIOD    1

end timestep


start timestep kper="1" kstp="215" mode="normal"


 FMI SETTING BUDGET TERMS FOR KSTP 215 AND KPER 1 TO BUDGET FILE TERMS FROM KSTP 1 AND KPER 1

 FMI SETTING HEAD FOR KSTP 215 AND KPER 1 TO BINARY FILE HEADS FROM KSTP 1 AND KPER 1

 CONCENTRATION WILL BE SAVED ON UNIT 1019 AT END OF TIME STEP  215, STRESS PERIOD    1

end timestep


start timestep kper="1" kstp="216" mode="normal"


 FMI SETTING BUDGET TERMS FOR KSTP 216 AND KPER 1 TO BUDGET FILE TERMS FROM KSTP 1 AND KPER 1

 FMI SETTING HEAD FOR KSTP 216 AND KPER 1 TO BINARY FILE HEADS FROM KSTP 1 AND KPER 1

 CONCENTRATION WILL BE SAVED ON UNIT 1019 AT END OF TIME STEP  216, STRESS PERIOD    1

end timestep


start timestep kper="1" kstp="217" mode="normal"


 FMI SETTING BUDGET TERMS FOR KSTP 217 AND KPER 1 TO BUDGET FILE TERMS FROM KSTP 1 AND KPER 1

 FMI SETTING HEAD FOR KSTP 217 AND KPER 1 TO BINARY FILE HEADS FROM KSTP 1 AND KPER 1

 CONCENTRATION WILL BE SAVED ON UNIT 1019 AT END OF TIME STEP  217, STRESS PERIOD    1

end timestep


start timestep kper="1" kstp="218" mode="normal"


 FMI SETTING BUDGET TERMS FOR KSTP 218 AND KPER 1 TO BUDGET FILE TERMS FROM KSTP 1 AND KPER 1

 FMI SETTING HEAD FOR KSTP 218 AND KPER 1 TO BINARY FILE HEADS FROM KSTP 1 AND KPER 1

 CONCENTRATION WILL BE SAVED ON UNIT 1019 AT END OF TIME STEP  218, STRESS PERIOD    1

end timestep


start timestep kper="1" kstp="219" mode="normal"


 FMI SETTING BUDGET TERMS FOR KSTP 219 AND KPER 1 TO BUDGET FILE TERMS FROM KSTP 1 AND KPER 1

 FMI SETTING HEAD FOR KSTP 219 AND KPER 1 TO BINARY FILE HEADS FROM KSTP 1 AND KPER 1

 CONCENTRATION WILL BE SAVED ON UNIT 1019 AT END OF TIME STEP  219, STRESS PERIOD    1

end timestep


start timestep kper="1" kstp="220" mode="normal"


 FMI SETTING BUDGET TERMS FOR KSTP 220 AND KPER 1 TO BUDGET FILE TERMS FROM KSTP 1 AND KPER 1

 FMI SETTING HEAD FOR KSTP 220 AND KPER 1 TO BINARY FILE HEADS FROM KSTP 1 AND KPER 1

 CONCENTRATION WILL BE SAVED ON UNIT 1019 AT END OF TIME STEP  220, STRESS PERIOD    1

end timestep


start timestep kper="1" kstp="221" mode="normal"


 FMI SETTING BUDGET TERMS FOR KSTP 221 AND KPER 1 TO BUDGET FILE TERMS FROM KSTP 1 AND KPER 1

 FMI SETTING HEAD FOR KSTP 221 AND KPER 1 TO BINARY FILE HEADS FROM KSTP 1 AND KPER 1

 CONCENTRATION WILL BE SAVED ON UNIT 1019 AT END OF TIME STEP  221, STRESS PERIOD    1

end timestep


start timestep kper="1" kstp="222" mode="normal"


 FMI SETTING BUDGET TERMS FOR KSTP 222 AND KPER 1 TO BUDGET FILE TERMS FROM KSTP 1 AND KPER 1

 FMI SETTING HEAD FOR KSTP 222 AND KPER 1 TO BINARY FILE HEADS FROM KSTP 1 AND KPER 1

 CONCENTRATION WILL BE SAVED ON UNIT 1019 AT END OF TIME STEP  222, STRESS PERIOD    1

end timestep


start timestep kper="1" kstp="223" mode="normal"


 FMI SETTING BUDGET TERMS FOR KSTP 223 AND KPER 1 TO BUDGET FILE TERMS FROM KSTP 1 AND KPER 1

 FMI SETTING HEAD FOR KSTP 223 AND KPER 1 TO BINARY FILE HEADS FROM KSTP 1 AND KPER 1

 CONCENTRATION WILL BE SAVED ON UNIT 1019 AT END OF TIME STEP  223, STRESS PERIOD    1

end timestep


start timestep kper="1" kstp="224" mode="normal"


 FMI SETTING BUDGET TERMS FOR KSTP 224 AND KPER 1 TO BUDGET FILE TERMS FROM KSTP 1 AND KPER 1

 FMI SETTING HEAD FOR KSTP 224 AND KPER 1 TO BINARY FILE HEADS FROM KSTP 1 AND KPER 1

 CONCENTRATION WILL BE SAVED ON UNIT 1019 AT END OF TIME STEP  224, STRESS PERIOD    1

end timestep


start timestep kper="1" kstp="225" mode="normal"


 FMI SETTING BUDGET TERMS FOR KSTP 225 AND KPER 1 TO BUDGET FILE TERMS FROM KSTP 1 AND KPER 1

 FMI SETTING HEAD FOR KSTP 225 AND KPER 1 TO BINARY FILE HEADS FROM KSTP 1 AND KPER 1

 CONCENTRATION WILL BE SAVED ON UNIT 1019 AT END OF TIME STEP  225, STRESS PERIOD    1

end timestep


start timestep kper="1" kstp="226" mode="normal"


 FMI SETTING BUDGET TERMS FOR KSTP 226 AND KPER 1 TO BUDGET FILE TERMS FROM KSTP 1 AND KPER 1

 FMI SETTING HEAD FOR KSTP 226 AND KPER 1 TO BINARY FILE HEADS FROM KSTP 1 AND KPER 1

 CONCENTRATION WILL BE SAVED ON UNIT 1019 AT END OF TIME STEP  226, STRESS PERIOD    1

end timestep


start timestep kper="1" kstp="227" mode="normal"


 FMI SETTING BUDGET TERMS FOR KSTP 227 AND KPER 1 TO BUDGET FILE TERMS FROM KSTP 1 AND KPER 1

 FMI SETTING HEAD FOR KSTP 227 AND KPER 1 TO BINARY FILE HEADS FROM KSTP 1 AND KPER 1

 CONCENTRATION WILL BE SAVED ON UNIT 1019 AT END OF TIME STEP  227, STRESS PERIOD    1

end timestep


start timestep kper="1" kstp="228" mode="normal"


 FMI SETTING BUDGET TERMS FOR KSTP 228 AND KPER 1 TO BUDGET FILE TERMS FROM KSTP 1 AND KPER 1

 FMI SETTING HEAD FOR KSTP 228 AND KPER 1 TO BINARY FILE HEADS FROM KSTP 1 AND KPER 1

 CONCENTRATION WILL BE SAVED ON UNIT 1019 AT END OF TIME STEP  228, STRESS PERIOD    1

end timestep


start timestep kper="1" kstp="229" mode="normal"


 FMI SETTING BUDGET TERMS FOR KSTP 229 AND KPER 1 TO BUDGET FILE TERMS FROM KSTP 1 AND KPER 1

 FMI SETTING HEAD FOR KSTP 229 AND KPER 1 TO BINARY FILE HEADS FROM KSTP 1 AND KPER 1

 CONCENTRATION WILL BE SAVED ON UNIT 1019 AT END OF TIME STEP  229, STRESS PERIOD    1

end timestep


start timestep kper="1" kstp="230" mode="normal"


 FMI SETTING BUDGET TERMS FOR KSTP 230 AND KPER 1 TO BUDGET FILE TERMS FROM KSTP 1 AND KPER 1

 FMI SETTING HEAD FOR KSTP 230 AND KPER 1 TO BINARY FILE HEADS FROM KSTP 1 AND KPER 1

 CONCENTRATION WILL BE SAVED ON UNIT 1019 AT END OF TIME STEP  230, STRESS PERIOD    1

end timestep


start timestep kper="1" kstp="231" mode="normal"


 FMI SETTING BUDGET TERMS FOR KSTP 231 AND KPER 1 TO BUDGET FILE TERMS FROM KSTP 1 AND KPER 1

 FMI SETTING HEAD FOR KSTP 231 AND KPER 1 TO BINARY FILE HEADS FROM KSTP 1 AND KPER 1

 CONCENTRATION WILL BE SAVED ON UNIT 1019 AT END OF TIME STEP  231, STRESS PERIOD    1

end timestep


start timestep kper="1" kstp="232" mode="normal"


 FMI SETTING BUDGET TERMS FOR KSTP 232 AND KPER 1 TO BUDGET FILE TERMS FROM KSTP 1 AND KPER 1

 FMI SETTING HEAD FOR KSTP 232 AND KPER 1 TO BINARY FILE HEADS FROM KSTP 1 AND KPER 1

 CONCENTRATION WILL BE SAVED ON UNIT 1019 AT END OF TIME STEP  232, STRESS PERIOD    1

end timestep


start timestep kper="1" kstp="233" mode="normal"


 FMI SETTING BUDGET TERMS FOR KSTP 233 AND KPER 1 TO BUDGET FILE TERMS FROM KSTP 1 AND KPER 1

 FMI SETTING HEAD FOR KSTP 233 AND KPER 1 TO BINARY FILE HEADS FROM KSTP 1 AND KPER 1

 CONCENTRATION WILL BE SAVED ON UNIT 1019 AT END OF TIME STEP  233, STRESS PERIOD    1

end timestep


start timestep kper="1" kstp="234" mode="normal"


 FMI SETTING BUDGET TERMS FOR KSTP 234 AND KPER 1 TO BUDGET FILE TERMS FROM KSTP 1 AND KPER 1

 FMI SETTING HEAD FOR KSTP 234 AND KPER 1 TO BINARY FILE HEADS FROM KSTP 1 AND KPER 1

 CONCENTRATION WILL BE SAVED ON UNIT 1019 AT END OF TIME STEP  234, STRESS PERIOD    1

end timestep


start timestep kper="1" kstp="235" mode="normal"


 FMI SETTING BUDGET TERMS FOR KSTP 235 AND KPER 1 TO BUDGET FILE TERMS FROM KSTP 1 AND KPER 1

 FMI SETTING HEAD FOR KSTP 235 AND KPER 1 TO BINARY FILE HEADS FROM KSTP 1 AND KPER 1

 CONCENTRATION WILL BE SAVED ON UNIT 1019 AT END OF TIME STEP  235, STRESS PERIOD    1

end timestep


start timestep kper="1" kstp="236" mode="normal"


 FMI SETTING BUDGET TERMS FOR KSTP 236 AND KPER 1 TO BUDGET FILE TERMS FROM KSTP 1 AND KPER 1

 FMI SETTING HEAD FOR KSTP 236 AND KPER 1 TO BINARY FILE HEADS FROM KSTP 1 AND KPER 1

 CONCENTRATION WILL BE SAVED ON UNIT 1019 AT END OF TIME STEP  236, STRESS PERIOD    1

end timestep


start timestep kper="1" kstp="237" mode="normal"


 FMI SETTING BUDGET TERMS FOR KSTP 237 AND KPER 1 TO BUDGET FILE TERMS FROM KSTP 1 AND KPER 1

 FMI SETTING HEAD FOR KSTP 237 AND KPER 1 TO BINARY FILE HEADS FROM KSTP 1 AND KPER 1

 CONCENTRATION WILL BE SAVED ON UNIT 1019 AT END OF TIME STEP  237, STRESS PERIOD    1

end timestep


start timestep kper="1" kstp="238" mode="normal"


 FMI SETTING BUDGET TERMS FOR KSTP 238 AND KPER 1 TO BUDGET FILE TERMS FROM KSTP 1 AND KPER 1

 FMI SETTING HEAD FOR KSTP 238 AND KPER 1 TO BINARY FILE HEADS FROM KSTP 1 AND KPER 1

 CONCENTRATION WILL BE SAVED ON UNIT 1019 AT END OF TIME STEP  238, STRESS PERIOD    1

end timestep


start timestep kper="1" kstp="239" mode="normal"


 FMI SETTING BUDGET TERMS FOR KSTP 239 AND KPER 1 TO BUDGET FILE TERMS FROM KSTP 1 AND KPER 1

 FMI SETTING HEAD FOR KSTP 239 AND KPER 1 TO BINARY FILE HEADS FROM KSTP 1 AND KPER 1

 CONCENTRATION WILL BE SAVED ON UNIT 1019 AT END OF TIME STEP  239, STRESS PERIOD    1

end timestep


start timestep kper="1" kstp="240" mode="normal"


 FMI SETTING BUDGET TERMS FOR KSTP 240 AND KPER 1 TO BUDGET FILE TERMS FROM KSTP 1 AND KPER 1

 FMI SETTING HEAD FOR KSTP 240 AND KPER 1 TO BINARY FILE HEADS FROM KSTP 1 AND KPER 1

 CONCENTRATION WILL BE SAVED ON UNIT 1019 AT END OF TIME STEP  240, STRESS PERIOD    1

end timestep


start timestep kper="1" kstp="241" mode="normal"


 FMI SETTING BUDGET TERMS FOR KSTP 241 AND KPER 1 TO BUDGET FILE TERMS FROM KSTP 1 AND KPER 1

 FMI SETTING HEAD FOR KSTP 241 AND KPER 1 TO BINARY FILE HEADS FROM KSTP 1 AND KPER 1

 CONCENTRATION WILL BE SAVED ON UNIT 1019 AT END OF TIME STEP  241, STRESS PERIOD    1

end timestep


start timestep kper="1" kstp="242" mode="normal"


 FMI SETTING BUDGET TERMS FOR KSTP 242 AND KPER 1 TO BUDGET FILE TERMS FROM KSTP 1 AND KPER 1

 FMI SETTING HEAD FOR KSTP 242 AND KPER 1 TO BINARY FILE HEADS FROM KSTP 1 AND KPER 1

 CONCENTRATION WILL BE SAVED ON UNIT 1019 AT END OF TIME STEP  242, STRESS PERIOD    1

end timestep


start timestep kper="1" kstp="243" mode="normal"


 FMI SETTING BUDGET TERMS FOR KSTP 243 AND KPER 1 TO BUDGET FILE TERMS FROM KSTP 1 AND KPER 1

 FMI SETTING HEAD FOR KSTP 243 AND KPER 1 TO BINARY FILE HEADS FROM KSTP 1 AND KPER 1

 CONCENTRATION WILL BE SAVED ON UNIT 1019 AT END OF TIME STEP  243, STRESS PERIOD    1

end timestep


start timestep kper="1" kstp="244" mode="normal"


 FMI SETTING BUDGET TERMS FOR KSTP 244 AND KPER 1 TO BUDGET FILE TERMS FROM KSTP 1 AND KPER 1

 FMI SETTING HEAD FOR KSTP 244 AND KPER 1 TO BINARY FILE HEADS FROM KSTP 1 AND KPER 1

 CONCENTRATION WILL BE SAVED ON UNIT 1019 AT END OF TIME STEP  244, STRESS PERIOD    1

end timestep


start timestep kper="1" kstp="245" mode="normal"


 FMI SETTING BUDGET TERMS FOR KSTP 245 AND KPER 1 TO BUDGET FILE TERMS FROM KSTP 1 AND KPER 1

 FMI SETTING HEAD FOR KSTP 245 AND KPER 1 TO BINARY FILE HEADS FROM KSTP 1 AND KPER 1

 CONCENTRATION WILL BE SAVED ON UNIT 1019 AT END OF TIME STEP  245, STRESS PERIOD    1

end timestep


start timestep kper="1" kstp="246" mode="normal"


 FMI SETTING BUDGET TERMS FOR KSTP 246 AND KPER 1 TO BUDGET FILE TERMS FROM KSTP 1 AND KPER 1

 FMI SETTING HEAD FOR KSTP 246 AND KPER 1 TO BINARY FILE HEADS FROM KSTP 1 AND KPER 1

 CONCENTRATION WILL BE SAVED ON UNIT 1019 AT END OF TIME STEP  246, STRESS PERIOD    1

end timestep


start timestep kper="1" kstp="247" mode="normal"


 FMI SETTING BUDGET TERMS FOR KSTP 247 AND KPER 1 TO BUDGET FILE TERMS FROM KSTP 1 AND KPER 1

 FMI SETTING HEAD FOR KSTP 247 AND KPER 1 TO BINARY FILE HEADS FROM KSTP 1 AND KPER 1

 CONCENTRATION WILL BE SAVED ON UNIT 1019 AT END OF TIME STEP  247, STRESS PERIOD    1

end timestep


start timestep kper="1" kstp="248" mode="normal"


 FMI SETTING BUDGET TERMS FOR KSTP 248 AND KPER 1 TO BUDGET FILE TERMS FROM KSTP 1 AND KPER 1

 FMI SETTING HEAD FOR KSTP 248 AND KPER 1 TO BINARY FILE HEADS FROM KSTP 1 AND KPER 1

 CONCENTRATION WILL BE SAVED ON UNIT 1019 AT END OF TIME STEP  248, STRESS PERIOD    1

end timestep


start timestep kper="1" kstp="249" mode="normal"


 FMI SETTING BUDGET TERMS FOR KSTP 249 AND KPER 1 TO BUDGET FILE TERMS FROM KSTP 1 AND KPER 1

 FMI SETTING HEAD FOR KSTP 249 AND KPER 1 TO BINARY FILE HEADS FROM KSTP 1 AND KPER 1

 CONCENTRATION WILL BE SAVED ON UNIT 1019 AT END OF TIME STEP  249, STRESS PERIOD    1

end timestep


start timestep kper="1" kstp="250" mode="normal"


 FMI SETTING BUDGET TERMS FOR KSTP 250 AND KPER 1 TO BUDGET FILE TERMS FROM KSTP 1 AND KPER 1

 FMI SETTING HEAD FOR KSTP 250 AND KPER 1 TO BINARY FILE HEADS FROM KSTP 1 AND KPER 1

 CONCENTRATION WILL BE SAVED ON UNIT 1019 AT END OF TIME STEP  250, STRESS PERIOD    1

end timestep


start timestep kper="1" kstp="251" mode="normal"


 FMI SETTING BUDGET TERMS FOR KSTP 251 AND KPER 1 TO BUDGET FILE TERMS FROM KSTP 1 AND KPER 1

 FMI SETTING HEAD FOR KSTP 251 AND KPER 1 TO BINARY FILE HEADS FROM KSTP 1 AND KPER 1

 CONCENTRATION WILL BE SAVED ON UNIT 1019 AT END OF TIME STEP  251, STRESS PERIOD    1

end timestep


start timestep kper="1" kstp="252" mode="normal"


 FMI SETTING BUDGET TERMS FOR KSTP 252 AND KPER 1 TO BUDGET FILE TERMS FROM KSTP 1 AND KPER 1

 FMI SETTING HEAD FOR KSTP 252 AND KPER 1 TO BINARY FILE HEADS FROM KSTP 1 AND KPER 1

 CONCENTRATION WILL BE SAVED ON UNIT 1019 AT END OF TIME STEP  252, STRESS PERIOD    1

end timestep


start timestep kper="1" kstp="253" mode="normal"


 FMI SETTING BUDGET TERMS FOR KSTP 253 AND KPER 1 TO BUDGET FILE TERMS FROM KSTP 1 AND KPER 1

 FMI SETTING HEAD FOR KSTP 253 AND KPER 1 TO BINARY FILE HEADS FROM KSTP 1 AND KPER 1

 CONCENTRATION WILL BE SAVED ON UNIT 1019 AT END OF TIME STEP  253, STRESS PERIOD    1

end timestep


start timestep kper="1" kstp="254" mode="normal"


 FMI SETTING BUDGET TERMS FOR KSTP 254 AND KPER 1 TO BUDGET FILE TERMS FROM KSTP 1 AND KPER 1

 FMI SETTING HEAD FOR KSTP 254 AND KPER 1 TO BINARY FILE HEADS FROM KSTP 1 AND KPER 1

 CONCENTRATION WILL BE SAVED ON UNIT 1019 AT END OF TIME STEP  254, STRESS PERIOD    1

end timestep


start timestep kper="1" kstp="255" mode="normal"


 FMI SETTING BUDGET TERMS FOR KSTP 255 AND KPER 1 TO BUDGET FILE TERMS FROM KSTP 1 AND KPER 1

 FMI SETTING HEAD FOR KSTP 255 AND KPER 1 TO BINARY FILE HEADS FROM KSTP 1 AND KPER 1

 CONCENTRATION WILL BE SAVED ON UNIT 1019 AT END OF TIME STEP  255, STRESS PERIOD    1

end timestep


start timestep kper="1" kstp="256" mode="normal"


 FMI SETTING BUDGET TERMS FOR KSTP 256 AND KPER 1 TO BUDGET FILE TERMS FROM KSTP 1 AND KPER 1

 FMI SETTING HEAD FOR KSTP 256 AND KPER 1 TO BINARY FILE HEADS FROM KSTP 1 AND KPER 1

 CONCENTRATION WILL BE SAVED ON UNIT 1019 AT END OF TIME STEP  256, STRESS PERIOD    1

end timestep


start timestep kper="1" kstp="257" mode="normal"


 FMI SETTING BUDGET TERMS FOR KSTP 257 AND KPER 1 TO BUDGET FILE TERMS FROM KSTP 1 AND KPER 1

 FMI SETTING HEAD FOR KSTP 257 AND KPER 1 TO BINARY FILE HEADS FROM KSTP 1 AND KPER 1

 CONCENTRATION WILL BE SAVED ON UNIT 1019 AT END OF TIME STEP  257, STRESS PERIOD    1

end timestep


start timestep kper="1" kstp="258" mode="normal"


 FMI SETTING BUDGET TERMS FOR KSTP 258 AND KPER 1 TO BUDGET FILE TERMS FROM KSTP 1 AND KPER 1

 FMI SETTING HEAD FOR KSTP 258 AND KPER 1 TO BINARY FILE HEADS FROM KSTP 1 AND KPER 1

 CONCENTRATION WILL BE SAVED ON UNIT 1019 AT END OF TIME STEP  258, STRESS PERIOD    1

end timestep


start timestep kper="1" kstp="259" mode="normal"


 FMI SETTING BUDGET TERMS FOR KSTP 259 AND KPER 1 TO BUDGET FILE TERMS FROM KSTP 1 AND KPER 1

 FMI SETTING HEAD FOR KSTP 259 AND KPER 1 TO BINARY FILE HEADS FROM KSTP 1 AND KPER 1

 CONCENTRATION WILL BE SAVED ON UNIT 1019 AT END OF TIME STEP  259, STRESS PERIOD    1

end timestep


start timestep kper="1" kstp="260" mode="normal"


 FMI SETTING BUDGET TERMS FOR KSTP 260 AND KPER 1 TO BUDGET FILE TERMS FROM KSTP 1 AND KPER 1

 FMI SETTING HEAD FOR KSTP 260 AND KPER 1 TO BINARY FILE HEADS FROM KSTP 1 AND KPER 1

 CONCENTRATION WILL BE SAVED ON UNIT 1019 AT END OF TIME STEP  260, STRESS PERIOD    1

end timestep


start timestep kper="1" kstp="261" mode="normal"


 FMI SETTING BUDGET TERMS FOR KSTP 261 AND KPER 1 TO BUDGET FILE TERMS FROM KSTP 1 AND KPER 1

 FMI SETTING HEAD FOR KSTP 261 AND KPER 1 TO BINARY FILE HEADS FROM KSTP 1 AND KPER 1

 CONCENTRATION WILL BE SAVED ON UNIT 1019 AT END OF TIME STEP  261, STRESS PERIOD    1

end timestep


start timestep kper="1" kstp="262" mode="normal"


 FMI SETTING BUDGET TERMS FOR KSTP 262 AND KPER 1 TO BUDGET FILE TERMS FROM KSTP 1 AND KPER 1

 FMI SETTING HEAD FOR KSTP 262 AND KPER 1 TO BINARY FILE HEADS FROM KSTP 1 AND KPER 1

 CONCENTRATION WILL BE SAVED ON UNIT 1019 AT END OF TIME STEP  262, STRESS PERIOD    1

end timestep


start timestep kper="1" kstp="263" mode="normal"


 FMI SETTING BUDGET TERMS FOR KSTP 263 AND KPER 1 TO BUDGET FILE TERMS FROM KSTP 1 AND KPER 1

 FMI SETTING HEAD FOR KSTP 263 AND KPER 1 TO BINARY FILE HEADS FROM KSTP 1 AND KPER 1

 CONCENTRATION WILL BE SAVED ON UNIT 1019 AT END OF TIME STEP  263, STRESS PERIOD    1

end timestep


start timestep kper="1" kstp="264" mode="normal"


 FMI SETTING BUDGET TERMS FOR KSTP 264 AND KPER 1 TO BUDGET FILE TERMS FROM KSTP 1 AND KPER 1

 FMI SETTING HEAD FOR KSTP 264 AND KPER 1 TO BINARY FILE HEADS FROM KSTP 1 AND KPER 1

 CONCENTRATION WILL BE SAVED ON UNIT 1019 AT END OF TIME STEP  264, STRESS PERIOD    1

end timestep


start timestep kper="1" kstp="265" mode="normal"


 FMI SETTING BUDGET TERMS FOR KSTP 265 AND KPER 1 TO BUDGET FILE TERMS FROM KSTP 1 AND KPER 1

 FMI SETTING HEAD FOR KSTP 265 AND KPER 1 TO BINARY FILE HEADS FROM KSTP 1 AND KPER 1

 CONCENTRATION WILL BE SAVED ON UNIT 1019 AT END OF TIME STEP  265, STRESS PERIOD    1

end timestep


start timestep kper="1" kstp="266" mode="normal"


 FMI SETTING BUDGET TERMS FOR KSTP 266 AND KPER 1 TO BUDGET FILE TERMS FROM KSTP 1 AND KPER 1

 FMI SETTING HEAD FOR KSTP 266 AND KPER 1 TO BINARY FILE HEADS FROM KSTP 1 AND KPER 1

 CONCENTRATION WILL BE SAVED ON UNIT 1019 AT END OF TIME STEP  266, STRESS PERIOD    1

end timestep


start timestep kper="1" kstp="267" mode="normal"


 FMI SETTING BUDGET TERMS FOR KSTP 267 AND KPER 1 TO BUDGET FILE TERMS FROM KSTP 1 AND KPER 1

 FMI SETTING HEAD FOR KSTP 267 AND KPER 1 TO BINARY FILE HEADS FROM KSTP 1 AND KPER 1

 CONCENTRATION WILL BE SAVED ON UNIT 1019 AT END OF TIME STEP  267, STRESS PERIOD    1

end timestep


start timestep kper="1" kstp="268" mode="normal"


 FMI SETTING BUDGET TERMS FOR KSTP 268 AND KPER 1 TO BUDGET FILE TERMS FROM KSTP 1 AND KPER 1

 FMI SETTING HEAD FOR KSTP 268 AND KPER 1 TO BINARY FILE HEADS FROM KSTP 1 AND KPER 1

 CONCENTRATION WILL BE SAVED ON UNIT 1019 AT END OF TIME STEP  268, STRESS PERIOD    1

end timestep


start timestep kper="1" kstp="269" mode="normal"


 FMI SETTING BUDGET TERMS FOR KSTP 269 AND KPER 1 TO BUDGET FILE TERMS FROM KSTP 1 AND KPER 1

 FMI SETTING HEAD FOR KSTP 269 AND KPER 1 TO BINARY FILE HEADS FROM KSTP 1 AND KPER 1

 CONCENTRATION WILL BE SAVED ON UNIT 1019 AT END OF TIME STEP  269, STRESS PERIOD    1

end timestep


start timestep kper="1" kstp="270" mode="normal"


 FMI SETTING BUDGET TERMS FOR KSTP 270 AND KPER 1 TO BUDGET FILE TERMS FROM KSTP 1 AND KPER 1

 FMI SETTING HEAD FOR KSTP 270 AND KPER 1 TO BINARY FILE HEADS FROM KSTP 1 AND KPER 1

 CONCENTRATION WILL BE SAVED ON UNIT 1019 AT END OF TIME STEP  270, STRESS PERIOD    1

end timestep


start timestep kper="1" kstp="271" mode="normal"


 FMI SETTING BUDGET TERMS FOR KSTP 271 AND KPER 1 TO BUDGET FILE TERMS FROM KSTP 1 AND KPER 1

 FMI SETTING HEAD FOR KSTP 271 AND KPER 1 TO BINARY FILE HEADS FROM KSTP 1 AND KPER 1

 CONCENTRATION WILL BE SAVED ON UNIT 1019 AT END OF TIME STEP  271, STRESS PERIOD    1

end timestep


start timestep kper="1" kstp="272" mode="normal"


 FMI SETTING BUDGET TERMS FOR KSTP 272 AND KPER 1 TO BUDGET FILE TERMS FROM KSTP 1 AND KPER 1

 FMI SETTING HEAD FOR KSTP 272 AND KPER 1 TO BINARY FILE HEADS FROM KSTP 1 AND KPER 1

 CONCENTRATION WILL BE SAVED ON UNIT 1019 AT END OF TIME STEP  272, STRESS PERIOD    1

end timestep


start timestep kper="1" kstp="273" mode="normal"


 FMI SETTING BUDGET TERMS FOR KSTP 273 AND KPER 1 TO BUDGET FILE TERMS FROM KSTP 1 AND KPER 1

 FMI SETTING HEAD FOR KSTP 273 AND KPER 1 TO BINARY FILE HEADS FROM KSTP 1 AND KPER 1

 CONCENTRATION WILL BE SAVED ON UNIT 1019 AT END OF TIME STEP  273, STRESS PERIOD    1

end timestep


start timestep kper="1" kstp="274" mode="normal"


 FMI SETTING BUDGET TERMS FOR KSTP 274 AND KPER 1 TO BUDGET FILE TERMS FROM KSTP 1 AND KPER 1

 FMI SETTING HEAD FOR KSTP 274 AND KPER 1 TO BINARY FILE HEADS FROM KSTP 1 AND KPER 1

 CONCENTRATION WILL BE SAVED ON UNIT 1019 AT END OF TIME STEP  274, STRESS PERIOD    1

end timestep


start timestep kper="1" kstp="275" mode="normal"


 FMI SETTING BUDGET TERMS FOR KSTP 275 AND KPER 1 TO BUDGET FILE TERMS FROM KSTP 1 AND KPER 1

 FMI SETTING HEAD FOR KSTP 275 AND KPER 1 TO BINARY FILE HEADS FROM KSTP 1 AND KPER 1

 CONCENTRATION WILL BE SAVED ON UNIT 1019 AT END OF TIME STEP  275, STRESS PERIOD    1

end timestep


start timestep kper="1" kstp="276" mode="normal"


 FMI SETTING BUDGET TERMS FOR KSTP 276 AND KPER 1 TO BUDGET FILE TERMS FROM KSTP 1 AND KPER 1

 FMI SETTING HEAD FOR KSTP 276 AND KPER 1 TO BINARY FILE HEADS FROM KSTP 1 AND KPER 1

 CONCENTRATION WILL BE SAVED ON UNIT 1019 AT END OF TIME STEP  276, STRESS PERIOD    1

end timestep


start timestep kper="1" kstp="277" mode="normal"


 FMI SETTING BUDGET TERMS FOR KSTP 277 AND KPER 1 TO BUDGET FILE TERMS FROM KSTP 1 AND KPER 1

 FMI SETTING HEAD FOR KSTP 277 AND KPER 1 TO BINARY FILE HEADS FROM KSTP 1 AND KPER 1

 CONCENTRATION WILL BE SAVED ON UNIT 1019 AT END OF TIME STEP  277, STRESS PERIOD    1

end timestep


start timestep kper="1" kstp="278" mode="normal"


 FMI SETTING BUDGET TERMS FOR KSTP 278 AND KPER 1 TO BUDGET FILE TERMS FROM KSTP 1 AND KPER 1

 FMI SETTING HEAD FOR KSTP 278 AND KPER 1 TO BINARY FILE HEADS FROM KSTP 1 AND KPER 1

 CONCENTRATION WILL BE SAVED ON UNIT 1019 AT END OF TIME STEP  278, STRESS PERIOD    1

end timestep


start timestep kper="1" kstp="279" mode="normal"


 FMI SETTING BUDGET TERMS FOR KSTP 279 AND KPER 1 TO BUDGET FILE TERMS FROM KSTP 1 AND KPER 1

 FMI SETTING HEAD FOR KSTP 279 AND KPER 1 TO BINARY FILE HEADS FROM KSTP 1 AND KPER 1

 CONCENTRATION WILL BE SAVED ON UNIT 1019 AT END OF TIME STEP  279, STRESS PERIOD    1

end timestep


start timestep kper="1" kstp="280" mode="normal"


 FMI SETTING BUDGET TERMS FOR KSTP 280 AND KPER 1 TO BUDGET FILE TERMS FROM KSTP 1 AND KPER 1

 FMI SETTING HEAD FOR KSTP 280 AND KPER 1 TO BINARY FILE HEADS FROM KSTP 1 AND KPER 1

 CONCENTRATION WILL BE SAVED ON UNIT 1019 AT END OF TIME STEP  280, STRESS PERIOD    1

end timestep


start timestep kper="1" kstp="281" mode="normal"


 FMI SETTING BUDGET TERMS FOR KSTP 281 AND KPER 1 TO BUDGET FILE TERMS FROM KSTP 1 AND KPER 1

 FMI SETTING HEAD FOR KSTP 281 AND KPER 1 TO BINARY FILE HEADS FROM KSTP 1 AND KPER 1

 CONCENTRATION WILL BE SAVED ON UNIT 1019 AT END OF TIME STEP  281, STRESS PERIOD    1

end timestep


start timestep kper="1" kstp="282" mode="normal"


 FMI SETTING BUDGET TERMS FOR KSTP 282 AND KPER 1 TO BUDGET FILE TERMS FROM KSTP 1 AND KPER 1

 FMI SETTING HEAD FOR KSTP 282 AND KPER 1 TO BINARY FILE HEADS FROM KSTP 1 AND KPER 1

 CONCENTRATION WILL BE SAVED ON UNIT 1019 AT END OF TIME STEP  282, STRESS PERIOD    1

end timestep


start timestep kper="1" kstp="283" mode="normal"


 FMI SETTING BUDGET TERMS FOR KSTP 283 AND KPER 1 TO BUDGET FILE TERMS FROM KSTP 1 AND KPER 1

 FMI SETTING HEAD FOR KSTP 283 AND KPER 1 TO BINARY FILE HEADS FROM KSTP 1 AND KPER 1

 CONCENTRATION WILL BE SAVED ON UNIT 1019 AT END OF TIME STEP  283, STRESS PERIOD    1

end timestep


start timestep kper="1" kstp="284" mode="normal"


 FMI SETTING BUDGET TERMS FOR KSTP 284 AND KPER 1 TO BUDGET FILE TERMS FROM KSTP 1 AND KPER 1

 FMI SETTING HEAD FOR KSTP 284 AND KPER 1 TO BINARY FILE HEADS FROM KSTP 1 AND KPER 1

 CONCENTRATION WILL BE SAVED ON UNIT 1019 AT END OF TIME STEP  284, STRESS PERIOD    1

end timestep


start timestep kper="1" kstp="285" mode="normal"


 FMI SETTING BUDGET TERMS FOR KSTP 285 AND KPER 1 TO BUDGET FILE TERMS FROM KSTP 1 AND KPER 1

 FMI SETTING HEAD FOR KSTP 285 AND KPER 1 TO BINARY FILE HEADS FROM KSTP 1 AND KPER 1

 CONCENTRATION WILL BE SAVED ON UNIT 1019 AT END OF TIME STEP  285, STRESS PERIOD    1

end timestep


start timestep kper="1" kstp="286" mode="normal"


 FMI SETTING BUDGET TERMS FOR KSTP 286 AND KPER 1 TO BUDGET FILE TERMS FROM KSTP 1 AND KPER 1

 FMI SETTING HEAD FOR KSTP 286 AND KPER 1 TO BINARY FILE HEADS FROM KSTP 1 AND KPER 1

 CONCENTRATION WILL BE SAVED ON UNIT 1019 AT END OF TIME STEP  286, STRESS PERIOD    1

end timestep


start timestep kper="1" kstp="287" mode="normal"


 FMI SETTING BUDGET TERMS FOR KSTP 287 AND KPER 1 TO BUDGET FILE TERMS FROM KSTP 1 AND KPER 1

 FMI SETTING HEAD FOR KSTP 287 AND KPER 1 TO BINARY FILE HEADS FROM KSTP 1 AND KPER 1

 CONCENTRATION WILL BE SAVED ON UNIT 1019 AT END OF TIME STEP  287, STRESS PERIOD    1

end timestep


start timestep kper="1" kstp="288" mode="normal"


 FMI SETTING BUDGET TERMS FOR KSTP 288 AND KPER 1 TO BUDGET FILE TERMS FROM KSTP 1 AND KPER 1

 FMI SETTING HEAD FOR KSTP 288 AND KPER 1 TO BINARY FILE HEADS FROM KSTP 1 AND KPER 1

 CONCENTRATION WILL BE SAVED ON UNIT 1019 AT END OF TIME STEP  288, STRESS PERIOD    1

end timestep


start timestep kper="1" kstp="289" mode="normal"


 FMI SETTING BUDGET TERMS FOR KSTP 289 AND KPER 1 TO BUDGET FILE TERMS FROM KSTP 1 AND KPER 1

 FMI SETTING HEAD FOR KSTP 289 AND KPER 1 TO BINARY FILE HEADS FROM KSTP 1 AND KPER 1

 CONCENTRATION WILL BE SAVED ON UNIT 1019 AT END OF TIME STEP  289, STRESS PERIOD    1

end timestep


start timestep kper="1" kstp="290" mode="normal"


 FMI SETTING BUDGET TERMS FOR KSTP 290 AND KPER 1 TO BUDGET FILE TERMS FROM KSTP 1 AND KPER 1

 FMI SETTING HEAD FOR KSTP 290 AND KPER 1 TO BINARY FILE HEADS FROM KSTP 1 AND KPER 1

 CONCENTRATION WILL BE SAVED ON UNIT 1019 AT END OF TIME STEP  290, STRESS PERIOD    1

end timestep


start timestep kper="1" kstp="291" mode="normal"


 FMI SETTING BUDGET TERMS FOR KSTP 291 AND KPER 1 TO BUDGET FILE TERMS FROM KSTP 1 AND KPER 1

 FMI SETTING HEAD FOR KSTP 291 AND KPER 1 TO BINARY FILE HEADS FROM KSTP 1 AND KPER 1

 CONCENTRATION WILL BE SAVED ON UNIT 1019 AT END OF TIME STEP  291, STRESS PERIOD    1

end timestep


start timestep kper="1" kstp="292" mode="normal"


 FMI SETTING BUDGET TERMS FOR KSTP 292 AND KPER 1 TO BUDGET FILE TERMS FROM KSTP 1 AND KPER 1

 FMI SETTING HEAD FOR KSTP 292 AND KPER 1 TO BINARY FILE HEADS FROM KSTP 1 AND KPER 1

 CONCENTRATION WILL BE SAVED ON UNIT 1019 AT END OF TIME STEP  292, STRESS PERIOD    1

end timestep


start timestep kper="1" kstp="293" mode="normal"


 FMI SETTING BUDGET TERMS FOR KSTP 293 AND KPER 1 TO BUDGET FILE TERMS FROM KSTP 1 AND KPER 1

 FMI SETTING HEAD FOR KSTP 293 AND KPER 1 TO BINARY FILE HEADS FROM KSTP 1 AND KPER 1

 CONCENTRATION WILL BE SAVED ON UNIT 1019 AT END OF TIME STEP  293, STRESS PERIOD    1

end timestep


start timestep kper="1" kstp="294" mode="normal"


 FMI SETTING BUDGET TERMS FOR KSTP 294 AND KPER 1 TO BUDGET FILE TERMS FROM KSTP 1 AND KPER 1

 FMI SETTING HEAD FOR KSTP 294 AND KPER 1 TO BINARY FILE HEADS FROM KSTP 1 AND KPER 1

 CONCENTRATION WILL BE SAVED ON UNIT 1019 AT END OF TIME STEP  294, STRESS PERIOD    1

end timestep


start timestep kper="1" kstp="295" mode="normal"


 FMI SETTING BUDGET TERMS FOR KSTP 295 AND KPER 1 TO BUDGET FILE TERMS FROM KSTP 1 AND KPER 1

 FMI SETTING HEAD FOR KSTP 295 AND KPER 1 TO BINARY FILE HEADS FROM KSTP 1 AND KPER 1

 CONCENTRATION WILL BE SAVED ON UNIT 1019 AT END OF TIME STEP  295, STRESS PERIOD    1

end timestep


start timestep kper="1" kstp="296" mode="normal"


 FMI SETTING BUDGET TERMS FOR KSTP 296 AND KPER 1 TO BUDGET FILE TERMS FROM KSTP 1 AND KPER 1

 FMI SETTING HEAD FOR KSTP 296 AND KPER 1 TO BINARY FILE HEADS FROM KSTP 1 AND KPER 1

 CONCENTRATION WILL BE SAVED ON UNIT 1019 AT END OF TIME STEP  296, STRESS PERIOD    1

end timestep


start timestep kper="1" kstp="297" mode="normal"


 FMI SETTING BUDGET TERMS FOR KSTP 297 AND KPER 1 TO BUDGET FILE TERMS FROM KSTP 1 AND KPER 1

 FMI SETTING HEAD FOR KSTP 297 AND KPER 1 TO BINARY FILE HEADS FROM KSTP 1 AND KPER 1

 CONCENTRATION WILL BE SAVED ON UNIT 1019 AT END OF TIME STEP  297, STRESS PERIOD    1

end timestep


start timestep kper="1" kstp="298" mode="normal"


 FMI SETTING BUDGET TERMS FOR KSTP 298 AND KPER 1 TO BUDGET FILE TERMS FROM KSTP 1 AND KPER 1

 FMI SETTING HEAD FOR KSTP 298 AND KPER 1 TO BINARY FILE HEADS FROM KSTP 1 AND KPER 1

 CONCENTRATION WILL BE SAVED ON UNIT 1019 AT END OF TIME STEP  298, STRESS PERIOD    1

end timestep


start timestep kper="1" kstp="299" mode="normal"


 FMI SETTING BUDGET TERMS FOR KSTP 299 AND KPER 1 TO BUDGET FILE TERMS FROM KSTP 1 AND KPER 1

 FMI SETTING HEAD FOR KSTP 299 AND KPER 1 TO BINARY FILE HEADS FROM KSTP 1 AND KPER 1

 CONCENTRATION WILL BE SAVED ON UNIT 1019 AT END OF TIME STEP  299, STRESS PERIOD    1

end timestep


start timestep kper="1" kstp="300" mode="normal"


 FMI SETTING BUDGET TERMS FOR KSTP 300 AND KPER 1 TO BUDGET FILE TERMS FROM KSTP 1 AND KPER 1

 FMI SETTING HEAD FOR KSTP 300 AND KPER 1 TO BINARY FILE HEADS FROM KSTP 1 AND KPER 1

 CONCENTRATION WILL BE SAVED ON UNIT 1019 AT END OF TIME STEP  300, STRESS PERIOD    1

end timestep


start timestep kper="1" kstp="301" mode="normal"


 FMI SETTING BUDGET TERMS FOR KSTP 301 AND KPER 1 TO BUDGET FILE TERMS FROM KSTP 1 AND KPER 1

 FMI SETTING HEAD FOR KSTP 301 AND KPER 1 TO BINARY FILE HEADS FROM KSTP 1 AND KPER 1

 CONCENTRATION WILL BE SAVED ON UNIT 1019 AT END OF TIME STEP  301, STRESS PERIOD    1

end timestep


start timestep kper="1" kstp="302" mode="normal"


 FMI SETTING BUDGET TERMS FOR KSTP 302 AND KPER 1 TO BUDGET FILE TERMS FROM KSTP 1 AND KPER 1

 FMI SETTING HEAD FOR KSTP 302 AND KPER 1 TO BINARY FILE HEADS FROM KSTP 1 AND KPER 1

 CONCENTRATION WILL BE SAVED ON UNIT 1019 AT END OF TIME STEP  302, STRESS PERIOD    1

end timestep


start timestep kper="1" kstp="303" mode="normal"


 FMI SETTING BUDGET TERMS FOR KSTP 303 AND KPER 1 TO BUDGET FILE TERMS FROM KSTP 1 AND KPER 1

 FMI SETTING HEAD FOR KSTP 303 AND KPER 1 TO BINARY FILE HEADS FROM KSTP 1 AND KPER 1

 CONCENTRATION WILL BE SAVED ON UNIT 1019 AT END OF TIME STEP  303, STRESS PERIOD    1

end timestep


start timestep kper="1" kstp="304" mode="normal"


 FMI SETTING BUDGET TERMS FOR KSTP 304 AND KPER 1 TO BUDGET FILE TERMS FROM KSTP 1 AND KPER 1

 FMI SETTING HEAD FOR KSTP 304 AND KPER 1 TO BINARY FILE HEADS FROM KSTP 1 AND KPER 1

 CONCENTRATION WILL BE SAVED ON UNIT 1019 AT END OF TIME STEP  304, STRESS PERIOD    1

end timestep


start timestep kper="1" kstp="305" mode="normal"


 FMI SETTING BUDGET TERMS FOR KSTP 305 AND KPER 1 TO BUDGET FILE TERMS FROM KSTP 1 AND KPER 1

 FMI SETTING HEAD FOR KSTP 305 AND KPER 1 TO BINARY FILE HEADS FROM KSTP 1 AND KPER 1

 CONCENTRATION WILL BE SAVED ON UNIT 1019 AT END OF TIME STEP  305, STRESS PERIOD    1

end timestep


start timestep kper="1" kstp="306" mode="normal"


 FMI SETTING BUDGET TERMS FOR KSTP 306 AND KPER 1 TO BUDGET FILE TERMS FROM KSTP 1 AND KPER 1

 FMI SETTING HEAD FOR KSTP 306 AND KPER 1 TO BINARY FILE HEADS FROM KSTP 1 AND KPER 1

 CONCENTRATION WILL BE SAVED ON UNIT 1019 AT END OF TIME STEP  306, STRESS PERIOD    1

end timestep


start timestep kper="1" kstp="307" mode="normal"


 FMI SETTING BUDGET TERMS FOR KSTP 307 AND KPER 1 TO BUDGET FILE TERMS FROM KSTP 1 AND KPER 1

 FMI SETTING HEAD FOR KSTP 307 AND KPER 1 TO BINARY FILE HEADS FROM KSTP 1 AND KPER 1

 CONCENTRATION WILL BE SAVED ON UNIT 1019 AT END OF TIME STEP  307, STRESS PERIOD    1

end timestep


start timestep kper="1" kstp="308" mode="normal"


 FMI SETTING BUDGET TERMS FOR KSTP 308 AND KPER 1 TO BUDGET FILE TERMS FROM KSTP 1 AND KPER 1

 FMI SETTING HEAD FOR KSTP 308 AND KPER 1 TO BINARY FILE HEADS FROM KSTP 1 AND KPER 1

 CONCENTRATION WILL BE SAVED ON UNIT 1019 AT END OF TIME STEP  308, STRESS PERIOD    1

end timestep


start timestep kper="1" kstp="309" mode="normal"


 FMI SETTING BUDGET TERMS FOR KSTP 309 AND KPER 1 TO BUDGET FILE TERMS FROM KSTP 1 AND KPER 1

 FMI SETTING HEAD FOR KSTP 309 AND KPER 1 TO BINARY FILE HEADS FROM KSTP 1 AND KPER 1

 CONCENTRATION WILL BE SAVED ON UNIT 1019 AT END OF TIME STEP  309, STRESS PERIOD    1

end timestep


start timestep kper="1" kstp="310" mode="normal"


 FMI SETTING BUDGET TERMS FOR KSTP 310 AND KPER 1 TO BUDGET FILE TERMS FROM KSTP 1 AND KPER 1

 FMI SETTING HEAD FOR KSTP 310 AND KPER 1 TO BINARY FILE HEADS FROM KSTP 1 AND KPER 1

 CONCENTRATION WILL BE SAVED ON UNIT 1019 AT END OF TIME STEP  310, STRESS PERIOD    1

end timestep


start timestep kper="1" kstp="311" mode="normal"


 FMI SETTING BUDGET TERMS FOR KSTP 311 AND KPER 1 TO BUDGET FILE TERMS FROM KSTP 1 AND KPER 1

 FMI SETTING HEAD FOR KSTP 311 AND KPER 1 TO BINARY FILE HEADS FROM KSTP 1 AND KPER 1

 CONCENTRATION WILL BE SAVED ON UNIT 1019 AT END OF TIME STEP  311, STRESS PERIOD    1

end timestep


start timestep kper="1" kstp="312" mode="normal"


 FMI SETTING BUDGET TERMS FOR KSTP 312 AND KPER 1 TO BUDGET FILE TERMS FROM KSTP 1 AND KPER 1

 FMI SETTING HEAD FOR KSTP 312 AND KPER 1 TO BINARY FILE HEADS FROM KSTP 1 AND KPER 1

 CONCENTRATION WILL BE SAVED ON UNIT 1019 AT END OF TIME STEP  312, STRESS PERIOD    1

end timestep


start timestep kper="1" kstp="313" mode="normal"


 FMI SETTING BUDGET TERMS FOR KSTP 313 AND KPER 1 TO BUDGET FILE TERMS FROM KSTP 1 AND KPER 1

 FMI SETTING HEAD FOR KSTP 313 AND KPER 1 TO BINARY FILE HEADS FROM KSTP 1 AND KPER 1

 CONCENTRATION WILL BE SAVED ON UNIT 1019 AT END OF TIME STEP  313, STRESS PERIOD    1

end timestep


start timestep kper="1" kstp="314" mode="normal"


 FMI SETTING BUDGET TERMS FOR KSTP 314 AND KPER 1 TO BUDGET FILE TERMS FROM KSTP 1 AND KPER 1

 FMI SETTING HEAD FOR KSTP 314 AND KPER 1 TO BINARY FILE HEADS FROM KSTP 1 AND KPER 1

 CONCENTRATION WILL BE SAVED ON UNIT 1019 AT END OF TIME STEP  314, STRESS PERIOD    1

end timestep


start timestep kper="1" kstp="315" mode="normal"


 FMI SETTING BUDGET TERMS FOR KSTP 315 AND KPER 1 TO BUDGET FILE TERMS FROM KSTP 1 AND KPER 1

 FMI SETTING HEAD FOR KSTP 315 AND KPER 1 TO BINARY FILE HEADS FROM KSTP 1 AND KPER 1

 CONCENTRATION WILL BE SAVED ON UNIT 1019 AT END OF TIME STEP  315, STRESS PERIOD    1

end timestep


start timestep kper="1" kstp="316" mode="normal"


 FMI SETTING BUDGET TERMS FOR KSTP 316 AND KPER 1 TO BUDGET FILE TERMS FROM KSTP 1 AND KPER 1

 FMI SETTING HEAD FOR KSTP 316 AND KPER 1 TO BINARY FILE HEADS FROM KSTP 1 AND KPER 1

 CONCENTRATION WILL BE SAVED ON UNIT 1019 AT END OF TIME STEP  316, STRESS PERIOD    1

end timestep


start timestep kper="1" kstp="317" mode="normal"


 FMI SETTING BUDGET TERMS FOR KSTP 317 AND KPER 1 TO BUDGET FILE TERMS FROM KSTP 1 AND KPER 1

 FMI SETTING HEAD FOR KSTP 317 AND KPER 1 TO BINARY FILE HEADS FROM KSTP 1 AND KPER 1

 CONCENTRATION WILL BE SAVED ON UNIT 1019 AT END OF TIME STEP  317, STRESS PERIOD    1

end timestep


start timestep kper="1" kstp="318" mode="normal"


 FMI SETTING BUDGET TERMS FOR KSTP 318 AND KPER 1 TO BUDGET FILE TERMS FROM KSTP 1 AND KPER 1

 FMI SETTING HEAD FOR KSTP 318 AND KPER 1 TO BINARY FILE HEADS FROM KSTP 1 AND KPER 1

 CONCENTRATION WILL BE SAVED ON UNIT 1019 AT END OF TIME STEP  318, STRESS PERIOD    1

end timestep


start timestep kper="1" kstp="319" mode="normal"


 FMI SETTING BUDGET TERMS FOR KSTP 319 AND KPER 1 TO BUDGET FILE TERMS FROM KSTP 1 AND KPER 1

 FMI SETTING HEAD FOR KSTP 319 AND KPER 1 TO BINARY FILE HEADS FROM KSTP 1 AND KPER 1

 CONCENTRATION WILL BE SAVED ON UNIT 1019 AT END OF TIME STEP  319, STRESS PERIOD    1

end timestep


start timestep kper="1" kstp="320" mode="normal"


 FMI SETTING BUDGET TERMS FOR KSTP 320 AND KPER 1 TO BUDGET FILE TERMS FROM KSTP 1 AND KPER 1

 FMI SETTING HEAD FOR KSTP 320 AND KPER 1 TO BINARY FILE HEADS FROM KSTP 1 AND KPER 1

 CONCENTRATION WILL BE SAVED ON UNIT 1019 AT END OF TIME STEP  320, STRESS PERIOD    1

end timestep


start timestep kper="1" kstp="321" mode="normal"


 FMI SETTING BUDGET TERMS FOR KSTP 321 AND KPER 1 TO BUDGET FILE TERMS FROM KSTP 1 AND KPER 1

 FMI SETTING HEAD FOR KSTP 321 AND KPER 1 TO BINARY FILE HEADS FROM KSTP 1 AND KPER 1

 CONCENTRATION WILL BE SAVED ON UNIT 1019 AT END OF TIME STEP  321, STRESS PERIOD    1

end timestep


start timestep kper="1" kstp="322" mode="normal"


 FMI SETTING BUDGET TERMS FOR KSTP 322 AND KPER 1 TO BUDGET FILE TERMS FROM KSTP 1 AND KPER 1

 FMI SETTING HEAD FOR KSTP 322 AND KPER 1 TO BINARY FILE HEADS FROM KSTP 1 AND KPER 1

 CONCENTRATION WILL BE SAVED ON UNIT 1019 AT END OF TIME STEP  322, STRESS PERIOD    1

end timestep


start timestep kper="1" kstp="323" mode="normal"


 FMI SETTING BUDGET TERMS FOR KSTP 323 AND KPER 1 TO BUDGET FILE TERMS FROM KSTP 1 AND KPER 1

 FMI SETTING HEAD FOR KSTP 323 AND KPER 1 TO BINARY FILE HEADS FROM KSTP 1 AND KPER 1

 CONCENTRATION WILL BE SAVED ON UNIT 1019 AT END OF TIME STEP  323, STRESS PERIOD    1

end timestep


start timestep kper="1" kstp="324" mode="normal"


 FMI SETTING BUDGET TERMS FOR KSTP 324 AND KPER 1 TO BUDGET FILE TERMS FROM KSTP 1 AND KPER 1

 FMI SETTING HEAD FOR KSTP 324 AND KPER 1 TO BINARY FILE HEADS FROM KSTP 1 AND KPER 1

 CONCENTRATION WILL BE SAVED ON UNIT 1019 AT END OF TIME STEP  324, STRESS PERIOD    1

end timestep


start timestep kper="1" kstp="325" mode="normal"


 FMI SETTING BUDGET TERMS FOR KSTP 325 AND KPER 1 TO BUDGET FILE TERMS FROM KSTP 1 AND KPER 1

 FMI SETTING HEAD FOR KSTP 325 AND KPER 1 TO BINARY FILE HEADS FROM KSTP 1 AND KPER 1

 CONCENTRATION WILL BE SAVED ON UNIT 1019 AT END OF TIME STEP  325, STRESS PERIOD    1

end timestep


start timestep kper="1" kstp="326" mode="normal"


 FMI SETTING BUDGET TERMS FOR KSTP 326 AND KPER 1 TO BUDGET FILE TERMS FROM KSTP 1 AND KPER 1

 FMI SETTING HEAD FOR KSTP 326 AND KPER 1 TO BINARY FILE HEADS FROM KSTP 1 AND KPER 1

 CONCENTRATION WILL BE SAVED ON UNIT 1019 AT END OF TIME STEP  326, STRESS PERIOD    1

end timestep


start timestep kper="1" kstp="327" mode="normal"


 FMI SETTING BUDGET TERMS FOR KSTP 327 AND KPER 1 TO BUDGET FILE TERMS FROM KSTP 1 AND KPER 1

 FMI SETTING HEAD FOR KSTP 327 AND KPER 1 TO BINARY FILE HEADS FROM KSTP 1 AND KPER 1

 CONCENTRATION WILL BE SAVED ON UNIT 1019 AT END OF TIME STEP  327, STRESS PERIOD    1

end timestep


start timestep kper="1" kstp="328" mode="normal"


 FMI SETTING BUDGET TERMS FOR KSTP 328 AND KPER 1 TO BUDGET FILE TERMS FROM KSTP 1 AND KPER 1

 FMI SETTING HEAD FOR KSTP 328 AND KPER 1 TO BINARY FILE HEADS FROM KSTP 1 AND KPER 1

 CONCENTRATION WILL BE SAVED ON UNIT 1019 AT END OF TIME STEP  328, STRESS PERIOD    1

end timestep


start timestep kper="1" kstp="329" mode="normal"


 FMI SETTING BUDGET TERMS FOR KSTP 329 AND KPER 1 TO BUDGET FILE TERMS FROM KSTP 1 AND KPER 1

 FMI SETTING HEAD FOR KSTP 329 AND KPER 1 TO BINARY FILE HEADS FROM KSTP 1 AND KPER 1

 CONCENTRATION WILL BE SAVED ON UNIT 1019 AT END OF TIME STEP  329, STRESS PERIOD    1

end timestep


start timestep kper="1" kstp="330" mode="normal"


 FMI SETTING BUDGET TERMS FOR KSTP 330 AND KPER 1 TO BUDGET FILE TERMS FROM KSTP 1 AND KPER 1

 FMI SETTING HEAD FOR KSTP 330 AND KPER 1 TO BINARY FILE HEADS FROM KSTP 1 AND KPER 1

 CONCENTRATION WILL BE SAVED ON UNIT 1019 AT END OF TIME STEP  330, STRESS PERIOD    1

end timestep


start timestep kper="1" kstp="331" mode="normal"


 FMI SETTING BUDGET TERMS FOR KSTP 331 AND KPER 1 TO BUDGET FILE TERMS FROM KSTP 1 AND KPER 1

 FMI SETTING HEAD FOR KSTP 331 AND KPER 1 TO BINARY FILE HEADS FROM KSTP 1 AND KPER 1

 CONCENTRATION WILL BE SAVED ON UNIT 1019 AT END OF TIME STEP  331, STRESS PERIOD    1

end timestep


start timestep kper="1" kstp="332" mode="normal"


 FMI SETTING BUDGET TERMS FOR KSTP 332 AND KPER 1 TO BUDGET FILE TERMS FROM KSTP 1 AND KPER 1

 FMI SETTING HEAD FOR KSTP 332 AND KPER 1 TO BINARY FILE HEADS FROM KSTP 1 AND KPER 1

 CONCENTRATION WILL BE SAVED ON UNIT 1019 AT END OF TIME STEP  332, STRESS PERIOD    1

end timestep


start timestep kper="1" kstp="333" mode="normal"


 FMI SETTING BUDGET TERMS FOR KSTP 333 AND KPER 1 TO BUDGET FILE TERMS FROM KSTP 1 AND KPER 1

 FMI SETTING HEAD FOR KSTP 333 AND KPER 1 TO BINARY FILE HEADS FROM KSTP 1 AND KPER 1

 CONCENTRATION WILL BE SAVED ON UNIT 1019 AT END OF TIME STEP  333, STRESS PERIOD    1

end timestep


start timestep kper="1" kstp="334" mode="normal"


 FMI SETTING BUDGET TERMS FOR KSTP 334 AND KPER 1 TO BUDGET FILE TERMS FROM KSTP 1 AND KPER 1

 FMI SETTING HEAD FOR KSTP 334 AND KPER 1 TO BINARY FILE HEADS FROM KSTP 1 AND KPER 1

 CONCENTRATION WILL BE SAVED ON UNIT 1019 AT END OF TIME STEP  334, STRESS PERIOD    1

end timestep


start timestep kper="1" kstp="335" mode="normal"


 FMI SETTING BUDGET TERMS FOR KSTP 335 AND KPER 1 TO BUDGET FILE TERMS FROM KSTP 1 AND KPER 1

 FMI SETTING HEAD FOR KSTP 335 AND KPER 1 TO BINARY FILE HEADS FROM KSTP 1 AND KPER 1

 CONCENTRATION WILL BE SAVED ON UNIT 1019 AT END OF TIME STEP  335, STRESS PERIOD    1

end timestep


start timestep kper="1" kstp="336" mode="normal"


 FMI SETTING BUDGET TERMS FOR KSTP 336 AND KPER 1 TO BUDGET FILE TERMS FROM KSTP 1 AND KPER 1

 FMI SETTING HEAD FOR KSTP 336 AND KPER 1 TO BINARY FILE HEADS FROM KSTP 1 AND KPER 1

 CONCENTRATION WILL BE SAVED ON UNIT 1019 AT END OF TIME STEP  336, STRESS PERIOD    1

end timestep


start timestep kper="1" kstp="337" mode="normal"


 FMI SETTING BUDGET TERMS FOR KSTP 337 AND KPER 1 TO BUDGET FILE TERMS FROM KSTP 1 AND KPER 1

 FMI SETTING HEAD FOR KSTP 337 AND KPER 1 TO BINARY FILE HEADS FROM KSTP 1 AND KPER 1

 CONCENTRATION WILL BE SAVED ON UNIT 1019 AT END OF TIME STEP  337, STRESS PERIOD    1

end timestep


start timestep kper="1" kstp="338" mode="normal"


 FMI SETTING BUDGET TERMS FOR KSTP 338 AND KPER 1 TO BUDGET FILE TERMS FROM KSTP 1 AND KPER 1

 FMI SETTING HEAD FOR KSTP 338 AND KPER 1 TO BINARY FILE HEADS FROM KSTP 1 AND KPER 1

 CONCENTRATION WILL BE SAVED ON UNIT 1019 AT END OF TIME STEP  338, STRESS PERIOD    1

end timestep


start timestep kper="1" kstp="339" mode="normal"


 FMI SETTING BUDGET TERMS FOR KSTP 339 AND KPER 1 TO BUDGET FILE TERMS FROM KSTP 1 AND KPER 1

 FMI SETTING HEAD FOR KSTP 339 AND KPER 1 TO BINARY FILE HEADS FROM KSTP 1 AND KPER 1

 CONCENTRATION WILL BE SAVED ON UNIT 1019 AT END OF TIME STEP  339, STRESS PERIOD    1

end timestep


start timestep kper="1" kstp="340" mode="normal"


 FMI SETTING BUDGET TERMS FOR KSTP 340 AND KPER 1 TO BUDGET FILE TERMS FROM KSTP 1 AND KPER 1

 FMI SETTING HEAD FOR KSTP 340 AND KPER 1 TO BINARY FILE HEADS FROM KSTP 1 AND KPER 1

 CONCENTRATION WILL BE SAVED ON UNIT 1019 AT END OF TIME STEP  340, STRESS PERIOD    1

end timestep


start timestep kper="1" kstp="341" mode="normal"


 FMI SETTING BUDGET TERMS FOR KSTP 341 AND KPER 1 TO BUDGET FILE TERMS FROM KSTP 1 AND KPER 1

 FMI SETTING HEAD FOR KSTP 341 AND KPER 1 TO BINARY FILE HEADS FROM KSTP 1 AND KPER 1

 CONCENTRATION WILL BE SAVED ON UNIT 1019 AT END OF TIME STEP  341, STRESS PERIOD    1

end timestep


start timestep kper="1" kstp="342" mode="normal"


 FMI SETTING BUDGET TERMS FOR KSTP 342 AND KPER 1 TO BUDGET FILE TERMS FROM KSTP 1 AND KPER 1

 FMI SETTING HEAD FOR KSTP 342 AND KPER 1 TO BINARY FILE HEADS FROM KSTP 1 AND KPER 1

 CONCENTRATION WILL BE SAVED ON UNIT 1019 AT END OF TIME STEP  342, STRESS PERIOD    1

end timestep


start timestep kper="1" kstp="343" mode="normal"


 FMI SETTING BUDGET TERMS FOR KSTP 343 AND KPER 1 TO BUDGET FILE TERMS FROM KSTP 1 AND KPER 1

 FMI SETTING HEAD FOR KSTP 343 AND KPER 1 TO BINARY FILE HEADS FROM KSTP 1 AND KPER 1

 CONCENTRATION WILL BE SAVED ON UNIT 1019 AT END OF TIME STEP  343, STRESS PERIOD    1

end timestep


start timestep kper="1" kstp="344" mode="normal"


 FMI SETTING BUDGET TERMS FOR KSTP 344 AND KPER 1 TO BUDGET FILE TERMS FROM KSTP 1 AND KPER 1

 FMI SETTING HEAD FOR KSTP 344 AND KPER 1 TO BINARY FILE HEADS FROM KSTP 1 AND KPER 1

 CONCENTRATION WILL BE SAVED ON UNIT 1019 AT END OF TIME STEP  344, STRESS PERIOD    1

end timestep


start timestep kper="1" kstp="345" mode="normal"


 FMI SETTING BUDGET TERMS FOR KSTP 345 AND KPER 1 TO BUDGET FILE TERMS FROM KSTP 1 AND KPER 1

 FMI SETTING HEAD FOR KSTP 345 AND KPER 1 TO BINARY FILE HEADS FROM KSTP 1 AND KPER 1

 CONCENTRATION WILL BE SAVED ON UNIT 1019 AT END OF TIME STEP  345, STRESS PERIOD    1

end timestep


start timestep kper="1" kstp="346" mode="normal"


 FMI SETTING BUDGET TERMS FOR KSTP 346 AND KPER 1 TO BUDGET FILE TERMS FROM KSTP 1 AND KPER 1

 FMI SETTING HEAD FOR KSTP 346 AND KPER 1 TO BINARY FILE HEADS FROM KSTP 1 AND KPER 1

 CONCENTRATION WILL BE SAVED ON UNIT 1019 AT END OF TIME STEP  346, STRESS PERIOD    1

end timestep


start timestep kper="1" kstp="347" mode="normal"


 FMI SETTING BUDGET TERMS FOR KSTP 347 AND KPER 1 TO BUDGET FILE TERMS FROM KSTP 1 AND KPER 1

 FMI SETTING HEAD FOR KSTP 347 AND KPER 1 TO BINARY FILE HEADS FROM KSTP 1 AND KPER 1

 CONCENTRATION WILL BE SAVED ON UNIT 1019 AT END OF TIME STEP  347, STRESS PERIOD    1

end timestep


start timestep kper="1" kstp="348" mode="normal"


 FMI SETTING BUDGET TERMS FOR KSTP 348 AND KPER 1 TO BUDGET FILE TERMS FROM KSTP 1 AND KPER 1

 FMI SETTING HEAD FOR KSTP 348 AND KPER 1 TO BINARY FILE HEADS FROM KSTP 1 AND KPER 1

 CONCENTRATION WILL BE SAVED ON UNIT 1019 AT END OF TIME STEP  348, STRESS PERIOD    1

end timestep


start timestep kper="1" kstp="349" mode="normal"


 FMI SETTING BUDGET TERMS FOR KSTP 349 AND KPER 1 TO BUDGET FILE TERMS FROM KSTP 1 AND KPER 1

 FMI SETTING HEAD FOR KSTP 349 AND KPER 1 TO BINARY FILE HEADS FROM KSTP 1 AND KPER 1

 CONCENTRATION WILL BE SAVED ON UNIT 1019 AT END OF TIME STEP  349, STRESS PERIOD    1

end timestep


start timestep kper="1" kstp="350" mode="normal"


 FMI SETTING BUDGET TERMS FOR KSTP 350 AND KPER 1 TO BUDGET FILE TERMS FROM KSTP 1 AND KPER 1

 FMI SETTING HEAD FOR KSTP 350 AND KPER 1 TO BINARY FILE HEADS FROM KSTP 1 AND KPER 1

 CONCENTRATION WILL BE SAVED ON UNIT 1019 AT END OF TIME STEP  350, STRESS PERIOD    1

end timestep


start timestep kper="1" kstp="351" mode="normal"


 FMI SETTING BUDGET TERMS FOR KSTP 351 AND KPER 1 TO BUDGET FILE TERMS FROM KSTP 1 AND KPER 1

 FMI SETTING HEAD FOR KSTP 351 AND KPER 1 TO BINARY FILE HEADS FROM KSTP 1 AND KPER 1

 CONCENTRATION WILL BE SAVED ON UNIT 1019 AT END OF TIME STEP  351, STRESS PERIOD    1

end timestep


start timestep kper="1" kstp="352" mode="normal"


 FMI SETTING BUDGET TERMS FOR KSTP 352 AND KPER 1 TO BUDGET FILE TERMS FROM KSTP 1 AND KPER 1

 FMI SETTING HEAD FOR KSTP 352 AND KPER 1 TO BINARY FILE HEADS FROM KSTP 1 AND KPER 1

 CONCENTRATION WILL BE SAVED ON UNIT 1019 AT END OF TIME STEP  352, STRESS PERIOD    1

end timestep


start timestep kper="1" kstp="353" mode="normal"


 FMI SETTING BUDGET TERMS FOR KSTP 353 AND KPER 1 TO BUDGET FILE TERMS FROM KSTP 1 AND KPER 1

 FMI SETTING HEAD FOR KSTP 353 AND KPER 1 TO BINARY FILE HEADS FROM KSTP 1 AND KPER 1

 CONCENTRATION WILL BE SAVED ON UNIT 1019 AT END OF TIME STEP  353, STRESS PERIOD    1

end timestep


start timestep kper="1" kstp="354" mode="normal"


 FMI SETTING BUDGET TERMS FOR KSTP 354 AND KPER 1 TO BUDGET FILE TERMS FROM KSTP 1 AND KPER 1

 FMI SETTING HEAD FOR KSTP 354 AND KPER 1 TO BINARY FILE HEADS FROM KSTP 1 AND KPER 1

 CONCENTRATION WILL BE SAVED ON UNIT 1019 AT END OF TIME STEP  354, STRESS PERIOD    1

end timestep


start timestep kper="1" kstp="355" mode="normal"


 FMI SETTING BUDGET TERMS FOR KSTP 355 AND KPER 1 TO BUDGET FILE TERMS FROM KSTP 1 AND KPER 1

 FMI SETTING HEAD FOR KSTP 355 AND KPER 1 TO BINARY FILE HEADS FROM KSTP 1 AND KPER 1

 CONCENTRATION WILL BE SAVED ON UNIT 1019 AT END OF TIME STEP  355, STRESS PERIOD    1

end timestep


start timestep kper="1" kstp="356" mode="normal"


 FMI SETTING BUDGET TERMS FOR KSTP 356 AND KPER 1 TO BUDGET FILE TERMS FROM KSTP 1 AND KPER 1

 FMI SETTING HEAD FOR KSTP 356 AND KPER 1 TO BINARY FILE HEADS FROM KSTP 1 AND KPER 1

 CONCENTRATION WILL BE SAVED ON UNIT 1019 AT END OF TIME STEP  356, STRESS PERIOD    1

end timestep


start timestep kper="1" kstp="357" mode="normal"


 FMI SETTING BUDGET TERMS FOR KSTP 357 AND KPER 1 TO BUDGET FILE TERMS FROM KSTP 1 AND KPER 1

 FMI SETTING HEAD FOR KSTP 357 AND KPER 1 TO BINARY FILE HEADS FROM KSTP 1 AND KPER 1

 CONCENTRATION WILL BE SAVED ON UNIT 1019 AT END OF TIME STEP  357, STRESS PERIOD    1

end timestep


start timestep kper="1" kstp="358" mode="normal"


 FMI SETTING BUDGET TERMS FOR KSTP 358 AND KPER 1 TO BUDGET FILE TERMS FROM KSTP 1 AND KPER 1

 FMI SETTING HEAD FOR KSTP 358 AND KPER 1 TO BINARY FILE HEADS FROM KSTP 1 AND KPER 1

 CONCENTRATION WILL BE SAVED ON UNIT 1019 AT END OF TIME STEP  358, STRESS PERIOD    1

end timestep


start timestep kper="1" kstp="359" mode="normal"


 FMI SETTING BUDGET TERMS FOR KSTP 359 AND KPER 1 TO BUDGET FILE TERMS FROM KSTP 1 AND KPER 1

 FMI SETTING HEAD FOR KSTP 359 AND KPER 1 TO BINARY FILE HEADS FROM KSTP 1 AND KPER 1

 CONCENTRATION WILL BE SAVED ON UNIT 1019 AT END OF TIME STEP  359, STRESS PERIOD    1

end timestep


start timestep kper="1" kstp="360" mode="normal"


 FMI SETTING BUDGET TERMS FOR KSTP 360 AND KPER 1 TO BUDGET FILE TERMS FROM KSTP 1 AND KPER 1

 FMI SETTING HEAD FOR KSTP 360 AND KPER 1 TO BINARY FILE HEADS FROM KSTP 1 AND KPER 1

 CONCENTRATION WILL BE SAVED ON UNIT 1019 AT END OF TIME STEP  360, STRESS PERIOD    1

end timestep


start timestep kper="1" kstp="361" mode="normal"


 FMI SETTING BUDGET TERMS FOR KSTP 361 AND KPER 1 TO BUDGET FILE TERMS FROM KSTP 1 AND KPER 1

 FMI SETTING HEAD FOR KSTP 361 AND KPER 1 TO BINARY FILE HEADS FROM KSTP 1 AND KPER 1

 CONCENTRATION WILL BE SAVED ON UNIT 1019 AT END OF TIME STEP  361, STRESS PERIOD    1

end timestep


start timestep kper="1" kstp="362" mode="normal"


 FMI SETTING BUDGET TERMS FOR KSTP 362 AND KPER 1 TO BUDGET FILE TERMS FROM KSTP 1 AND KPER 1

 FMI SETTING HEAD FOR KSTP 362 AND KPER 1 TO BINARY FILE HEADS FROM KSTP 1 AND KPER 1

 CONCENTRATION WILL BE SAVED ON UNIT 1019 AT END OF TIME STEP  362, STRESS PERIOD    1

end timestep


start timestep kper="1" kstp="363" mode="normal"


 FMI SETTING BUDGET TERMS FOR KSTP 363 AND KPER 1 TO BUDGET FILE TERMS FROM KSTP 1 AND KPER 1

 FMI SETTING HEAD FOR KSTP 363 AND KPER 1 TO BINARY FILE HEADS FROM KSTP 1 AND KPER 1

 CONCENTRATION WILL BE SAVED ON UNIT 1019 AT END OF TIME STEP  363, STRESS PERIOD    1

end timestep


start timestep kper="1" kstp="364" mode="normal"


 FMI SETTING BUDGET TERMS FOR KSTP 364 AND KPER 1 TO BUDGET FILE TERMS FROM KSTP 1 AND KPER 1

 FMI SETTING HEAD FOR KSTP 364 AND KPER 1 TO BINARY FILE HEADS FROM KSTP 1 AND KPER 1

 CONCENTRATION WILL BE SAVED ON UNIT 1019 AT END OF TIME STEP  364, STRESS PERIOD    1

end timestep


start timestep kper="1" kstp="365" mode="normal"


 FMI SETTING BUDGET TERMS FOR KSTP 365 AND KPER 1 TO BUDGET FILE TERMS FROM KSTP 1 AND KPER 1

 FMI SETTING HEAD FOR KSTP 365 AND KPER 1 TO BINARY FILE HEADS FROM KSTP 1 AND KPER 1

 CONCENTRATION WILL BE SAVED ON UNIT 1019 AT END OF TIME STEP  365, STRESS PERIOD    1

end timestep


start timestep kper="1" kstp="366" mode="normal"


 FMI SETTING BUDGET TERMS FOR KSTP 366 AND KPER 1 TO BUDGET FILE TERMS FROM KSTP 1 AND KPER 1

 FMI SETTING HEAD FOR KSTP 366 AND KPER 1 TO BINARY FILE HEADS FROM KSTP 1 AND KPER 1

 CONCENTRATION WILL BE SAVED ON UNIT 1019 AT END OF TIME STEP  366, STRESS PERIOD    1

end timestep


start timestep kper="1" kstp="367" mode="normal"


 FMI SETTING BUDGET TERMS FOR KSTP 367 AND KPER 1 TO BUDGET FILE TERMS FROM KSTP 1 AND KPER 1

 FMI SETTING HEAD FOR KSTP 367 AND KPER 1 TO BINARY FILE HEADS FROM KSTP 1 AND KPER 1

 CONCENTRATION WILL BE SAVED ON UNIT 1019 AT END OF TIME STEP  367, STRESS PERIOD    1

end timestep


start timestep kper="1" kstp="368" mode="normal"


 FMI SETTING BUDGET TERMS FOR KSTP 368 AND KPER 1 TO BUDGET FILE TERMS FROM KSTP 1 AND KPER 1

 FMI SETTING HEAD FOR KSTP 368 AND KPER 1 TO BINARY FILE HEADS FROM KSTP 1 AND KPER 1

 CONCENTRATION WILL BE SAVED ON UNIT 1019 AT END OF TIME STEP  368, STRESS PERIOD    1

end timestep


start timestep kper="1" kstp="369" mode="normal"


 FMI SETTING BUDGET TERMS FOR KSTP 369 AND KPER 1 TO BUDGET FILE TERMS FROM KSTP 1 AND KPER 1

 FMI SETTING HEAD FOR KSTP 369 AND KPER 1 TO BINARY FILE HEADS FROM KSTP 1 AND KPER 1

 CONCENTRATION WILL BE SAVED ON UNIT 1019 AT END OF TIME STEP  369, STRESS PERIOD    1

end timestep


start timestep kper="1" kstp="370" mode="normal"


 FMI SETTING BUDGET TERMS FOR KSTP 370 AND KPER 1 TO BUDGET FILE TERMS FROM KSTP 1 AND KPER 1

 FMI SETTING HEAD FOR KSTP 370 AND KPER 1 TO BINARY FILE HEADS FROM KSTP 1 AND KPER 1

 CONCENTRATION WILL BE SAVED ON UNIT 1019 AT END OF TIME STEP  370, STRESS PERIOD    1

end timestep


start timestep kper="1" kstp="371" mode="normal"


 FMI SETTING BUDGET TERMS FOR KSTP 371 AND KPER 1 TO BUDGET FILE TERMS FROM KSTP 1 AND KPER 1

 FMI SETTING HEAD FOR KSTP 371 AND KPER 1 TO BINARY FILE HEADS FROM KSTP 1 AND KPER 1

 CONCENTRATION WILL BE SAVED ON UNIT 1019 AT END OF TIME STEP  371, STRESS PERIOD    1

end timestep


start timestep kper="1" kstp="372" mode="normal"


 FMI SETTING BUDGET TERMS FOR KSTP 372 AND KPER 1 TO BUDGET FILE TERMS FROM KSTP 1 AND KPER 1

 FMI SETTING HEAD FOR KSTP 372 AND KPER 1 TO BINARY FILE HEADS FROM KSTP 1 AND KPER 1

 CONCENTRATION WILL BE SAVED ON UNIT 1019 AT END OF TIME STEP  372, STRESS PERIOD    1

end timestep


start timestep kper="1" kstp="373" mode="normal"


 FMI SETTING BUDGET TERMS FOR KSTP 373 AND KPER 1 TO BUDGET FILE TERMS FROM KSTP 1 AND KPER 1

 FMI SETTING HEAD FOR KSTP 373 AND KPER 1 TO BINARY FILE HEADS FROM KSTP 1 AND KPER 1

 CONCENTRATION WILL BE SAVED ON UNIT 1019 AT END OF TIME STEP  373, STRESS PERIOD    1

end timestep


start timestep kper="1" kstp="374" mode="normal"


 FMI SETTING BUDGET TERMS FOR KSTP 374 AND KPER 1 TO BUDGET FILE TERMS FROM KSTP 1 AND KPER 1

 FMI SETTING HEAD FOR KSTP 374 AND KPER 1 TO BINARY FILE HEADS FROM KSTP 1 AND KPER 1

 CONCENTRATION WILL BE SAVED ON UNIT 1019 AT END OF TIME STEP  374, STRESS PERIOD    1

end timestep


start timestep kper="1" kstp="375" mode="normal"


 FMI SETTING BUDGET TERMS FOR KSTP 375 AND KPER 1 TO BUDGET FILE TERMS FROM KSTP 1 AND KPER 1

 FMI SETTING HEAD FOR KSTP 375 AND KPER 1 TO BINARY FILE HEADS FROM KSTP 1 AND KPER 1

 CONCENTRATION WILL BE SAVED ON UNIT 1019 AT END OF TIME STEP  375, STRESS PERIOD    1

end timestep


start timestep kper="1" kstp="376" mode="normal"


 FMI SETTING BUDGET TERMS FOR KSTP 376 AND KPER 1 TO BUDGET FILE TERMS FROM KSTP 1 AND KPER 1

 FMI SETTING HEAD FOR KSTP 376 AND KPER 1 TO BINARY FILE HEADS FROM KSTP 1 AND KPER 1

 CONCENTRATION WILL BE SAVED ON UNIT 1019 AT END OF TIME STEP  376, STRESS PERIOD    1

end timestep


start timestep kper="1" kstp="377" mode="normal"


 FMI SETTING BUDGET TERMS FOR KSTP 377 AND KPER 1 TO BUDGET FILE TERMS FROM KSTP 1 AND KPER 1

 FMI SETTING HEAD FOR KSTP 377 AND KPER 1 TO BINARY FILE HEADS FROM KSTP 1 AND KPER 1

 CONCENTRATION WILL BE SAVED ON UNIT 1019 AT END OF TIME STEP  377, STRESS PERIOD    1

end timestep


start timestep kper="1" kstp="378" mode="normal"


 FMI SETTING BUDGET TERMS FOR KSTP 378 AND KPER 1 TO BUDGET FILE TERMS FROM KSTP 1 AND KPER 1

 FMI SETTING HEAD FOR KSTP 378 AND KPER 1 TO BINARY FILE HEADS FROM KSTP 1 AND KPER 1

 CONCENTRATION WILL BE SAVED ON UNIT 1019 AT END OF TIME STEP  378, STRESS PERIOD    1

end timestep


start timestep kper="1" kstp="379" mode="normal"


 FMI SETTING BUDGET TERMS FOR KSTP 379 AND KPER 1 TO BUDGET FILE TERMS FROM KSTP 1 AND KPER 1

 FMI SETTING HEAD FOR KSTP 379 AND KPER 1 TO BINARY FILE HEADS FROM KSTP 1 AND KPER 1

 CONCENTRATION WILL BE SAVED ON UNIT 1019 AT END OF TIME STEP  379, STRESS PERIOD    1

end timestep


start timestep kper="1" kstp="380" mode="normal"


 FMI SETTING BUDGET TERMS FOR KSTP 380 AND KPER 1 TO BUDGET FILE TERMS FROM KSTP 1 AND KPER 1

 FMI SETTING HEAD FOR KSTP 380 AND KPER 1 TO BINARY FILE HEADS FROM KSTP 1 AND KPER 1

 CONCENTRATION WILL BE SAVED ON UNIT 1019 AT END OF TIME STEP  380, STRESS PERIOD    1

end timestep


start timestep kper="1" kstp="381" mode="normal"


 FMI SETTING BUDGET TERMS FOR KSTP 381 AND KPER 1 TO BUDGET FILE TERMS FROM KSTP 1 AND KPER 1

 FMI SETTING HEAD FOR KSTP 381 AND KPER 1 TO BINARY FILE HEADS FROM KSTP 1 AND KPER 1

 CONCENTRATION WILL BE SAVED ON UNIT 1019 AT END OF TIME STEP  381, STRESS PERIOD    1

end timestep


start timestep kper="1" kstp="382" mode="normal"


 FMI SETTING BUDGET TERMS FOR KSTP 382 AND KPER 1 TO BUDGET FILE TERMS FROM KSTP 1 AND KPER 1

 FMI SETTING HEAD FOR KSTP 382 AND KPER 1 TO BINARY FILE HEADS FROM KSTP 1 AND KPER 1

 CONCENTRATION WILL BE SAVED ON UNIT 1019 AT END OF TIME STEP  382, STRESS PERIOD    1

end timestep


start timestep kper="1" kstp="383" mode="normal"


 FMI SETTING BUDGET TERMS FOR KSTP 383 AND KPER 1 TO BUDGET FILE TERMS FROM KSTP 1 AND KPER 1

 FMI SETTING HEAD FOR KSTP 383 AND KPER 1 TO BINARY FILE HEADS FROM KSTP 1 AND KPER 1

 CONCENTRATION WILL BE SAVED ON UNIT 1019 AT END OF TIME STEP  383, STRESS PERIOD    1

end timestep


start timestep kper="1" kstp="384" mode="normal"


 FMI SETTING BUDGET TERMS FOR KSTP 384 AND KPER 1 TO BUDGET FILE TERMS FROM KSTP 1 AND KPER 1

 FMI SETTING HEAD FOR KSTP 384 AND KPER 1 TO BINARY FILE HEADS FROM KSTP 1 AND KPER 1

 CONCENTRATION WILL BE SAVED ON UNIT 1019 AT END OF TIME STEP  384, STRESS PERIOD    1

end timestep


start timestep kper="1" kstp="385" mode="normal"


 FMI SETTING BUDGET TERMS FOR KSTP 385 AND KPER 1 TO BUDGET FILE TERMS FROM KSTP 1 AND KPER 1

 FMI SETTING HEAD FOR KSTP 385 AND KPER 1 TO BINARY FILE HEADS FROM KSTP 1 AND KPER 1

 CONCENTRATION WILL BE SAVED ON UNIT 1019 AT END OF TIME STEP  385, STRESS PERIOD    1

end timestep


start timestep kper="1" kstp="386" mode="normal"


 FMI SETTING BUDGET TERMS FOR KSTP 386 AND KPER 1 TO BUDGET FILE TERMS FROM KSTP 1 AND KPER 1

 FMI SETTING HEAD FOR KSTP 386 AND KPER 1 TO BINARY FILE HEADS FROM KSTP 1 AND KPER 1

 CONCENTRATION WILL BE SAVED ON UNIT 1019 AT END OF TIME STEP  386, STRESS PERIOD    1

end timestep


start timestep kper="1" kstp="387" mode="normal"


 FMI SETTING BUDGET TERMS FOR KSTP 387 AND KPER 1 TO BUDGET FILE TERMS FROM KSTP 1 AND KPER 1

 FMI SETTING HEAD FOR KSTP 387 AND KPER 1 TO BINARY FILE HEADS FROM KSTP 1 AND KPER 1

 CONCENTRATION WILL BE SAVED ON UNIT 1019 AT END OF TIME STEP  387, STRESS PERIOD    1

end timestep


start timestep kper="1" kstp="388" mode="normal"


 FMI SETTING BUDGET TERMS FOR KSTP 388 AND KPER 1 TO BUDGET FILE TERMS FROM KSTP 1 AND KPER 1

 FMI SETTING HEAD FOR KSTP 388 AND KPER 1 TO BINARY FILE HEADS FROM KSTP 1 AND KPER 1

 CONCENTRATION WILL BE SAVED ON UNIT 1019 AT END OF TIME STEP  388, STRESS PERIOD    1

end timestep


start timestep kper="1" kstp="389" mode="normal"


 FMI SETTING BUDGET TERMS FOR KSTP 389 AND KPER 1 TO BUDGET FILE TERMS FROM KSTP 1 AND KPER 1

 FMI SETTING HEAD FOR KSTP 389 AND KPER 1 TO BINARY FILE HEADS FROM KSTP 1 AND KPER 1

 CONCENTRATION WILL BE SAVED ON UNIT 1019 AT END OF TIME STEP  389, STRESS PERIOD    1

end timestep


start timestep kper="1" kstp="390" mode="normal"


 FMI SETTING BUDGET TERMS FOR KSTP 390 AND KPER 1 TO BUDGET FILE TERMS FROM KSTP 1 AND KPER 1

 FMI SETTING HEAD FOR KSTP 390 AND KPER 1 TO BINARY FILE HEADS FROM KSTP 1 AND KPER 1

 CONCENTRATION WILL BE SAVED ON UNIT 1019 AT END OF TIME STEP  390, STRESS PERIOD    1

end timestep


start timestep kper="1" kstp="391" mode="normal"


 FMI SETTING BUDGET TERMS FOR KSTP 391 AND KPER 1 TO BUDGET FILE TERMS FROM KSTP 1 AND KPER 1

 FMI SETTING HEAD FOR KSTP 391 AND KPER 1 TO BINARY FILE HEADS FROM KSTP 1 AND KPER 1

 CONCENTRATION WILL BE SAVED ON UNIT 1019 AT END OF TIME STEP  391, STRESS PERIOD    1

end timestep


start timestep kper="1" kstp="392" mode="normal"


 FMI SETTING BUDGET TERMS FOR KSTP 392 AND KPER 1 TO BUDGET FILE TERMS FROM KSTP 1 AND KPER 1

 FMI SETTING HEAD FOR KSTP 392 AND KPER 1 TO BINARY FILE HEADS FROM KSTP 1 AND KPER 1

 CONCENTRATION WILL BE SAVED ON UNIT 1019 AT END OF TIME STEP  392, STRESS PERIOD    1

end timestep


start timestep kper="1" kstp="393" mode="normal"


 FMI SETTING BUDGET TERMS FOR KSTP 393 AND KPER 1 TO BUDGET FILE TERMS FROM KSTP 1 AND KPER 1

 FMI SETTING HEAD FOR KSTP 393 AND KPER 1 TO BINARY FILE HEADS FROM KSTP 1 AND KPER 1

 CONCENTRATION WILL BE SAVED ON UNIT 1019 AT END OF TIME STEP  393, STRESS PERIOD    1

end timestep


start timestep kper="1" kstp="394" mode="normal"


 FMI SETTING BUDGET TERMS FOR KSTP 394 AND KPER 1 TO BUDGET FILE TERMS FROM KSTP 1 AND KPER 1

 FMI SETTING HEAD FOR KSTP 394 AND KPER 1 TO BINARY FILE HEADS FROM KSTP 1 AND KPER 1

 CONCENTRATION WILL BE SAVED ON UNIT 1019 AT END OF TIME STEP  394, STRESS PERIOD    1

end timestep


start timestep kper="1" kstp="395" mode="normal"


 FMI SETTING BUDGET TERMS FOR KSTP 395 AND KPER 1 TO BUDGET FILE TERMS FROM KSTP 1 AND KPER 1

 FMI SETTING HEAD FOR KSTP 395 AND KPER 1 TO BINARY FILE HEADS FROM KSTP 1 AND KPER 1

 CONCENTRATION WILL BE SAVED ON UNIT 1019 AT END OF TIME STEP  395, STRESS PERIOD    1

end timestep


start timestep kper="1" kstp="396" mode="normal"


 FMI SETTING BUDGET TERMS FOR KSTP 396 AND KPER 1 TO BUDGET FILE TERMS FROM KSTP 1 AND KPER 1

 FMI SETTING HEAD FOR KSTP 396 AND KPER 1 TO BINARY FILE HEADS FROM KSTP 1 AND KPER 1

 CONCENTRATION WILL BE SAVED ON UNIT 1019 AT END OF TIME STEP  396, STRESS PERIOD    1

end timestep


start timestep kper="1" kstp="397" mode="normal"


 FMI SETTING BUDGET TERMS FOR KSTP 397 AND KPER 1 TO BUDGET FILE TERMS FROM KSTP 1 AND KPER 1

 FMI SETTING HEAD FOR KSTP 397 AND KPER 1 TO BINARY FILE HEADS FROM KSTP 1 AND KPER 1

 CONCENTRATION WILL BE SAVED ON UNIT 1019 AT END OF TIME STEP  397, STRESS PERIOD    1

end timestep


start timestep kper="1" kstp="398" mode="normal"


 FMI SETTING BUDGET TERMS FOR KSTP 398 AND KPER 1 TO BUDGET FILE TERMS FROM KSTP 1 AND KPER 1

 FMI SETTING HEAD FOR KSTP 398 AND KPER 1 TO BINARY FILE HEADS FROM KSTP 1 AND KPER 1

 CONCENTRATION WILL BE SAVED ON UNIT 1019 AT END OF TIME STEP  398, STRESS PERIOD    1

end timestep


start timestep kper="1" kstp="399" mode="normal"


 FMI SETTING BUDGET TERMS FOR KSTP 399 AND KPER 1 TO BUDGET FILE TERMS FROM KSTP 1 AND KPER 1

 FMI SETTING HEAD FOR KSTP 399 AND KPER 1 TO BINARY FILE HEADS FROM KSTP 1 AND KPER 1

 CONCENTRATION WILL BE SAVED ON UNIT 1019 AT END OF TIME STEP  399, STRESS PERIOD    1

end timestep


start timestep kper="1" kstp="400" mode="normal"


 FMI SETTING BUDGET TERMS FOR KSTP 400 AND KPER 1 TO BUDGET FILE TERMS FROM KSTP 1 AND KPER 1

 FMI SETTING HEAD FOR KSTP 400 AND KPER 1 TO BINARY FILE HEADS FROM KSTP 1 AND KPER 1

 CONCENTRATION WILL BE SAVED ON UNIT 1019 AT END OF TIME STEP  400, STRESS PERIOD    1

end timestep


start timestep kper="1" kstp="401" mode="normal"


 FMI SETTING BUDGET TERMS FOR KSTP 401 AND KPER 1 TO BUDGET FILE TERMS FROM KSTP 1 AND KPER 1

 FMI SETTING HEAD FOR KSTP 401 AND KPER 1 TO BINARY FILE HEADS FROM KSTP 1 AND KPER 1

 CONCENTRATION WILL BE SAVED ON UNIT 1019 AT END OF TIME STEP  401, STRESS PERIOD    1

end timestep


start timestep kper="1" kstp="402" mode="normal"


 FMI SETTING BUDGET TERMS FOR KSTP 402 AND KPER 1 TO BUDGET FILE TERMS FROM KSTP 1 AND KPER 1

 FMI SETTING HEAD FOR KSTP 402 AND KPER 1 TO BINARY FILE HEADS FROM KSTP 1 AND KPER 1

 CONCENTRATION WILL BE SAVED ON UNIT 1019 AT END OF TIME STEP  402, STRESS PERIOD    1

end timestep


start timestep kper="1" kstp="403" mode="normal"


 FMI SETTING BUDGET TERMS FOR KSTP 403 AND KPER 1 TO BUDGET FILE TERMS FROM KSTP 1 AND KPER 1

 FMI SETTING HEAD FOR KSTP 403 AND KPER 1 TO BINARY FILE HEADS FROM KSTP 1 AND KPER 1

 CONCENTRATION WILL BE SAVED ON UNIT 1019 AT END OF TIME STEP  403, STRESS PERIOD    1

end timestep


start timestep kper="1" kstp="404" mode="normal"


 FMI SETTING BUDGET TERMS FOR KSTP 404 AND KPER 1 TO BUDGET FILE TERMS FROM KSTP 1 AND KPER 1

 FMI SETTING HEAD FOR KSTP 404 AND KPER 1 TO BINARY FILE HEADS FROM KSTP 1 AND KPER 1

 CONCENTRATION WILL BE SAVED ON UNIT 1019 AT END OF TIME STEP  404, STRESS PERIOD    1

end timestep


start timestep kper="1" kstp="405" mode="normal"


 FMI SETTING BUDGET TERMS FOR KSTP 405 AND KPER 1 TO BUDGET FILE TERMS FROM KSTP 1 AND KPER 1

 FMI SETTING HEAD FOR KSTP 405 AND KPER 1 TO BINARY FILE HEADS FROM KSTP 1 AND KPER 1

 CONCENTRATION WILL BE SAVED ON UNIT 1019 AT END OF TIME STEP  405, STRESS PERIOD    1

end timestep


start timestep kper="1" kstp="406" mode="normal"


 FMI SETTING BUDGET TERMS FOR KSTP 406 AND KPER 1 TO BUDGET FILE TERMS FROM KSTP 1 AND KPER 1

 FMI SETTING HEAD FOR KSTP 406 AND KPER 1 TO BINARY FILE HEADS FROM KSTP 1 AND KPER 1

 CONCENTRATION WILL BE SAVED ON UNIT 1019 AT END OF TIME STEP  406, STRESS PERIOD    1

end timestep


start timestep kper="1" kstp="407" mode="normal"


 FMI SETTING BUDGET TERMS FOR KSTP 407 AND KPER 1 TO BUDGET FILE TERMS FROM KSTP 1 AND KPER 1

 FMI SETTING HEAD FOR KSTP 407 AND KPER 1 TO BINARY FILE HEADS FROM KSTP 1 AND KPER 1

 CONCENTRATION WILL BE SAVED ON UNIT 1019 AT END OF TIME STEP  407, STRESS PERIOD    1

end timestep


start timestep kper="1" kstp="408" mode="normal"


 FMI SETTING BUDGET TERMS FOR KSTP 408 AND KPER 1 TO BUDGET FILE TERMS FROM KSTP 1 AND KPER 1

 FMI SETTING HEAD FOR KSTP 408 AND KPER 1 TO BINARY FILE HEADS FROM KSTP 1 AND KPER 1

 CONCENTRATION WILL BE SAVED ON UNIT 1019 AT END OF TIME STEP  408, STRESS PERIOD    1

end timestep


start timestep kper="1" kstp="409" mode="normal"


 FMI SETTING BUDGET TERMS FOR KSTP 409 AND KPER 1 TO BUDGET FILE TERMS FROM KSTP 1 AND KPER 1

 FMI SETTING HEAD FOR KSTP 409 AND KPER 1 TO BINARY FILE HEADS FROM KSTP 1 AND KPER 1

 CONCENTRATION WILL BE SAVED ON UNIT 1019 AT END OF TIME STEP  409, STRESS PERIOD    1

end timestep


start timestep kper="1" kstp="410" mode="normal"


 FMI SETTING BUDGET TERMS FOR KSTP 410 AND KPER 1 TO BUDGET FILE TERMS FROM KSTP 1 AND KPER 1

 FMI SETTING HEAD FOR KSTP 410 AND KPER 1 TO BINARY FILE HEADS FROM KSTP 1 AND KPER 1

 CONCENTRATION WILL BE SAVED ON UNIT 1019 AT END OF TIME STEP  410, STRESS PERIOD    1

end timestep


start timestep kper="1" kstp="411" mode="normal"


 FMI SETTING BUDGET TERMS FOR KSTP 411 AND KPER 1 TO BUDGET FILE TERMS FROM KSTP 1 AND KPER 1

 FMI SETTING HEAD FOR KSTP 411 AND KPER 1 TO BINARY FILE HEADS FROM KSTP 1 AND KPER 1

 CONCENTRATION WILL BE SAVED ON UNIT 1019 AT END OF TIME STEP  411, STRESS PERIOD    1

end timestep


start timestep kper="1" kstp="412" mode="normal"


 FMI SETTING BUDGET TERMS FOR KSTP 412 AND KPER 1 TO BUDGET FILE TERMS FROM KSTP 1 AND KPER 1

 FMI SETTING HEAD FOR KSTP 412 AND KPER 1 TO BINARY FILE HEADS FROM KSTP 1 AND KPER 1

 CONCENTRATION WILL BE SAVED ON UNIT 1019 AT END OF TIME STEP  412, STRESS PERIOD    1

end timestep


start timestep kper="1" kstp="413" mode="normal"


 FMI SETTING BUDGET TERMS FOR KSTP 413 AND KPER 1 TO BUDGET FILE TERMS FROM KSTP 1 AND KPER 1

 FMI SETTING HEAD FOR KSTP 413 AND KPER 1 TO BINARY FILE HEADS FROM KSTP 1 AND KPER 1

 CONCENTRATION WILL BE SAVED ON UNIT 1019 AT END OF TIME STEP  413, STRESS PERIOD    1

end timestep


start timestep kper="1" kstp="414" mode="normal"


 FMI SETTING BUDGET TERMS FOR KSTP 414 AND KPER 1 TO BUDGET FILE TERMS FROM KSTP 1 AND KPER 1

 FMI SETTING HEAD FOR KSTP 414 AND KPER 1 TO BINARY FILE HEADS FROM KSTP 1 AND KPER 1

 CONCENTRATION WILL BE SAVED ON UNIT 1019 AT END OF TIME STEP  414, STRESS PERIOD    1

end timestep


start timestep kper="1" kstp="415" mode="normal"


 FMI SETTING BUDGET TERMS FOR KSTP 415 AND KPER 1 TO BUDGET FILE TERMS FROM KSTP 1 AND KPER 1

 FMI SETTING HEAD FOR KSTP 415 AND KPER 1 TO BINARY FILE HEADS FROM KSTP 1 AND KPER 1

 CONCENTRATION WILL BE SAVED ON UNIT 1019 AT END OF TIME STEP  415, STRESS PERIOD    1

end timestep


start timestep kper="1" kstp="416" mode="normal"


 FMI SETTING BUDGET TERMS FOR KSTP 416 AND KPER 1 TO BUDGET FILE TERMS FROM KSTP 1 AND KPER 1

 FMI SETTING HEAD FOR KSTP 416 AND KPER 1 TO BINARY FILE HEADS FROM KSTP 1 AND KPER 1

 CONCENTRATION WILL BE SAVED ON UNIT 1019 AT END OF TIME STEP  416, STRESS PERIOD    1

end timestep


start timestep kper="1" kstp="417" mode="normal"


 FMI SETTING BUDGET TERMS FOR KSTP 417 AND KPER 1 TO BUDGET FILE TERMS FROM KSTP 1 AND KPER 1

 FMI SETTING HEAD FOR KSTP 417 AND KPER 1 TO BINARY FILE HEADS FROM KSTP 1 AND KPER 1

 CONCENTRATION WILL BE SAVED ON UNIT 1019 AT END OF TIME STEP  417, STRESS PERIOD    1

end timestep


start timestep kper="1" kstp="418" mode="normal"


 FMI SETTING BUDGET TERMS FOR KSTP 418 AND KPER 1 TO BUDGET FILE TERMS FROM KSTP 1 AND KPER 1

 FMI SETTING HEAD FOR KSTP 418 AND KPER 1 TO BINARY FILE HEADS FROM KSTP 1 AND KPER 1

 CONCENTRATION WILL BE SAVED ON UNIT 1019 AT END OF TIME STEP  418, STRESS PERIOD    1

end timestep


start timestep kper="1" kstp="419" mode="normal"


 FMI SETTING BUDGET TERMS FOR KSTP 419 AND KPER 1 TO BUDGET FILE TERMS FROM KSTP 1 AND KPER 1

 FMI SETTING HEAD FOR KSTP 419 AND KPER 1 TO BINARY FILE HEADS FROM KSTP 1 AND KPER 1

 CONCENTRATION WILL BE SAVED ON UNIT 1019 AT END OF TIME STEP  419, STRESS PERIOD    1

end timestep


start timestep kper="1" kstp="420" mode="normal"


 FMI SETTING BUDGET TERMS FOR KSTP 420 AND KPER 1 TO BUDGET FILE TERMS FROM KSTP 1 AND KPER 1

 FMI SETTING HEAD FOR KSTP 420 AND KPER 1 TO BINARY FILE HEADS FROM KSTP 1 AND KPER 1

 CONCENTRATION WILL BE SAVED ON UNIT 1019 AT END OF TIME STEP  420, STRESS PERIOD    1

end timestep


start timestep kper="1" kstp="421" mode="normal"


 FMI SETTING BUDGET TERMS FOR KSTP 421 AND KPER 1 TO BUDGET FILE TERMS FROM KSTP 1 AND KPER 1

 FMI SETTING HEAD FOR KSTP 421 AND KPER 1 TO BINARY FILE HEADS FROM KSTP 1 AND KPER 1

 CONCENTRATION WILL BE SAVED ON UNIT 1019 AT END OF TIME STEP  421, STRESS PERIOD    1

end timestep


start timestep kper="1" kstp="422" mode="normal"


 FMI SETTING BUDGET TERMS FOR KSTP 422 AND KPER 1 TO BUDGET FILE TERMS FROM KSTP 1 AND KPER 1

 FMI SETTING HEAD FOR KSTP 422 AND KPER 1 TO BINARY FILE HEADS FROM KSTP 1 AND KPER 1

 CONCENTRATION WILL BE SAVED ON UNIT 1019 AT END OF TIME STEP  422, STRESS PERIOD    1

end timestep


start timestep kper="1" kstp="423" mode="normal"


 FMI SETTING BUDGET TERMS FOR KSTP 423 AND KPER 1 TO BUDGET FILE TERMS FROM KSTP 1 AND KPER 1

 FMI SETTING HEAD FOR KSTP 423 AND KPER 1 TO BINARY FILE HEADS FROM KSTP 1 AND KPER 1

 CONCENTRATION WILL BE SAVED ON UNIT 1019 AT END OF TIME STEP  423, STRESS PERIOD    1

end timestep


start timestep kper="1" kstp="424" mode="normal"


 FMI SETTING BUDGET TERMS FOR KSTP 424 AND KPER 1 TO BUDGET FILE TERMS FROM KSTP 1 AND KPER 1

 FMI SETTING HEAD FOR KSTP 424 AND KPER 1 TO BINARY FILE HEADS FROM KSTP 1 AND KPER 1

 CONCENTRATION WILL BE SAVED ON UNIT 1019 AT END OF TIME STEP  424, STRESS PERIOD    1

end timestep


start timestep kper="1" kstp="425" mode="normal"


 FMI SETTING BUDGET TERMS FOR KSTP 425 AND KPER 1 TO BUDGET FILE TERMS FROM KSTP 1 AND KPER 1

 FMI SETTING HEAD FOR KSTP 425 AND KPER 1 TO BINARY FILE HEADS FROM KSTP 1 AND KPER 1

 CONCENTRATION WILL BE SAVED ON UNIT 1019 AT END OF TIME STEP  425, STRESS PERIOD    1

end timestep


start timestep kper="1" kstp="426" mode="normal"


 FMI SETTING BUDGET TERMS FOR KSTP 426 AND KPER 1 TO BUDGET FILE TERMS FROM KSTP 1 AND KPER 1

 FMI SETTING HEAD FOR KSTP 426 AND KPER 1 TO BINARY FILE HEADS FROM KSTP 1 AND KPER 1

 CONCENTRATION WILL BE SAVED ON UNIT 1019 AT END OF TIME STEP  426, STRESS PERIOD    1

end timestep


start timestep kper="1" kstp="427" mode="normal"


 FMI SETTING BUDGET TERMS FOR KSTP 427 AND KPER 1 TO BUDGET FILE TERMS FROM KSTP 1 AND KPER 1

 FMI SETTING HEAD FOR KSTP 427 AND KPER 1 TO BINARY FILE HEADS FROM KSTP 1 AND KPER 1

 CONCENTRATION WILL BE SAVED ON UNIT 1019 AT END OF TIME STEP  427, STRESS PERIOD    1

end timestep


start timestep kper="1" kstp="428" mode="normal"


 FMI SETTING BUDGET TERMS FOR KSTP 428 AND KPER 1 TO BUDGET FILE TERMS FROM KSTP 1 AND KPER 1

 FMI SETTING HEAD FOR KSTP 428 AND KPER 1 TO BINARY FILE HEADS FROM KSTP 1 AND KPER 1

 CONCENTRATION WILL BE SAVED ON UNIT 1019 AT END OF TIME STEP  428, STRESS PERIOD    1

end timestep


start timestep kper="1" kstp="429" mode="normal"


 FMI SETTING BUDGET TERMS FOR KSTP 429 AND KPER 1 TO BUDGET FILE TERMS FROM KSTP 1 AND KPER 1

 FMI SETTING HEAD FOR KSTP 429 AND KPER 1 TO BINARY FILE HEADS FROM KSTP 1 AND KPER 1

 CONCENTRATION WILL BE SAVED ON UNIT 1019 AT END OF TIME STEP  429, STRESS PERIOD    1

end timestep


start timestep kper="1" kstp="430" mode="normal"


 FMI SETTING BUDGET TERMS FOR KSTP 430 AND KPER 1 TO BUDGET FILE TERMS FROM KSTP 1 AND KPER 1

 FMI SETTING HEAD FOR KSTP 430 AND KPER 1 TO BINARY FILE HEADS FROM KSTP 1 AND KPER 1

 CONCENTRATION WILL BE SAVED ON UNIT 1019 AT END OF TIME STEP  430, STRESS PERIOD    1

end timestep


start timestep kper="1" kstp="431" mode="normal"


 FMI SETTING BUDGET TERMS FOR KSTP 431 AND KPER 1 TO BUDGET FILE TERMS FROM KSTP 1 AND KPER 1

 FMI SETTING HEAD FOR KSTP 431 AND KPER 1 TO BINARY FILE HEADS FROM KSTP 1 AND KPER 1

 CONCENTRATION WILL BE SAVED ON UNIT 1019 AT END OF TIME STEP  431, STRESS PERIOD    1

end timestep


start timestep kper="1" kstp="432" mode="normal"


 FMI SETTING BUDGET TERMS FOR KSTP 432 AND KPER 1 TO BUDGET FILE TERMS FROM KSTP 1 AND KPER 1

 FMI SETTING HEAD FOR KSTP 432 AND KPER 1 TO BINARY FILE HEADS FROM KSTP 1 AND KPER 1

 CONCENTRATION WILL BE SAVED ON UNIT 1019 AT END OF TIME STEP  432, STRESS PERIOD    1

end timestep


start timestep kper="1" kstp="433" mode="normal"


 FMI SETTING BUDGET TERMS FOR KSTP 433 AND KPER 1 TO BUDGET FILE TERMS FROM KSTP 1 AND KPER 1

 FMI SETTING HEAD FOR KSTP 433 AND KPER 1 TO BINARY FILE HEADS FROM KSTP 1 AND KPER 1

 CONCENTRATION WILL BE SAVED ON UNIT 1019 AT END OF TIME STEP  433, STRESS PERIOD    1

end timestep


start timestep kper="1" kstp="434" mode="normal"


 FMI SETTING BUDGET TERMS FOR KSTP 434 AND KPER 1 TO BUDGET FILE TERMS FROM KSTP 1 AND KPER 1

 FMI SETTING HEAD FOR KSTP 434 AND KPER 1 TO BINARY FILE HEADS FROM KSTP 1 AND KPER 1

 CONCENTRATION WILL BE SAVED ON UNIT 1019 AT END OF TIME STEP  434, STRESS PERIOD    1

end timestep


start timestep kper="1" kstp="435" mode="normal"


 FMI SETTING BUDGET TERMS FOR KSTP 435 AND KPER 1 TO BUDGET FILE TERMS FROM KSTP 1 AND KPER 1

 FMI SETTING HEAD FOR KSTP 435 AND KPER 1 TO BINARY FILE HEADS FROM KSTP 1 AND KPER 1

 CONCENTRATION WILL BE SAVED ON UNIT 1019 AT END OF TIME STEP  435, STRESS PERIOD    1

end timestep


start timestep kper="1" kstp="436" mode="normal"


 FMI SETTING BUDGET TERMS FOR KSTP 436 AND KPER 1 TO BUDGET FILE TERMS FROM KSTP 1 AND KPER 1

 FMI SETTING HEAD FOR KSTP 436 AND KPER 1 TO BINARY FILE HEADS FROM KSTP 1 AND KPER 1

 CONCENTRATION WILL BE SAVED ON UNIT 1019 AT END OF TIME STEP  436, STRESS PERIOD    1

end timestep


start timestep kper="1" kstp="437" mode="normal"


 FMI SETTING BUDGET TERMS FOR KSTP 437 AND KPER 1 TO BUDGET FILE TERMS FROM KSTP 1 AND KPER 1

 FMI SETTING HEAD FOR KSTP 437 AND KPER 1 TO BINARY FILE HEADS FROM KSTP 1 AND KPER 1

 CONCENTRATION WILL BE SAVED ON UNIT 1019 AT END OF TIME STEP  437, STRESS PERIOD    1

end timestep


start timestep kper="1" kstp="438" mode="normal"


 FMI SETTING BUDGET TERMS FOR KSTP 438 AND KPER 1 TO BUDGET FILE TERMS FROM KSTP 1 AND KPER 1

 FMI SETTING HEAD FOR KSTP 438 AND KPER 1 TO BINARY FILE HEADS FROM KSTP 1 AND KPER 1

 CONCENTRATION WILL BE SAVED ON UNIT 1019 AT END OF TIME STEP  438, STRESS PERIOD    1

end timestep


start timestep kper="1" kstp="439" mode="normal"


 FMI SETTING BUDGET TERMS FOR KSTP 439 AND KPER 1 TO BUDGET FILE TERMS FROM KSTP 1 AND KPER 1

 FMI SETTING HEAD FOR KSTP 439 AND KPER 1 TO BINARY FILE HEADS FROM KSTP 1 AND KPER 1

 CONCENTRATION WILL BE SAVED ON UNIT 1019 AT END OF TIME STEP  439, STRESS PERIOD    1

end timestep


start timestep kper="1" kstp="440" mode="normal"


 FMI SETTING BUDGET TERMS FOR KSTP 440 AND KPER 1 TO BUDGET FILE TERMS FROM KSTP 1 AND KPER 1

 FMI SETTING HEAD FOR KSTP 440 AND KPER 1 TO BINARY FILE HEADS FROM KSTP 1 AND KPER 1

 CONCENTRATION WILL BE SAVED ON UNIT 1019 AT END OF TIME STEP  440, STRESS PERIOD    1

end timestep


start timestep kper="1" kstp="441" mode="normal"


 FMI SETTING BUDGET TERMS FOR KSTP 441 AND KPER 1 TO BUDGET FILE TERMS FROM KSTP 1 AND KPER 1

 FMI SETTING HEAD FOR KSTP 441 AND KPER 1 TO BINARY FILE HEADS FROM KSTP 1 AND KPER 1

 CONCENTRATION WILL BE SAVED ON UNIT 1019 AT END OF TIME STEP  441, STRESS PERIOD    1

end timestep


start timestep kper="1" kstp="442" mode="normal"


 FMI SETTING BUDGET TERMS FOR KSTP 442 AND KPER 1 TO BUDGET FILE TERMS FROM KSTP 1 AND KPER 1

 FMI SETTING HEAD FOR KSTP 442 AND KPER 1 TO BINARY FILE HEADS FROM KSTP 1 AND KPER 1

 CONCENTRATION WILL BE SAVED ON UNIT 1019 AT END OF TIME STEP  442, STRESS PERIOD    1

end timestep


start timestep kper="1" kstp="443" mode="normal"


 FMI SETTING BUDGET TERMS FOR KSTP 443 AND KPER 1 TO BUDGET FILE TERMS FROM KSTP 1 AND KPER 1

 FMI SETTING HEAD FOR KSTP 443 AND KPER 1 TO BINARY FILE HEADS FROM KSTP 1 AND KPER 1

 CONCENTRATION WILL BE SAVED ON UNIT 1019 AT END OF TIME STEP  443, STRESS PERIOD    1

end timestep


start timestep kper="1" kstp="444" mode="normal"


 FMI SETTING BUDGET TERMS FOR KSTP 444 AND KPER 1 TO BUDGET FILE TERMS FROM KSTP 1 AND KPER 1

 FMI SETTING HEAD FOR KSTP 444 AND KPER 1 TO BINARY FILE HEADS FROM KSTP 1 AND KPER 1

 CONCENTRATION WILL BE SAVED ON UNIT 1019 AT END OF TIME STEP  444, STRESS PERIOD    1

end timestep


start timestep kper="1" kstp="445" mode="normal"


 FMI SETTING BUDGET TERMS FOR KSTP 445 AND KPER 1 TO BUDGET FILE TERMS FROM KSTP 1 AND KPER 1

 FMI SETTING HEAD FOR KSTP 445 AND KPER 1 TO BINARY FILE HEADS FROM KSTP 1 AND KPER 1

 CONCENTRATION WILL BE SAVED ON UNIT 1019 AT END OF TIME STEP  445, STRESS PERIOD    1

end timestep


start timestep kper="1" kstp="446" mode="normal"


 FMI SETTING BUDGET TERMS FOR KSTP 446 AND KPER 1 TO BUDGET FILE TERMS FROM KSTP 1 AND KPER 1

 FMI SETTING HEAD FOR KSTP 446 AND KPER 1 TO BINARY FILE HEADS FROM KSTP 1 AND KPER 1

 CONCENTRATION WILL BE SAVED ON UNIT 1019 AT END OF TIME STEP  446, STRESS PERIOD    1

end timestep


start timestep kper="1" kstp="447" mode="normal"


 FMI SETTING BUDGET TERMS FOR KSTP 447 AND KPER 1 TO BUDGET FILE TERMS FROM KSTP 1 AND KPER 1

 FMI SETTING HEAD FOR KSTP 447 AND KPER 1 TO BINARY FILE HEADS FROM KSTP 1 AND KPER 1

 CONCENTRATION WILL BE SAVED ON UNIT 1019 AT END OF TIME STEP  447, STRESS PERIOD    1

end timestep


start timestep kper="1" kstp="448" mode="normal"


 FMI SETTING BUDGET TERMS FOR KSTP 448 AND KPER 1 TO BUDGET FILE TERMS FROM KSTP 1 AND KPER 1

 FMI SETTING HEAD FOR KSTP 448 AND KPER 1 TO BINARY FILE HEADS FROM KSTP 1 AND KPER 1

 CONCENTRATION WILL BE SAVED ON UNIT 1019 AT END OF TIME STEP  448, STRESS PERIOD    1

end timestep


start timestep kper="1" kstp="449" mode="normal"


 FMI SETTING BUDGET TERMS FOR KSTP 449 AND KPER 1 TO BUDGET FILE TERMS FROM KSTP 1 AND KPER 1

 FMI SETTING HEAD FOR KSTP 449 AND KPER 1 TO BINARY FILE HEADS FROM KSTP 1 AND KPER 1

 CONCENTRATION WILL BE SAVED ON UNIT 1019 AT END OF TIME STEP  449, STRESS PERIOD    1

end timestep


start timestep kper="1" kstp="450" mode="normal"


 FMI SETTING BUDGET TERMS FOR KSTP 450 AND KPER 1 TO BUDGET FILE TERMS FROM KSTP 1 AND KPER 1

 FMI SETTING HEAD FOR KSTP 450 AND KPER 1 TO BINARY FILE HEADS FROM KSTP 1 AND KPER 1

 CONCENTRATION WILL BE SAVED ON UNIT 1019 AT END OF TIME STEP  450, STRESS PERIOD    1

end timestep


start timestep kper="1" kstp="451" mode="normal"


 FMI SETTING BUDGET TERMS FOR KSTP 451 AND KPER 1 TO BUDGET FILE TERMS FROM KSTP 1 AND KPER 1

 FMI SETTING HEAD FOR KSTP 451 AND KPER 1 TO BINARY FILE HEADS FROM KSTP 1 AND KPER 1

 CONCENTRATION WILL BE SAVED ON UNIT 1019 AT END OF TIME STEP  451, STRESS PERIOD    1

end timestep


start timestep kper="1" kstp="452" mode="normal"


 FMI SETTING BUDGET TERMS FOR KSTP 452 AND KPER 1 TO BUDGET FILE TERMS FROM KSTP 1 AND KPER 1

 FMI SETTING HEAD FOR KSTP 452 AND KPER 1 TO BINARY FILE HEADS FROM KSTP 1 AND KPER 1

 CONCENTRATION WILL BE SAVED ON UNIT 1019 AT END OF TIME STEP  452, STRESS PERIOD    1

end timestep


start timestep kper="1" kstp="453" mode="normal"


 FMI SETTING BUDGET TERMS FOR KSTP 453 AND KPER 1 TO BUDGET FILE TERMS FROM KSTP 1 AND KPER 1

 FMI SETTING HEAD FOR KSTP 453 AND KPER 1 TO BINARY FILE HEADS FROM KSTP 1 AND KPER 1

 CONCENTRATION WILL BE SAVED ON UNIT 1019 AT END OF TIME STEP  453, STRESS PERIOD    1

end timestep


start timestep kper="1" kstp="454" mode="normal"


 FMI SETTING BUDGET TERMS FOR KSTP 454 AND KPER 1 TO BUDGET FILE TERMS FROM KSTP 1 AND KPER 1

 FMI SETTING HEAD FOR KSTP 454 AND KPER 1 TO BINARY FILE HEADS FROM KSTP 1 AND KPER 1

 CONCENTRATION WILL BE SAVED ON UNIT 1019 AT END OF TIME STEP  454, STRESS PERIOD    1

end timestep


start timestep kper="1" kstp="455" mode="normal"


 FMI SETTING BUDGET TERMS FOR KSTP 455 AND KPER 1 TO BUDGET FILE TERMS FROM KSTP 1 AND KPER 1

 FMI SETTING HEAD FOR KSTP 455 AND KPER 1 TO BINARY FILE HEADS FROM KSTP 1 AND KPER 1

 CONCENTRATION WILL BE SAVED ON UNIT 1019 AT END OF TIME STEP  455, STRESS PERIOD    1

end timestep


start timestep kper="1" kstp="456" mode="normal"


 FMI SETTING BUDGET TERMS FOR KSTP 456 AND KPER 1 TO BUDGET FILE TERMS FROM KSTP 1 AND KPER 1

 FMI SETTING HEAD FOR KSTP 456 AND KPER 1 TO BINARY FILE HEADS FROM KSTP 1 AND KPER 1

 CONCENTRATION WILL BE SAVED ON UNIT 1019 AT END OF TIME STEP  456, STRESS PERIOD    1

end timestep


start timestep kper="1" kstp="457" mode="normal"


 FMI SETTING BUDGET TERMS FOR KSTP 457 AND KPER 1 TO BUDGET FILE TERMS FROM KSTP 1 AND KPER 1

 FMI SETTING HEAD FOR KSTP 457 AND KPER 1 TO BINARY FILE HEADS FROM KSTP 1 AND KPER 1

 CONCENTRATION WILL BE SAVED ON UNIT 1019 AT END OF TIME STEP  457, STRESS PERIOD    1

end timestep


start timestep kper="1" kstp="458" mode="normal"


 FMI SETTING BUDGET TERMS FOR KSTP 458 AND KPER 1 TO BUDGET FILE TERMS FROM KSTP 1 AND KPER 1

 FMI SETTING HEAD FOR KSTP 458 AND KPER 1 TO BINARY FILE HEADS FROM KSTP 1 AND KPER 1

 CONCENTRATION WILL BE SAVED ON UNIT 1019 AT END OF TIME STEP  458, STRESS PERIOD    1

end timestep


start timestep kper="1" kstp="459" mode="normal"


 FMI SETTING BUDGET TERMS FOR KSTP 459 AND KPER 1 TO BUDGET FILE TERMS FROM KSTP 1 AND KPER 1

 FMI SETTING HEAD FOR KSTP 459 AND KPER 1 TO BINARY FILE HEADS FROM KSTP 1 AND KPER 1

 CONCENTRATION WILL BE SAVED ON UNIT 1019 AT END OF TIME STEP  459, STRESS PERIOD    1

end timestep


start timestep kper="1" kstp="460" mode="normal"


 FMI SETTING BUDGET TERMS FOR KSTP 460 AND KPER 1 TO BUDGET FILE TERMS FROM KSTP 1 AND KPER 1

 FMI SETTING HEAD FOR KSTP 460 AND KPER 1 TO BINARY FILE HEADS FROM KSTP 1 AND KPER 1

 CONCENTRATION WILL BE SAVED ON UNIT 1019 AT END OF TIME STEP  460, STRESS PERIOD    1

end timestep


start timestep kper="1" kstp="461" mode="normal"


 FMI SETTING BUDGET TERMS FOR KSTP 461 AND KPER 1 TO BUDGET FILE TERMS FROM KSTP 1 AND KPER 1

 FMI SETTING HEAD FOR KSTP 461 AND KPER 1 TO BINARY FILE HEADS FROM KSTP 1 AND KPER 1

 CONCENTRATION WILL BE SAVED ON UNIT 1019 AT END OF TIME STEP  461, STRESS PERIOD    1

end timestep


start timestep kper="1" kstp="462" mode="normal"


 FMI SETTING BUDGET TERMS FOR KSTP 462 AND KPER 1 TO BUDGET FILE TERMS FROM KSTP 1 AND KPER 1

 FMI SETTING HEAD FOR KSTP 462 AND KPER 1 TO BINARY FILE HEADS FROM KSTP 1 AND KPER 1

 CONCENTRATION WILL BE SAVED ON UNIT 1019 AT END OF TIME STEP  462, STRESS PERIOD    1

end timestep


start timestep kper="1" kstp="463" mode="normal"


 FMI SETTING BUDGET TERMS FOR KSTP 463 AND KPER 1 TO BUDGET FILE TERMS FROM KSTP 1 AND KPER 1

 FMI SETTING HEAD FOR KSTP 463 AND KPER 1 TO BINARY FILE HEADS FROM KSTP 1 AND KPER 1

 CONCENTRATION WILL BE SAVED ON UNIT 1019 AT END OF TIME STEP  463, STRESS PERIOD    1

end timestep


start timestep kper="1" kstp="464" mode="normal"


 FMI SETTING BUDGET TERMS FOR KSTP 464 AND KPER 1 TO BUDGET FILE TERMS FROM KSTP 1 AND KPER 1

 FMI SETTING HEAD FOR KSTP 464 AND KPER 1 TO BINARY FILE HEADS FROM KSTP 1 AND KPER 1

 CONCENTRATION WILL BE SAVED ON UNIT 1019 AT END OF TIME STEP  464, STRESS PERIOD    1

end timestep


start timestep kper="1" kstp="465" mode="normal"


 FMI SETTING BUDGET TERMS FOR KSTP 465 AND KPER 1 TO BUDGET FILE TERMS FROM KSTP 1 AND KPER 1

 FMI SETTING HEAD FOR KSTP 465 AND KPER 1 TO BINARY FILE HEADS FROM KSTP 1 AND KPER 1

 CONCENTRATION WILL BE SAVED ON UNIT 1019 AT END OF TIME STEP  465, STRESS PERIOD    1

end timestep


start timestep kper="1" kstp="466" mode="normal"


 FMI SETTING BUDGET TERMS FOR KSTP 466 AND KPER 1 TO BUDGET FILE TERMS FROM KSTP 1 AND KPER 1

 FMI SETTING HEAD FOR KSTP 466 AND KPER 1 TO BINARY FILE HEADS FROM KSTP 1 AND KPER 1

 CONCENTRATION WILL BE SAVED ON UNIT 1019 AT END OF TIME STEP  466, STRESS PERIOD    1

end timestep


start timestep kper="1" kstp="467" mode="normal"


 FMI SETTING BUDGET TERMS FOR KSTP 467 AND KPER 1 TO BUDGET FILE TERMS FROM KSTP 1 AND KPER 1

 FMI SETTING HEAD FOR KSTP 467 AND KPER 1 TO BINARY FILE HEADS FROM KSTP 1 AND KPER 1

 CONCENTRATION WILL BE SAVED ON UNIT 1019 AT END OF TIME STEP  467, STRESS PERIOD    1

end timestep


start timestep kper="1" kstp="468" mode="normal"


 FMI SETTING BUDGET TERMS FOR KSTP 468 AND KPER 1 TO BUDGET FILE TERMS FROM KSTP 1 AND KPER 1

 FMI SETTING HEAD FOR KSTP 468 AND KPER 1 TO BINARY FILE HEADS FROM KSTP 1 AND KPER 1

 CONCENTRATION WILL BE SAVED ON UNIT 1019 AT END OF TIME STEP  468, STRESS PERIOD    1

end timestep


start timestep kper="1" kstp="469" mode="normal"


 FMI SETTING BUDGET TERMS FOR KSTP 469 AND KPER 1 TO BUDGET FILE TERMS FROM KSTP 1 AND KPER 1

 FMI SETTING HEAD FOR KSTP 469 AND KPER 1 TO BINARY FILE HEADS FROM KSTP 1 AND KPER 1

 CONCENTRATION WILL BE SAVED ON UNIT 1019 AT END OF TIME STEP  469, STRESS PERIOD    1

end timestep


start timestep kper="1" kstp="470" mode="normal"


 FMI SETTING BUDGET TERMS FOR KSTP 470 AND KPER 1 TO BUDGET FILE TERMS FROM KSTP 1 AND KPER 1

 FMI SETTING HEAD FOR KSTP 470 AND KPER 1 TO BINARY FILE HEADS FROM KSTP 1 AND KPER 1

 CONCENTRATION WILL BE SAVED ON UNIT 1019 AT END OF TIME STEP  470, STRESS PERIOD    1

end timestep


start timestep kper="1" kstp="471" mode="normal"


 FMI SETTING BUDGET TERMS FOR KSTP 471 AND KPER 1 TO BUDGET FILE TERMS FROM KSTP 1 AND KPER 1

 FMI SETTING HEAD FOR KSTP 471 AND KPER 1 TO BINARY FILE HEADS FROM KSTP 1 AND KPER 1

 CONCENTRATION WILL BE SAVED ON UNIT 1019 AT END OF TIME STEP  471, STRESS PERIOD    1

end timestep


start timestep kper="1" kstp="472" mode="normal"


 FMI SETTING BUDGET TERMS FOR KSTP 472 AND KPER 1 TO BUDGET FILE TERMS FROM KSTP 1 AND KPER 1

 FMI SETTING HEAD FOR KSTP 472 AND KPER 1 TO BINARY FILE HEADS FROM KSTP 1 AND KPER 1

 CONCENTRATION WILL BE SAVED ON UNIT 1019 AT END OF TIME STEP  472, STRESS PERIOD    1

end timestep


start timestep kper="1" kstp="473" mode="normal"


 FMI SETTING BUDGET TERMS FOR KSTP 473 AND KPER 1 TO BUDGET FILE TERMS FROM KSTP 1 AND KPER 1

 FMI SETTING HEAD FOR KSTP 473 AND KPER 1 TO BINARY FILE HEADS FROM KSTP 1 AND KPER 1

 CONCENTRATION WILL BE SAVED ON UNIT 1019 AT END OF TIME STEP  473, STRESS PERIOD    1

end timestep


start timestep kper="1" kstp="474" mode="normal"


 FMI SETTING BUDGET TERMS FOR KSTP 474 AND KPER 1 TO BUDGET FILE TERMS FROM KSTP 1 AND KPER 1

 FMI SETTING HEAD FOR KSTP 474 AND KPER 1 TO BINARY FILE HEADS FROM KSTP 1 AND KPER 1

 CONCENTRATION WILL BE SAVED ON UNIT 1019 AT END OF TIME STEP  474, STRESS PERIOD    1

end timestep


start timestep kper="1" kstp="475" mode="normal"


 FMI SETTING BUDGET TERMS FOR KSTP 475 AND KPER 1 TO BUDGET FILE TERMS FROM KSTP 1 AND KPER 1

 FMI SETTING HEAD FOR KSTP 475 AND KPER 1 TO BINARY FILE HEADS FROM KSTP 1 AND KPER 1

 CONCENTRATION WILL BE SAVED ON UNIT 1019 AT END OF TIME STEP  475, STRESS PERIOD    1

end timestep


start timestep kper="1" kstp="476" mode="normal"


 FMI SETTING BUDGET TERMS FOR KSTP 476 AND KPER 1 TO BUDGET FILE TERMS FROM KSTP 1 AND KPER 1

 FMI SETTING HEAD FOR KSTP 476 AND KPER 1 TO BINARY FILE HEADS FROM KSTP 1 AND KPER 1

 CONCENTRATION WILL BE SAVED ON UNIT 1019 AT END OF TIME STEP  476, STRESS PERIOD    1

end timestep


start timestep kper="1" kstp="477" mode="normal"


 FMI SETTING BUDGET TERMS FOR KSTP 477 AND KPER 1 TO BUDGET FILE TERMS FROM KSTP 1 AND KPER 1

 FMI SETTING HEAD FOR KSTP 477 AND KPER 1 TO BINARY FILE HEADS FROM KSTP 1 AND KPER 1

 CONCENTRATION WILL BE SAVED ON UNIT 1019 AT END OF TIME STEP  477, STRESS PERIOD    1

end timestep


start timestep kper="1" kstp="478" mode="normal"


 FMI SETTING BUDGET TERMS FOR KSTP 478 AND KPER 1 TO BUDGET FILE TERMS FROM KSTP 1 AND KPER 1

 FMI SETTING HEAD FOR KSTP 478 AND KPER 1 TO BINARY FILE HEADS FROM KSTP 1 AND KPER 1

 CONCENTRATION WILL BE SAVED ON UNIT 1019 AT END OF TIME STEP  478, STRESS PERIOD    1

end timestep


start timestep kper="1" kstp="479" mode="normal"


 FMI SETTING BUDGET TERMS FOR KSTP 479 AND KPER 1 TO BUDGET FILE TERMS FROM KSTP 1 AND KPER 1

 FMI SETTING HEAD FOR KSTP 479 AND KPER 1 TO BINARY FILE HEADS FROM KSTP 1 AND KPER 1

 CONCENTRATION WILL BE SAVED ON UNIT 1019 AT END OF TIME STEP  479, STRESS PERIOD    1

end timestep


start timestep kper="1" kstp="480" mode="normal"


 FMI SETTING BUDGET TERMS FOR KSTP 480 AND KPER 1 TO BUDGET FILE TERMS FROM KSTP 1 AND KPER 1

 FMI SETTING HEAD FOR KSTP 480 AND KPER 1 TO BINARY FILE HEADS FROM KSTP 1 AND KPER 1

 CONCENTRATION WILL BE SAVED ON UNIT 1019 AT END OF TIME STEP  480, STRESS PERIOD    1

end timestep


start timestep kper="1" kstp="481" mode="normal"


 FMI SETTING BUDGET TERMS FOR KSTP 481 AND KPER 1 TO BUDGET FILE TERMS FROM KSTP 1 AND KPER 1

 FMI SETTING HEAD FOR KSTP 481 AND KPER 1 TO BINARY FILE HEADS FROM KSTP 1 AND KPER 1

 CONCENTRATION WILL BE SAVED ON UNIT 1019 AT END OF TIME STEP  481, STRESS PERIOD    1

end timestep


start timestep kper="1" kstp="482" mode="normal"


 FMI SETTING BUDGET TERMS FOR KSTP 482 AND KPER 1 TO BUDGET FILE TERMS FROM KSTP 1 AND KPER 1

 FMI SETTING HEAD FOR KSTP 482 AND KPER 1 TO BINARY FILE HEADS FROM KSTP 1 AND KPER 1

 CONCENTRATION WILL BE SAVED ON UNIT 1019 AT END OF TIME STEP  482, STRESS PERIOD    1

end timestep


start timestep kper="1" kstp="483" mode="normal"


 FMI SETTING BUDGET TERMS FOR KSTP 483 AND KPER 1 TO BUDGET FILE TERMS FROM KSTP 1 AND KPER 1

 FMI SETTING HEAD FOR KSTP 483 AND KPER 1 TO BINARY FILE HEADS FROM KSTP 1 AND KPER 1

 CONCENTRATION WILL BE SAVED ON UNIT 1019 AT END OF TIME STEP  483, STRESS PERIOD    1

end timestep


start timestep kper="1" kstp="484" mode="normal"


 FMI SETTING BUDGET TERMS FOR KSTP 484 AND KPER 1 TO BUDGET FILE TERMS FROM KSTP 1 AND KPER 1

 FMI SETTING HEAD FOR KSTP 484 AND KPER 1 TO BINARY FILE HEADS FROM KSTP 1 AND KPER 1

 CONCENTRATION WILL BE SAVED ON UNIT 1019 AT END OF TIME STEP  484, STRESS PERIOD    1

end timestep


start timestep kper="1" kstp="485" mode="normal"


 FMI SETTING BUDGET TERMS FOR KSTP 485 AND KPER 1 TO BUDGET FILE TERMS FROM KSTP 1 AND KPER 1

 FMI SETTING HEAD FOR KSTP 485 AND KPER 1 TO BINARY FILE HEADS FROM KSTP 1 AND KPER 1

 CONCENTRATION WILL BE SAVED ON UNIT 1019 AT END OF TIME STEP  485, STRESS PERIOD    1

end timestep


start timestep kper="1" kstp="486" mode="normal"


 FMI SETTING BUDGET TERMS FOR KSTP 486 AND KPER 1 TO BUDGET FILE TERMS FROM KSTP 1 AND KPER 1

 FMI SETTING HEAD FOR KSTP 486 AND KPER 1 TO BINARY FILE HEADS FROM KSTP 1 AND KPER 1

 CONCENTRATION WILL BE SAVED ON UNIT 1019 AT END OF TIME STEP  486, STRESS PERIOD    1

end timestep


start timestep kper="1" kstp="487" mode="normal"


 FMI SETTING BUDGET TERMS FOR KSTP 487 AND KPER 1 TO BUDGET FILE TERMS FROM KSTP 1 AND KPER 1

 FMI SETTING HEAD FOR KSTP 487 AND KPER 1 TO BINARY FILE HEADS FROM KSTP 1 AND KPER 1

 CONCENTRATION WILL BE SAVED ON UNIT 1019 AT END OF TIME STEP  487, STRESS PERIOD    1

end timestep


start timestep kper="1" kstp="488" mode="normal"


 FMI SETTING BUDGET TERMS FOR KSTP 488 AND KPER 1 TO BUDGET FILE TERMS FROM KSTP 1 AND KPER 1

 FMI SETTING HEAD FOR KSTP 488 AND KPER 1 TO BINARY FILE HEADS FROM KSTP 1 AND KPER 1

 CONCENTRATION WILL BE SAVED ON UNIT 1019 AT END OF TIME STEP  488, STRESS PERIOD    1

end timestep


start timestep kper="1" kstp="489" mode="normal"


 FMI SETTING BUDGET TERMS FOR KSTP 489 AND KPER 1 TO BUDGET FILE TERMS FROM KSTP 1 AND KPER 1

 FMI SETTING HEAD FOR KSTP 489 AND KPER 1 TO BINARY FILE HEADS FROM KSTP 1 AND KPER 1

 CONCENTRATION WILL BE SAVED ON UNIT 1019 AT END OF TIME STEP  489, STRESS PERIOD    1

end timestep


start timestep kper="1" kstp="490" mode="normal"


 FMI SETTING BUDGET TERMS FOR KSTP 490 AND KPER 1 TO BUDGET FILE TERMS FROM KSTP 1 AND KPER 1

 FMI SETTING HEAD FOR KSTP 490 AND KPER 1 TO BINARY FILE HEADS FROM KSTP 1 AND KPER 1

 CONCENTRATION WILL BE SAVED ON UNIT 1019 AT END OF TIME STEP  490, STRESS PERIOD    1

end timestep


start timestep kper="1" kstp="491" mode="normal"


 FMI SETTING BUDGET TERMS FOR KSTP 491 AND KPER 1 TO BUDGET FILE TERMS FROM KSTP 1 AND KPER 1

 FMI SETTING HEAD FOR KSTP 491 AND KPER 1 TO BINARY FILE HEADS FROM KSTP 1 AND KPER 1

 CONCENTRATION WILL BE SAVED ON UNIT 1019 AT END OF TIME STEP  491, STRESS PERIOD    1

end timestep


start timestep kper="1" kstp="492" mode="normal"


 FMI SETTING BUDGET TERMS FOR KSTP 492 AND KPER 1 TO BUDGET FILE TERMS FROM KSTP 1 AND KPER 1

 FMI SETTING HEAD FOR KSTP 492 AND KPER 1 TO BINARY FILE HEADS FROM KSTP 1 AND KPER 1

 CONCENTRATION WILL BE SAVED ON UNIT 1019 AT END OF TIME STEP  492, STRESS PERIOD    1

end timestep


start timestep kper="1" kstp="493" mode="normal"


 FMI SETTING BUDGET TERMS FOR KSTP 493 AND KPER 1 TO BUDGET FILE TERMS FROM KSTP 1 AND KPER 1

 FMI SETTING HEAD FOR KSTP 493 AND KPER 1 TO BINARY FILE HEADS FROM KSTP 1 AND KPER 1

 CONCENTRATION WILL BE SAVED ON UNIT 1019 AT END OF TIME STEP  493, STRESS PERIOD    1

end timestep


start timestep kper="1" kstp="494" mode="normal"


 FMI SETTING BUDGET TERMS FOR KSTP 494 AND KPER 1 TO BUDGET FILE TERMS FROM KSTP 1 AND KPER 1

 FMI SETTING HEAD FOR KSTP 494 AND KPER 1 TO BINARY FILE HEADS FROM KSTP 1 AND KPER 1

 CONCENTRATION WILL BE SAVED ON UNIT 1019 AT END OF TIME STEP  494, STRESS PERIOD    1

end timestep


start timestep kper="1" kstp="495" mode="normal"


 FMI SETTING BUDGET TERMS FOR KSTP 495 AND KPER 1 TO BUDGET FILE TERMS FROM KSTP 1 AND KPER 1

 FMI SETTING HEAD FOR KSTP 495 AND KPER 1 TO BINARY FILE HEADS FROM KSTP 1 AND KPER 1

 CONCENTRATION WILL BE SAVED ON UNIT 1019 AT END OF TIME STEP  495, STRESS PERIOD    1

end timestep


start timestep kper="1" kstp="496" mode="normal"


 FMI SETTING BUDGET TERMS FOR KSTP 496 AND KPER 1 TO BUDGET FILE TERMS FROM KSTP 1 AND KPER 1

 FMI SETTING HEAD FOR KSTP 496 AND KPER 1 TO BINARY FILE HEADS FROM KSTP 1 AND KPER 1

 CONCENTRATION WILL BE SAVED ON UNIT 1019 AT END OF TIME STEP  496, STRESS PERIOD    1

end timestep


start timestep kper="1" kstp="497" mode="normal"


 FMI SETTING BUDGET TERMS FOR KSTP 497 AND KPER 1 TO BUDGET FILE TERMS FROM KSTP 1 AND KPER 1

 FMI SETTING HEAD FOR KSTP 497 AND KPER 1 TO BINARY FILE HEADS FROM KSTP 1 AND KPER 1

 CONCENTRATION WILL BE SAVED ON UNIT 1019 AT END OF TIME STEP  497, STRESS PERIOD    1

end timestep


start timestep kper="1" kstp="498" mode="normal"


 FMI SETTING BUDGET TERMS FOR KSTP 498 AND KPER 1 TO BUDGET FILE TERMS FROM KSTP 1 AND KPER 1

 FMI SETTING HEAD FOR KSTP 498 AND KPER 1 TO BINARY FILE HEADS FROM KSTP 1 AND KPER 1

 CONCENTRATION WILL BE SAVED ON UNIT 1019 AT END OF TIME STEP  498, STRESS PERIOD    1

end timestep


start timestep kper="1" kstp="499" mode="normal"


 FMI SETTING BUDGET TERMS FOR KSTP 499 AND KPER 1 TO BUDGET FILE TERMS FROM KSTP 1 AND KPER 1

 FMI SETTING HEAD FOR KSTP 499 AND KPER 1 TO BINARY FILE HEADS FROM KSTP 1 AND KPER 1

 CONCENTRATION WILL BE SAVED ON UNIT 1019 AT END OF TIME STEP  499, STRESS PERIOD    1

end timestep


start timestep kper="1" kstp="500" mode="normal"


 FMI SETTING BUDGET TERMS FOR KSTP 500 AND KPER 1 TO BUDGET FILE TERMS FROM KSTP 1 AND KPER 1

 FMI SETTING HEAD FOR KSTP 500 AND KPER 1 TO BINARY FILE HEADS FROM KSTP 1 AND KPER 1
 UBDSV1 SAVING  STORAGE-AQUEOUS ON UNIT   1018 AT TIME STEP    500, STRESS PERIOD      1
 UBDSV1 SAVING     FLOW-JA-FACE ON UNIT   1018 AT TIME STEP    500, STRESS PERIOD      1
 UBDSV06 SAVING  SOURCE-SINK MIX IN MODEL TRANSPORT        PACKAGE TRANSPORT       CONNECTED TO MODEL TRANSPORT        PACKAGE SSM              ON UNIT   1018 AT TIME STEP    500, STRESS PERIOD      1
1
  CONCENTRATION IN LAYER   1 AT END OF TIME STEP 500 IN STRESS PERIOD    1
  ---------------------------------------------------------------------------

            1           2           3           4           5           6           7           8           9          10
 ........................................................................................................................
   1   9.2354E-06  9.1678E-06  9.1031E-06  9.0424E-06  8.9867E-06  8.9373E-06  8.8952E-06  8.8618E-06  8.8383E-06  8.8259E-06

 CONCENTRATION WILL BE SAVED ON UNIT 1019 AT END OF TIME STEP  500, STRESS PERIOD    1


  MASS BUDGET FOR ENTIRE MODEL AT END OF TIME STEP  500, STRESS PERIOD   1
  ---------------------------------------------------------------------------------------------------

     CUMULATIVE MASS      M       RATES FOR THIS TIME STEP      M/T          PACKAGE NAME    
     ------------------                 ------------------------                     ----------------

           IN:                                      IN:
           ---                                      ---
     STORAGE-AQUEOUS =           0.0000       STORAGE-AQUEOUS =           0.0000     MST                              
                 WEL =       1.0000E-05                   WEL =       2.0000E-06     SSM_WEL-1                        
                 CHD =           0.0000                   CHD =           0.0000     SSM_CHD_0                        

            TOTAL IN =       1.0000E-05              TOTAL IN =       2.0000E-06

          OUT:                                     OUT:
          ----                                     ----
     STORAGE-AQUEOUS =       4.4447E-06       STORAGE-AQUEOUS =       2.2624E-07     MST                              
                 WEL =           0.0000                   WEL =           0.0000     SSM_WEL-1                        
                 CHD =       5.5376E-06                   CHD =       1.7652E-06     SSM_CHD_0                        

           TOTAL OUT =       9.9823E-06             TOTAL OUT =       1.9914E-06

            IN - OUT =       1.7664E-08              IN - OUT =       8.5853E-09

 PERCENT DISCREPANCY =           0.18     PERCENT DISCREPANCY =           0.43




         TIME SUMMARY AT END OF TIME STEP  500 IN STRESS PERIOD    1
                          TIME STEP LENGTH =   0.100000E-01
                        STRESS PERIOD TIME =    5.00000    
                     TOTAL SIMULATION TIME =    5.00000    

end timestep

