                                   MODFLOW 6
                U.S. GEOLOGICAL SURVEY MODULAR HYDROLOGIC MODEL
                             TRANSPORT MODEL (GWT)
                            VERSION 6.6.1 02/10/2025

   MODFLOW 6 compiled Feb 10 2025 17:37:25 with Intel(R) Fortran Intel(R) 64
   Compiler Classic for applications running on Intel(R) 64, Version 2021.7.0
                             Build 20220726_000000

This software has been approved for release by the U.S. Geological 
Survey (USGS). Although the software has been subjected to rigorous 
review, the USGS reserves the right to update the software as needed 
pursuant to further analysis and review. No warranty, expressed or 
implied, is made by the USGS or the U.S. Government as to the 
functionality of the software and related material nor shall the 
fact of release constitute any such warranty. Furthermore, the 
software is released on condition that neither the USGS nor the U.S. 
Government shall be held liable for any damages resulting from its 
authorized or unauthorized use. Also refer to the USGS Water 
Resources Software User Rights Notice for complete use, copyright, 
and distribution information.


As a work of the United States Government, this USGS product is 
in the public domain within the United States. You can copy, 
modify, distribute, and perform the work, even for commercial 
purposes, all without asking permission. Additionally, USGS 
waives copyright and related rights in the work worldwide 
through CC0 1.0 Universal Public Domain Dedication 
(https://creativecommons.org/publicdomain/zero/1.0/).

The following GNU Lesser General Public License (LGPL) libraries
are used in this USGS product:

    SPARSKIT version 2.0
      ilut, luson, and qsplit 
      (https://www-users.cse.umn.edu/~saad/software/SPARSKIT/)

    RCM - Reverse Cuthill McKee Ordering
      (https://people.math.sc.edu/Burkardt/f_src/rcm/rcm.html)

    BLAS - Basic Linear Algebra Subprograms Level 1
      (https://people.math.sc.edu/Burkardt/f_src/blas1_d/blas1_d.html)

    SPARSEKIT - Sparse Matrix Utility Package
      amux, dperm, dvperm, rperm, and cperm
      (https://people.sc.fsu.edu/~jburkardt/f77_src/sparsekit/sparsekit.html)

The following BSD-3 License libraries are used in this USGS product:

    Modern Fortran DAG Library
      Copyright (c) 2018, Jacob Williams
      All rights reserved.
      (https://github.com/jacobwilliams/daglib)

MODFLOW 6 compiler options: /Isrc\libmf6core.a.p /Isrc /I..\src
/Isrc\libmf6_external.a.p /MTd /nologo /warn:general /warn:truncated_source
/stand:f08 /Zi /traceback /O2 /fpe:0 /heap-arrays:0 /traceback /fpp
/Qdiag-disable:7416 /Qdiag-disable:7025 /Qdiag-disable:5268
/Qdiag-disable:10448 /Fdsrc\libmf6core.a.p\Utilities_compilerversion.F90.pdb
/module:src\libmf6core.a.p
/Fosrc/libmf6core.a.p/Utilities_compilerversion.F90.obj /c

System command used to initiate simulation:
C:\Users\luiggi\Documents\GitSites\RTWMA\bin\windows\mf6.exe

MODFLOW was compiled using uniform precision.

Real Variables
  KIND: 8
  TINY (smallest non-zero value):    2.225074-308
  HUGE (largest value):    1.797693+308
  PRECISION: 15
  SIZE IN BITS: 64

Integer Variables
  KIND: 4
  HUGE (largest value): 2147483647
  SIZE IN BITS: 32

Long Integer Variables
  KIND: 8
  HUGE (largest value): 9223372036854775807
  SIZE IN BITS: 64

Logical Variables
  KIND: 4
  SIZE IN BITS: 32
 
 NAMEFILE OPTIONS:
    FLOWS WILL BE SAVED TO BUDGET FILE SPECIFIED IN OUTPUT CONTROL
 END NAMEFILE OPTIONS:

 DIS -- STRUCTURED GRID DISCRETIZATION PACKAGE, VERSION 2 : 3/27/2014 - INPUT READ FROM MEMPATH: __INPUT__/GWT_FLUJTRANS/DIS                       


 DSP-- DISPERSION PACKAGE, VERSION 1, 1/24/2018 INPUT READ FROM MEMPATH: __INPUT__/GWT_FLUJTRANS/DSP                       


 Setting Discretization Options
 End Setting Discretization Options

 Setting Discretization Dimensions
    NLAY = 1
    NROW = 1
    NCOL = 100
 End Setting Discretization Dimensions

 Setting Discretization Griddata
    DELR set from input file
    DELC set from input file
    TOP set from input file
    BOTM set from input file
 End Setting Discretization Griddata


 FMI -- FLOW MODEL INTERFACE,' VERSION 2, 8/17/2023
  FLOWS PROVIDED BY A GWF MODEL IN THIS SIMULATION

 ADV-- ADVECTION PACKAGE, VERSION 1, 8/25/2017 INPUT READ FROM UNIT 1014


 # File generated by Flopy version 3.9.3 on 07/11/2026 at 14:12:50.
 PROCESSING ADVECTION OPTIONS
    ADVECTION WEIGHTING SCHEME HAS BEEN SET TO: TVD
 END OF ADVECTION OPTIONS
 Setting DSP Options
    XT3D formulation [0=INACTIVE, 1=ACTIVE, 3=ACTIVE RHS] set to: 0
 End Setting DSP Options

 Setting DSP Griddata
    DIFFC set from input file
    ALH set from input file
    ATH1 set from input file
    ATH2 set from input file
 End Setting DSP Griddata


 CNC   -- CNC PACKAGE, VERSION 8, 2/22/2014 INPUT READ FROM MEMPATH: __INPUT__/GWT_FLUJTRANS/CNC-1                     

 PROCESSING CNC BASE OPTIONS
 END OF CNC BASE OPTIONS

 PROCESSING CNC BASE DIMENSIONS
    MAXBOUND =       1
 END OF CNC BASE DIMENSIONS
    STRT set from input file

 MST -- MOBILE STORAGE AND TRANSFER PACKAGE, VERSION 1, 7/29/2020 INPUT READ FROM UNIT 1013


 # File generated by Flopy version 3.9.3 on 07/11/2026 at 14:12:50.
 PROCESSING MOBILE STORAGE AND TRANSFER OPTIONS
 END OF MOBILE STORAGE AND TRANSFER OPTIONS
 PROCESSING GRIDDATA

   MOBILE DOMAIN POROSITY =  0.3000000    
 END PROCESSING GRIDDATA

 SSM -- SOURCE-SINK MIXING PACKAGE, VERSION 1, 8/25/2017 INPUT READ FROM UNIT 1016


 # File generated by Flopy version 3.9.3 on 07/11/2026 at 14:12:50.
 PROCESSING SSM OPTIONS
 END OF SSM OPTIONS
 PROCESSING SOURCES
 AUX SOURCE DETECTED.
    USING AUX COLUMN 1 IN PACKAGE WEL-1
 END PROCESSING SOURCES
 OPTIONAL FILEINPUT BLOCK NOT FOUND.  CONTINUING.
      THE LAST TIME STEP WILL BE PRINTED
      THE LAST TIME STEP WILL BE PRINTED
 # File generated by Flopy version 3.9.3 on 07/11/2026 at 14:12:50.

 PROCESSING OC OPTIONS

    BUDGET INFORMATION WILL BE WRITTEN TO:
      UNIT NUMBER: 1027
      FILE NAME: gwt_flujtrans.cbc

 OPENED gwt_flujtrans.cbc
 FILE TYPE:DATA(BINARY)   UNIT 1027   STATUS:REPLACE             
 FORMAT:UNFORMATTED            ACCESS:STREAM              
 ACTION:READWRITE           

    CONCENTRATION INFORMATION WILL BE WRITTEN TO:
      UNIT NUMBER: 1028
      FILE NAME: gwt_flujtrans.ucn

 OPENED gwt_flujtrans.ucn
 FILE TYPE:DATA(BINARY)   UNIT 1028   STATUS:REPLACE             
 FORMAT:UNFORMATTED            ACCESS:STREAM              
 ACTION:READWRITE           

 END OF OC OPTIONS

start timestep kper="1" kstp="1" mode="normal"


 BEGIN READING OUTPUT CONTROL FOR STRESS PERIOD 1
      ALL TIME STEPS WILL BE SAVED
      ALL TIME STEPS WILL BE SAVED

 END READING OUTPUT CONTROL FOR STRESS PERIOD 1
 UBDSV1 SAVING  STORAGE-AQUEOUS ON UNIT   1027 AT TIME STEP      1, STRESS PERIOD      1
 UBDSV1 SAVING     FLOW-JA-FACE ON UNIT   1027 AT TIME STEP      1, STRESS PERIOD      1
 UBDSV06 SAVING  SOURCE-SINK MIX IN MODEL GWT_FLUJTRANS    PACKAGE GWT_FLUJTRANS   CONNECTED TO MODEL GWT_FLUJTRANS    PACKAGE SSM              ON UNIT   1027 AT TIME STEP      1, STRESS PERIOD      1
 UBDSV06 SAVING              CNC IN MODEL GWT_FLUJTRANS    PACKAGE GWT_FLUJTRANS   CONNECTED TO MODEL GWT_FLUJTRANS    PACKAGE CNC-1            ON UNIT   1027 AT TIME STEP      1, STRESS PERIOD      1

 CONCENTRATION WILL BE SAVED ON UNIT 1028 AT END OF TIME STEP    1, STRESS PERIOD    1

end timestep


start timestep kper="1" kstp="2" mode="normal"

 UBDSV1 SAVING  STORAGE-AQUEOUS ON UNIT   1027 AT TIME STEP      2, STRESS PERIOD      1
 UBDSV1 SAVING     FLOW-JA-FACE ON UNIT   1027 AT TIME STEP      2, STRESS PERIOD      1
 UBDSV06 SAVING  SOURCE-SINK MIX IN MODEL GWT_FLUJTRANS    PACKAGE GWT_FLUJTRANS   CONNECTED TO MODEL GWT_FLUJTRANS    PACKAGE SSM              ON UNIT   1027 AT TIME STEP      2, STRESS PERIOD      1
 UBDSV06 SAVING              CNC IN MODEL GWT_FLUJTRANS    PACKAGE GWT_FLUJTRANS   CONNECTED TO MODEL GWT_FLUJTRANS    PACKAGE CNC-1            ON UNIT   1027 AT TIME STEP      2, STRESS PERIOD      1

 CONCENTRATION WILL BE SAVED ON UNIT 1028 AT END OF TIME STEP    2, STRESS PERIOD    1

end timestep


start timestep kper="1" kstp="3" mode="normal"

 UBDSV1 SAVING  STORAGE-AQUEOUS ON UNIT   1027 AT TIME STEP      3, STRESS PERIOD      1
 UBDSV1 SAVING     FLOW-JA-FACE ON UNIT   1027 AT TIME STEP      3, STRESS PERIOD      1
 UBDSV06 SAVING  SOURCE-SINK MIX IN MODEL GWT_FLUJTRANS    PACKAGE GWT_FLUJTRANS   CONNECTED TO MODEL GWT_FLUJTRANS    PACKAGE SSM              ON UNIT   1027 AT TIME STEP      3, STRESS PERIOD      1
 UBDSV06 SAVING              CNC IN MODEL GWT_FLUJTRANS    PACKAGE GWT_FLUJTRANS   CONNECTED TO MODEL GWT_FLUJTRANS    PACKAGE CNC-1            ON UNIT   1027 AT TIME STEP      3, STRESS PERIOD      1

 CONCENTRATION WILL BE SAVED ON UNIT 1028 AT END OF TIME STEP    3, STRESS PERIOD    1

end timestep


start timestep kper="1" kstp="4" mode="normal"

 UBDSV1 SAVING  STORAGE-AQUEOUS ON UNIT   1027 AT TIME STEP      4, STRESS PERIOD      1
 UBDSV1 SAVING     FLOW-JA-FACE ON UNIT   1027 AT TIME STEP      4, STRESS PERIOD      1
 UBDSV06 SAVING  SOURCE-SINK MIX IN MODEL GWT_FLUJTRANS    PACKAGE GWT_FLUJTRANS   CONNECTED TO MODEL GWT_FLUJTRANS    PACKAGE SSM              ON UNIT   1027 AT TIME STEP      4, STRESS PERIOD      1
 UBDSV06 SAVING              CNC IN MODEL GWT_FLUJTRANS    PACKAGE GWT_FLUJTRANS   CONNECTED TO MODEL GWT_FLUJTRANS    PACKAGE CNC-1            ON UNIT   1027 AT TIME STEP      4, STRESS PERIOD      1

 CONCENTRATION WILL BE SAVED ON UNIT 1028 AT END OF TIME STEP    4, STRESS PERIOD    1

end timestep


start timestep kper="1" kstp="5" mode="normal"

 UBDSV1 SAVING  STORAGE-AQUEOUS ON UNIT   1027 AT TIME STEP      5, STRESS PERIOD      1
 UBDSV1 SAVING     FLOW-JA-FACE ON UNIT   1027 AT TIME STEP      5, STRESS PERIOD      1
 UBDSV06 SAVING  SOURCE-SINK MIX IN MODEL GWT_FLUJTRANS    PACKAGE GWT_FLUJTRANS   CONNECTED TO MODEL GWT_FLUJTRANS    PACKAGE SSM              ON UNIT   1027 AT TIME STEP      5, STRESS PERIOD      1
 UBDSV06 SAVING              CNC IN MODEL GWT_FLUJTRANS    PACKAGE GWT_FLUJTRANS   CONNECTED TO MODEL GWT_FLUJTRANS    PACKAGE CNC-1            ON UNIT   1027 AT TIME STEP      5, STRESS PERIOD      1

 CONCENTRATION WILL BE SAVED ON UNIT 1028 AT END OF TIME STEP    5, STRESS PERIOD    1

end timestep


start timestep kper="1" kstp="6" mode="normal"

 UBDSV1 SAVING  STORAGE-AQUEOUS ON UNIT   1027 AT TIME STEP      6, STRESS PERIOD      1
 UBDSV1 SAVING     FLOW-JA-FACE ON UNIT   1027 AT TIME STEP      6, STRESS PERIOD      1
 UBDSV06 SAVING  SOURCE-SINK MIX IN MODEL GWT_FLUJTRANS    PACKAGE GWT_FLUJTRANS   CONNECTED TO MODEL GWT_FLUJTRANS    PACKAGE SSM              ON UNIT   1027 AT TIME STEP      6, STRESS PERIOD      1
 UBDSV06 SAVING              CNC IN MODEL GWT_FLUJTRANS    PACKAGE GWT_FLUJTRANS   CONNECTED TO MODEL GWT_FLUJTRANS    PACKAGE CNC-1            ON UNIT   1027 AT TIME STEP      6, STRESS PERIOD      1

 CONCENTRATION WILL BE SAVED ON UNIT 1028 AT END OF TIME STEP    6, STRESS PERIOD    1

end timestep


start timestep kper="1" kstp="7" mode="normal"

 UBDSV1 SAVING  STORAGE-AQUEOUS ON UNIT   1027 AT TIME STEP      7, STRESS PERIOD      1
 UBDSV1 SAVING     FLOW-JA-FACE ON UNIT   1027 AT TIME STEP      7, STRESS PERIOD      1
 UBDSV06 SAVING  SOURCE-SINK MIX IN MODEL GWT_FLUJTRANS    PACKAGE GWT_FLUJTRANS   CONNECTED TO MODEL GWT_FLUJTRANS    PACKAGE SSM              ON UNIT   1027 AT TIME STEP      7, STRESS PERIOD      1
 UBDSV06 SAVING              CNC IN MODEL GWT_FLUJTRANS    PACKAGE GWT_FLUJTRANS   CONNECTED TO MODEL GWT_FLUJTRANS    PACKAGE CNC-1            ON UNIT   1027 AT TIME STEP      7, STRESS PERIOD      1

 CONCENTRATION WILL BE SAVED ON UNIT 1028 AT END OF TIME STEP    7, STRESS PERIOD    1

end timestep


start timestep kper="1" kstp="8" mode="normal"

 UBDSV1 SAVING  STORAGE-AQUEOUS ON UNIT   1027 AT TIME STEP      8, STRESS PERIOD      1
 UBDSV1 SAVING     FLOW-JA-FACE ON UNIT   1027 AT TIME STEP      8, STRESS PERIOD      1
 UBDSV06 SAVING  SOURCE-SINK MIX IN MODEL GWT_FLUJTRANS    PACKAGE GWT_FLUJTRANS   CONNECTED TO MODEL GWT_FLUJTRANS    PACKAGE SSM              ON UNIT   1027 AT TIME STEP      8, STRESS PERIOD      1
 UBDSV06 SAVING              CNC IN MODEL GWT_FLUJTRANS    PACKAGE GWT_FLUJTRANS   CONNECTED TO MODEL GWT_FLUJTRANS    PACKAGE CNC-1            ON UNIT   1027 AT TIME STEP      8, STRESS PERIOD      1

 CONCENTRATION WILL BE SAVED ON UNIT 1028 AT END OF TIME STEP    8, STRESS PERIOD    1

end timestep


start timestep kper="1" kstp="9" mode="normal"

 UBDSV1 SAVING  STORAGE-AQUEOUS ON UNIT   1027 AT TIME STEP      9, STRESS PERIOD      1
 UBDSV1 SAVING     FLOW-JA-FACE ON UNIT   1027 AT TIME STEP      9, STRESS PERIOD      1
 UBDSV06 SAVING  SOURCE-SINK MIX IN MODEL GWT_FLUJTRANS    PACKAGE GWT_FLUJTRANS   CONNECTED TO MODEL GWT_FLUJTRANS    PACKAGE SSM              ON UNIT   1027 AT TIME STEP      9, STRESS PERIOD      1
 UBDSV06 SAVING              CNC IN MODEL GWT_FLUJTRANS    PACKAGE GWT_FLUJTRANS   CONNECTED TO MODEL GWT_FLUJTRANS    PACKAGE CNC-1            ON UNIT   1027 AT TIME STEP      9, STRESS PERIOD      1

 CONCENTRATION WILL BE SAVED ON UNIT 1028 AT END OF TIME STEP    9, STRESS PERIOD    1

end timestep


start timestep kper="1" kstp="10" mode="normal"

 UBDSV1 SAVING  STORAGE-AQUEOUS ON UNIT   1027 AT TIME STEP     10, STRESS PERIOD      1
 UBDSV1 SAVING     FLOW-JA-FACE ON UNIT   1027 AT TIME STEP     10, STRESS PERIOD      1
 UBDSV06 SAVING  SOURCE-SINK MIX IN MODEL GWT_FLUJTRANS    PACKAGE GWT_FLUJTRANS   CONNECTED TO MODEL GWT_FLUJTRANS    PACKAGE SSM              ON UNIT   1027 AT TIME STEP     10, STRESS PERIOD      1
 UBDSV06 SAVING              CNC IN MODEL GWT_FLUJTRANS    PACKAGE GWT_FLUJTRANS   CONNECTED TO MODEL GWT_FLUJTRANS    PACKAGE CNC-1            ON UNIT   1027 AT TIME STEP     10, STRESS PERIOD      1

 CONCENTRATION WILL BE SAVED ON UNIT 1028 AT END OF TIME STEP   10, STRESS PERIOD    1

end timestep


start timestep kper="1" kstp="11" mode="normal"

 UBDSV1 SAVING  STORAGE-AQUEOUS ON UNIT   1027 AT TIME STEP     11, STRESS PERIOD      1
 UBDSV1 SAVING     FLOW-JA-FACE ON UNIT   1027 AT TIME STEP     11, STRESS PERIOD      1
 UBDSV06 SAVING  SOURCE-SINK MIX IN MODEL GWT_FLUJTRANS    PACKAGE GWT_FLUJTRANS   CONNECTED TO MODEL GWT_FLUJTRANS    PACKAGE SSM              ON UNIT   1027 AT TIME STEP     11, STRESS PERIOD      1
 UBDSV06 SAVING              CNC IN MODEL GWT_FLUJTRANS    PACKAGE GWT_FLUJTRANS   CONNECTED TO MODEL GWT_FLUJTRANS    PACKAGE CNC-1            ON UNIT   1027 AT TIME STEP     11, STRESS PERIOD      1

 CONCENTRATION WILL BE SAVED ON UNIT 1028 AT END OF TIME STEP   11, STRESS PERIOD    1

end timestep


start timestep kper="1" kstp="12" mode="normal"

 UBDSV1 SAVING  STORAGE-AQUEOUS ON UNIT   1027 AT TIME STEP     12, STRESS PERIOD      1
 UBDSV1 SAVING     FLOW-JA-FACE ON UNIT   1027 AT TIME STEP     12, STRESS PERIOD      1
 UBDSV06 SAVING  SOURCE-SINK MIX IN MODEL GWT_FLUJTRANS    PACKAGE GWT_FLUJTRANS   CONNECTED TO MODEL GWT_FLUJTRANS    PACKAGE SSM              ON UNIT   1027 AT TIME STEP     12, STRESS PERIOD      1
 UBDSV06 SAVING              CNC IN MODEL GWT_FLUJTRANS    PACKAGE GWT_FLUJTRANS   CONNECTED TO MODEL GWT_FLUJTRANS    PACKAGE CNC-1            ON UNIT   1027 AT TIME STEP     12, STRESS PERIOD      1

 CONCENTRATION WILL BE SAVED ON UNIT 1028 AT END OF TIME STEP   12, STRESS PERIOD    1

end timestep


start timestep kper="1" kstp="13" mode="normal"

 UBDSV1 SAVING  STORAGE-AQUEOUS ON UNIT   1027 AT TIME STEP     13, STRESS PERIOD      1
 UBDSV1 SAVING     FLOW-JA-FACE ON UNIT   1027 AT TIME STEP     13, STRESS PERIOD      1
 UBDSV06 SAVING  SOURCE-SINK MIX IN MODEL GWT_FLUJTRANS    PACKAGE GWT_FLUJTRANS   CONNECTED TO MODEL GWT_FLUJTRANS    PACKAGE SSM              ON UNIT   1027 AT TIME STEP     13, STRESS PERIOD      1
 UBDSV06 SAVING              CNC IN MODEL GWT_FLUJTRANS    PACKAGE GWT_FLUJTRANS   CONNECTED TO MODEL GWT_FLUJTRANS    PACKAGE CNC-1            ON UNIT   1027 AT TIME STEP     13, STRESS PERIOD      1

 CONCENTRATION WILL BE SAVED ON UNIT 1028 AT END OF TIME STEP   13, STRESS PERIOD    1

end timestep


start timestep kper="1" kstp="14" mode="normal"

 UBDSV1 SAVING  STORAGE-AQUEOUS ON UNIT   1027 AT TIME STEP     14, STRESS PERIOD      1
 UBDSV1 SAVING     FLOW-JA-FACE ON UNIT   1027 AT TIME STEP     14, STRESS PERIOD      1
 UBDSV06 SAVING  SOURCE-SINK MIX IN MODEL GWT_FLUJTRANS    PACKAGE GWT_FLUJTRANS   CONNECTED TO MODEL GWT_FLUJTRANS    PACKAGE SSM              ON UNIT   1027 AT TIME STEP     14, STRESS PERIOD      1
 UBDSV06 SAVING              CNC IN MODEL GWT_FLUJTRANS    PACKAGE GWT_FLUJTRANS   CONNECTED TO MODEL GWT_FLUJTRANS    PACKAGE CNC-1            ON UNIT   1027 AT TIME STEP     14, STRESS PERIOD      1

 CONCENTRATION WILL BE SAVED ON UNIT 1028 AT END OF TIME STEP   14, STRESS PERIOD    1

end timestep


start timestep kper="1" kstp="15" mode="normal"

 UBDSV1 SAVING  STORAGE-AQUEOUS ON UNIT   1027 AT TIME STEP     15, STRESS PERIOD      1
 UBDSV1 SAVING     FLOW-JA-FACE ON UNIT   1027 AT TIME STEP     15, STRESS PERIOD      1
 UBDSV06 SAVING  SOURCE-SINK MIX IN MODEL GWT_FLUJTRANS    PACKAGE GWT_FLUJTRANS   CONNECTED TO MODEL GWT_FLUJTRANS    PACKAGE SSM              ON UNIT   1027 AT TIME STEP     15, STRESS PERIOD      1
 UBDSV06 SAVING              CNC IN MODEL GWT_FLUJTRANS    PACKAGE GWT_FLUJTRANS   CONNECTED TO MODEL GWT_FLUJTRANS    PACKAGE CNC-1            ON UNIT   1027 AT TIME STEP     15, STRESS PERIOD      1

 CONCENTRATION WILL BE SAVED ON UNIT 1028 AT END OF TIME STEP   15, STRESS PERIOD    1

end timestep


start timestep kper="1" kstp="16" mode="normal"

 UBDSV1 SAVING  STORAGE-AQUEOUS ON UNIT   1027 AT TIME STEP     16, STRESS PERIOD      1
 UBDSV1 SAVING     FLOW-JA-FACE ON UNIT   1027 AT TIME STEP     16, STRESS PERIOD      1
 UBDSV06 SAVING  SOURCE-SINK MIX IN MODEL GWT_FLUJTRANS    PACKAGE GWT_FLUJTRANS   CONNECTED TO MODEL GWT_FLUJTRANS    PACKAGE SSM              ON UNIT   1027 AT TIME STEP     16, STRESS PERIOD      1
 UBDSV06 SAVING              CNC IN MODEL GWT_FLUJTRANS    PACKAGE GWT_FLUJTRANS   CONNECTED TO MODEL GWT_FLUJTRANS    PACKAGE CNC-1            ON UNIT   1027 AT TIME STEP     16, STRESS PERIOD      1

 CONCENTRATION WILL BE SAVED ON UNIT 1028 AT END OF TIME STEP   16, STRESS PERIOD    1

end timestep


start timestep kper="1" kstp="17" mode="normal"

 UBDSV1 SAVING  STORAGE-AQUEOUS ON UNIT   1027 AT TIME STEP     17, STRESS PERIOD      1
 UBDSV1 SAVING     FLOW-JA-FACE ON UNIT   1027 AT TIME STEP     17, STRESS PERIOD      1
 UBDSV06 SAVING  SOURCE-SINK MIX IN MODEL GWT_FLUJTRANS    PACKAGE GWT_FLUJTRANS   CONNECTED TO MODEL GWT_FLUJTRANS    PACKAGE SSM              ON UNIT   1027 AT TIME STEP     17, STRESS PERIOD      1
 UBDSV06 SAVING              CNC IN MODEL GWT_FLUJTRANS    PACKAGE GWT_FLUJTRANS   CONNECTED TO MODEL GWT_FLUJTRANS    PACKAGE CNC-1            ON UNIT   1027 AT TIME STEP     17, STRESS PERIOD      1

 CONCENTRATION WILL BE SAVED ON UNIT 1028 AT END OF TIME STEP   17, STRESS PERIOD    1

end timestep


start timestep kper="1" kstp="18" mode="normal"

 UBDSV1 SAVING  STORAGE-AQUEOUS ON UNIT   1027 AT TIME STEP     18, STRESS PERIOD      1
 UBDSV1 SAVING     FLOW-JA-FACE ON UNIT   1027 AT TIME STEP     18, STRESS PERIOD      1
 UBDSV06 SAVING  SOURCE-SINK MIX IN MODEL GWT_FLUJTRANS    PACKAGE GWT_FLUJTRANS   CONNECTED TO MODEL GWT_FLUJTRANS    PACKAGE SSM              ON UNIT   1027 AT TIME STEP     18, STRESS PERIOD      1
 UBDSV06 SAVING              CNC IN MODEL GWT_FLUJTRANS    PACKAGE GWT_FLUJTRANS   CONNECTED TO MODEL GWT_FLUJTRANS    PACKAGE CNC-1            ON UNIT   1027 AT TIME STEP     18, STRESS PERIOD      1

 CONCENTRATION WILL BE SAVED ON UNIT 1028 AT END OF TIME STEP   18, STRESS PERIOD    1

end timestep


start timestep kper="1" kstp="19" mode="normal"

 UBDSV1 SAVING  STORAGE-AQUEOUS ON UNIT   1027 AT TIME STEP     19, STRESS PERIOD      1
 UBDSV1 SAVING     FLOW-JA-FACE ON UNIT   1027 AT TIME STEP     19, STRESS PERIOD      1
 UBDSV06 SAVING  SOURCE-SINK MIX IN MODEL GWT_FLUJTRANS    PACKAGE GWT_FLUJTRANS   CONNECTED TO MODEL GWT_FLUJTRANS    PACKAGE SSM              ON UNIT   1027 AT TIME STEP     19, STRESS PERIOD      1
 UBDSV06 SAVING              CNC IN MODEL GWT_FLUJTRANS    PACKAGE GWT_FLUJTRANS   CONNECTED TO MODEL GWT_FLUJTRANS    PACKAGE CNC-1            ON UNIT   1027 AT TIME STEP     19, STRESS PERIOD      1

 CONCENTRATION WILL BE SAVED ON UNIT 1028 AT END OF TIME STEP   19, STRESS PERIOD    1

end timestep


start timestep kper="1" kstp="20" mode="normal"

 UBDSV1 SAVING  STORAGE-AQUEOUS ON UNIT   1027 AT TIME STEP     20, STRESS PERIOD      1
 UBDSV1 SAVING     FLOW-JA-FACE ON UNIT   1027 AT TIME STEP     20, STRESS PERIOD      1
 UBDSV06 SAVING  SOURCE-SINK MIX IN MODEL GWT_FLUJTRANS    PACKAGE GWT_FLUJTRANS   CONNECTED TO MODEL GWT_FLUJTRANS    PACKAGE SSM              ON UNIT   1027 AT TIME STEP     20, STRESS PERIOD      1
 UBDSV06 SAVING              CNC IN MODEL GWT_FLUJTRANS    PACKAGE GWT_FLUJTRANS   CONNECTED TO MODEL GWT_FLUJTRANS    PACKAGE CNC-1            ON UNIT   1027 AT TIME STEP     20, STRESS PERIOD      1

 CONCENTRATION WILL BE SAVED ON UNIT 1028 AT END OF TIME STEP   20, STRESS PERIOD    1

end timestep


start timestep kper="1" kstp="21" mode="normal"

 UBDSV1 SAVING  STORAGE-AQUEOUS ON UNIT   1027 AT TIME STEP     21, STRESS PERIOD      1
 UBDSV1 SAVING     FLOW-JA-FACE ON UNIT   1027 AT TIME STEP     21, STRESS PERIOD      1
 UBDSV06 SAVING  SOURCE-SINK MIX IN MODEL GWT_FLUJTRANS    PACKAGE GWT_FLUJTRANS   CONNECTED TO MODEL GWT_FLUJTRANS    PACKAGE SSM              ON UNIT   1027 AT TIME STEP     21, STRESS PERIOD      1
 UBDSV06 SAVING              CNC IN MODEL GWT_FLUJTRANS    PACKAGE GWT_FLUJTRANS   CONNECTED TO MODEL GWT_FLUJTRANS    PACKAGE CNC-1            ON UNIT   1027 AT TIME STEP     21, STRESS PERIOD      1

 CONCENTRATION WILL BE SAVED ON UNIT 1028 AT END OF TIME STEP   21, STRESS PERIOD    1

end timestep


start timestep kper="1" kstp="22" mode="normal"

 UBDSV1 SAVING  STORAGE-AQUEOUS ON UNIT   1027 AT TIME STEP     22, STRESS PERIOD      1
 UBDSV1 SAVING     FLOW-JA-FACE ON UNIT   1027 AT TIME STEP     22, STRESS PERIOD      1
 UBDSV06 SAVING  SOURCE-SINK MIX IN MODEL GWT_FLUJTRANS    PACKAGE GWT_FLUJTRANS   CONNECTED TO MODEL GWT_FLUJTRANS    PACKAGE SSM              ON UNIT   1027 AT TIME STEP     22, STRESS PERIOD      1
 UBDSV06 SAVING              CNC IN MODEL GWT_FLUJTRANS    PACKAGE GWT_FLUJTRANS   CONNECTED TO MODEL GWT_FLUJTRANS    PACKAGE CNC-1            ON UNIT   1027 AT TIME STEP     22, STRESS PERIOD      1

 CONCENTRATION WILL BE SAVED ON UNIT 1028 AT END OF TIME STEP   22, STRESS PERIOD    1

end timestep


start timestep kper="1" kstp="23" mode="normal"

 UBDSV1 SAVING  STORAGE-AQUEOUS ON UNIT   1027 AT TIME STEP     23, STRESS PERIOD      1
 UBDSV1 SAVING     FLOW-JA-FACE ON UNIT   1027 AT TIME STEP     23, STRESS PERIOD      1
 UBDSV06 SAVING  SOURCE-SINK MIX IN MODEL GWT_FLUJTRANS    PACKAGE GWT_FLUJTRANS   CONNECTED TO MODEL GWT_FLUJTRANS    PACKAGE SSM              ON UNIT   1027 AT TIME STEP     23, STRESS PERIOD      1
 UBDSV06 SAVING              CNC IN MODEL GWT_FLUJTRANS    PACKAGE GWT_FLUJTRANS   CONNECTED TO MODEL GWT_FLUJTRANS    PACKAGE CNC-1            ON UNIT   1027 AT TIME STEP     23, STRESS PERIOD      1

 CONCENTRATION WILL BE SAVED ON UNIT 1028 AT END OF TIME STEP   23, STRESS PERIOD    1

end timestep


start timestep kper="1" kstp="24" mode="normal"

 UBDSV1 SAVING  STORAGE-AQUEOUS ON UNIT   1027 AT TIME STEP     24, STRESS PERIOD      1
 UBDSV1 SAVING     FLOW-JA-FACE ON UNIT   1027 AT TIME STEP     24, STRESS PERIOD      1
 UBDSV06 SAVING  SOURCE-SINK MIX IN MODEL GWT_FLUJTRANS    PACKAGE GWT_FLUJTRANS   CONNECTED TO MODEL GWT_FLUJTRANS    PACKAGE SSM              ON UNIT   1027 AT TIME STEP     24, STRESS PERIOD      1
 UBDSV06 SAVING              CNC IN MODEL GWT_FLUJTRANS    PACKAGE GWT_FLUJTRANS   CONNECTED TO MODEL GWT_FLUJTRANS    PACKAGE CNC-1            ON UNIT   1027 AT TIME STEP     24, STRESS PERIOD      1

 CONCENTRATION WILL BE SAVED ON UNIT 1028 AT END OF TIME STEP   24, STRESS PERIOD    1

end timestep


start timestep kper="1" kstp="25" mode="normal"

 UBDSV1 SAVING  STORAGE-AQUEOUS ON UNIT   1027 AT TIME STEP     25, STRESS PERIOD      1
 UBDSV1 SAVING     FLOW-JA-FACE ON UNIT   1027 AT TIME STEP     25, STRESS PERIOD      1
 UBDSV06 SAVING  SOURCE-SINK MIX IN MODEL GWT_FLUJTRANS    PACKAGE GWT_FLUJTRANS   CONNECTED TO MODEL GWT_FLUJTRANS    PACKAGE SSM              ON UNIT   1027 AT TIME STEP     25, STRESS PERIOD      1
 UBDSV06 SAVING              CNC IN MODEL GWT_FLUJTRANS    PACKAGE GWT_FLUJTRANS   CONNECTED TO MODEL GWT_FLUJTRANS    PACKAGE CNC-1            ON UNIT   1027 AT TIME STEP     25, STRESS PERIOD      1

 CONCENTRATION WILL BE SAVED ON UNIT 1028 AT END OF TIME STEP   25, STRESS PERIOD    1

end timestep


start timestep kper="1" kstp="26" mode="normal"

 UBDSV1 SAVING  STORAGE-AQUEOUS ON UNIT   1027 AT TIME STEP     26, STRESS PERIOD      1
 UBDSV1 SAVING     FLOW-JA-FACE ON UNIT   1027 AT TIME STEP     26, STRESS PERIOD      1
 UBDSV06 SAVING  SOURCE-SINK MIX IN MODEL GWT_FLUJTRANS    PACKAGE GWT_FLUJTRANS   CONNECTED TO MODEL GWT_FLUJTRANS    PACKAGE SSM              ON UNIT   1027 AT TIME STEP     26, STRESS PERIOD      1
 UBDSV06 SAVING              CNC IN MODEL GWT_FLUJTRANS    PACKAGE GWT_FLUJTRANS   CONNECTED TO MODEL GWT_FLUJTRANS    PACKAGE CNC-1            ON UNIT   1027 AT TIME STEP     26, STRESS PERIOD      1

 CONCENTRATION WILL BE SAVED ON UNIT 1028 AT END OF TIME STEP   26, STRESS PERIOD    1

end timestep


start timestep kper="1" kstp="27" mode="normal"

 UBDSV1 SAVING  STORAGE-AQUEOUS ON UNIT   1027 AT TIME STEP     27, STRESS PERIOD      1
 UBDSV1 SAVING     FLOW-JA-FACE ON UNIT   1027 AT TIME STEP     27, STRESS PERIOD      1
 UBDSV06 SAVING  SOURCE-SINK MIX IN MODEL GWT_FLUJTRANS    PACKAGE GWT_FLUJTRANS   CONNECTED TO MODEL GWT_FLUJTRANS    PACKAGE SSM              ON UNIT   1027 AT TIME STEP     27, STRESS PERIOD      1
 UBDSV06 SAVING              CNC IN MODEL GWT_FLUJTRANS    PACKAGE GWT_FLUJTRANS   CONNECTED TO MODEL GWT_FLUJTRANS    PACKAGE CNC-1            ON UNIT   1027 AT TIME STEP     27, STRESS PERIOD      1

 CONCENTRATION WILL BE SAVED ON UNIT 1028 AT END OF TIME STEP   27, STRESS PERIOD    1

end timestep


start timestep kper="1" kstp="28" mode="normal"

 UBDSV1 SAVING  STORAGE-AQUEOUS ON UNIT   1027 AT TIME STEP     28, STRESS PERIOD      1
 UBDSV1 SAVING     FLOW-JA-FACE ON UNIT   1027 AT TIME STEP     28, STRESS PERIOD      1
 UBDSV06 SAVING  SOURCE-SINK MIX IN MODEL GWT_FLUJTRANS    PACKAGE GWT_FLUJTRANS   CONNECTED TO MODEL GWT_FLUJTRANS    PACKAGE SSM              ON UNIT   1027 AT TIME STEP     28, STRESS PERIOD      1
 UBDSV06 SAVING              CNC IN MODEL GWT_FLUJTRANS    PACKAGE GWT_FLUJTRANS   CONNECTED TO MODEL GWT_FLUJTRANS    PACKAGE CNC-1            ON UNIT   1027 AT TIME STEP     28, STRESS PERIOD      1

 CONCENTRATION WILL BE SAVED ON UNIT 1028 AT END OF TIME STEP   28, STRESS PERIOD    1

end timestep


start timestep kper="1" kstp="29" mode="normal"

 UBDSV1 SAVING  STORAGE-AQUEOUS ON UNIT   1027 AT TIME STEP     29, STRESS PERIOD      1
 UBDSV1 SAVING     FLOW-JA-FACE ON UNIT   1027 AT TIME STEP     29, STRESS PERIOD      1
 UBDSV06 SAVING  SOURCE-SINK MIX IN MODEL GWT_FLUJTRANS    PACKAGE GWT_FLUJTRANS   CONNECTED TO MODEL GWT_FLUJTRANS    PACKAGE SSM              ON UNIT   1027 AT TIME STEP     29, STRESS PERIOD      1
 UBDSV06 SAVING              CNC IN MODEL GWT_FLUJTRANS    PACKAGE GWT_FLUJTRANS   CONNECTED TO MODEL GWT_FLUJTRANS    PACKAGE CNC-1            ON UNIT   1027 AT TIME STEP     29, STRESS PERIOD      1

 CONCENTRATION WILL BE SAVED ON UNIT 1028 AT END OF TIME STEP   29, STRESS PERIOD    1

end timestep


start timestep kper="1" kstp="30" mode="normal"

 UBDSV1 SAVING  STORAGE-AQUEOUS ON UNIT   1027 AT TIME STEP     30, STRESS PERIOD      1
 UBDSV1 SAVING     FLOW-JA-FACE ON UNIT   1027 AT TIME STEP     30, STRESS PERIOD      1
 UBDSV06 SAVING  SOURCE-SINK MIX IN MODEL GWT_FLUJTRANS    PACKAGE GWT_FLUJTRANS   CONNECTED TO MODEL GWT_FLUJTRANS    PACKAGE SSM              ON UNIT   1027 AT TIME STEP     30, STRESS PERIOD      1
 UBDSV06 SAVING              CNC IN MODEL GWT_FLUJTRANS    PACKAGE GWT_FLUJTRANS   CONNECTED TO MODEL GWT_FLUJTRANS    PACKAGE CNC-1            ON UNIT   1027 AT TIME STEP     30, STRESS PERIOD      1

 CONCENTRATION WILL BE SAVED ON UNIT 1028 AT END OF TIME STEP   30, STRESS PERIOD    1

end timestep


start timestep kper="1" kstp="31" mode="normal"

 UBDSV1 SAVING  STORAGE-AQUEOUS ON UNIT   1027 AT TIME STEP     31, STRESS PERIOD      1
 UBDSV1 SAVING     FLOW-JA-FACE ON UNIT   1027 AT TIME STEP     31, STRESS PERIOD      1
 UBDSV06 SAVING  SOURCE-SINK MIX IN MODEL GWT_FLUJTRANS    PACKAGE GWT_FLUJTRANS   CONNECTED TO MODEL GWT_FLUJTRANS    PACKAGE SSM              ON UNIT   1027 AT TIME STEP     31, STRESS PERIOD      1
 UBDSV06 SAVING              CNC IN MODEL GWT_FLUJTRANS    PACKAGE GWT_FLUJTRANS   CONNECTED TO MODEL GWT_FLUJTRANS    PACKAGE CNC-1            ON UNIT   1027 AT TIME STEP     31, STRESS PERIOD      1

 CONCENTRATION WILL BE SAVED ON UNIT 1028 AT END OF TIME STEP   31, STRESS PERIOD    1

end timestep


start timestep kper="1" kstp="32" mode="normal"

 UBDSV1 SAVING  STORAGE-AQUEOUS ON UNIT   1027 AT TIME STEP     32, STRESS PERIOD      1
 UBDSV1 SAVING     FLOW-JA-FACE ON UNIT   1027 AT TIME STEP     32, STRESS PERIOD      1
 UBDSV06 SAVING  SOURCE-SINK MIX IN MODEL GWT_FLUJTRANS    PACKAGE GWT_FLUJTRANS   CONNECTED TO MODEL GWT_FLUJTRANS    PACKAGE SSM              ON UNIT   1027 AT TIME STEP     32, STRESS PERIOD      1
 UBDSV06 SAVING              CNC IN MODEL GWT_FLUJTRANS    PACKAGE GWT_FLUJTRANS   CONNECTED TO MODEL GWT_FLUJTRANS    PACKAGE CNC-1            ON UNIT   1027 AT TIME STEP     32, STRESS PERIOD      1

 CONCENTRATION WILL BE SAVED ON UNIT 1028 AT END OF TIME STEP   32, STRESS PERIOD    1

end timestep


start timestep kper="1" kstp="33" mode="normal"

 UBDSV1 SAVING  STORAGE-AQUEOUS ON UNIT   1027 AT TIME STEP     33, STRESS PERIOD      1
 UBDSV1 SAVING     FLOW-JA-FACE ON UNIT   1027 AT TIME STEP     33, STRESS PERIOD      1
 UBDSV06 SAVING  SOURCE-SINK MIX IN MODEL GWT_FLUJTRANS    PACKAGE GWT_FLUJTRANS   CONNECTED TO MODEL GWT_FLUJTRANS    PACKAGE SSM              ON UNIT   1027 AT TIME STEP     33, STRESS PERIOD      1
 UBDSV06 SAVING              CNC IN MODEL GWT_FLUJTRANS    PACKAGE GWT_FLUJTRANS   CONNECTED TO MODEL GWT_FLUJTRANS    PACKAGE CNC-1            ON UNIT   1027 AT TIME STEP     33, STRESS PERIOD      1

 CONCENTRATION WILL BE SAVED ON UNIT 1028 AT END OF TIME STEP   33, STRESS PERIOD    1

end timestep


start timestep kper="1" kstp="34" mode="normal"

 UBDSV1 SAVING  STORAGE-AQUEOUS ON UNIT   1027 AT TIME STEP     34, STRESS PERIOD      1
 UBDSV1 SAVING     FLOW-JA-FACE ON UNIT   1027 AT TIME STEP     34, STRESS PERIOD      1
 UBDSV06 SAVING  SOURCE-SINK MIX IN MODEL GWT_FLUJTRANS    PACKAGE GWT_FLUJTRANS   CONNECTED TO MODEL GWT_FLUJTRANS    PACKAGE SSM              ON UNIT   1027 AT TIME STEP     34, STRESS PERIOD      1
 UBDSV06 SAVING              CNC IN MODEL GWT_FLUJTRANS    PACKAGE GWT_FLUJTRANS   CONNECTED TO MODEL GWT_FLUJTRANS    PACKAGE CNC-1            ON UNIT   1027 AT TIME STEP     34, STRESS PERIOD      1

 CONCENTRATION WILL BE SAVED ON UNIT 1028 AT END OF TIME STEP   34, STRESS PERIOD    1

end timestep


start timestep kper="1" kstp="35" mode="normal"

 UBDSV1 SAVING  STORAGE-AQUEOUS ON UNIT   1027 AT TIME STEP     35, STRESS PERIOD      1
 UBDSV1 SAVING     FLOW-JA-FACE ON UNIT   1027 AT TIME STEP     35, STRESS PERIOD      1
 UBDSV06 SAVING  SOURCE-SINK MIX IN MODEL GWT_FLUJTRANS    PACKAGE GWT_FLUJTRANS   CONNECTED TO MODEL GWT_FLUJTRANS    PACKAGE SSM              ON UNIT   1027 AT TIME STEP     35, STRESS PERIOD      1
 UBDSV06 SAVING              CNC IN MODEL GWT_FLUJTRANS    PACKAGE GWT_FLUJTRANS   CONNECTED TO MODEL GWT_FLUJTRANS    PACKAGE CNC-1            ON UNIT   1027 AT TIME STEP     35, STRESS PERIOD      1

 CONCENTRATION WILL BE SAVED ON UNIT 1028 AT END OF TIME STEP   35, STRESS PERIOD    1

end timestep


start timestep kper="1" kstp="36" mode="normal"

 UBDSV1 SAVING  STORAGE-AQUEOUS ON UNIT   1027 AT TIME STEP     36, STRESS PERIOD      1
 UBDSV1 SAVING     FLOW-JA-FACE ON UNIT   1027 AT TIME STEP     36, STRESS PERIOD      1
 UBDSV06 SAVING  SOURCE-SINK MIX IN MODEL GWT_FLUJTRANS    PACKAGE GWT_FLUJTRANS   CONNECTED TO MODEL GWT_FLUJTRANS    PACKAGE SSM              ON UNIT   1027 AT TIME STEP     36, STRESS PERIOD      1
 UBDSV06 SAVING              CNC IN MODEL GWT_FLUJTRANS    PACKAGE GWT_FLUJTRANS   CONNECTED TO MODEL GWT_FLUJTRANS    PACKAGE CNC-1            ON UNIT   1027 AT TIME STEP     36, STRESS PERIOD      1

 CONCENTRATION WILL BE SAVED ON UNIT 1028 AT END OF TIME STEP   36, STRESS PERIOD    1

end timestep


start timestep kper="1" kstp="37" mode="normal"

 UBDSV1 SAVING  STORAGE-AQUEOUS ON UNIT   1027 AT TIME STEP     37, STRESS PERIOD      1
 UBDSV1 SAVING     FLOW-JA-FACE ON UNIT   1027 AT TIME STEP     37, STRESS PERIOD      1
 UBDSV06 SAVING  SOURCE-SINK MIX IN MODEL GWT_FLUJTRANS    PACKAGE GWT_FLUJTRANS   CONNECTED TO MODEL GWT_FLUJTRANS    PACKAGE SSM              ON UNIT   1027 AT TIME STEP     37, STRESS PERIOD      1
 UBDSV06 SAVING              CNC IN MODEL GWT_FLUJTRANS    PACKAGE GWT_FLUJTRANS   CONNECTED TO MODEL GWT_FLUJTRANS    PACKAGE CNC-1            ON UNIT   1027 AT TIME STEP     37, STRESS PERIOD      1

 CONCENTRATION WILL BE SAVED ON UNIT 1028 AT END OF TIME STEP   37, STRESS PERIOD    1

end timestep


start timestep kper="1" kstp="38" mode="normal"

 UBDSV1 SAVING  STORAGE-AQUEOUS ON UNIT   1027 AT TIME STEP     38, STRESS PERIOD      1
 UBDSV1 SAVING     FLOW-JA-FACE ON UNIT   1027 AT TIME STEP     38, STRESS PERIOD      1
 UBDSV06 SAVING  SOURCE-SINK MIX IN MODEL GWT_FLUJTRANS    PACKAGE GWT_FLUJTRANS   CONNECTED TO MODEL GWT_FLUJTRANS    PACKAGE SSM              ON UNIT   1027 AT TIME STEP     38, STRESS PERIOD      1
 UBDSV06 SAVING              CNC IN MODEL GWT_FLUJTRANS    PACKAGE GWT_FLUJTRANS   CONNECTED TO MODEL GWT_FLUJTRANS    PACKAGE CNC-1            ON UNIT   1027 AT TIME STEP     38, STRESS PERIOD      1

 CONCENTRATION WILL BE SAVED ON UNIT 1028 AT END OF TIME STEP   38, STRESS PERIOD    1

end timestep


start timestep kper="1" kstp="39" mode="normal"

 UBDSV1 SAVING  STORAGE-AQUEOUS ON UNIT   1027 AT TIME STEP     39, STRESS PERIOD      1
 UBDSV1 SAVING     FLOW-JA-FACE ON UNIT   1027 AT TIME STEP     39, STRESS PERIOD      1
 UBDSV06 SAVING  SOURCE-SINK MIX IN MODEL GWT_FLUJTRANS    PACKAGE GWT_FLUJTRANS   CONNECTED TO MODEL GWT_FLUJTRANS    PACKAGE SSM              ON UNIT   1027 AT TIME STEP     39, STRESS PERIOD      1
 UBDSV06 SAVING              CNC IN MODEL GWT_FLUJTRANS    PACKAGE GWT_FLUJTRANS   CONNECTED TO MODEL GWT_FLUJTRANS    PACKAGE CNC-1            ON UNIT   1027 AT TIME STEP     39, STRESS PERIOD      1

 CONCENTRATION WILL BE SAVED ON UNIT 1028 AT END OF TIME STEP   39, STRESS PERIOD    1

end timestep


start timestep kper="1" kstp="40" mode="normal"

 UBDSV1 SAVING  STORAGE-AQUEOUS ON UNIT   1027 AT TIME STEP     40, STRESS PERIOD      1
 UBDSV1 SAVING     FLOW-JA-FACE ON UNIT   1027 AT TIME STEP     40, STRESS PERIOD      1
 UBDSV06 SAVING  SOURCE-SINK MIX IN MODEL GWT_FLUJTRANS    PACKAGE GWT_FLUJTRANS   CONNECTED TO MODEL GWT_FLUJTRANS    PACKAGE SSM              ON UNIT   1027 AT TIME STEP     40, STRESS PERIOD      1
 UBDSV06 SAVING              CNC IN MODEL GWT_FLUJTRANS    PACKAGE GWT_FLUJTRANS   CONNECTED TO MODEL GWT_FLUJTRANS    PACKAGE CNC-1            ON UNIT   1027 AT TIME STEP     40, STRESS PERIOD      1

 CONCENTRATION WILL BE SAVED ON UNIT 1028 AT END OF TIME STEP   40, STRESS PERIOD    1

end timestep


start timestep kper="1" kstp="41" mode="normal"

 UBDSV1 SAVING  STORAGE-AQUEOUS ON UNIT   1027 AT TIME STEP     41, STRESS PERIOD      1
 UBDSV1 SAVING     FLOW-JA-FACE ON UNIT   1027 AT TIME STEP     41, STRESS PERIOD      1
 UBDSV06 SAVING  SOURCE-SINK MIX IN MODEL GWT_FLUJTRANS    PACKAGE GWT_FLUJTRANS   CONNECTED TO MODEL GWT_FLUJTRANS    PACKAGE SSM              ON UNIT   1027 AT TIME STEP     41, STRESS PERIOD      1
 UBDSV06 SAVING              CNC IN MODEL GWT_FLUJTRANS    PACKAGE GWT_FLUJTRANS   CONNECTED TO MODEL GWT_FLUJTRANS    PACKAGE CNC-1            ON UNIT   1027 AT TIME STEP     41, STRESS PERIOD      1

 CONCENTRATION WILL BE SAVED ON UNIT 1028 AT END OF TIME STEP   41, STRESS PERIOD    1

end timestep


start timestep kper="1" kstp="42" mode="normal"

 UBDSV1 SAVING  STORAGE-AQUEOUS ON UNIT   1027 AT TIME STEP     42, STRESS PERIOD      1
 UBDSV1 SAVING     FLOW-JA-FACE ON UNIT   1027 AT TIME STEP     42, STRESS PERIOD      1
 UBDSV06 SAVING  SOURCE-SINK MIX IN MODEL GWT_FLUJTRANS    PACKAGE GWT_FLUJTRANS   CONNECTED TO MODEL GWT_FLUJTRANS    PACKAGE SSM              ON UNIT   1027 AT TIME STEP     42, STRESS PERIOD      1
 UBDSV06 SAVING              CNC IN MODEL GWT_FLUJTRANS    PACKAGE GWT_FLUJTRANS   CONNECTED TO MODEL GWT_FLUJTRANS    PACKAGE CNC-1            ON UNIT   1027 AT TIME STEP     42, STRESS PERIOD      1

 CONCENTRATION WILL BE SAVED ON UNIT 1028 AT END OF TIME STEP   42, STRESS PERIOD    1

end timestep


start timestep kper="1" kstp="43" mode="normal"

 UBDSV1 SAVING  STORAGE-AQUEOUS ON UNIT   1027 AT TIME STEP     43, STRESS PERIOD      1
 UBDSV1 SAVING     FLOW-JA-FACE ON UNIT   1027 AT TIME STEP     43, STRESS PERIOD      1
 UBDSV06 SAVING  SOURCE-SINK MIX IN MODEL GWT_FLUJTRANS    PACKAGE GWT_FLUJTRANS   CONNECTED TO MODEL GWT_FLUJTRANS    PACKAGE SSM              ON UNIT   1027 AT TIME STEP     43, STRESS PERIOD      1
 UBDSV06 SAVING              CNC IN MODEL GWT_FLUJTRANS    PACKAGE GWT_FLUJTRANS   CONNECTED TO MODEL GWT_FLUJTRANS    PACKAGE CNC-1            ON UNIT   1027 AT TIME STEP     43, STRESS PERIOD      1

 CONCENTRATION WILL BE SAVED ON UNIT 1028 AT END OF TIME STEP   43, STRESS PERIOD    1

end timestep


start timestep kper="1" kstp="44" mode="normal"

 UBDSV1 SAVING  STORAGE-AQUEOUS ON UNIT   1027 AT TIME STEP     44, STRESS PERIOD      1
 UBDSV1 SAVING     FLOW-JA-FACE ON UNIT   1027 AT TIME STEP     44, STRESS PERIOD      1
 UBDSV06 SAVING  SOURCE-SINK MIX IN MODEL GWT_FLUJTRANS    PACKAGE GWT_FLUJTRANS   CONNECTED TO MODEL GWT_FLUJTRANS    PACKAGE SSM              ON UNIT   1027 AT TIME STEP     44, STRESS PERIOD      1
 UBDSV06 SAVING              CNC IN MODEL GWT_FLUJTRANS    PACKAGE GWT_FLUJTRANS   CONNECTED TO MODEL GWT_FLUJTRANS    PACKAGE CNC-1            ON UNIT   1027 AT TIME STEP     44, STRESS PERIOD      1

 CONCENTRATION WILL BE SAVED ON UNIT 1028 AT END OF TIME STEP   44, STRESS PERIOD    1

end timestep


start timestep kper="1" kstp="45" mode="normal"

 UBDSV1 SAVING  STORAGE-AQUEOUS ON UNIT   1027 AT TIME STEP     45, STRESS PERIOD      1
 UBDSV1 SAVING     FLOW-JA-FACE ON UNIT   1027 AT TIME STEP     45, STRESS PERIOD      1
 UBDSV06 SAVING  SOURCE-SINK MIX IN MODEL GWT_FLUJTRANS    PACKAGE GWT_FLUJTRANS   CONNECTED TO MODEL GWT_FLUJTRANS    PACKAGE SSM              ON UNIT   1027 AT TIME STEP     45, STRESS PERIOD      1
 UBDSV06 SAVING              CNC IN MODEL GWT_FLUJTRANS    PACKAGE GWT_FLUJTRANS   CONNECTED TO MODEL GWT_FLUJTRANS    PACKAGE CNC-1            ON UNIT   1027 AT TIME STEP     45, STRESS PERIOD      1

 CONCENTRATION WILL BE SAVED ON UNIT 1028 AT END OF TIME STEP   45, STRESS PERIOD    1

end timestep


start timestep kper="1" kstp="46" mode="normal"

 UBDSV1 SAVING  STORAGE-AQUEOUS ON UNIT   1027 AT TIME STEP     46, STRESS PERIOD      1
 UBDSV1 SAVING     FLOW-JA-FACE ON UNIT   1027 AT TIME STEP     46, STRESS PERIOD      1
 UBDSV06 SAVING  SOURCE-SINK MIX IN MODEL GWT_FLUJTRANS    PACKAGE GWT_FLUJTRANS   CONNECTED TO MODEL GWT_FLUJTRANS    PACKAGE SSM              ON UNIT   1027 AT TIME STEP     46, STRESS PERIOD      1
 UBDSV06 SAVING              CNC IN MODEL GWT_FLUJTRANS    PACKAGE GWT_FLUJTRANS   CONNECTED TO MODEL GWT_FLUJTRANS    PACKAGE CNC-1            ON UNIT   1027 AT TIME STEP     46, STRESS PERIOD      1

 CONCENTRATION WILL BE SAVED ON UNIT 1028 AT END OF TIME STEP   46, STRESS PERIOD    1

end timestep


start timestep kper="1" kstp="47" mode="normal"

 UBDSV1 SAVING  STORAGE-AQUEOUS ON UNIT   1027 AT TIME STEP     47, STRESS PERIOD      1
 UBDSV1 SAVING     FLOW-JA-FACE ON UNIT   1027 AT TIME STEP     47, STRESS PERIOD      1
 UBDSV06 SAVING  SOURCE-SINK MIX IN MODEL GWT_FLUJTRANS    PACKAGE GWT_FLUJTRANS   CONNECTED TO MODEL GWT_FLUJTRANS    PACKAGE SSM              ON UNIT   1027 AT TIME STEP     47, STRESS PERIOD      1
 UBDSV06 SAVING              CNC IN MODEL GWT_FLUJTRANS    PACKAGE GWT_FLUJTRANS   CONNECTED TO MODEL GWT_FLUJTRANS    PACKAGE CNC-1            ON UNIT   1027 AT TIME STEP     47, STRESS PERIOD      1

 CONCENTRATION WILL BE SAVED ON UNIT 1028 AT END OF TIME STEP   47, STRESS PERIOD    1

end timestep


start timestep kper="1" kstp="48" mode="normal"

 UBDSV1 SAVING  STORAGE-AQUEOUS ON UNIT   1027 AT TIME STEP     48, STRESS PERIOD      1
 UBDSV1 SAVING     FLOW-JA-FACE ON UNIT   1027 AT TIME STEP     48, STRESS PERIOD      1
 UBDSV06 SAVING  SOURCE-SINK MIX IN MODEL GWT_FLUJTRANS    PACKAGE GWT_FLUJTRANS   CONNECTED TO MODEL GWT_FLUJTRANS    PACKAGE SSM              ON UNIT   1027 AT TIME STEP     48, STRESS PERIOD      1
 UBDSV06 SAVING              CNC IN MODEL GWT_FLUJTRANS    PACKAGE GWT_FLUJTRANS   CONNECTED TO MODEL GWT_FLUJTRANS    PACKAGE CNC-1            ON UNIT   1027 AT TIME STEP     48, STRESS PERIOD      1

 CONCENTRATION WILL BE SAVED ON UNIT 1028 AT END OF TIME STEP   48, STRESS PERIOD    1

end timestep


start timestep kper="1" kstp="49" mode="normal"

 UBDSV1 SAVING  STORAGE-AQUEOUS ON UNIT   1027 AT TIME STEP     49, STRESS PERIOD      1
 UBDSV1 SAVING     FLOW-JA-FACE ON UNIT   1027 AT TIME STEP     49, STRESS PERIOD      1
 UBDSV06 SAVING  SOURCE-SINK MIX IN MODEL GWT_FLUJTRANS    PACKAGE GWT_FLUJTRANS   CONNECTED TO MODEL GWT_FLUJTRANS    PACKAGE SSM              ON UNIT   1027 AT TIME STEP     49, STRESS PERIOD      1
 UBDSV06 SAVING              CNC IN MODEL GWT_FLUJTRANS    PACKAGE GWT_FLUJTRANS   CONNECTED TO MODEL GWT_FLUJTRANS    PACKAGE CNC-1            ON UNIT   1027 AT TIME STEP     49, STRESS PERIOD      1

 CONCENTRATION WILL BE SAVED ON UNIT 1028 AT END OF TIME STEP   49, STRESS PERIOD    1

end timestep


start timestep kper="1" kstp="50" mode="normal"

 UBDSV1 SAVING  STORAGE-AQUEOUS ON UNIT   1027 AT TIME STEP     50, STRESS PERIOD      1
 UBDSV1 SAVING     FLOW-JA-FACE ON UNIT   1027 AT TIME STEP     50, STRESS PERIOD      1
 UBDSV06 SAVING  SOURCE-SINK MIX IN MODEL GWT_FLUJTRANS    PACKAGE GWT_FLUJTRANS   CONNECTED TO MODEL GWT_FLUJTRANS    PACKAGE SSM              ON UNIT   1027 AT TIME STEP     50, STRESS PERIOD      1
 UBDSV06 SAVING              CNC IN MODEL GWT_FLUJTRANS    PACKAGE GWT_FLUJTRANS   CONNECTED TO MODEL GWT_FLUJTRANS    PACKAGE CNC-1            ON UNIT   1027 AT TIME STEP     50, STRESS PERIOD      1

 CONCENTRATION WILL BE SAVED ON UNIT 1028 AT END OF TIME STEP   50, STRESS PERIOD    1

end timestep


start timestep kper="1" kstp="51" mode="normal"

 UBDSV1 SAVING  STORAGE-AQUEOUS ON UNIT   1027 AT TIME STEP     51, STRESS PERIOD      1
 UBDSV1 SAVING     FLOW-JA-FACE ON UNIT   1027 AT TIME STEP     51, STRESS PERIOD      1
 UBDSV06 SAVING  SOURCE-SINK MIX IN MODEL GWT_FLUJTRANS    PACKAGE GWT_FLUJTRANS   CONNECTED TO MODEL GWT_FLUJTRANS    PACKAGE SSM              ON UNIT   1027 AT TIME STEP     51, STRESS PERIOD      1
 UBDSV06 SAVING              CNC IN MODEL GWT_FLUJTRANS    PACKAGE GWT_FLUJTRANS   CONNECTED TO MODEL GWT_FLUJTRANS    PACKAGE CNC-1            ON UNIT   1027 AT TIME STEP     51, STRESS PERIOD      1

 CONCENTRATION WILL BE SAVED ON UNIT 1028 AT END OF TIME STEP   51, STRESS PERIOD    1

end timestep


start timestep kper="1" kstp="52" mode="normal"

 UBDSV1 SAVING  STORAGE-AQUEOUS ON UNIT   1027 AT TIME STEP     52, STRESS PERIOD      1
 UBDSV1 SAVING     FLOW-JA-FACE ON UNIT   1027 AT TIME STEP     52, STRESS PERIOD      1
 UBDSV06 SAVING  SOURCE-SINK MIX IN MODEL GWT_FLUJTRANS    PACKAGE GWT_FLUJTRANS   CONNECTED TO MODEL GWT_FLUJTRANS    PACKAGE SSM              ON UNIT   1027 AT TIME STEP     52, STRESS PERIOD      1
 UBDSV06 SAVING              CNC IN MODEL GWT_FLUJTRANS    PACKAGE GWT_FLUJTRANS   CONNECTED TO MODEL GWT_FLUJTRANS    PACKAGE CNC-1            ON UNIT   1027 AT TIME STEP     52, STRESS PERIOD      1

 CONCENTRATION WILL BE SAVED ON UNIT 1028 AT END OF TIME STEP   52, STRESS PERIOD    1

end timestep


start timestep kper="1" kstp="53" mode="normal"

 UBDSV1 SAVING  STORAGE-AQUEOUS ON UNIT   1027 AT TIME STEP     53, STRESS PERIOD      1
 UBDSV1 SAVING     FLOW-JA-FACE ON UNIT   1027 AT TIME STEP     53, STRESS PERIOD      1
 UBDSV06 SAVING  SOURCE-SINK MIX IN MODEL GWT_FLUJTRANS    PACKAGE GWT_FLUJTRANS   CONNECTED TO MODEL GWT_FLUJTRANS    PACKAGE SSM              ON UNIT   1027 AT TIME STEP     53, STRESS PERIOD      1
 UBDSV06 SAVING              CNC IN MODEL GWT_FLUJTRANS    PACKAGE GWT_FLUJTRANS   CONNECTED TO MODEL GWT_FLUJTRANS    PACKAGE CNC-1            ON UNIT   1027 AT TIME STEP     53, STRESS PERIOD      1

 CONCENTRATION WILL BE SAVED ON UNIT 1028 AT END OF TIME STEP   53, STRESS PERIOD    1

end timestep


start timestep kper="1" kstp="54" mode="normal"

 UBDSV1 SAVING  STORAGE-AQUEOUS ON UNIT   1027 AT TIME STEP     54, STRESS PERIOD      1
 UBDSV1 SAVING     FLOW-JA-FACE ON UNIT   1027 AT TIME STEP     54, STRESS PERIOD      1
 UBDSV06 SAVING  SOURCE-SINK MIX IN MODEL GWT_FLUJTRANS    PACKAGE GWT_FLUJTRANS   CONNECTED TO MODEL GWT_FLUJTRANS    PACKAGE SSM              ON UNIT   1027 AT TIME STEP     54, STRESS PERIOD      1
 UBDSV06 SAVING              CNC IN MODEL GWT_FLUJTRANS    PACKAGE GWT_FLUJTRANS   CONNECTED TO MODEL GWT_FLUJTRANS    PACKAGE CNC-1            ON UNIT   1027 AT TIME STEP     54, STRESS PERIOD      1

 CONCENTRATION WILL BE SAVED ON UNIT 1028 AT END OF TIME STEP   54, STRESS PERIOD    1

end timestep


start timestep kper="1" kstp="55" mode="normal"

 UBDSV1 SAVING  STORAGE-AQUEOUS ON UNIT   1027 AT TIME STEP     55, STRESS PERIOD      1
 UBDSV1 SAVING     FLOW-JA-FACE ON UNIT   1027 AT TIME STEP     55, STRESS PERIOD      1
 UBDSV06 SAVING  SOURCE-SINK MIX IN MODEL GWT_FLUJTRANS    PACKAGE GWT_FLUJTRANS   CONNECTED TO MODEL GWT_FLUJTRANS    PACKAGE SSM              ON UNIT   1027 AT TIME STEP     55, STRESS PERIOD      1
 UBDSV06 SAVING              CNC IN MODEL GWT_FLUJTRANS    PACKAGE GWT_FLUJTRANS   CONNECTED TO MODEL GWT_FLUJTRANS    PACKAGE CNC-1            ON UNIT   1027 AT TIME STEP     55, STRESS PERIOD      1

 CONCENTRATION WILL BE SAVED ON UNIT 1028 AT END OF TIME STEP   55, STRESS PERIOD    1

end timestep


start timestep kper="1" kstp="56" mode="normal"

 UBDSV1 SAVING  STORAGE-AQUEOUS ON UNIT   1027 AT TIME STEP     56, STRESS PERIOD      1
 UBDSV1 SAVING     FLOW-JA-FACE ON UNIT   1027 AT TIME STEP     56, STRESS PERIOD      1
 UBDSV06 SAVING  SOURCE-SINK MIX IN MODEL GWT_FLUJTRANS    PACKAGE GWT_FLUJTRANS   CONNECTED TO MODEL GWT_FLUJTRANS    PACKAGE SSM              ON UNIT   1027 AT TIME STEP     56, STRESS PERIOD      1
 UBDSV06 SAVING              CNC IN MODEL GWT_FLUJTRANS    PACKAGE GWT_FLUJTRANS   CONNECTED TO MODEL GWT_FLUJTRANS    PACKAGE CNC-1            ON UNIT   1027 AT TIME STEP     56, STRESS PERIOD      1

 CONCENTRATION WILL BE SAVED ON UNIT 1028 AT END OF TIME STEP   56, STRESS PERIOD    1

end timestep


start timestep kper="1" kstp="57" mode="normal"

 UBDSV1 SAVING  STORAGE-AQUEOUS ON UNIT   1027 AT TIME STEP     57, STRESS PERIOD      1
 UBDSV1 SAVING     FLOW-JA-FACE ON UNIT   1027 AT TIME STEP     57, STRESS PERIOD      1
 UBDSV06 SAVING  SOURCE-SINK MIX IN MODEL GWT_FLUJTRANS    PACKAGE GWT_FLUJTRANS   CONNECTED TO MODEL GWT_FLUJTRANS    PACKAGE SSM              ON UNIT   1027 AT TIME STEP     57, STRESS PERIOD      1
 UBDSV06 SAVING              CNC IN MODEL GWT_FLUJTRANS    PACKAGE GWT_FLUJTRANS   CONNECTED TO MODEL GWT_FLUJTRANS    PACKAGE CNC-1            ON UNIT   1027 AT TIME STEP     57, STRESS PERIOD      1

 CONCENTRATION WILL BE SAVED ON UNIT 1028 AT END OF TIME STEP   57, STRESS PERIOD    1

end timestep


start timestep kper="1" kstp="58" mode="normal"

 UBDSV1 SAVING  STORAGE-AQUEOUS ON UNIT   1027 AT TIME STEP     58, STRESS PERIOD      1
 UBDSV1 SAVING     FLOW-JA-FACE ON UNIT   1027 AT TIME STEP     58, STRESS PERIOD      1
 UBDSV06 SAVING  SOURCE-SINK MIX IN MODEL GWT_FLUJTRANS    PACKAGE GWT_FLUJTRANS   CONNECTED TO MODEL GWT_FLUJTRANS    PACKAGE SSM              ON UNIT   1027 AT TIME STEP     58, STRESS PERIOD      1
 UBDSV06 SAVING              CNC IN MODEL GWT_FLUJTRANS    PACKAGE GWT_FLUJTRANS   CONNECTED TO MODEL GWT_FLUJTRANS    PACKAGE CNC-1            ON UNIT   1027 AT TIME STEP     58, STRESS PERIOD      1

 CONCENTRATION WILL BE SAVED ON UNIT 1028 AT END OF TIME STEP   58, STRESS PERIOD    1

end timestep


start timestep kper="1" kstp="59" mode="normal"

 UBDSV1 SAVING  STORAGE-AQUEOUS ON UNIT   1027 AT TIME STEP     59, STRESS PERIOD      1
 UBDSV1 SAVING     FLOW-JA-FACE ON UNIT   1027 AT TIME STEP     59, STRESS PERIOD      1
 UBDSV06 SAVING  SOURCE-SINK MIX IN MODEL GWT_FLUJTRANS    PACKAGE GWT_FLUJTRANS   CONNECTED TO MODEL GWT_FLUJTRANS    PACKAGE SSM              ON UNIT   1027 AT TIME STEP     59, STRESS PERIOD      1
 UBDSV06 SAVING              CNC IN MODEL GWT_FLUJTRANS    PACKAGE GWT_FLUJTRANS   CONNECTED TO MODEL GWT_FLUJTRANS    PACKAGE CNC-1            ON UNIT   1027 AT TIME STEP     59, STRESS PERIOD      1

 CONCENTRATION WILL BE SAVED ON UNIT 1028 AT END OF TIME STEP   59, STRESS PERIOD    1

end timestep


start timestep kper="1" kstp="60" mode="normal"

 UBDSV1 SAVING  STORAGE-AQUEOUS ON UNIT   1027 AT TIME STEP     60, STRESS PERIOD      1
 UBDSV1 SAVING     FLOW-JA-FACE ON UNIT   1027 AT TIME STEP     60, STRESS PERIOD      1
 UBDSV06 SAVING  SOURCE-SINK MIX IN MODEL GWT_FLUJTRANS    PACKAGE GWT_FLUJTRANS   CONNECTED TO MODEL GWT_FLUJTRANS    PACKAGE SSM              ON UNIT   1027 AT TIME STEP     60, STRESS PERIOD      1
 UBDSV06 SAVING              CNC IN MODEL GWT_FLUJTRANS    PACKAGE GWT_FLUJTRANS   CONNECTED TO MODEL GWT_FLUJTRANS    PACKAGE CNC-1            ON UNIT   1027 AT TIME STEP     60, STRESS PERIOD      1

 CONCENTRATION WILL BE SAVED ON UNIT 1028 AT END OF TIME STEP   60, STRESS PERIOD    1

end timestep


start timestep kper="1" kstp="61" mode="normal"

 UBDSV1 SAVING  STORAGE-AQUEOUS ON UNIT   1027 AT TIME STEP     61, STRESS PERIOD      1
 UBDSV1 SAVING     FLOW-JA-FACE ON UNIT   1027 AT TIME STEP     61, STRESS PERIOD      1
 UBDSV06 SAVING  SOURCE-SINK MIX IN MODEL GWT_FLUJTRANS    PACKAGE GWT_FLUJTRANS   CONNECTED TO MODEL GWT_FLUJTRANS    PACKAGE SSM              ON UNIT   1027 AT TIME STEP     61, STRESS PERIOD      1
 UBDSV06 SAVING              CNC IN MODEL GWT_FLUJTRANS    PACKAGE GWT_FLUJTRANS   CONNECTED TO MODEL GWT_FLUJTRANS    PACKAGE CNC-1            ON UNIT   1027 AT TIME STEP     61, STRESS PERIOD      1

 CONCENTRATION WILL BE SAVED ON UNIT 1028 AT END OF TIME STEP   61, STRESS PERIOD    1

end timestep


start timestep kper="1" kstp="62" mode="normal"

 UBDSV1 SAVING  STORAGE-AQUEOUS ON UNIT   1027 AT TIME STEP     62, STRESS PERIOD      1
 UBDSV1 SAVING     FLOW-JA-FACE ON UNIT   1027 AT TIME STEP     62, STRESS PERIOD      1
 UBDSV06 SAVING  SOURCE-SINK MIX IN MODEL GWT_FLUJTRANS    PACKAGE GWT_FLUJTRANS   CONNECTED TO MODEL GWT_FLUJTRANS    PACKAGE SSM              ON UNIT   1027 AT TIME STEP     62, STRESS PERIOD      1
 UBDSV06 SAVING              CNC IN MODEL GWT_FLUJTRANS    PACKAGE GWT_FLUJTRANS   CONNECTED TO MODEL GWT_FLUJTRANS    PACKAGE CNC-1            ON UNIT   1027 AT TIME STEP     62, STRESS PERIOD      1

 CONCENTRATION WILL BE SAVED ON UNIT 1028 AT END OF TIME STEP   62, STRESS PERIOD    1

end timestep


start timestep kper="1" kstp="63" mode="normal"

 UBDSV1 SAVING  STORAGE-AQUEOUS ON UNIT   1027 AT TIME STEP     63, STRESS PERIOD      1
 UBDSV1 SAVING     FLOW-JA-FACE ON UNIT   1027 AT TIME STEP     63, STRESS PERIOD      1
 UBDSV06 SAVING  SOURCE-SINK MIX IN MODEL GWT_FLUJTRANS    PACKAGE GWT_FLUJTRANS   CONNECTED TO MODEL GWT_FLUJTRANS    PACKAGE SSM              ON UNIT   1027 AT TIME STEP     63, STRESS PERIOD      1
 UBDSV06 SAVING              CNC IN MODEL GWT_FLUJTRANS    PACKAGE GWT_FLUJTRANS   CONNECTED TO MODEL GWT_FLUJTRANS    PACKAGE CNC-1            ON UNIT   1027 AT TIME STEP     63, STRESS PERIOD      1

 CONCENTRATION WILL BE SAVED ON UNIT 1028 AT END OF TIME STEP   63, STRESS PERIOD    1

end timestep


start timestep kper="1" kstp="64" mode="normal"

 UBDSV1 SAVING  STORAGE-AQUEOUS ON UNIT   1027 AT TIME STEP     64, STRESS PERIOD      1
 UBDSV1 SAVING     FLOW-JA-FACE ON UNIT   1027 AT TIME STEP     64, STRESS PERIOD      1
 UBDSV06 SAVING  SOURCE-SINK MIX IN MODEL GWT_FLUJTRANS    PACKAGE GWT_FLUJTRANS   CONNECTED TO MODEL GWT_FLUJTRANS    PACKAGE SSM              ON UNIT   1027 AT TIME STEP     64, STRESS PERIOD      1
 UBDSV06 SAVING              CNC IN MODEL GWT_FLUJTRANS    PACKAGE GWT_FLUJTRANS   CONNECTED TO MODEL GWT_FLUJTRANS    PACKAGE CNC-1            ON UNIT   1027 AT TIME STEP     64, STRESS PERIOD      1

 CONCENTRATION WILL BE SAVED ON UNIT 1028 AT END OF TIME STEP   64, STRESS PERIOD    1

end timestep


start timestep kper="1" kstp="65" mode="normal"

 UBDSV1 SAVING  STORAGE-AQUEOUS ON UNIT   1027 AT TIME STEP     65, STRESS PERIOD      1
 UBDSV1 SAVING     FLOW-JA-FACE ON UNIT   1027 AT TIME STEP     65, STRESS PERIOD      1
 UBDSV06 SAVING  SOURCE-SINK MIX IN MODEL GWT_FLUJTRANS    PACKAGE GWT_FLUJTRANS   CONNECTED TO MODEL GWT_FLUJTRANS    PACKAGE SSM              ON UNIT   1027 AT TIME STEP     65, STRESS PERIOD      1
 UBDSV06 SAVING              CNC IN MODEL GWT_FLUJTRANS    PACKAGE GWT_FLUJTRANS   CONNECTED TO MODEL GWT_FLUJTRANS    PACKAGE CNC-1            ON UNIT   1027 AT TIME STEP     65, STRESS PERIOD      1

 CONCENTRATION WILL BE SAVED ON UNIT 1028 AT END OF TIME STEP   65, STRESS PERIOD    1

end timestep


start timestep kper="1" kstp="66" mode="normal"

 UBDSV1 SAVING  STORAGE-AQUEOUS ON UNIT   1027 AT TIME STEP     66, STRESS PERIOD      1
 UBDSV1 SAVING     FLOW-JA-FACE ON UNIT   1027 AT TIME STEP     66, STRESS PERIOD      1
 UBDSV06 SAVING  SOURCE-SINK MIX IN MODEL GWT_FLUJTRANS    PACKAGE GWT_FLUJTRANS   CONNECTED TO MODEL GWT_FLUJTRANS    PACKAGE SSM              ON UNIT   1027 AT TIME STEP     66, STRESS PERIOD      1
 UBDSV06 SAVING              CNC IN MODEL GWT_FLUJTRANS    PACKAGE GWT_FLUJTRANS   CONNECTED TO MODEL GWT_FLUJTRANS    PACKAGE CNC-1            ON UNIT   1027 AT TIME STEP     66, STRESS PERIOD      1

 CONCENTRATION WILL BE SAVED ON UNIT 1028 AT END OF TIME STEP   66, STRESS PERIOD    1

end timestep


start timestep kper="1" kstp="67" mode="normal"

 UBDSV1 SAVING  STORAGE-AQUEOUS ON UNIT   1027 AT TIME STEP     67, STRESS PERIOD      1
 UBDSV1 SAVING     FLOW-JA-FACE ON UNIT   1027 AT TIME STEP     67, STRESS PERIOD      1
 UBDSV06 SAVING  SOURCE-SINK MIX IN MODEL GWT_FLUJTRANS    PACKAGE GWT_FLUJTRANS   CONNECTED TO MODEL GWT_FLUJTRANS    PACKAGE SSM              ON UNIT   1027 AT TIME STEP     67, STRESS PERIOD      1
 UBDSV06 SAVING              CNC IN MODEL GWT_FLUJTRANS    PACKAGE GWT_FLUJTRANS   CONNECTED TO MODEL GWT_FLUJTRANS    PACKAGE CNC-1            ON UNIT   1027 AT TIME STEP     67, STRESS PERIOD      1

 CONCENTRATION WILL BE SAVED ON UNIT 1028 AT END OF TIME STEP   67, STRESS PERIOD    1

end timestep


start timestep kper="1" kstp="68" mode="normal"

 UBDSV1 SAVING  STORAGE-AQUEOUS ON UNIT   1027 AT TIME STEP     68, STRESS PERIOD      1
 UBDSV1 SAVING     FLOW-JA-FACE ON UNIT   1027 AT TIME STEP     68, STRESS PERIOD      1
 UBDSV06 SAVING  SOURCE-SINK MIX IN MODEL GWT_FLUJTRANS    PACKAGE GWT_FLUJTRANS   CONNECTED TO MODEL GWT_FLUJTRANS    PACKAGE SSM              ON UNIT   1027 AT TIME STEP     68, STRESS PERIOD      1
 UBDSV06 SAVING              CNC IN MODEL GWT_FLUJTRANS    PACKAGE GWT_FLUJTRANS   CONNECTED TO MODEL GWT_FLUJTRANS    PACKAGE CNC-1            ON UNIT   1027 AT TIME STEP     68, STRESS PERIOD      1

 CONCENTRATION WILL BE SAVED ON UNIT 1028 AT END OF TIME STEP   68, STRESS PERIOD    1

end timestep


start timestep kper="1" kstp="69" mode="normal"

 UBDSV1 SAVING  STORAGE-AQUEOUS ON UNIT   1027 AT TIME STEP     69, STRESS PERIOD      1
 UBDSV1 SAVING     FLOW-JA-FACE ON UNIT   1027 AT TIME STEP     69, STRESS PERIOD      1
 UBDSV06 SAVING  SOURCE-SINK MIX IN MODEL GWT_FLUJTRANS    PACKAGE GWT_FLUJTRANS   CONNECTED TO MODEL GWT_FLUJTRANS    PACKAGE SSM              ON UNIT   1027 AT TIME STEP     69, STRESS PERIOD      1
 UBDSV06 SAVING              CNC IN MODEL GWT_FLUJTRANS    PACKAGE GWT_FLUJTRANS   CONNECTED TO MODEL GWT_FLUJTRANS    PACKAGE CNC-1            ON UNIT   1027 AT TIME STEP     69, STRESS PERIOD      1

 CONCENTRATION WILL BE SAVED ON UNIT 1028 AT END OF TIME STEP   69, STRESS PERIOD    1

end timestep


start timestep kper="1" kstp="70" mode="normal"

 UBDSV1 SAVING  STORAGE-AQUEOUS ON UNIT   1027 AT TIME STEP     70, STRESS PERIOD      1
 UBDSV1 SAVING     FLOW-JA-FACE ON UNIT   1027 AT TIME STEP     70, STRESS PERIOD      1
 UBDSV06 SAVING  SOURCE-SINK MIX IN MODEL GWT_FLUJTRANS    PACKAGE GWT_FLUJTRANS   CONNECTED TO MODEL GWT_FLUJTRANS    PACKAGE SSM              ON UNIT   1027 AT TIME STEP     70, STRESS PERIOD      1
 UBDSV06 SAVING              CNC IN MODEL GWT_FLUJTRANS    PACKAGE GWT_FLUJTRANS   CONNECTED TO MODEL GWT_FLUJTRANS    PACKAGE CNC-1            ON UNIT   1027 AT TIME STEP     70, STRESS PERIOD      1

 CONCENTRATION WILL BE SAVED ON UNIT 1028 AT END OF TIME STEP   70, STRESS PERIOD    1

end timestep


start timestep kper="1" kstp="71" mode="normal"

 UBDSV1 SAVING  STORAGE-AQUEOUS ON UNIT   1027 AT TIME STEP     71, STRESS PERIOD      1
 UBDSV1 SAVING     FLOW-JA-FACE ON UNIT   1027 AT TIME STEP     71, STRESS PERIOD      1
 UBDSV06 SAVING  SOURCE-SINK MIX IN MODEL GWT_FLUJTRANS    PACKAGE GWT_FLUJTRANS   CONNECTED TO MODEL GWT_FLUJTRANS    PACKAGE SSM              ON UNIT   1027 AT TIME STEP     71, STRESS PERIOD      1
 UBDSV06 SAVING              CNC IN MODEL GWT_FLUJTRANS    PACKAGE GWT_FLUJTRANS   CONNECTED TO MODEL GWT_FLUJTRANS    PACKAGE CNC-1            ON UNIT   1027 AT TIME STEP     71, STRESS PERIOD      1

 CONCENTRATION WILL BE SAVED ON UNIT 1028 AT END OF TIME STEP   71, STRESS PERIOD    1

end timestep


start timestep kper="1" kstp="72" mode="normal"

 UBDSV1 SAVING  STORAGE-AQUEOUS ON UNIT   1027 AT TIME STEP     72, STRESS PERIOD      1
 UBDSV1 SAVING     FLOW-JA-FACE ON UNIT   1027 AT TIME STEP     72, STRESS PERIOD      1
 UBDSV06 SAVING  SOURCE-SINK MIX IN MODEL GWT_FLUJTRANS    PACKAGE GWT_FLUJTRANS   CONNECTED TO MODEL GWT_FLUJTRANS    PACKAGE SSM              ON UNIT   1027 AT TIME STEP     72, STRESS PERIOD      1
 UBDSV06 SAVING              CNC IN MODEL GWT_FLUJTRANS    PACKAGE GWT_FLUJTRANS   CONNECTED TO MODEL GWT_FLUJTRANS    PACKAGE CNC-1            ON UNIT   1027 AT TIME STEP     72, STRESS PERIOD      1

 CONCENTRATION WILL BE SAVED ON UNIT 1028 AT END OF TIME STEP   72, STRESS PERIOD    1

end timestep


start timestep kper="1" kstp="73" mode="normal"

 UBDSV1 SAVING  STORAGE-AQUEOUS ON UNIT   1027 AT TIME STEP     73, STRESS PERIOD      1
 UBDSV1 SAVING     FLOW-JA-FACE ON UNIT   1027 AT TIME STEP     73, STRESS PERIOD      1
 UBDSV06 SAVING  SOURCE-SINK MIX IN MODEL GWT_FLUJTRANS    PACKAGE GWT_FLUJTRANS   CONNECTED TO MODEL GWT_FLUJTRANS    PACKAGE SSM              ON UNIT   1027 AT TIME STEP     73, STRESS PERIOD      1
 UBDSV06 SAVING              CNC IN MODEL GWT_FLUJTRANS    PACKAGE GWT_FLUJTRANS   CONNECTED TO MODEL GWT_FLUJTRANS    PACKAGE CNC-1            ON UNIT   1027 AT TIME STEP     73, STRESS PERIOD      1

 CONCENTRATION WILL BE SAVED ON UNIT 1028 AT END OF TIME STEP   73, STRESS PERIOD    1

end timestep


start timestep kper="1" kstp="74" mode="normal"

 UBDSV1 SAVING  STORAGE-AQUEOUS ON UNIT   1027 AT TIME STEP     74, STRESS PERIOD      1
 UBDSV1 SAVING     FLOW-JA-FACE ON UNIT   1027 AT TIME STEP     74, STRESS PERIOD      1
 UBDSV06 SAVING  SOURCE-SINK MIX IN MODEL GWT_FLUJTRANS    PACKAGE GWT_FLUJTRANS   CONNECTED TO MODEL GWT_FLUJTRANS    PACKAGE SSM              ON UNIT   1027 AT TIME STEP     74, STRESS PERIOD      1
 UBDSV06 SAVING              CNC IN MODEL GWT_FLUJTRANS    PACKAGE GWT_FLUJTRANS   CONNECTED TO MODEL GWT_FLUJTRANS    PACKAGE CNC-1            ON UNIT   1027 AT TIME STEP     74, STRESS PERIOD      1

 CONCENTRATION WILL BE SAVED ON UNIT 1028 AT END OF TIME STEP   74, STRESS PERIOD    1

end timestep


start timestep kper="1" kstp="75" mode="normal"

 UBDSV1 SAVING  STORAGE-AQUEOUS ON UNIT   1027 AT TIME STEP     75, STRESS PERIOD      1
 UBDSV1 SAVING     FLOW-JA-FACE ON UNIT   1027 AT TIME STEP     75, STRESS PERIOD      1
 UBDSV06 SAVING  SOURCE-SINK MIX IN MODEL GWT_FLUJTRANS    PACKAGE GWT_FLUJTRANS   CONNECTED TO MODEL GWT_FLUJTRANS    PACKAGE SSM              ON UNIT   1027 AT TIME STEP     75, STRESS PERIOD      1
 UBDSV06 SAVING              CNC IN MODEL GWT_FLUJTRANS    PACKAGE GWT_FLUJTRANS   CONNECTED TO MODEL GWT_FLUJTRANS    PACKAGE CNC-1            ON UNIT   1027 AT TIME STEP     75, STRESS PERIOD      1

 CONCENTRATION WILL BE SAVED ON UNIT 1028 AT END OF TIME STEP   75, STRESS PERIOD    1

end timestep


start timestep kper="1" kstp="76" mode="normal"

 UBDSV1 SAVING  STORAGE-AQUEOUS ON UNIT   1027 AT TIME STEP     76, STRESS PERIOD      1
 UBDSV1 SAVING     FLOW-JA-FACE ON UNIT   1027 AT TIME STEP     76, STRESS PERIOD      1
 UBDSV06 SAVING  SOURCE-SINK MIX IN MODEL GWT_FLUJTRANS    PACKAGE GWT_FLUJTRANS   CONNECTED TO MODEL GWT_FLUJTRANS    PACKAGE SSM              ON UNIT   1027 AT TIME STEP     76, STRESS PERIOD      1
 UBDSV06 SAVING              CNC IN MODEL GWT_FLUJTRANS    PACKAGE GWT_FLUJTRANS   CONNECTED TO MODEL GWT_FLUJTRANS    PACKAGE CNC-1            ON UNIT   1027 AT TIME STEP     76, STRESS PERIOD      1

 CONCENTRATION WILL BE SAVED ON UNIT 1028 AT END OF TIME STEP   76, STRESS PERIOD    1

end timestep


start timestep kper="1" kstp="77" mode="normal"

 UBDSV1 SAVING  STORAGE-AQUEOUS ON UNIT   1027 AT TIME STEP     77, STRESS PERIOD      1
 UBDSV1 SAVING     FLOW-JA-FACE ON UNIT   1027 AT TIME STEP     77, STRESS PERIOD      1
 UBDSV06 SAVING  SOURCE-SINK MIX IN MODEL GWT_FLUJTRANS    PACKAGE GWT_FLUJTRANS   CONNECTED TO MODEL GWT_FLUJTRANS    PACKAGE SSM              ON UNIT   1027 AT TIME STEP     77, STRESS PERIOD      1
 UBDSV06 SAVING              CNC IN MODEL GWT_FLUJTRANS    PACKAGE GWT_FLUJTRANS   CONNECTED TO MODEL GWT_FLUJTRANS    PACKAGE CNC-1            ON UNIT   1027 AT TIME STEP     77, STRESS PERIOD      1

 CONCENTRATION WILL BE SAVED ON UNIT 1028 AT END OF TIME STEP   77, STRESS PERIOD    1

end timestep


start timestep kper="1" kstp="78" mode="normal"

 UBDSV1 SAVING  STORAGE-AQUEOUS ON UNIT   1027 AT TIME STEP     78, STRESS PERIOD      1
 UBDSV1 SAVING     FLOW-JA-FACE ON UNIT   1027 AT TIME STEP     78, STRESS PERIOD      1
 UBDSV06 SAVING  SOURCE-SINK MIX IN MODEL GWT_FLUJTRANS    PACKAGE GWT_FLUJTRANS   CONNECTED TO MODEL GWT_FLUJTRANS    PACKAGE SSM              ON UNIT   1027 AT TIME STEP     78, STRESS PERIOD      1
 UBDSV06 SAVING              CNC IN MODEL GWT_FLUJTRANS    PACKAGE GWT_FLUJTRANS   CONNECTED TO MODEL GWT_FLUJTRANS    PACKAGE CNC-1            ON UNIT   1027 AT TIME STEP     78, STRESS PERIOD      1

 CONCENTRATION WILL BE SAVED ON UNIT 1028 AT END OF TIME STEP   78, STRESS PERIOD    1

end timestep


start timestep kper="1" kstp="79" mode="normal"

 UBDSV1 SAVING  STORAGE-AQUEOUS ON UNIT   1027 AT TIME STEP     79, STRESS PERIOD      1
 UBDSV1 SAVING     FLOW-JA-FACE ON UNIT   1027 AT TIME STEP     79, STRESS PERIOD      1
 UBDSV06 SAVING  SOURCE-SINK MIX IN MODEL GWT_FLUJTRANS    PACKAGE GWT_FLUJTRANS   CONNECTED TO MODEL GWT_FLUJTRANS    PACKAGE SSM              ON UNIT   1027 AT TIME STEP     79, STRESS PERIOD      1
 UBDSV06 SAVING              CNC IN MODEL GWT_FLUJTRANS    PACKAGE GWT_FLUJTRANS   CONNECTED TO MODEL GWT_FLUJTRANS    PACKAGE CNC-1            ON UNIT   1027 AT TIME STEP     79, STRESS PERIOD      1

 CONCENTRATION WILL BE SAVED ON UNIT 1028 AT END OF TIME STEP   79, STRESS PERIOD    1

end timestep


start timestep kper="1" kstp="80" mode="normal"

 UBDSV1 SAVING  STORAGE-AQUEOUS ON UNIT   1027 AT TIME STEP     80, STRESS PERIOD      1
 UBDSV1 SAVING     FLOW-JA-FACE ON UNIT   1027 AT TIME STEP     80, STRESS PERIOD      1
 UBDSV06 SAVING  SOURCE-SINK MIX IN MODEL GWT_FLUJTRANS    PACKAGE GWT_FLUJTRANS   CONNECTED TO MODEL GWT_FLUJTRANS    PACKAGE SSM              ON UNIT   1027 AT TIME STEP     80, STRESS PERIOD      1
 UBDSV06 SAVING              CNC IN MODEL GWT_FLUJTRANS    PACKAGE GWT_FLUJTRANS   CONNECTED TO MODEL GWT_FLUJTRANS    PACKAGE CNC-1            ON UNIT   1027 AT TIME STEP     80, STRESS PERIOD      1

 CONCENTRATION WILL BE SAVED ON UNIT 1028 AT END OF TIME STEP   80, STRESS PERIOD    1

end timestep


start timestep kper="1" kstp="81" mode="normal"

 UBDSV1 SAVING  STORAGE-AQUEOUS ON UNIT   1027 AT TIME STEP     81, STRESS PERIOD      1
 UBDSV1 SAVING     FLOW-JA-FACE ON UNIT   1027 AT TIME STEP     81, STRESS PERIOD      1
 UBDSV06 SAVING  SOURCE-SINK MIX IN MODEL GWT_FLUJTRANS    PACKAGE GWT_FLUJTRANS   CONNECTED TO MODEL GWT_FLUJTRANS    PACKAGE SSM              ON UNIT   1027 AT TIME STEP     81, STRESS PERIOD      1
 UBDSV06 SAVING              CNC IN MODEL GWT_FLUJTRANS    PACKAGE GWT_FLUJTRANS   CONNECTED TO MODEL GWT_FLUJTRANS    PACKAGE CNC-1            ON UNIT   1027 AT TIME STEP     81, STRESS PERIOD      1

 CONCENTRATION WILL BE SAVED ON UNIT 1028 AT END OF TIME STEP   81, STRESS PERIOD    1

end timestep


start timestep kper="1" kstp="82" mode="normal"

 UBDSV1 SAVING  STORAGE-AQUEOUS ON UNIT   1027 AT TIME STEP     82, STRESS PERIOD      1
 UBDSV1 SAVING     FLOW-JA-FACE ON UNIT   1027 AT TIME STEP     82, STRESS PERIOD      1
 UBDSV06 SAVING  SOURCE-SINK MIX IN MODEL GWT_FLUJTRANS    PACKAGE GWT_FLUJTRANS   CONNECTED TO MODEL GWT_FLUJTRANS    PACKAGE SSM              ON UNIT   1027 AT TIME STEP     82, STRESS PERIOD      1
 UBDSV06 SAVING              CNC IN MODEL GWT_FLUJTRANS    PACKAGE GWT_FLUJTRANS   CONNECTED TO MODEL GWT_FLUJTRANS    PACKAGE CNC-1            ON UNIT   1027 AT TIME STEP     82, STRESS PERIOD      1

 CONCENTRATION WILL BE SAVED ON UNIT 1028 AT END OF TIME STEP   82, STRESS PERIOD    1

end timestep


start timestep kper="1" kstp="83" mode="normal"

 UBDSV1 SAVING  STORAGE-AQUEOUS ON UNIT   1027 AT TIME STEP     83, STRESS PERIOD      1
 UBDSV1 SAVING     FLOW-JA-FACE ON UNIT   1027 AT TIME STEP     83, STRESS PERIOD      1
 UBDSV06 SAVING  SOURCE-SINK MIX IN MODEL GWT_FLUJTRANS    PACKAGE GWT_FLUJTRANS   CONNECTED TO MODEL GWT_FLUJTRANS    PACKAGE SSM              ON UNIT   1027 AT TIME STEP     83, STRESS PERIOD      1
 UBDSV06 SAVING              CNC IN MODEL GWT_FLUJTRANS    PACKAGE GWT_FLUJTRANS   CONNECTED TO MODEL GWT_FLUJTRANS    PACKAGE CNC-1            ON UNIT   1027 AT TIME STEP     83, STRESS PERIOD      1

 CONCENTRATION WILL BE SAVED ON UNIT 1028 AT END OF TIME STEP   83, STRESS PERIOD    1

end timestep


start timestep kper="1" kstp="84" mode="normal"

 UBDSV1 SAVING  STORAGE-AQUEOUS ON UNIT   1027 AT TIME STEP     84, STRESS PERIOD      1
 UBDSV1 SAVING     FLOW-JA-FACE ON UNIT   1027 AT TIME STEP     84, STRESS PERIOD      1
 UBDSV06 SAVING  SOURCE-SINK MIX IN MODEL GWT_FLUJTRANS    PACKAGE GWT_FLUJTRANS   CONNECTED TO MODEL GWT_FLUJTRANS    PACKAGE SSM              ON UNIT   1027 AT TIME STEP     84, STRESS PERIOD      1
 UBDSV06 SAVING              CNC IN MODEL GWT_FLUJTRANS    PACKAGE GWT_FLUJTRANS   CONNECTED TO MODEL GWT_FLUJTRANS    PACKAGE CNC-1            ON UNIT   1027 AT TIME STEP     84, STRESS PERIOD      1

 CONCENTRATION WILL BE SAVED ON UNIT 1028 AT END OF TIME STEP   84, STRESS PERIOD    1

end timestep


start timestep kper="1" kstp="85" mode="normal"

 UBDSV1 SAVING  STORAGE-AQUEOUS ON UNIT   1027 AT TIME STEP     85, STRESS PERIOD      1
 UBDSV1 SAVING     FLOW-JA-FACE ON UNIT   1027 AT TIME STEP     85, STRESS PERIOD      1
 UBDSV06 SAVING  SOURCE-SINK MIX IN MODEL GWT_FLUJTRANS    PACKAGE GWT_FLUJTRANS   CONNECTED TO MODEL GWT_FLUJTRANS    PACKAGE SSM              ON UNIT   1027 AT TIME STEP     85, STRESS PERIOD      1
 UBDSV06 SAVING              CNC IN MODEL GWT_FLUJTRANS    PACKAGE GWT_FLUJTRANS   CONNECTED TO MODEL GWT_FLUJTRANS    PACKAGE CNC-1            ON UNIT   1027 AT TIME STEP     85, STRESS PERIOD      1

 CONCENTRATION WILL BE SAVED ON UNIT 1028 AT END OF TIME STEP   85, STRESS PERIOD    1

end timestep


start timestep kper="1" kstp="86" mode="normal"

 UBDSV1 SAVING  STORAGE-AQUEOUS ON UNIT   1027 AT TIME STEP     86, STRESS PERIOD      1
 UBDSV1 SAVING     FLOW-JA-FACE ON UNIT   1027 AT TIME STEP     86, STRESS PERIOD      1
 UBDSV06 SAVING  SOURCE-SINK MIX IN MODEL GWT_FLUJTRANS    PACKAGE GWT_FLUJTRANS   CONNECTED TO MODEL GWT_FLUJTRANS    PACKAGE SSM              ON UNIT   1027 AT TIME STEP     86, STRESS PERIOD      1
 UBDSV06 SAVING              CNC IN MODEL GWT_FLUJTRANS    PACKAGE GWT_FLUJTRANS   CONNECTED TO MODEL GWT_FLUJTRANS    PACKAGE CNC-1            ON UNIT   1027 AT TIME STEP     86, STRESS PERIOD      1

 CONCENTRATION WILL BE SAVED ON UNIT 1028 AT END OF TIME STEP   86, STRESS PERIOD    1

end timestep


start timestep kper="1" kstp="87" mode="normal"

 UBDSV1 SAVING  STORAGE-AQUEOUS ON UNIT   1027 AT TIME STEP     87, STRESS PERIOD      1
 UBDSV1 SAVING     FLOW-JA-FACE ON UNIT   1027 AT TIME STEP     87, STRESS PERIOD      1
 UBDSV06 SAVING  SOURCE-SINK MIX IN MODEL GWT_FLUJTRANS    PACKAGE GWT_FLUJTRANS   CONNECTED TO MODEL GWT_FLUJTRANS    PACKAGE SSM              ON UNIT   1027 AT TIME STEP     87, STRESS PERIOD      1
 UBDSV06 SAVING              CNC IN MODEL GWT_FLUJTRANS    PACKAGE GWT_FLUJTRANS   CONNECTED TO MODEL GWT_FLUJTRANS    PACKAGE CNC-1            ON UNIT   1027 AT TIME STEP     87, STRESS PERIOD      1

 CONCENTRATION WILL BE SAVED ON UNIT 1028 AT END OF TIME STEP   87, STRESS PERIOD    1

end timestep


start timestep kper="1" kstp="88" mode="normal"

 UBDSV1 SAVING  STORAGE-AQUEOUS ON UNIT   1027 AT TIME STEP     88, STRESS PERIOD      1
 UBDSV1 SAVING     FLOW-JA-FACE ON UNIT   1027 AT TIME STEP     88, STRESS PERIOD      1
 UBDSV06 SAVING  SOURCE-SINK MIX IN MODEL GWT_FLUJTRANS    PACKAGE GWT_FLUJTRANS   CONNECTED TO MODEL GWT_FLUJTRANS    PACKAGE SSM              ON UNIT   1027 AT TIME STEP     88, STRESS PERIOD      1
 UBDSV06 SAVING              CNC IN MODEL GWT_FLUJTRANS    PACKAGE GWT_FLUJTRANS   CONNECTED TO MODEL GWT_FLUJTRANS    PACKAGE CNC-1            ON UNIT   1027 AT TIME STEP     88, STRESS PERIOD      1

 CONCENTRATION WILL BE SAVED ON UNIT 1028 AT END OF TIME STEP   88, STRESS PERIOD    1

end timestep


start timestep kper="1" kstp="89" mode="normal"

 UBDSV1 SAVING  STORAGE-AQUEOUS ON UNIT   1027 AT TIME STEP     89, STRESS PERIOD      1
 UBDSV1 SAVING     FLOW-JA-FACE ON UNIT   1027 AT TIME STEP     89, STRESS PERIOD      1
 UBDSV06 SAVING  SOURCE-SINK MIX IN MODEL GWT_FLUJTRANS    PACKAGE GWT_FLUJTRANS   CONNECTED TO MODEL GWT_FLUJTRANS    PACKAGE SSM              ON UNIT   1027 AT TIME STEP     89, STRESS PERIOD      1
 UBDSV06 SAVING              CNC IN MODEL GWT_FLUJTRANS    PACKAGE GWT_FLUJTRANS   CONNECTED TO MODEL GWT_FLUJTRANS    PACKAGE CNC-1            ON UNIT   1027 AT TIME STEP     89, STRESS PERIOD      1

 CONCENTRATION WILL BE SAVED ON UNIT 1028 AT END OF TIME STEP   89, STRESS PERIOD    1

end timestep


start timestep kper="1" kstp="90" mode="normal"

 UBDSV1 SAVING  STORAGE-AQUEOUS ON UNIT   1027 AT TIME STEP     90, STRESS PERIOD      1
 UBDSV1 SAVING     FLOW-JA-FACE ON UNIT   1027 AT TIME STEP     90, STRESS PERIOD      1
 UBDSV06 SAVING  SOURCE-SINK MIX IN MODEL GWT_FLUJTRANS    PACKAGE GWT_FLUJTRANS   CONNECTED TO MODEL GWT_FLUJTRANS    PACKAGE SSM              ON UNIT   1027 AT TIME STEP     90, STRESS PERIOD      1
 UBDSV06 SAVING              CNC IN MODEL GWT_FLUJTRANS    PACKAGE GWT_FLUJTRANS   CONNECTED TO MODEL GWT_FLUJTRANS    PACKAGE CNC-1            ON UNIT   1027 AT TIME STEP     90, STRESS PERIOD      1

 CONCENTRATION WILL BE SAVED ON UNIT 1028 AT END OF TIME STEP   90, STRESS PERIOD    1

end timestep


start timestep kper="1" kstp="91" mode="normal"

 UBDSV1 SAVING  STORAGE-AQUEOUS ON UNIT   1027 AT TIME STEP     91, STRESS PERIOD      1
 UBDSV1 SAVING     FLOW-JA-FACE ON UNIT   1027 AT TIME STEP     91, STRESS PERIOD      1
 UBDSV06 SAVING  SOURCE-SINK MIX IN MODEL GWT_FLUJTRANS    PACKAGE GWT_FLUJTRANS   CONNECTED TO MODEL GWT_FLUJTRANS    PACKAGE SSM              ON UNIT   1027 AT TIME STEP     91, STRESS PERIOD      1
 UBDSV06 SAVING              CNC IN MODEL GWT_FLUJTRANS    PACKAGE GWT_FLUJTRANS   CONNECTED TO MODEL GWT_FLUJTRANS    PACKAGE CNC-1            ON UNIT   1027 AT TIME STEP     91, STRESS PERIOD      1

 CONCENTRATION WILL BE SAVED ON UNIT 1028 AT END OF TIME STEP   91, STRESS PERIOD    1

end timestep


start timestep kper="1" kstp="92" mode="normal"

 UBDSV1 SAVING  STORAGE-AQUEOUS ON UNIT   1027 AT TIME STEP     92, STRESS PERIOD      1
 UBDSV1 SAVING     FLOW-JA-FACE ON UNIT   1027 AT TIME STEP     92, STRESS PERIOD      1
 UBDSV06 SAVING  SOURCE-SINK MIX IN MODEL GWT_FLUJTRANS    PACKAGE GWT_FLUJTRANS   CONNECTED TO MODEL GWT_FLUJTRANS    PACKAGE SSM              ON UNIT   1027 AT TIME STEP     92, STRESS PERIOD      1
 UBDSV06 SAVING              CNC IN MODEL GWT_FLUJTRANS    PACKAGE GWT_FLUJTRANS   CONNECTED TO MODEL GWT_FLUJTRANS    PACKAGE CNC-1            ON UNIT   1027 AT TIME STEP     92, STRESS PERIOD      1

 CONCENTRATION WILL BE SAVED ON UNIT 1028 AT END OF TIME STEP   92, STRESS PERIOD    1

end timestep


start timestep kper="1" kstp="93" mode="normal"

 UBDSV1 SAVING  STORAGE-AQUEOUS ON UNIT   1027 AT TIME STEP     93, STRESS PERIOD      1
 UBDSV1 SAVING     FLOW-JA-FACE ON UNIT   1027 AT TIME STEP     93, STRESS PERIOD      1
 UBDSV06 SAVING  SOURCE-SINK MIX IN MODEL GWT_FLUJTRANS    PACKAGE GWT_FLUJTRANS   CONNECTED TO MODEL GWT_FLUJTRANS    PACKAGE SSM              ON UNIT   1027 AT TIME STEP     93, STRESS PERIOD      1
 UBDSV06 SAVING              CNC IN MODEL GWT_FLUJTRANS    PACKAGE GWT_FLUJTRANS   CONNECTED TO MODEL GWT_FLUJTRANS    PACKAGE CNC-1            ON UNIT   1027 AT TIME STEP     93, STRESS PERIOD      1

 CONCENTRATION WILL BE SAVED ON UNIT 1028 AT END OF TIME STEP   93, STRESS PERIOD    1

end timestep


start timestep kper="1" kstp="94" mode="normal"

 UBDSV1 SAVING  STORAGE-AQUEOUS ON UNIT   1027 AT TIME STEP     94, STRESS PERIOD      1
 UBDSV1 SAVING     FLOW-JA-FACE ON UNIT   1027 AT TIME STEP     94, STRESS PERIOD      1
 UBDSV06 SAVING  SOURCE-SINK MIX IN MODEL GWT_FLUJTRANS    PACKAGE GWT_FLUJTRANS   CONNECTED TO MODEL GWT_FLUJTRANS    PACKAGE SSM              ON UNIT   1027 AT TIME STEP     94, STRESS PERIOD      1
 UBDSV06 SAVING              CNC IN MODEL GWT_FLUJTRANS    PACKAGE GWT_FLUJTRANS   CONNECTED TO MODEL GWT_FLUJTRANS    PACKAGE CNC-1            ON UNIT   1027 AT TIME STEP     94, STRESS PERIOD      1

 CONCENTRATION WILL BE SAVED ON UNIT 1028 AT END OF TIME STEP   94, STRESS PERIOD    1

end timestep


start timestep kper="1" kstp="95" mode="normal"

 UBDSV1 SAVING  STORAGE-AQUEOUS ON UNIT   1027 AT TIME STEP     95, STRESS PERIOD      1
 UBDSV1 SAVING     FLOW-JA-FACE ON UNIT   1027 AT TIME STEP     95, STRESS PERIOD      1
 UBDSV06 SAVING  SOURCE-SINK MIX IN MODEL GWT_FLUJTRANS    PACKAGE GWT_FLUJTRANS   CONNECTED TO MODEL GWT_FLUJTRANS    PACKAGE SSM              ON UNIT   1027 AT TIME STEP     95, STRESS PERIOD      1
 UBDSV06 SAVING              CNC IN MODEL GWT_FLUJTRANS    PACKAGE GWT_FLUJTRANS   CONNECTED TO MODEL GWT_FLUJTRANS    PACKAGE CNC-1            ON UNIT   1027 AT TIME STEP     95, STRESS PERIOD      1

 CONCENTRATION WILL BE SAVED ON UNIT 1028 AT END OF TIME STEP   95, STRESS PERIOD    1

end timestep


start timestep kper="1" kstp="96" mode="normal"

 UBDSV1 SAVING  STORAGE-AQUEOUS ON UNIT   1027 AT TIME STEP     96, STRESS PERIOD      1
 UBDSV1 SAVING     FLOW-JA-FACE ON UNIT   1027 AT TIME STEP     96, STRESS PERIOD      1
 UBDSV06 SAVING  SOURCE-SINK MIX IN MODEL GWT_FLUJTRANS    PACKAGE GWT_FLUJTRANS   CONNECTED TO MODEL GWT_FLUJTRANS    PACKAGE SSM              ON UNIT   1027 AT TIME STEP     96, STRESS PERIOD      1
 UBDSV06 SAVING              CNC IN MODEL GWT_FLUJTRANS    PACKAGE GWT_FLUJTRANS   CONNECTED TO MODEL GWT_FLUJTRANS    PACKAGE CNC-1            ON UNIT   1027 AT TIME STEP     96, STRESS PERIOD      1

 CONCENTRATION WILL BE SAVED ON UNIT 1028 AT END OF TIME STEP   96, STRESS PERIOD    1

end timestep


start timestep kper="1" kstp="97" mode="normal"

 UBDSV1 SAVING  STORAGE-AQUEOUS ON UNIT   1027 AT TIME STEP     97, STRESS PERIOD      1
 UBDSV1 SAVING     FLOW-JA-FACE ON UNIT   1027 AT TIME STEP     97, STRESS PERIOD      1
 UBDSV06 SAVING  SOURCE-SINK MIX IN MODEL GWT_FLUJTRANS    PACKAGE GWT_FLUJTRANS   CONNECTED TO MODEL GWT_FLUJTRANS    PACKAGE SSM              ON UNIT   1027 AT TIME STEP     97, STRESS PERIOD      1
 UBDSV06 SAVING              CNC IN MODEL GWT_FLUJTRANS    PACKAGE GWT_FLUJTRANS   CONNECTED TO MODEL GWT_FLUJTRANS    PACKAGE CNC-1            ON UNIT   1027 AT TIME STEP     97, STRESS PERIOD      1

 CONCENTRATION WILL BE SAVED ON UNIT 1028 AT END OF TIME STEP   97, STRESS PERIOD    1

end timestep


start timestep kper="1" kstp="98" mode="normal"

 UBDSV1 SAVING  STORAGE-AQUEOUS ON UNIT   1027 AT TIME STEP     98, STRESS PERIOD      1
 UBDSV1 SAVING     FLOW-JA-FACE ON UNIT   1027 AT TIME STEP     98, STRESS PERIOD      1
 UBDSV06 SAVING  SOURCE-SINK MIX IN MODEL GWT_FLUJTRANS    PACKAGE GWT_FLUJTRANS   CONNECTED TO MODEL GWT_FLUJTRANS    PACKAGE SSM              ON UNIT   1027 AT TIME STEP     98, STRESS PERIOD      1
 UBDSV06 SAVING              CNC IN MODEL GWT_FLUJTRANS    PACKAGE GWT_FLUJTRANS   CONNECTED TO MODEL GWT_FLUJTRANS    PACKAGE CNC-1            ON UNIT   1027 AT TIME STEP     98, STRESS PERIOD      1

 CONCENTRATION WILL BE SAVED ON UNIT 1028 AT END OF TIME STEP   98, STRESS PERIOD    1

end timestep


start timestep kper="1" kstp="99" mode="normal"

 UBDSV1 SAVING  STORAGE-AQUEOUS ON UNIT   1027 AT TIME STEP     99, STRESS PERIOD      1
 UBDSV1 SAVING     FLOW-JA-FACE ON UNIT   1027 AT TIME STEP     99, STRESS PERIOD      1
 UBDSV06 SAVING  SOURCE-SINK MIX IN MODEL GWT_FLUJTRANS    PACKAGE GWT_FLUJTRANS   CONNECTED TO MODEL GWT_FLUJTRANS    PACKAGE SSM              ON UNIT   1027 AT TIME STEP     99, STRESS PERIOD      1
 UBDSV06 SAVING              CNC IN MODEL GWT_FLUJTRANS    PACKAGE GWT_FLUJTRANS   CONNECTED TO MODEL GWT_FLUJTRANS    PACKAGE CNC-1            ON UNIT   1027 AT TIME STEP     99, STRESS PERIOD      1

 CONCENTRATION WILL BE SAVED ON UNIT 1028 AT END OF TIME STEP   99, STRESS PERIOD    1

end timestep


start timestep kper="1" kstp="100" mode="normal"

 UBDSV1 SAVING  STORAGE-AQUEOUS ON UNIT   1027 AT TIME STEP    100, STRESS PERIOD      1
 UBDSV1 SAVING     FLOW-JA-FACE ON UNIT   1027 AT TIME STEP    100, STRESS PERIOD      1
 UBDSV06 SAVING  SOURCE-SINK MIX IN MODEL GWT_FLUJTRANS    PACKAGE GWT_FLUJTRANS   CONNECTED TO MODEL GWT_FLUJTRANS    PACKAGE SSM              ON UNIT   1027 AT TIME STEP    100, STRESS PERIOD      1
 UBDSV06 SAVING              CNC IN MODEL GWT_FLUJTRANS    PACKAGE GWT_FLUJTRANS   CONNECTED TO MODEL GWT_FLUJTRANS    PACKAGE CNC-1            ON UNIT   1027 AT TIME STEP    100, STRESS PERIOD      1

 CONCENTRATION WILL BE SAVED ON UNIT 1028 AT END OF TIME STEP  100, STRESS PERIOD    1

end timestep


start timestep kper="1" kstp="101" mode="normal"

 UBDSV1 SAVING  STORAGE-AQUEOUS ON UNIT   1027 AT TIME STEP    101, STRESS PERIOD      1
 UBDSV1 SAVING     FLOW-JA-FACE ON UNIT   1027 AT TIME STEP    101, STRESS PERIOD      1
 UBDSV06 SAVING  SOURCE-SINK MIX IN MODEL GWT_FLUJTRANS    PACKAGE GWT_FLUJTRANS   CONNECTED TO MODEL GWT_FLUJTRANS    PACKAGE SSM              ON UNIT   1027 AT TIME STEP    101, STRESS PERIOD      1
 UBDSV06 SAVING              CNC IN MODEL GWT_FLUJTRANS    PACKAGE GWT_FLUJTRANS   CONNECTED TO MODEL GWT_FLUJTRANS    PACKAGE CNC-1            ON UNIT   1027 AT TIME STEP    101, STRESS PERIOD      1

 CONCENTRATION WILL BE SAVED ON UNIT 1028 AT END OF TIME STEP  101, STRESS PERIOD    1

end timestep


start timestep kper="1" kstp="102" mode="normal"

 UBDSV1 SAVING  STORAGE-AQUEOUS ON UNIT   1027 AT TIME STEP    102, STRESS PERIOD      1
 UBDSV1 SAVING     FLOW-JA-FACE ON UNIT   1027 AT TIME STEP    102, STRESS PERIOD      1
 UBDSV06 SAVING  SOURCE-SINK MIX IN MODEL GWT_FLUJTRANS    PACKAGE GWT_FLUJTRANS   CONNECTED TO MODEL GWT_FLUJTRANS    PACKAGE SSM              ON UNIT   1027 AT TIME STEP    102, STRESS PERIOD      1
 UBDSV06 SAVING              CNC IN MODEL GWT_FLUJTRANS    PACKAGE GWT_FLUJTRANS   CONNECTED TO MODEL GWT_FLUJTRANS    PACKAGE CNC-1            ON UNIT   1027 AT TIME STEP    102, STRESS PERIOD      1

 CONCENTRATION WILL BE SAVED ON UNIT 1028 AT END OF TIME STEP  102, STRESS PERIOD    1

end timestep


start timestep kper="1" kstp="103" mode="normal"

 UBDSV1 SAVING  STORAGE-AQUEOUS ON UNIT   1027 AT TIME STEP    103, STRESS PERIOD      1
 UBDSV1 SAVING     FLOW-JA-FACE ON UNIT   1027 AT TIME STEP    103, STRESS PERIOD      1
 UBDSV06 SAVING  SOURCE-SINK MIX IN MODEL GWT_FLUJTRANS    PACKAGE GWT_FLUJTRANS   CONNECTED TO MODEL GWT_FLUJTRANS    PACKAGE SSM              ON UNIT   1027 AT TIME STEP    103, STRESS PERIOD      1
 UBDSV06 SAVING              CNC IN MODEL GWT_FLUJTRANS    PACKAGE GWT_FLUJTRANS   CONNECTED TO MODEL GWT_FLUJTRANS    PACKAGE CNC-1            ON UNIT   1027 AT TIME STEP    103, STRESS PERIOD      1

 CONCENTRATION WILL BE SAVED ON UNIT 1028 AT END OF TIME STEP  103, STRESS PERIOD    1

end timestep


start timestep kper="1" kstp="104" mode="normal"

 UBDSV1 SAVING  STORAGE-AQUEOUS ON UNIT   1027 AT TIME STEP    104, STRESS PERIOD      1
 UBDSV1 SAVING     FLOW-JA-FACE ON UNIT   1027 AT TIME STEP    104, STRESS PERIOD      1
 UBDSV06 SAVING  SOURCE-SINK MIX IN MODEL GWT_FLUJTRANS    PACKAGE GWT_FLUJTRANS   CONNECTED TO MODEL GWT_FLUJTRANS    PACKAGE SSM              ON UNIT   1027 AT TIME STEP    104, STRESS PERIOD      1
 UBDSV06 SAVING              CNC IN MODEL GWT_FLUJTRANS    PACKAGE GWT_FLUJTRANS   CONNECTED TO MODEL GWT_FLUJTRANS    PACKAGE CNC-1            ON UNIT   1027 AT TIME STEP    104, STRESS PERIOD      1

 CONCENTRATION WILL BE SAVED ON UNIT 1028 AT END OF TIME STEP  104, STRESS PERIOD    1

end timestep


start timestep kper="1" kstp="105" mode="normal"

 UBDSV1 SAVING  STORAGE-AQUEOUS ON UNIT   1027 AT TIME STEP    105, STRESS PERIOD      1
 UBDSV1 SAVING     FLOW-JA-FACE ON UNIT   1027 AT TIME STEP    105, STRESS PERIOD      1
 UBDSV06 SAVING  SOURCE-SINK MIX IN MODEL GWT_FLUJTRANS    PACKAGE GWT_FLUJTRANS   CONNECTED TO MODEL GWT_FLUJTRANS    PACKAGE SSM              ON UNIT   1027 AT TIME STEP    105, STRESS PERIOD      1
 UBDSV06 SAVING              CNC IN MODEL GWT_FLUJTRANS    PACKAGE GWT_FLUJTRANS   CONNECTED TO MODEL GWT_FLUJTRANS    PACKAGE CNC-1            ON UNIT   1027 AT TIME STEP    105, STRESS PERIOD      1

 CONCENTRATION WILL BE SAVED ON UNIT 1028 AT END OF TIME STEP  105, STRESS PERIOD    1

end timestep


start timestep kper="1" kstp="106" mode="normal"

 UBDSV1 SAVING  STORAGE-AQUEOUS ON UNIT   1027 AT TIME STEP    106, STRESS PERIOD      1
 UBDSV1 SAVING     FLOW-JA-FACE ON UNIT   1027 AT TIME STEP    106, STRESS PERIOD      1
 UBDSV06 SAVING  SOURCE-SINK MIX IN MODEL GWT_FLUJTRANS    PACKAGE GWT_FLUJTRANS   CONNECTED TO MODEL GWT_FLUJTRANS    PACKAGE SSM              ON UNIT   1027 AT TIME STEP    106, STRESS PERIOD      1
 UBDSV06 SAVING              CNC IN MODEL GWT_FLUJTRANS    PACKAGE GWT_FLUJTRANS   CONNECTED TO MODEL GWT_FLUJTRANS    PACKAGE CNC-1            ON UNIT   1027 AT TIME STEP    106, STRESS PERIOD      1

 CONCENTRATION WILL BE SAVED ON UNIT 1028 AT END OF TIME STEP  106, STRESS PERIOD    1

end timestep


start timestep kper="1" kstp="107" mode="normal"

 UBDSV1 SAVING  STORAGE-AQUEOUS ON UNIT   1027 AT TIME STEP    107, STRESS PERIOD      1
 UBDSV1 SAVING     FLOW-JA-FACE ON UNIT   1027 AT TIME STEP    107, STRESS PERIOD      1
 UBDSV06 SAVING  SOURCE-SINK MIX IN MODEL GWT_FLUJTRANS    PACKAGE GWT_FLUJTRANS   CONNECTED TO MODEL GWT_FLUJTRANS    PACKAGE SSM              ON UNIT   1027 AT TIME STEP    107, STRESS PERIOD      1
 UBDSV06 SAVING              CNC IN MODEL GWT_FLUJTRANS    PACKAGE GWT_FLUJTRANS   CONNECTED TO MODEL GWT_FLUJTRANS    PACKAGE CNC-1            ON UNIT   1027 AT TIME STEP    107, STRESS PERIOD      1

 CONCENTRATION WILL BE SAVED ON UNIT 1028 AT END OF TIME STEP  107, STRESS PERIOD    1

end timestep


start timestep kper="1" kstp="108" mode="normal"

 UBDSV1 SAVING  STORAGE-AQUEOUS ON UNIT   1027 AT TIME STEP    108, STRESS PERIOD      1
 UBDSV1 SAVING     FLOW-JA-FACE ON UNIT   1027 AT TIME STEP    108, STRESS PERIOD      1
 UBDSV06 SAVING  SOURCE-SINK MIX IN MODEL GWT_FLUJTRANS    PACKAGE GWT_FLUJTRANS   CONNECTED TO MODEL GWT_FLUJTRANS    PACKAGE SSM              ON UNIT   1027 AT TIME STEP    108, STRESS PERIOD      1
 UBDSV06 SAVING              CNC IN MODEL GWT_FLUJTRANS    PACKAGE GWT_FLUJTRANS   CONNECTED TO MODEL GWT_FLUJTRANS    PACKAGE CNC-1            ON UNIT   1027 AT TIME STEP    108, STRESS PERIOD      1

 CONCENTRATION WILL BE SAVED ON UNIT 1028 AT END OF TIME STEP  108, STRESS PERIOD    1

end timestep


start timestep kper="1" kstp="109" mode="normal"

 UBDSV1 SAVING  STORAGE-AQUEOUS ON UNIT   1027 AT TIME STEP    109, STRESS PERIOD      1
 UBDSV1 SAVING     FLOW-JA-FACE ON UNIT   1027 AT TIME STEP    109, STRESS PERIOD      1
 UBDSV06 SAVING  SOURCE-SINK MIX IN MODEL GWT_FLUJTRANS    PACKAGE GWT_FLUJTRANS   CONNECTED TO MODEL GWT_FLUJTRANS    PACKAGE SSM              ON UNIT   1027 AT TIME STEP    109, STRESS PERIOD      1
 UBDSV06 SAVING              CNC IN MODEL GWT_FLUJTRANS    PACKAGE GWT_FLUJTRANS   CONNECTED TO MODEL GWT_FLUJTRANS    PACKAGE CNC-1            ON UNIT   1027 AT TIME STEP    109, STRESS PERIOD      1

 CONCENTRATION WILL BE SAVED ON UNIT 1028 AT END OF TIME STEP  109, STRESS PERIOD    1

end timestep


start timestep kper="1" kstp="110" mode="normal"

 UBDSV1 SAVING  STORAGE-AQUEOUS ON UNIT   1027 AT TIME STEP    110, STRESS PERIOD      1
 UBDSV1 SAVING     FLOW-JA-FACE ON UNIT   1027 AT TIME STEP    110, STRESS PERIOD      1
 UBDSV06 SAVING  SOURCE-SINK MIX IN MODEL GWT_FLUJTRANS    PACKAGE GWT_FLUJTRANS   CONNECTED TO MODEL GWT_FLUJTRANS    PACKAGE SSM              ON UNIT   1027 AT TIME STEP    110, STRESS PERIOD      1
 UBDSV06 SAVING              CNC IN MODEL GWT_FLUJTRANS    PACKAGE GWT_FLUJTRANS   CONNECTED TO MODEL GWT_FLUJTRANS    PACKAGE CNC-1            ON UNIT   1027 AT TIME STEP    110, STRESS PERIOD      1

 CONCENTRATION WILL BE SAVED ON UNIT 1028 AT END OF TIME STEP  110, STRESS PERIOD    1

end timestep


start timestep kper="1" kstp="111" mode="normal"

 UBDSV1 SAVING  STORAGE-AQUEOUS ON UNIT   1027 AT TIME STEP    111, STRESS PERIOD      1
 UBDSV1 SAVING     FLOW-JA-FACE ON UNIT   1027 AT TIME STEP    111, STRESS PERIOD      1
 UBDSV06 SAVING  SOURCE-SINK MIX IN MODEL GWT_FLUJTRANS    PACKAGE GWT_FLUJTRANS   CONNECTED TO MODEL GWT_FLUJTRANS    PACKAGE SSM              ON UNIT   1027 AT TIME STEP    111, STRESS PERIOD      1
 UBDSV06 SAVING              CNC IN MODEL GWT_FLUJTRANS    PACKAGE GWT_FLUJTRANS   CONNECTED TO MODEL GWT_FLUJTRANS    PACKAGE CNC-1            ON UNIT   1027 AT TIME STEP    111, STRESS PERIOD      1

 CONCENTRATION WILL BE SAVED ON UNIT 1028 AT END OF TIME STEP  111, STRESS PERIOD    1

end timestep


start timestep kper="1" kstp="112" mode="normal"

 UBDSV1 SAVING  STORAGE-AQUEOUS ON UNIT   1027 AT TIME STEP    112, STRESS PERIOD      1
 UBDSV1 SAVING     FLOW-JA-FACE ON UNIT   1027 AT TIME STEP    112, STRESS PERIOD      1
 UBDSV06 SAVING  SOURCE-SINK MIX IN MODEL GWT_FLUJTRANS    PACKAGE GWT_FLUJTRANS   CONNECTED TO MODEL GWT_FLUJTRANS    PACKAGE SSM              ON UNIT   1027 AT TIME STEP    112, STRESS PERIOD      1
 UBDSV06 SAVING              CNC IN MODEL GWT_FLUJTRANS    PACKAGE GWT_FLUJTRANS   CONNECTED TO MODEL GWT_FLUJTRANS    PACKAGE CNC-1            ON UNIT   1027 AT TIME STEP    112, STRESS PERIOD      1

 CONCENTRATION WILL BE SAVED ON UNIT 1028 AT END OF TIME STEP  112, STRESS PERIOD    1

end timestep


start timestep kper="1" kstp="113" mode="normal"

 UBDSV1 SAVING  STORAGE-AQUEOUS ON UNIT   1027 AT TIME STEP    113, STRESS PERIOD      1
 UBDSV1 SAVING     FLOW-JA-FACE ON UNIT   1027 AT TIME STEP    113, STRESS PERIOD      1
 UBDSV06 SAVING  SOURCE-SINK MIX IN MODEL GWT_FLUJTRANS    PACKAGE GWT_FLUJTRANS   CONNECTED TO MODEL GWT_FLUJTRANS    PACKAGE SSM              ON UNIT   1027 AT TIME STEP    113, STRESS PERIOD      1
 UBDSV06 SAVING              CNC IN MODEL GWT_FLUJTRANS    PACKAGE GWT_FLUJTRANS   CONNECTED TO MODEL GWT_FLUJTRANS    PACKAGE CNC-1            ON UNIT   1027 AT TIME STEP    113, STRESS PERIOD      1

 CONCENTRATION WILL BE SAVED ON UNIT 1028 AT END OF TIME STEP  113, STRESS PERIOD    1

end timestep


start timestep kper="1" kstp="114" mode="normal"

 UBDSV1 SAVING  STORAGE-AQUEOUS ON UNIT   1027 AT TIME STEP    114, STRESS PERIOD      1
 UBDSV1 SAVING     FLOW-JA-FACE ON UNIT   1027 AT TIME STEP    114, STRESS PERIOD      1
 UBDSV06 SAVING  SOURCE-SINK MIX IN MODEL GWT_FLUJTRANS    PACKAGE GWT_FLUJTRANS   CONNECTED TO MODEL GWT_FLUJTRANS    PACKAGE SSM              ON UNIT   1027 AT TIME STEP    114, STRESS PERIOD      1
 UBDSV06 SAVING              CNC IN MODEL GWT_FLUJTRANS    PACKAGE GWT_FLUJTRANS   CONNECTED TO MODEL GWT_FLUJTRANS    PACKAGE CNC-1            ON UNIT   1027 AT TIME STEP    114, STRESS PERIOD      1

 CONCENTRATION WILL BE SAVED ON UNIT 1028 AT END OF TIME STEP  114, STRESS PERIOD    1

end timestep


start timestep kper="1" kstp="115" mode="normal"

 UBDSV1 SAVING  STORAGE-AQUEOUS ON UNIT   1027 AT TIME STEP    115, STRESS PERIOD      1
 UBDSV1 SAVING     FLOW-JA-FACE ON UNIT   1027 AT TIME STEP    115, STRESS PERIOD      1
 UBDSV06 SAVING  SOURCE-SINK MIX IN MODEL GWT_FLUJTRANS    PACKAGE GWT_FLUJTRANS   CONNECTED TO MODEL GWT_FLUJTRANS    PACKAGE SSM              ON UNIT   1027 AT TIME STEP    115, STRESS PERIOD      1
 UBDSV06 SAVING              CNC IN MODEL GWT_FLUJTRANS    PACKAGE GWT_FLUJTRANS   CONNECTED TO MODEL GWT_FLUJTRANS    PACKAGE CNC-1            ON UNIT   1027 AT TIME STEP    115, STRESS PERIOD      1

 CONCENTRATION WILL BE SAVED ON UNIT 1028 AT END OF TIME STEP  115, STRESS PERIOD    1

end timestep


start timestep kper="1" kstp="116" mode="normal"

 UBDSV1 SAVING  STORAGE-AQUEOUS ON UNIT   1027 AT TIME STEP    116, STRESS PERIOD      1
 UBDSV1 SAVING     FLOW-JA-FACE ON UNIT   1027 AT TIME STEP    116, STRESS PERIOD      1
 UBDSV06 SAVING  SOURCE-SINK MIX IN MODEL GWT_FLUJTRANS    PACKAGE GWT_FLUJTRANS   CONNECTED TO MODEL GWT_FLUJTRANS    PACKAGE SSM              ON UNIT   1027 AT TIME STEP    116, STRESS PERIOD      1
 UBDSV06 SAVING              CNC IN MODEL GWT_FLUJTRANS    PACKAGE GWT_FLUJTRANS   CONNECTED TO MODEL GWT_FLUJTRANS    PACKAGE CNC-1            ON UNIT   1027 AT TIME STEP    116, STRESS PERIOD      1

 CONCENTRATION WILL BE SAVED ON UNIT 1028 AT END OF TIME STEP  116, STRESS PERIOD    1

end timestep


start timestep kper="1" kstp="117" mode="normal"

 UBDSV1 SAVING  STORAGE-AQUEOUS ON UNIT   1027 AT TIME STEP    117, STRESS PERIOD      1
 UBDSV1 SAVING     FLOW-JA-FACE ON UNIT   1027 AT TIME STEP    117, STRESS PERIOD      1
 UBDSV06 SAVING  SOURCE-SINK MIX IN MODEL GWT_FLUJTRANS    PACKAGE GWT_FLUJTRANS   CONNECTED TO MODEL GWT_FLUJTRANS    PACKAGE SSM              ON UNIT   1027 AT TIME STEP    117, STRESS PERIOD      1
 UBDSV06 SAVING              CNC IN MODEL GWT_FLUJTRANS    PACKAGE GWT_FLUJTRANS   CONNECTED TO MODEL GWT_FLUJTRANS    PACKAGE CNC-1            ON UNIT   1027 AT TIME STEP    117, STRESS PERIOD      1

 CONCENTRATION WILL BE SAVED ON UNIT 1028 AT END OF TIME STEP  117, STRESS PERIOD    1

end timestep


start timestep kper="1" kstp="118" mode="normal"

 UBDSV1 SAVING  STORAGE-AQUEOUS ON UNIT   1027 AT TIME STEP    118, STRESS PERIOD      1
 UBDSV1 SAVING     FLOW-JA-FACE ON UNIT   1027 AT TIME STEP    118, STRESS PERIOD      1
 UBDSV06 SAVING  SOURCE-SINK MIX IN MODEL GWT_FLUJTRANS    PACKAGE GWT_FLUJTRANS   CONNECTED TO MODEL GWT_FLUJTRANS    PACKAGE SSM              ON UNIT   1027 AT TIME STEP    118, STRESS PERIOD      1
 UBDSV06 SAVING              CNC IN MODEL GWT_FLUJTRANS    PACKAGE GWT_FLUJTRANS   CONNECTED TO MODEL GWT_FLUJTRANS    PACKAGE CNC-1            ON UNIT   1027 AT TIME STEP    118, STRESS PERIOD      1

 CONCENTRATION WILL BE SAVED ON UNIT 1028 AT END OF TIME STEP  118, STRESS PERIOD    1

end timestep


start timestep kper="1" kstp="119" mode="normal"

 UBDSV1 SAVING  STORAGE-AQUEOUS ON UNIT   1027 AT TIME STEP    119, STRESS PERIOD      1
 UBDSV1 SAVING     FLOW-JA-FACE ON UNIT   1027 AT TIME STEP    119, STRESS PERIOD      1
 UBDSV06 SAVING  SOURCE-SINK MIX IN MODEL GWT_FLUJTRANS    PACKAGE GWT_FLUJTRANS   CONNECTED TO MODEL GWT_FLUJTRANS    PACKAGE SSM              ON UNIT   1027 AT TIME STEP    119, STRESS PERIOD      1
 UBDSV06 SAVING              CNC IN MODEL GWT_FLUJTRANS    PACKAGE GWT_FLUJTRANS   CONNECTED TO MODEL GWT_FLUJTRANS    PACKAGE CNC-1            ON UNIT   1027 AT TIME STEP    119, STRESS PERIOD      1

 CONCENTRATION WILL BE SAVED ON UNIT 1028 AT END OF TIME STEP  119, STRESS PERIOD    1

end timestep


start timestep kper="1" kstp="120" mode="normal"

 UBDSV1 SAVING  STORAGE-AQUEOUS ON UNIT   1027 AT TIME STEP    120, STRESS PERIOD      1
 UBDSV1 SAVING     FLOW-JA-FACE ON UNIT   1027 AT TIME STEP    120, STRESS PERIOD      1
 UBDSV06 SAVING  SOURCE-SINK MIX IN MODEL GWT_FLUJTRANS    PACKAGE GWT_FLUJTRANS   CONNECTED TO MODEL GWT_FLUJTRANS    PACKAGE SSM              ON UNIT   1027 AT TIME STEP    120, STRESS PERIOD      1
 UBDSV06 SAVING              CNC IN MODEL GWT_FLUJTRANS    PACKAGE GWT_FLUJTRANS   CONNECTED TO MODEL GWT_FLUJTRANS    PACKAGE CNC-1            ON UNIT   1027 AT TIME STEP    120, STRESS PERIOD      1

 CONCENTRATION WILL BE SAVED ON UNIT 1028 AT END OF TIME STEP  120, STRESS PERIOD    1

end timestep


start timestep kper="1" kstp="121" mode="normal"

 UBDSV1 SAVING  STORAGE-AQUEOUS ON UNIT   1027 AT TIME STEP    121, STRESS PERIOD      1
 UBDSV1 SAVING     FLOW-JA-FACE ON UNIT   1027 AT TIME STEP    121, STRESS PERIOD      1
 UBDSV06 SAVING  SOURCE-SINK MIX IN MODEL GWT_FLUJTRANS    PACKAGE GWT_FLUJTRANS   CONNECTED TO MODEL GWT_FLUJTRANS    PACKAGE SSM              ON UNIT   1027 AT TIME STEP    121, STRESS PERIOD      1
 UBDSV06 SAVING              CNC IN MODEL GWT_FLUJTRANS    PACKAGE GWT_FLUJTRANS   CONNECTED TO MODEL GWT_FLUJTRANS    PACKAGE CNC-1            ON UNIT   1027 AT TIME STEP    121, STRESS PERIOD      1

 CONCENTRATION WILL BE SAVED ON UNIT 1028 AT END OF TIME STEP  121, STRESS PERIOD    1

end timestep


start timestep kper="1" kstp="122" mode="normal"

 UBDSV1 SAVING  STORAGE-AQUEOUS ON UNIT   1027 AT TIME STEP    122, STRESS PERIOD      1
 UBDSV1 SAVING     FLOW-JA-FACE ON UNIT   1027 AT TIME STEP    122, STRESS PERIOD      1
 UBDSV06 SAVING  SOURCE-SINK MIX IN MODEL GWT_FLUJTRANS    PACKAGE GWT_FLUJTRANS   CONNECTED TO MODEL GWT_FLUJTRANS    PACKAGE SSM              ON UNIT   1027 AT TIME STEP    122, STRESS PERIOD      1
 UBDSV06 SAVING              CNC IN MODEL GWT_FLUJTRANS    PACKAGE GWT_FLUJTRANS   CONNECTED TO MODEL GWT_FLUJTRANS    PACKAGE CNC-1            ON UNIT   1027 AT TIME STEP    122, STRESS PERIOD      1

 CONCENTRATION WILL BE SAVED ON UNIT 1028 AT END OF TIME STEP  122, STRESS PERIOD    1

end timestep


start timestep kper="1" kstp="123" mode="normal"

 UBDSV1 SAVING  STORAGE-AQUEOUS ON UNIT   1027 AT TIME STEP    123, STRESS PERIOD      1
 UBDSV1 SAVING     FLOW-JA-FACE ON UNIT   1027 AT TIME STEP    123, STRESS PERIOD      1
 UBDSV06 SAVING  SOURCE-SINK MIX IN MODEL GWT_FLUJTRANS    PACKAGE GWT_FLUJTRANS   CONNECTED TO MODEL GWT_FLUJTRANS    PACKAGE SSM              ON UNIT   1027 AT TIME STEP    123, STRESS PERIOD      1
 UBDSV06 SAVING              CNC IN MODEL GWT_FLUJTRANS    PACKAGE GWT_FLUJTRANS   CONNECTED TO MODEL GWT_FLUJTRANS    PACKAGE CNC-1            ON UNIT   1027 AT TIME STEP    123, STRESS PERIOD      1

 CONCENTRATION WILL BE SAVED ON UNIT 1028 AT END OF TIME STEP  123, STRESS PERIOD    1

end timestep


start timestep kper="1" kstp="124" mode="normal"

 UBDSV1 SAVING  STORAGE-AQUEOUS ON UNIT   1027 AT TIME STEP    124, STRESS PERIOD      1
 UBDSV1 SAVING     FLOW-JA-FACE ON UNIT   1027 AT TIME STEP    124, STRESS PERIOD      1
 UBDSV06 SAVING  SOURCE-SINK MIX IN MODEL GWT_FLUJTRANS    PACKAGE GWT_FLUJTRANS   CONNECTED TO MODEL GWT_FLUJTRANS    PACKAGE SSM              ON UNIT   1027 AT TIME STEP    124, STRESS PERIOD      1
 UBDSV06 SAVING              CNC IN MODEL GWT_FLUJTRANS    PACKAGE GWT_FLUJTRANS   CONNECTED TO MODEL GWT_FLUJTRANS    PACKAGE CNC-1            ON UNIT   1027 AT TIME STEP    124, STRESS PERIOD      1

 CONCENTRATION WILL BE SAVED ON UNIT 1028 AT END OF TIME STEP  124, STRESS PERIOD    1

end timestep


start timestep kper="1" kstp="125" mode="normal"

 UBDSV1 SAVING  STORAGE-AQUEOUS ON UNIT   1027 AT TIME STEP    125, STRESS PERIOD      1
 UBDSV1 SAVING     FLOW-JA-FACE ON UNIT   1027 AT TIME STEP    125, STRESS PERIOD      1
 UBDSV06 SAVING  SOURCE-SINK MIX IN MODEL GWT_FLUJTRANS    PACKAGE GWT_FLUJTRANS   CONNECTED TO MODEL GWT_FLUJTRANS    PACKAGE SSM              ON UNIT   1027 AT TIME STEP    125, STRESS PERIOD      1
 UBDSV06 SAVING              CNC IN MODEL GWT_FLUJTRANS    PACKAGE GWT_FLUJTRANS   CONNECTED TO MODEL GWT_FLUJTRANS    PACKAGE CNC-1            ON UNIT   1027 AT TIME STEP    125, STRESS PERIOD      1

 CONCENTRATION WILL BE SAVED ON UNIT 1028 AT END OF TIME STEP  125, STRESS PERIOD    1

end timestep


start timestep kper="1" kstp="126" mode="normal"

 UBDSV1 SAVING  STORAGE-AQUEOUS ON UNIT   1027 AT TIME STEP    126, STRESS PERIOD      1
 UBDSV1 SAVING     FLOW-JA-FACE ON UNIT   1027 AT TIME STEP    126, STRESS PERIOD      1
 UBDSV06 SAVING  SOURCE-SINK MIX IN MODEL GWT_FLUJTRANS    PACKAGE GWT_FLUJTRANS   CONNECTED TO MODEL GWT_FLUJTRANS    PACKAGE SSM              ON UNIT   1027 AT TIME STEP    126, STRESS PERIOD      1
 UBDSV06 SAVING              CNC IN MODEL GWT_FLUJTRANS    PACKAGE GWT_FLUJTRANS   CONNECTED TO MODEL GWT_FLUJTRANS    PACKAGE CNC-1            ON UNIT   1027 AT TIME STEP    126, STRESS PERIOD      1

 CONCENTRATION WILL BE SAVED ON UNIT 1028 AT END OF TIME STEP  126, STRESS PERIOD    1

end timestep


start timestep kper="1" kstp="127" mode="normal"

 UBDSV1 SAVING  STORAGE-AQUEOUS ON UNIT   1027 AT TIME STEP    127, STRESS PERIOD      1
 UBDSV1 SAVING     FLOW-JA-FACE ON UNIT   1027 AT TIME STEP    127, STRESS PERIOD      1
 UBDSV06 SAVING  SOURCE-SINK MIX IN MODEL GWT_FLUJTRANS    PACKAGE GWT_FLUJTRANS   CONNECTED TO MODEL GWT_FLUJTRANS    PACKAGE SSM              ON UNIT   1027 AT TIME STEP    127, STRESS PERIOD      1
 UBDSV06 SAVING              CNC IN MODEL GWT_FLUJTRANS    PACKAGE GWT_FLUJTRANS   CONNECTED TO MODEL GWT_FLUJTRANS    PACKAGE CNC-1            ON UNIT   1027 AT TIME STEP    127, STRESS PERIOD      1

 CONCENTRATION WILL BE SAVED ON UNIT 1028 AT END OF TIME STEP  127, STRESS PERIOD    1

end timestep


start timestep kper="1" kstp="128" mode="normal"

 UBDSV1 SAVING  STORAGE-AQUEOUS ON UNIT   1027 AT TIME STEP    128, STRESS PERIOD      1
 UBDSV1 SAVING     FLOW-JA-FACE ON UNIT   1027 AT TIME STEP    128, STRESS PERIOD      1
 UBDSV06 SAVING  SOURCE-SINK MIX IN MODEL GWT_FLUJTRANS    PACKAGE GWT_FLUJTRANS   CONNECTED TO MODEL GWT_FLUJTRANS    PACKAGE SSM              ON UNIT   1027 AT TIME STEP    128, STRESS PERIOD      1
 UBDSV06 SAVING              CNC IN MODEL GWT_FLUJTRANS    PACKAGE GWT_FLUJTRANS   CONNECTED TO MODEL GWT_FLUJTRANS    PACKAGE CNC-1            ON UNIT   1027 AT TIME STEP    128, STRESS PERIOD      1

 CONCENTRATION WILL BE SAVED ON UNIT 1028 AT END OF TIME STEP  128, STRESS PERIOD    1

end timestep


start timestep kper="1" kstp="129" mode="normal"

 UBDSV1 SAVING  STORAGE-AQUEOUS ON UNIT   1027 AT TIME STEP    129, STRESS PERIOD      1
 UBDSV1 SAVING     FLOW-JA-FACE ON UNIT   1027 AT TIME STEP    129, STRESS PERIOD      1
 UBDSV06 SAVING  SOURCE-SINK MIX IN MODEL GWT_FLUJTRANS    PACKAGE GWT_FLUJTRANS   CONNECTED TO MODEL GWT_FLUJTRANS    PACKAGE SSM              ON UNIT   1027 AT TIME STEP    129, STRESS PERIOD      1
 UBDSV06 SAVING              CNC IN MODEL GWT_FLUJTRANS    PACKAGE GWT_FLUJTRANS   CONNECTED TO MODEL GWT_FLUJTRANS    PACKAGE CNC-1            ON UNIT   1027 AT TIME STEP    129, STRESS PERIOD      1

 CONCENTRATION WILL BE SAVED ON UNIT 1028 AT END OF TIME STEP  129, STRESS PERIOD    1

end timestep


start timestep kper="1" kstp="130" mode="normal"

 UBDSV1 SAVING  STORAGE-AQUEOUS ON UNIT   1027 AT TIME STEP    130, STRESS PERIOD      1
 UBDSV1 SAVING     FLOW-JA-FACE ON UNIT   1027 AT TIME STEP    130, STRESS PERIOD      1
 UBDSV06 SAVING  SOURCE-SINK MIX IN MODEL GWT_FLUJTRANS    PACKAGE GWT_FLUJTRANS   CONNECTED TO MODEL GWT_FLUJTRANS    PACKAGE SSM              ON UNIT   1027 AT TIME STEP    130, STRESS PERIOD      1
 UBDSV06 SAVING              CNC IN MODEL GWT_FLUJTRANS    PACKAGE GWT_FLUJTRANS   CONNECTED TO MODEL GWT_FLUJTRANS    PACKAGE CNC-1            ON UNIT   1027 AT TIME STEP    130, STRESS PERIOD      1

 CONCENTRATION WILL BE SAVED ON UNIT 1028 AT END OF TIME STEP  130, STRESS PERIOD    1

end timestep


start timestep kper="1" kstp="131" mode="normal"

 UBDSV1 SAVING  STORAGE-AQUEOUS ON UNIT   1027 AT TIME STEP    131, STRESS PERIOD      1
 UBDSV1 SAVING     FLOW-JA-FACE ON UNIT   1027 AT TIME STEP    131, STRESS PERIOD      1
 UBDSV06 SAVING  SOURCE-SINK MIX IN MODEL GWT_FLUJTRANS    PACKAGE GWT_FLUJTRANS   CONNECTED TO MODEL GWT_FLUJTRANS    PACKAGE SSM              ON UNIT   1027 AT TIME STEP    131, STRESS PERIOD      1
 UBDSV06 SAVING              CNC IN MODEL GWT_FLUJTRANS    PACKAGE GWT_FLUJTRANS   CONNECTED TO MODEL GWT_FLUJTRANS    PACKAGE CNC-1            ON UNIT   1027 AT TIME STEP    131, STRESS PERIOD      1

 CONCENTRATION WILL BE SAVED ON UNIT 1028 AT END OF TIME STEP  131, STRESS PERIOD    1

end timestep


start timestep kper="1" kstp="132" mode="normal"

 UBDSV1 SAVING  STORAGE-AQUEOUS ON UNIT   1027 AT TIME STEP    132, STRESS PERIOD      1
 UBDSV1 SAVING     FLOW-JA-FACE ON UNIT   1027 AT TIME STEP    132, STRESS PERIOD      1
 UBDSV06 SAVING  SOURCE-SINK MIX IN MODEL GWT_FLUJTRANS    PACKAGE GWT_FLUJTRANS   CONNECTED TO MODEL GWT_FLUJTRANS    PACKAGE SSM              ON UNIT   1027 AT TIME STEP    132, STRESS PERIOD      1
 UBDSV06 SAVING              CNC IN MODEL GWT_FLUJTRANS    PACKAGE GWT_FLUJTRANS   CONNECTED TO MODEL GWT_FLUJTRANS    PACKAGE CNC-1            ON UNIT   1027 AT TIME STEP    132, STRESS PERIOD      1

 CONCENTRATION WILL BE SAVED ON UNIT 1028 AT END OF TIME STEP  132, STRESS PERIOD    1

end timestep


start timestep kper="1" kstp="133" mode="normal"

 UBDSV1 SAVING  STORAGE-AQUEOUS ON UNIT   1027 AT TIME STEP    133, STRESS PERIOD      1
 UBDSV1 SAVING     FLOW-JA-FACE ON UNIT   1027 AT TIME STEP    133, STRESS PERIOD      1
 UBDSV06 SAVING  SOURCE-SINK MIX IN MODEL GWT_FLUJTRANS    PACKAGE GWT_FLUJTRANS   CONNECTED TO MODEL GWT_FLUJTRANS    PACKAGE SSM              ON UNIT   1027 AT TIME STEP    133, STRESS PERIOD      1
 UBDSV06 SAVING              CNC IN MODEL GWT_FLUJTRANS    PACKAGE GWT_FLUJTRANS   CONNECTED TO MODEL GWT_FLUJTRANS    PACKAGE CNC-1            ON UNIT   1027 AT TIME STEP    133, STRESS PERIOD      1

 CONCENTRATION WILL BE SAVED ON UNIT 1028 AT END OF TIME STEP  133, STRESS PERIOD    1

end timestep


start timestep kper="1" kstp="134" mode="normal"

 UBDSV1 SAVING  STORAGE-AQUEOUS ON UNIT   1027 AT TIME STEP    134, STRESS PERIOD      1
 UBDSV1 SAVING     FLOW-JA-FACE ON UNIT   1027 AT TIME STEP    134, STRESS PERIOD      1
 UBDSV06 SAVING  SOURCE-SINK MIX IN MODEL GWT_FLUJTRANS    PACKAGE GWT_FLUJTRANS   CONNECTED TO MODEL GWT_FLUJTRANS    PACKAGE SSM              ON UNIT   1027 AT TIME STEP    134, STRESS PERIOD      1
 UBDSV06 SAVING              CNC IN MODEL GWT_FLUJTRANS    PACKAGE GWT_FLUJTRANS   CONNECTED TO MODEL GWT_FLUJTRANS    PACKAGE CNC-1            ON UNIT   1027 AT TIME STEP    134, STRESS PERIOD      1

 CONCENTRATION WILL BE SAVED ON UNIT 1028 AT END OF TIME STEP  134, STRESS PERIOD    1

end timestep


start timestep kper="1" kstp="135" mode="normal"

 UBDSV1 SAVING  STORAGE-AQUEOUS ON UNIT   1027 AT TIME STEP    135, STRESS PERIOD      1
 UBDSV1 SAVING     FLOW-JA-FACE ON UNIT   1027 AT TIME STEP    135, STRESS PERIOD      1
 UBDSV06 SAVING  SOURCE-SINK MIX IN MODEL GWT_FLUJTRANS    PACKAGE GWT_FLUJTRANS   CONNECTED TO MODEL GWT_FLUJTRANS    PACKAGE SSM              ON UNIT   1027 AT TIME STEP    135, STRESS PERIOD      1
 UBDSV06 SAVING              CNC IN MODEL GWT_FLUJTRANS    PACKAGE GWT_FLUJTRANS   CONNECTED TO MODEL GWT_FLUJTRANS    PACKAGE CNC-1            ON UNIT   1027 AT TIME STEP    135, STRESS PERIOD      1

 CONCENTRATION WILL BE SAVED ON UNIT 1028 AT END OF TIME STEP  135, STRESS PERIOD    1

end timestep


start timestep kper="1" kstp="136" mode="normal"

 UBDSV1 SAVING  STORAGE-AQUEOUS ON UNIT   1027 AT TIME STEP    136, STRESS PERIOD      1
 UBDSV1 SAVING     FLOW-JA-FACE ON UNIT   1027 AT TIME STEP    136, STRESS PERIOD      1
 UBDSV06 SAVING  SOURCE-SINK MIX IN MODEL GWT_FLUJTRANS    PACKAGE GWT_FLUJTRANS   CONNECTED TO MODEL GWT_FLUJTRANS    PACKAGE SSM              ON UNIT   1027 AT TIME STEP    136, STRESS PERIOD      1
 UBDSV06 SAVING              CNC IN MODEL GWT_FLUJTRANS    PACKAGE GWT_FLUJTRANS   CONNECTED TO MODEL GWT_FLUJTRANS    PACKAGE CNC-1            ON UNIT   1027 AT TIME STEP    136, STRESS PERIOD      1

 CONCENTRATION WILL BE SAVED ON UNIT 1028 AT END OF TIME STEP  136, STRESS PERIOD    1

end timestep


start timestep kper="1" kstp="137" mode="normal"

 UBDSV1 SAVING  STORAGE-AQUEOUS ON UNIT   1027 AT TIME STEP    137, STRESS PERIOD      1
 UBDSV1 SAVING     FLOW-JA-FACE ON UNIT   1027 AT TIME STEP    137, STRESS PERIOD      1
 UBDSV06 SAVING  SOURCE-SINK MIX IN MODEL GWT_FLUJTRANS    PACKAGE GWT_FLUJTRANS   CONNECTED TO MODEL GWT_FLUJTRANS    PACKAGE SSM              ON UNIT   1027 AT TIME STEP    137, STRESS PERIOD      1
 UBDSV06 SAVING              CNC IN MODEL GWT_FLUJTRANS    PACKAGE GWT_FLUJTRANS   CONNECTED TO MODEL GWT_FLUJTRANS    PACKAGE CNC-1            ON UNIT   1027 AT TIME STEP    137, STRESS PERIOD      1

 CONCENTRATION WILL BE SAVED ON UNIT 1028 AT END OF TIME STEP  137, STRESS PERIOD    1

end timestep


start timestep kper="1" kstp="138" mode="normal"

 UBDSV1 SAVING  STORAGE-AQUEOUS ON UNIT   1027 AT TIME STEP    138, STRESS PERIOD      1
 UBDSV1 SAVING     FLOW-JA-FACE ON UNIT   1027 AT TIME STEP    138, STRESS PERIOD      1
 UBDSV06 SAVING  SOURCE-SINK MIX IN MODEL GWT_FLUJTRANS    PACKAGE GWT_FLUJTRANS   CONNECTED TO MODEL GWT_FLUJTRANS    PACKAGE SSM              ON UNIT   1027 AT TIME STEP    138, STRESS PERIOD      1
 UBDSV06 SAVING              CNC IN MODEL GWT_FLUJTRANS    PACKAGE GWT_FLUJTRANS   CONNECTED TO MODEL GWT_FLUJTRANS    PACKAGE CNC-1            ON UNIT   1027 AT TIME STEP    138, STRESS PERIOD      1

 CONCENTRATION WILL BE SAVED ON UNIT 1028 AT END OF TIME STEP  138, STRESS PERIOD    1

end timestep


start timestep kper="1" kstp="139" mode="normal"

 UBDSV1 SAVING  STORAGE-AQUEOUS ON UNIT   1027 AT TIME STEP    139, STRESS PERIOD      1
 UBDSV1 SAVING     FLOW-JA-FACE ON UNIT   1027 AT TIME STEP    139, STRESS PERIOD      1
 UBDSV06 SAVING  SOURCE-SINK MIX IN MODEL GWT_FLUJTRANS    PACKAGE GWT_FLUJTRANS   CONNECTED TO MODEL GWT_FLUJTRANS    PACKAGE SSM              ON UNIT   1027 AT TIME STEP    139, STRESS PERIOD      1
 UBDSV06 SAVING              CNC IN MODEL GWT_FLUJTRANS    PACKAGE GWT_FLUJTRANS   CONNECTED TO MODEL GWT_FLUJTRANS    PACKAGE CNC-1            ON UNIT   1027 AT TIME STEP    139, STRESS PERIOD      1

 CONCENTRATION WILL BE SAVED ON UNIT 1028 AT END OF TIME STEP  139, STRESS PERIOD    1

end timestep


start timestep kper="1" kstp="140" mode="normal"

 UBDSV1 SAVING  STORAGE-AQUEOUS ON UNIT   1027 AT TIME STEP    140, STRESS PERIOD      1
 UBDSV1 SAVING     FLOW-JA-FACE ON UNIT   1027 AT TIME STEP    140, STRESS PERIOD      1
 UBDSV06 SAVING  SOURCE-SINK MIX IN MODEL GWT_FLUJTRANS    PACKAGE GWT_FLUJTRANS   CONNECTED TO MODEL GWT_FLUJTRANS    PACKAGE SSM              ON UNIT   1027 AT TIME STEP    140, STRESS PERIOD      1
 UBDSV06 SAVING              CNC IN MODEL GWT_FLUJTRANS    PACKAGE GWT_FLUJTRANS   CONNECTED TO MODEL GWT_FLUJTRANS    PACKAGE CNC-1            ON UNIT   1027 AT TIME STEP    140, STRESS PERIOD      1

 CONCENTRATION WILL BE SAVED ON UNIT 1028 AT END OF TIME STEP  140, STRESS PERIOD    1

end timestep


start timestep kper="1" kstp="141" mode="normal"

 UBDSV1 SAVING  STORAGE-AQUEOUS ON UNIT   1027 AT TIME STEP    141, STRESS PERIOD      1
 UBDSV1 SAVING     FLOW-JA-FACE ON UNIT   1027 AT TIME STEP    141, STRESS PERIOD      1
 UBDSV06 SAVING  SOURCE-SINK MIX IN MODEL GWT_FLUJTRANS    PACKAGE GWT_FLUJTRANS   CONNECTED TO MODEL GWT_FLUJTRANS    PACKAGE SSM              ON UNIT   1027 AT TIME STEP    141, STRESS PERIOD      1
 UBDSV06 SAVING              CNC IN MODEL GWT_FLUJTRANS    PACKAGE GWT_FLUJTRANS   CONNECTED TO MODEL GWT_FLUJTRANS    PACKAGE CNC-1            ON UNIT   1027 AT TIME STEP    141, STRESS PERIOD      1

 CONCENTRATION WILL BE SAVED ON UNIT 1028 AT END OF TIME STEP  141, STRESS PERIOD    1

end timestep


start timestep kper="1" kstp="142" mode="normal"

 UBDSV1 SAVING  STORAGE-AQUEOUS ON UNIT   1027 AT TIME STEP    142, STRESS PERIOD      1
 UBDSV1 SAVING     FLOW-JA-FACE ON UNIT   1027 AT TIME STEP    142, STRESS PERIOD      1
 UBDSV06 SAVING  SOURCE-SINK MIX IN MODEL GWT_FLUJTRANS    PACKAGE GWT_FLUJTRANS   CONNECTED TO MODEL GWT_FLUJTRANS    PACKAGE SSM              ON UNIT   1027 AT TIME STEP    142, STRESS PERIOD      1
 UBDSV06 SAVING              CNC IN MODEL GWT_FLUJTRANS    PACKAGE GWT_FLUJTRANS   CONNECTED TO MODEL GWT_FLUJTRANS    PACKAGE CNC-1            ON UNIT   1027 AT TIME STEP    142, STRESS PERIOD      1

 CONCENTRATION WILL BE SAVED ON UNIT 1028 AT END OF TIME STEP  142, STRESS PERIOD    1

end timestep


start timestep kper="1" kstp="143" mode="normal"

 UBDSV1 SAVING  STORAGE-AQUEOUS ON UNIT   1027 AT TIME STEP    143, STRESS PERIOD      1
 UBDSV1 SAVING     FLOW-JA-FACE ON UNIT   1027 AT TIME STEP    143, STRESS PERIOD      1
 UBDSV06 SAVING  SOURCE-SINK MIX IN MODEL GWT_FLUJTRANS    PACKAGE GWT_FLUJTRANS   CONNECTED TO MODEL GWT_FLUJTRANS    PACKAGE SSM              ON UNIT   1027 AT TIME STEP    143, STRESS PERIOD      1
 UBDSV06 SAVING              CNC IN MODEL GWT_FLUJTRANS    PACKAGE GWT_FLUJTRANS   CONNECTED TO MODEL GWT_FLUJTRANS    PACKAGE CNC-1            ON UNIT   1027 AT TIME STEP    143, STRESS PERIOD      1

 CONCENTRATION WILL BE SAVED ON UNIT 1028 AT END OF TIME STEP  143, STRESS PERIOD    1

end timestep


start timestep kper="1" kstp="144" mode="normal"

 UBDSV1 SAVING  STORAGE-AQUEOUS ON UNIT   1027 AT TIME STEP    144, STRESS PERIOD      1
 UBDSV1 SAVING     FLOW-JA-FACE ON UNIT   1027 AT TIME STEP    144, STRESS PERIOD      1
 UBDSV06 SAVING  SOURCE-SINK MIX IN MODEL GWT_FLUJTRANS    PACKAGE GWT_FLUJTRANS   CONNECTED TO MODEL GWT_FLUJTRANS    PACKAGE SSM              ON UNIT   1027 AT TIME STEP    144, STRESS PERIOD      1
 UBDSV06 SAVING              CNC IN MODEL GWT_FLUJTRANS    PACKAGE GWT_FLUJTRANS   CONNECTED TO MODEL GWT_FLUJTRANS    PACKAGE CNC-1            ON UNIT   1027 AT TIME STEP    144, STRESS PERIOD      1

 CONCENTRATION WILL BE SAVED ON UNIT 1028 AT END OF TIME STEP  144, STRESS PERIOD    1

end timestep


start timestep kper="1" kstp="145" mode="normal"

 UBDSV1 SAVING  STORAGE-AQUEOUS ON UNIT   1027 AT TIME STEP    145, STRESS PERIOD      1
 UBDSV1 SAVING     FLOW-JA-FACE ON UNIT   1027 AT TIME STEP    145, STRESS PERIOD      1
 UBDSV06 SAVING  SOURCE-SINK MIX IN MODEL GWT_FLUJTRANS    PACKAGE GWT_FLUJTRANS   CONNECTED TO MODEL GWT_FLUJTRANS    PACKAGE SSM              ON UNIT   1027 AT TIME STEP    145, STRESS PERIOD      1
 UBDSV06 SAVING              CNC IN MODEL GWT_FLUJTRANS    PACKAGE GWT_FLUJTRANS   CONNECTED TO MODEL GWT_FLUJTRANS    PACKAGE CNC-1            ON UNIT   1027 AT TIME STEP    145, STRESS PERIOD      1

 CONCENTRATION WILL BE SAVED ON UNIT 1028 AT END OF TIME STEP  145, STRESS PERIOD    1

end timestep


start timestep kper="1" kstp="146" mode="normal"

 UBDSV1 SAVING  STORAGE-AQUEOUS ON UNIT   1027 AT TIME STEP    146, STRESS PERIOD      1
 UBDSV1 SAVING     FLOW-JA-FACE ON UNIT   1027 AT TIME STEP    146, STRESS PERIOD      1
 UBDSV06 SAVING  SOURCE-SINK MIX IN MODEL GWT_FLUJTRANS    PACKAGE GWT_FLUJTRANS   CONNECTED TO MODEL GWT_FLUJTRANS    PACKAGE SSM              ON UNIT   1027 AT TIME STEP    146, STRESS PERIOD      1
 UBDSV06 SAVING              CNC IN MODEL GWT_FLUJTRANS    PACKAGE GWT_FLUJTRANS   CONNECTED TO MODEL GWT_FLUJTRANS    PACKAGE CNC-1            ON UNIT   1027 AT TIME STEP    146, STRESS PERIOD      1

 CONCENTRATION WILL BE SAVED ON UNIT 1028 AT END OF TIME STEP  146, STRESS PERIOD    1

end timestep


start timestep kper="1" kstp="147" mode="normal"

 UBDSV1 SAVING  STORAGE-AQUEOUS ON UNIT   1027 AT TIME STEP    147, STRESS PERIOD      1
 UBDSV1 SAVING     FLOW-JA-FACE ON UNIT   1027 AT TIME STEP    147, STRESS PERIOD      1
 UBDSV06 SAVING  SOURCE-SINK MIX IN MODEL GWT_FLUJTRANS    PACKAGE GWT_FLUJTRANS   CONNECTED TO MODEL GWT_FLUJTRANS    PACKAGE SSM              ON UNIT   1027 AT TIME STEP    147, STRESS PERIOD      1
 UBDSV06 SAVING              CNC IN MODEL GWT_FLUJTRANS    PACKAGE GWT_FLUJTRANS   CONNECTED TO MODEL GWT_FLUJTRANS    PACKAGE CNC-1            ON UNIT   1027 AT TIME STEP    147, STRESS PERIOD      1

 CONCENTRATION WILL BE SAVED ON UNIT 1028 AT END OF TIME STEP  147, STRESS PERIOD    1

end timestep


start timestep kper="1" kstp="148" mode="normal"

 UBDSV1 SAVING  STORAGE-AQUEOUS ON UNIT   1027 AT TIME STEP    148, STRESS PERIOD      1
 UBDSV1 SAVING     FLOW-JA-FACE ON UNIT   1027 AT TIME STEP    148, STRESS PERIOD      1
 UBDSV06 SAVING  SOURCE-SINK MIX IN MODEL GWT_FLUJTRANS    PACKAGE GWT_FLUJTRANS   CONNECTED TO MODEL GWT_FLUJTRANS    PACKAGE SSM              ON UNIT   1027 AT TIME STEP    148, STRESS PERIOD      1
 UBDSV06 SAVING              CNC IN MODEL GWT_FLUJTRANS    PACKAGE GWT_FLUJTRANS   CONNECTED TO MODEL GWT_FLUJTRANS    PACKAGE CNC-1            ON UNIT   1027 AT TIME STEP    148, STRESS PERIOD      1

 CONCENTRATION WILL BE SAVED ON UNIT 1028 AT END OF TIME STEP  148, STRESS PERIOD    1

end timestep


start timestep kper="1" kstp="149" mode="normal"

 UBDSV1 SAVING  STORAGE-AQUEOUS ON UNIT   1027 AT TIME STEP    149, STRESS PERIOD      1
 UBDSV1 SAVING     FLOW-JA-FACE ON UNIT   1027 AT TIME STEP    149, STRESS PERIOD      1
 UBDSV06 SAVING  SOURCE-SINK MIX IN MODEL GWT_FLUJTRANS    PACKAGE GWT_FLUJTRANS   CONNECTED TO MODEL GWT_FLUJTRANS    PACKAGE SSM              ON UNIT   1027 AT TIME STEP    149, STRESS PERIOD      1
 UBDSV06 SAVING              CNC IN MODEL GWT_FLUJTRANS    PACKAGE GWT_FLUJTRANS   CONNECTED TO MODEL GWT_FLUJTRANS    PACKAGE CNC-1            ON UNIT   1027 AT TIME STEP    149, STRESS PERIOD      1

 CONCENTRATION WILL BE SAVED ON UNIT 1028 AT END OF TIME STEP  149, STRESS PERIOD    1

end timestep


start timestep kper="1" kstp="150" mode="normal"

 UBDSV1 SAVING  STORAGE-AQUEOUS ON UNIT   1027 AT TIME STEP    150, STRESS PERIOD      1
 UBDSV1 SAVING     FLOW-JA-FACE ON UNIT   1027 AT TIME STEP    150, STRESS PERIOD      1
 UBDSV06 SAVING  SOURCE-SINK MIX IN MODEL GWT_FLUJTRANS    PACKAGE GWT_FLUJTRANS   CONNECTED TO MODEL GWT_FLUJTRANS    PACKAGE SSM              ON UNIT   1027 AT TIME STEP    150, STRESS PERIOD      1
 UBDSV06 SAVING              CNC IN MODEL GWT_FLUJTRANS    PACKAGE GWT_FLUJTRANS   CONNECTED TO MODEL GWT_FLUJTRANS    PACKAGE CNC-1            ON UNIT   1027 AT TIME STEP    150, STRESS PERIOD      1

 CONCENTRATION WILL BE SAVED ON UNIT 1028 AT END OF TIME STEP  150, STRESS PERIOD    1


  MASS BUDGET FOR ENTIRE MODEL AT END OF TIME STEP  150, STRESS PERIOD   1
  ---------------------------------------------------------------------------------------------------

     CUMULATIVE MASS      M       RATES FOR THIS TIME STEP      M/T          PACKAGE NAME    
     ------------------                 ------------------------                     ----------------

           IN:                                      IN:
           ---                                      ---
     STORAGE-AQUEOUS =         277.7367       STORAGE-AQUEOUS =       2.6844E-02     MST                              
                 WEL =           0.0000                   WEL =           0.0000     SSM_WEL-1                        
                 CHD =           0.0000                   CHD =           0.0000     SSM_CHD-1                        
                 CNC =          30.0099                   CNC =           0.1000     CNC-1                            

            TOTAL IN =         307.7466              TOTAL IN =           0.1269

          OUT:                                     OUT:
          ----                                     ----
     STORAGE-AQUEOUS =         218.6099       STORAGE-AQUEOUS =       3.4694E-18     MST                              
                 WEL =           0.0000                   WEL =           0.0000     SSM_WEL-1                        
                 CHD =          89.1366                   CHD =           0.1269     SSM_CHD-1                        
                 CNC =           0.0000                   CNC =           0.0000     CNC-1                            

           TOTAL OUT =         307.7466             TOTAL OUT =           0.1269

            IN - OUT =      -2.2737E-13              IN - OUT =      -2.7756E-16

 PERCENT DISCREPANCY =          -0.00     PERCENT DISCREPANCY =          -0.00




         TIME SUMMARY AT END OF TIME STEP  150 IN STRESS PERIOD    1
                    SECONDS     MINUTES      HOURS       DAYS        YEARS
                    -----------------------------------------------------------
   TIME STEP LENGTH 1.23510E+06  20585.      343.08      14.295     3.91381E-02
 STRESS PERIOD TIME 2.59200E+07 4.32000E+05  7200.0      300.00     0.82136    
         TOTAL TIME 2.59200E+07 4.32000E+05  7200.0      300.00     0.82136    


end timestep

